URL,Title,Description,Author,Published Date,article discusses payment for order flow in the context of us equity markets (Criterion),article discusses payment for order flow in the context of us equity markets (Reasoning),Publication Date (Result),Publication Date (Reasoning),Author (Result),Author (Reasoning),Sentiment (Result),Sentiment (Reasoning),Company_Author (Result),Company_Author (Reasoning),Summary (Result),Summary (Reasoning)
https://investopedia.com/broker/robinhood-review,Robinhood Review,"Comprehensive 2025 review of Robinhood, a pioneering no-fee trading platform launched in 2013; highlights expanded offerings including stocks, ETFs, options, crypto, and newly added futures trading. Features the Robinhood Legend web platform with advanced research tools and upcoming AI-powered custom indicators. Emphasizes Robinhood's transparency on payment for order flow with 606 reports in US equity markets. Balances ease of use and solid banking features with a focus on casual and active traders rather than advanced investors.",Full Bio,9/9/25,Yes,"The crawled Robinhood Review article explicitly discusses payment for order flow (PFOF) and notes Robinhood’s transparency about PFOF with 606 reports, in the context of US equities (stocks, ETFs) trading. This directly satisfies the criterion that the article discusses PFOF in US equity markets. Source: crawled content excerpt mentioning PFOF in 'Cons Explained' and context of stock trading.
References: [Robinhood Review](https://www.investopedia.com/broker/robinhood-review/)",9/10/25,"The article content references events up to September 9, 2025, including the HOOD Summit 2025, indicating it was updated at least after this date. The provided publication date in the content is 09/10/2025 (unverified), and no other clear publication date was found through search. Therefore, the best available date to use is 2025-09-10 as the publication date.",,"The provided webpage content lists the author as 'Full Bio' without a specific name. Multiple searches for the author's name of the Investopedia Robinhood Review article did not yield a definitive author name in the format '<First> <Last>'. Therefore, I cannot provide a proper author name based on the available information.
References: [Robinhood Review - Investopedia](https://www.investopedia.com/robinhood-review-4587919)",Neutral,"The article presents a balanced view of Robinhood, highlighting both its strengths such as no-fee trading, improved platforms, and solid cash management, as well as its weaknesses including limited asset types, limited research, and past transparency issues. The tone is neither overly positive nor negative, indicating a neutral sentiment overall.",Investopedia,"The article is published on Investopedia and the author is listed as ""Full Bio,"" which is a generic placeholder. This indicates the content is authored by Investopedia's editorial team or contributors, making Investopedia the company author.","The Robinhood Review highlights the platform's pioneering no-fee trading model and its evolution to include advanced features like the Robinhood Legend web platform, futures trading, and expanded asset options including crypto. It emphasizes Robinhood's appeal to beginner and tech-savvy traders with its intuitive mobile-first design, fractional shares, and solid cash management features. However, it notes limitations such as fewer asset types, limited research tools, and past transparency issues. Recent updates include new AI-powered tools and a social trading community, positioning Robinhood as a competitive but not fully comprehensive brokerage.","The summary is based on the detailed content from the Investopedia Robinhood Review, capturing key points about the platform's history, features, target audience, strengths, weaknesses, and recent developments."
https://ft.com/content/2bc3ad00-f1cb-498a-8d0e-adf744512c8f,"Online brokers, like the stocks they shift, are hot again","Financial news article analyzing the renewed popularity of online brokers in US equity markets; highlights key players like Robinhood and Webull that rely on payment for order flow (PFOF), selling customer trades to wholesale market makers as a core revenue strategy.",,8/8/25,Yes,"Yes. The crawled article shows explicit discussion of payment for order flow (PFOF) in the US equity market context, citing Robinhood and Webull relying on PFOF and selling customers' trades to wholesale market makers, which directly describes PFOF in US stock trading.
References: [Online brokers, like the stocks they shift, are hot again](https://www.ft.com/content/2bc3ad00-f1cb-498a-8d0e-adf744512c8f)",8/8/25,"The publication date of the article titled 'Online brokers, like the stocks they shift, are hot again' from the Financial Times is indicated as 08/08/2025 in the search result from the official FT.com domain. Although marked unverified, no other conflicting dates were found, so this date is the best available information.
References: [Online brokers, like the stocks they shift, are hot again](https://www.ft.com/content/2bc3ad00-f1cb-498a-8d0e-adf744512c8f)",,"After extensive search, the author's name for the article titled 'Online brokers, like the stocks they shift, are hot again' on the Financial Times website could not be found in the available sources or search results.
References: [Online brokers, like the stocks they shift, are hot again](https://www.ft.com/content/2bc3ad00-f1cb-498a-8d0e-adf744512c8f)",Neutral,"The snippet and context provided mention payment for order flow (PFOF) in a factual manner without explicit positive or negative language. The article title suggests online brokers are popular again, but the mention of PFOF is neutral and descriptive rather than evaluative. Therefore, the sentiment is best classified as Neutral.",Financial Times,"The article is hosted on ft.com, which is the website of the Financial Times. Articles on this site are authored by journalists or contributors affiliated with Financial Times, making it the company author of the article.
References: [Online brokers, like the stocks they shift, are hot again](https://www.ft.com/content/2bc3ad00-f1cb-498a-8d0e-adf744512c8f)","The article discusses the resurgence of online brokers in the US equity markets, highlighting how platforms like Robinhood and Webull rely on payment for order flow (PFOF) by selling customers' trades to wholesale market makers.","The snippet and criteria confirm the article explicitly discusses payment for order flow in the US equity market context, mentioning Robinhood and Webull's business model involving PFOF."
https://globaltrading.net/robinhood-schwab-led-us461m-retail-order-flow-payment-bonanza-in-may,"Robinhood, Schwab led US$340m retail order flow payment bonanza in May","Financial news article covering payment for order flow in US equity markets; reports that market makers paid retail brokers, led by Robinhood and Schwab, a total of US$340 million in May 2025. Highlights the significant scale of PFOF transactions driving retail order routing economics in US stocks, underscoring the dominance of these brokers in capturing retail order flow.",Etienne Mercuriali,8/8/25,Yes,"The article explicitly discusses payment for order flow (PFOF) in the context of US equity markets. It is titled 'Robinhood, Schwab led US$340m retail order flow payment bonanza in May' and includes detailed figures for May 2025 showing market makers paying retail brokers (e.g., Robinhood and Schwab), with references to PFOF and the US equities market (not crypto or other asset classes). This matches criteria: PFOF in US equity trading, mentions brokers and market makers, and focuses on US stocks. Source excerpts include lines like 'Payments for order flow are soaring...' and 'In May alone, market makers paid retail brokers US$340 million' as presented in the crawled page content.
References: [Robinhood, Schwab led US$340m retail order flow payment bonanza in May](https://globaltrading.net/robinhood-schwab-led-us461m-retail-order-flow-payment-bonanza-in-may)",8/8/25,"The article's publication date is explicitly mentioned as August 8, 2025, in the content provided from the webpage (timestamp: August 8, 2025 5:42 pm). This matches the unverified published date given initially (08/08/2025).",Etienne Mercuriali,The author's name is explicitly mentioned in the provided webpage content as 'Etienne Mercuriali' with proper capitalization.,Neutral,"The article provides a factual and data-driven report on the payment for order flow in the US equity markets, highlighting increases in payments and market maker dominance without expressing positive or negative opinions. The tone is neutral, focusing on market dynamics and financial figures without subjective language or emotional bias.",Markets Media Group,"The author Etienne Mercuriali is associated with Markets Media Group, as indicated by the article being published on globaltrading.net, which is part of Markets Media Group. Additionally, a search result referenced Markets Media Group in connection with Etienne Mercuriali, supporting this affiliation.
References: [MarketAxess Is A Buy Amid Excessive Pessimism (NASDAQ:MKTX)](https://seekingalpha.com/article/4820387-marketaxess-is-a-buy-amid-excessive-pessimism)","The article reports that payments for order flow in the US equity markets reached approximately US$953 million in Q2 2025, with a significant increase in May alone to US$340 million. Robinhood and Schwab led the retail brokers in receiving these payments, with Robinhood collecting US$342.6 million and Schwab US$375.2 million. Market makers like Citadel Securities dominated the payments, spending US$340.6 million in the quarter. The majority of payments were for options orders, which commanded higher fees than equities. The data shows a growing trend in payment for order flow, driven largely by app-based brokers and option contracts.","The summary was derived from the detailed article content that highlights the total payment amounts, key brokers and market makers, and the focus on options versus equities in the US market for Q2 2025."
https://innreg.com/blog/payment-for-order-flow-and-finra-rule-5310,Payment for Order Flow (PFOF) and FINRA Rule 5310: A Guide for Online Broker-Dealers,"Educational article on payment for order flow (PFOF) in US equity markets; defines PFOF as broker compensation from wholesale market makers for trade routing, aligned with FINRA Rule 5310 and Regulation NMS NBBO standards. Highlights regulatory compliance challenges and increased scrutiny following SEC enforcement actions against firms like Robinhood, illustrating PFOF's role and risks in the US retail trading ecosystem.",,6/7/25,Yes,"- The InnReg article defines 'payment for order flow' as compensation a broker receives from a wholesale market maker in return for routing trades to that market maker, which aligns with PFOF in US equity markets (article excerpt).

- It explicitly ties the topic to US equity market regulation by referencing FINRA Rule 5310 (Best Execution) and the Regulation NMS NBBO framework, indicating the context is US stock trading and the required diligence for best execution.

- It also cites US-specific cases and actors (Robinhood, SEC actions) to illustrate PFOF in the US retail equity trading ecosystem.

- Based on these elements, the article clearly discusses PFOF in the context of US equity markets.

Sources in evidence: InnReg article content on PFOF definition and FINRA Rule 5310; FINRA Rule 5310 reference; NBBO/Regulation NMS mention; Robinhood/SEC context cited within the InnReg page.
References: [Payment for Order Flow (PFOF) and Broker-Dealer Regulation](https://www.congress.gov/crs-product/IF12594), [5310. Best Execution and Interpositioning | FINRA.org](https://www.finra.org/rules-guidance/rulebooks/finra-rules/5310), [Robinhood CEO says payment for order flow is 'here to stay' - CNBC](https://www.cnbc.com/2023/12/01/robinhood-ceo-says-payment-for-order-flow-is-here-to-stay.html), [Citadel Securities paid US$943m for retail US equity, options order ...](https://www.globaltrading.net/citadel-securities-paid-us943m-for-retail-us-equity-options-order-flow-in-nine-months), [Payment for Order Flow (PFOF) and FINRA Rule 5310 - InnReg](https://www.innreg.com/blog/payment-for-order-flow-and-finra-rule-5310), [Payment for Order Flow (PFOF): Definition and How It Works](https://www.investopedia.com/terms/p/paymentoforderflow.asp), [[PDF] Payment for Order Flow and the Retail Trading Experience](https://wifpr.wharton.upenn.edu/wp-content/uploads/2023/10/Payment-for-Order-Flow.pdf), [[PDF] How does Payment for Order Flow Influence Markets? - SEC.gov](https://www.sec.gov/files/dera_wp_payment-order-flow-2501.pdf), [PFOF is going away, but the problem isn't - Optiver](https://optiver.com/insights/pfof-is-going-away-but-the-problem-isnt), [FINRA Orders Robinhood Financial to Pay $3.75 Million in ...](https://www.finra.org/media-center/newsreleases/2025/finra-orders-robinhood-financial-pay-375-million-restitution)",11/28/23,"The article content itself shows a publication date of November 28, 2023, which is consistent with the internal date near the article title. The initially unverified date 06/07/2025 is likely incorrect or a placeholder. Therefore, the correct publication date is 2023-11-28.",,"The search did not return any information about the author's name for the article on InnReg. The article content and search results do not provide an author's name. Therefore, I cannot enrich the 'Author' column with a specific name.
References: [Payment for Order Flow (PFOF) and FINRA Rule 5310: A Guide for Online Broker-Dealers](https://innreg.com/blog/payment-for-order-flow-and-finra-rule-5310)",Negative,"The article discusses payment for order flow (PFOF) primarily in the context of regulatory scrutiny, compliance challenges, and enforcement actions such as fines against Robinhood. It highlights risks and potential conflicts of interest inherent in PFOF, as well as ongoing regulatory concerns and possible bans. The tone is cautious and critical, emphasizing the need for broker-dealers to comply with FINRA Rule 5310 and proceed with caution. This focus on risks and regulatory challenges supports a Negative sentiment classification.",InnReg,The article is published on the InnReg website and the content mentions InnReg as the global regulatory compliance and operations consulting team serving financial services companies since 2013. This indicates that the company authoring the article is InnReg.,"The article explains payment for order flow (PFOF) as compensation brokers receive for routing trades to market makers, a common practice in US equity markets. It highlights the regulatory framework under FINRA Rule 5310, which mandates brokers to seek best execution for customers. The article discusses increased regulatory scrutiny, citing cases like Robinhood's violations and settlements. It emphasizes compliance factors, ongoing monitoring, and the potential regulatory changes affecting PFOF, advising online broker-dealers to proceed with caution.","The summary is based on the detailed content of the InnReg article, which covers the definition of PFOF, its regulatory context in US equity markets under FINRA Rule 5310, notable enforcement actions such as those against Robinhood, and the compliance and regulatory considerations for online broker-dealers."
https://dailyforex.com/comparison/robinhood-vs-etrade,"Robinhood vs E*TRADE - Which is better, Robinhood or E*TRADE? Updated 2025","Detailed comparison of Robinhood and E*TRADE as US equity brokers; both feature $0 minimum deposits and proprietary platforms, with Robinhood offering fractional share trading from $1 and a 3% cashback Visa debit card, and E*TRADE regulated by the NFA with $1.50 futures contract commissions. The review emphasizes Robinhood's reliance on payment for order flow (PFOF) in US stock trading, informing on revenue models and trust factors.",,5/4/25,Yes,"The article explicitly mentions payment for order flow (PFOF) in the 'Security and Trust' section, stating that Robinhood 'supplements income with payment for order flow,' and it is framed around US equity trading (US stocks) within a Robinhood vs E-TRADE comparison, satisfying the criterion that PFOF is discussed in the context of US equity markets.
References: [Robinhood vs E*TRADE - Which is better, Robinhood or E*TRADE? Updated 2025](https://www.dailyforex.com/comparison/robinhood-vs-etrade)",5/4/25,"The article content explicitly states that it was created and updated on May 04, 2025, which indicates the publication date as May 4th, 2025.",,"The provided content and search results do not reveal the author's name for the article 'Robinhood vs E*TRADE - Which is better, Robinhood or E*TRADE? Updated 2025' on dailyforex.com. Despite attempts to find the author through related articles and author pages on the site, no specific author name in the format '<First> <Last>' was found. Therefore, the author information cannot be enriched.
References: [Robinhood vs E*TRADE](https://www.dailyforex.com/comparison/robinhood-vs-etrade), [Robinhood Review 2025: Pros, Cons & User Ratings](https://www.dailyforex.com/forex-brokers/robinhood-review), [Authors and Contributors | DailyForex.com](https://www.dailyforex.com/dailyforex-authors)",Neutral,"The article provides a balanced comparison of Robinhood and E*TRADE, highlighting both positive aspects (such as Robinhood's fractional shares and E*TRADE's superior trading tools) and negative aspects (such as Robinhood's questionable business practices and E*TRADE's limited payment processors). The tone is factual and impartial, presenting pros and cons without strong bias, indicating a neutral sentiment overall.",DailyForex,"The article is published on the website dailyforex.com, and the content is branded with DailyForex. Therefore, the company author of the article is DailyForex.","The article compares Robinhood and E*TRADE, highlighting Robinhood's appeal to younger traders with fractional shares, a cashback debit card, and a robo-advisory service, but notes its controversial track record and use of payment for order flow. E*TRADE, owned by Morgan Stanley, offers superior trading tools, infrastructure, and trustworthiness, with features like advanced trading platforms, automated account management, and a diversified asset selection. Both brokers offer commission-free trading, but E*TRADE is generally considered the more reliable choice for most traders.","The summary captures the key points from the detailed comparison, including the strengths and weaknesses of both brokers, their target audiences, and notable features, as presented in the source content."
https://bloomberglaw.com/external/document/X1RP679S000000/capital-markets-professional-perspective-payment-for-order-flow-,"Capital Markets, Professional Perspective - Payment For Order Flow & Market Implications","Professional legal analysis on payment for order flow (PFOF) in US equity markets; authored by experienced securities lawyers Jonathan S. Sack and Bronwyn C. Roantree. Highlights Robinhood's 2020 revenue composition with 75% of $958.8M from PFOF, illustrating the financial mechanics behind zero-commission trading. Discusses regulatory frameworks, best execution duties, and the growing public and congressional scrutiny of PFOF practices.",,1/1/25,Yes,"The article's title explicitly mentions 'Payment For Order Flow & Market Implications'. The article also mentions Robinhood, a US retail brokerage firm, and its role in zero-commission trading. This strongly suggests the article discusses PFOF in the context of US equity markets.
References: [Capital Markets, Professional Perspective - Payment For Order Flow & Market Implications](https://bloomberglaw.com/external/document/X1RP679S000000/capital-markets-professional-perspective-payment-for-order-flow-)",10/1/21,"The article content explicitly states the contribution date as October 2021. The unverified published date of 01/01/2025 in the metadata is inconsistent with the article content. Therefore, the publication date is taken as October 2021, converted to ISO format as 2021-10-01.",Jonathan Sack and Bronwyn Roantree,"The article content explicitly states the authors as Jonathan S. Sack and Bronwyn C. Roantree, with proper capitalization and full names provided.",Neutral,"The article provides an analytical and balanced discussion of payment for order flow (PFOF) in the US equity markets. It explains the practice, regulatory scrutiny, and controversies without using strongly positive or negative language. The tone is factual and objective, focusing on both the legality and criticisms of PFOF, indicating a neutral sentiment.",Morvillo Abramowitz Grand Iason & Anello,"The article content links to the authors' profiles on maglaw.com, which is the website for the law firm Morvillo Abramowitz Grand Iason & Anello. This indicates the authors' company affiliation.
References: [Capital Markets, Professional Perspective - Payment For Order Flow & Market Implications](https://bloomberglaw.com/external/document/X1RP679S000000/capital-markets-professional-perspective-payment-for-order-flow-)","The article analyzes payment for order flow (PFOF) in US equity markets, highlighting Robinhood's reliance on PFOF for revenue and the regulatory scrutiny it has faced from the SEC and FINRA. It explains the practice, its legality, disclosure requirements, and the duty of best execution brokers owe to customers. The article also discusses concerns about inherent conflicts of interest in PFOF and ongoing debates about its impact on market fairness and efficiency.","The summary captures the main points of the article, including the focus on Robinhood's business model, regulatory oversight, legal settlements, and the broader implications and controversies surrounding PFOF in US equity markets."
https://nasdaq.com/articles/why-zero-commission-investment-platforms-may-not-really-be-free,Why Zero-Commission Investment Platforms May Not Really Be Free,"Financial news article analyzing zero-commission investment platforms; explains how U.S. brokers like Robinhood generate revenue through payment for order flow by routing trades to select firms for execution, revealing hidden costs behind 'free' trading services.",GOBankingRates,11/15/24,Yes,"The article explicitly discusses payment for order flow in US equity markets, e.g., it states: ""Robinhood accepts payment for order flow, meaning it gets paid to direct trades to certain firms for execution."" The piece centers on zero-commission online brokers like Robinhood and discusses stock trading in the U.S., fulfilling the criterion about PFOF in US equities.
References: [Payment For Order Flow & Market Implications - Bloomberg Law](https://www.bloomberglaw.com/external/document/X1RP679S000000/capital-markets-professional-perspective-payment-for-order-flow-), [Robinhood, Schwab led US$340m retail order flow payment ...](https://www.globaltrading.net/robinhood-schwab-led-us461m-retail-order-flow-payment-bonanza-in-may), [Robinhood CEO says payment for order flow is 'here to stay' - CNBC](https://www.cnbc.com/2023/12/01/robinhood-ceo-says-payment-for-order-flow-is-here-to-stay.html), [[PDF] Payment for Order Flow and the Great Missed Opportunity](https://openscholarship.wustl.edu/cgi/viewcontent.cgi?article=1310&context=law_scholarship), [PFOF is going away, but the problem isn't - Optiver](https://optiver.com/insights/pfof-is-going-away-but-the-problem-isnt), [Eliminating Payment for Order Flow to Ensure Loyal Agents](https://bclawreview.bc.edu/articles/3061), [[PDF] How does Payment for Order Flow Influence Markets? - SEC.gov](https://www.sec.gov/files/dera_wp_payment-order-flow-2501.pdf), [How Robinhood Makes Money - Investopedia](https://www.investopedia.com/articles/active-trading/020515/how-robinhood-makes-money.asp), [Retail trader sophistication and stock market quality: Evidence from ...](https://www.sciencedirect.com/science/article/abs/pii/S0304405X22001726), [How Does Payment for Order Flow Influence Markets? Evidence ...](https://papers.ssrn.com/sol3/papers.cfm?abstract_id=4961610), [Why Zero-Commission Investment Platforms May Not Really Be Free](https://www.nasdaq.com/articles/why-zero-commission-investment-platforms-may-not-really-be-free)",11/15/24,"The article content explicitly states the publication date as November 15, 2024, 08:01 am EST, which matches the unverified date provided. This confirms the publication date as 2024-11-15.",John Csiszar,The author's name is explicitly mentioned in the article content as 'Written by John Csiszar for GOBankingRates.' This matches the requested format with proper capitalization.,"Neutral, Negative","The article provides a balanced view on zero-commission investment platforms like Robinhood. It highlights the benefits of no commissions but also warns about hidden costs such as payment for order flow and spreads that can increase trading expenses. The tone is cautionary and informative, not overly negative or positive, making the sentiment both neutral and slightly negative.",GOBankingRates,"The article is authored by John Csiszar for GOBankingRates, which is explicitly mentioned in the article content and metadata. Therefore, the company name of the author is GOBankingRates.","The article discusses the hidden costs behind zero-commission investment platforms like Robinhood, focusing on payment for order flow and the bid-ask spread. While these platforms advertise no commissions, investors may incur significant costs through spreads and execution prices. A study showed Robinhood's options trades had higher round-trip costs compared to other brokers, partly due to payment for order flow practices. Despite this, Robinhood charges no commissions, making it cheaper for some trades. The article advises investors to look beyond headline fees to understand the true costs of trading.","The summary captures the main points of the article, including the focus on zero-commission brokers, payment for order flow, the impact on trade costs, and the study comparing Robinhood with other brokers. It also reflects the article's advice to investors about hidden costs."
https://investopedia.com/terms/p/paymentoforderflow.asp,Payment for Order Flow (PFOF): Definition and How It Works,"Educational article on Payment for Order Flow (PFOF) in US equity markets; explains how brokers earn fractions of a penny per share by routing orders to market makers or exchanges. Covers differences between equities and options PFOF, SEC and FINRA regulatory frameworks, and highlights both potential benefits and criticisms. Includes practical examples involving US brokers like Robinhood and market mechanisms such as the NBBO.",Full Bio,9/10/24,Yes,"Yes. The article defines PFOF as compensation a broker receives for directing orders to a market maker (e.g., 'a brokerage firm receives for directing orders and executing trades to a particular market maker or exchange'), and it explicitly discusses US-equity market context through examples and references: mentions Robinhood as a US broker, discusses stocks/equities and market makers, NBBO, and US regulators (SEC/FINRA), with context comparing PFOF in equities vs. options. These elements satisfy the criterion that the article discusses PFOF in the context of US equity markets.
References: [Payment for Order Flow (PFOF): Definition and How It Works](https://investopedia.com/terms/p/paymentoforderflow.asp)",9/10/24,"The article's published date is explicitly mentioned as 09/10/2024 (unverified) in the provided webpage content metadata. No other publication date was found, so this date is used for enrichment.",Nez Riaz,"The author is indicated as 'Nez Riaz' in the article content on the Investopedia page about Payment for Order Flow (PFOF). This is the only named author mentioned, formatted as a proper name with capitalization.",Neutral,"The article provides a balanced view of Payment for Order Flow (PFOF), explaining both its potential benefits such as better execution prices and increased liquidity, and its criticisms including conflicts of interest and regulatory concerns. The tone is informative and neutral, presenting facts and perspectives without strong bias toward positive or negative sentiment.",Investopedia,"The article is published on Investopedia's website and the author is listed as 'Full Bio,' which indicates a generic author bio rather than a specific individual. Investopedia is the company responsible for the content.","The article explains Payment for Order Flow (PFOF) as a practice where brokers receive compensation for routing client orders to market makers. It highlights how PFOF enables commission-free trading but may create conflicts of interest affecting trade execution quality. The piece discusses the role of market makers, regulatory requirements by the SEC and FINRA, and the controversy surrounding PFOF, including its impact on retail investors and regulatory scrutiny, especially in the US equity and options markets.","The summary is based on the detailed explanation provided in the article about what PFOF is, how it works, its benefits, criticisms, regulatory context, and its significance in US equity markets, as extracted from the provided content."
https://marketswiki.com/wiki/Maker-taker,Maker-taker,"Maker-taker is a US equity market pricing system used by exchanges to incentivize liquidity; market makers receive rebates of about $0.20–$0.30 per 100 shares, while takers pay transaction fees. It contrasts with customer priority models by funding exchange operations through maker fees and payment for order flow (PFOF), which brokers earn as inducements to direct orders. The model originated in US equity trading and is employed by major US exchanges such as NYSE Euronext Arca Options and Nasdaq OMX NOM.",,8/13/24,Yes,"The MarketsWiki page Maker-taker explicitly discusses payment for order flow (PFOF): 'The exchange stays in business by charging market makers fees for transactions and payment for order flow. The payment for order flow is paid to brokerage firms as an inducement to send their orders to a given exchange.' This directly covers PFOF and, via mentions of brokers and exchanges, is clearly in the US equity trading context. The History section also notes that maker-taker pricing originated in the equity market, linking to US equities, and references to US exchanges (NYSE Euronext Arca Options, Nasdaq OMX NOM) using maker-taker pricing further anchor the US market context. Therefore the article satisfies the criterion. Source: MarketsWiki Maker-taker page (crawled content) including the PFOF sentence and the equity-market origin references.
References: [Maker-taker](https://marketswiki.com/wiki/Maker-taker)",8/13/24,"The search results confirm the publication date of the 'Maker-taker' article on MarketsWiki as 08/13/2024, matching the unverified date given in the original content. No other conflicting publication date was found, so this date is the best available information for the publication date.
References: [Maker-taker](https://marketswiki.com/wiki/Maker-taker), [Maker-taker](https://www.marketswiki.com/wiki/Maker-taker)",,"The MarketsWiki page on Maker-taker does not list an author. The search results and the page itself indicate that the content is collaboratively created and edited like a wiki, without a specific author attribution. Therefore, no individual author name can be provided for this page.
References: [Maker-taker](https://marketswiki.com/wiki/Maker-taker), [Maker-taker - MarketsWiki, A Commonwealth of Market Knowledge](https://www.marketswiki.com/wiki/Maker-taker)",Negative,"The article provides a detailed explanation of the maker-taker pricing model but emphasizes significant criticism and controversy surrounding it. It highlights concerns about conflicts of interest, regulatory scrutiny by the SEC, calls for reform, and potential market distortions caused by the model. These points indicate a predominantly negative sentiment towards the maker-taker model.",MarketsWiki,"The article is published on MarketsWiki, which is a financial markets encyclopedia. There is no explicit individual or company author named in the content, so the best available company author is MarketsWiki itself.","Maker-taker is a trading platform pricing model that rewards market makers with rebates for providing liquidity and charges takers fees for removing liquidity. Originating in the equity market in 1997, it has been adopted by several options exchanges but remains controversial. The model contrasts with customer priority pricing and has faced criticism for potential conflicts of interest, market distortion, and exploitation by high-frequency traders.","The summary concisely captures the key aspects of the maker-taker model from the MarketsWiki content, including its definition, historical origin, adoption in options markets, and main criticisms."
https://truewealth.ch/en/blog/payment-for-order-flow-a-controversial-practice,Payment for order flow: a controversial practice in equity trading,"Explanatory blog post on payment for order flow (PFOF) in US equity markets; details how free brokers such as Robinhood monetize trades by routing orders to market makers who ensure liquidity via bid-ask spreads. Discusses the concept of best execution balancing speed and price, and the inherent trade-offs in PFOF models that question the true cost of ""free"" trading platforms.",Felix Niederer,7/30/24,Yes,"The article discusses payment for order flow and mentions Robinhood, which operates in the US equity market. Therefore, the article discusses payment for order flow in the context of US equity markets.
References: [Robinhood Markets: HOOD Stock Price Quote & News](https://robinhood.com/us/en/stocks/HOOD), [Robinhood Markets, Inc. (HOOD) Stock Price, News, Quote & History](https://finance.yahoo.com/quote/HOOD), [A Complete Guide to US Equities – Trade US Stocks - Saxo Bank](https://www.home.saxo/learn/guides/equities/us-equities-guide), [Payment for order flow: a controversial practice in equity trading](https://www.truewealth.ch/en/blog/payment-for-order-flow-a-controversial-practice)",7/30/24,"The publication date is explicitly mentioned in the provided webpage content as 07/30/2024, which corresponds to July 30th, 2024. This date is used as the publication date for the article.",Felix Niederer,The author's name is explicitly mentioned in the provided webpage content as Felix Niederer.,"Neutral, Negative","The article provides an informative explanation of payment for order flow, describing how free brokers use this model to earn money. It highlights the controversy surrounding the practice, including hidden costs for customers and conflicts of interest. The article also notes regulatory bans in some regions, which underscores the negative aspects. Overall, the tone is mostly neutral but with a clear emphasis on the negative implications, making the sentiment a combination of Neutral and Negative.",True Wealth,"The search results show that Felix Niederer is the founder and CEO of True Wealth, a Swiss online wealth management platform. This confirms that the company affiliation of the author Felix Niederer is True Wealth.
References: [Payment for order flow: a controversial practice in equity trading](https://www.truewealth.ch/en/blog/payment-for-order-flow-a-controversial-practice), [Felix Niederer - True Wealth](https://www.truewealth.ch/en/blog/author/felix-niederer), [Felix Niederer: «True Wealth Now Manages 1.6 billion francs»](https://www.finews.com/news/english-news/65381-10-years-true-wealth-felix-niederer-oliver-herren-fintech-robo-adviser), [Felix Niederer – True Wealth - LinkedIn](https://ch.linkedin.com/in/niederer), [About us – True Wealth](https://www.truewealth.ch/en/about-us)","The article explains the concept of payment for order flow (PFOF), a business model used by free brokers like Robinhood, Scalable Capital, and Trade Republic to earn money by forwarding customer trades to market makers instead of exchanges. It highlights how this practice can lead to conflicts of interest, hidden costs for customers, and potentially unfavorable trade executions. The article also discusses regulatory responses, noting that the EU has banned PFOF while Switzerland has not, and emphasizes the controversy surrounding the practice.","The summary is based on the detailed explanation in the article about how PFOF works, its implications for investors, the controversy it generates, and the regulatory landscape mentioned. The article specifically references brokers operating in the US equity market and the broader context of PFOF's impact on trade execution and competition."
https://theblock.co/post/68875/not-just-robinhood-brokers-combined-big-traders,Not just Robinhood: These three brokers combined made more than $300 million from big trading firms in Q1,"Financial news article analyzing payment for order flow (PFOF) in US equity markets; reveals TD Ameritrade, E*Trade, and Charles Schwab collectively earned over $300 million in Q1 2020 by routing retail stock orders to major market makers including Citadel Securities and Virtu; highlights the significant revenue brokers generate from PFOF and explains the practice as compensation from electronic market makers for retail order flow.",by Frank Chaparro and John Dantoni,7/6/24,Yes,"Assessment rationale: The crawled article clearly discusses payment for order flow (PFOF) in the context of US equity markets. It mentions PFOF payments to TD Ameritrade, E*Trade, and Charles Schwab for routing stock orders, and cites Citadel Securities and Virtu as market makers involved in such payments. The topic is explicitly about broker routing of US stock (equities) orders and the associated payments from market makers, fitting the criterion that PFOF be discussed within US equity markets. Key supporting references appear in the article excerpt within the provided page crawl, including statements like: 'not just Robinhood... three brokers combined... PFOF payments' and 'Three of the largest brokers raked in more than $300 million in Q1 2020 by offloading orders to large trading firms' and 'the practice refers to the compensation an electronic market maker will pay a retail broker in exchange for their clients' orders'.
References: [Not just Robinhood: These three brokers combined made more than $300 million from big trading firms in Q1](https://theblock.co/post/68875/not-just-robinhood-brokers-combined-big-traders)",6/22/20,"The article content clearly states it was published on June 22, 2020, with an update on June 23, 2020. The 2024 date in the metadata appears to be incorrect or unrelated. The content and context of the article align with the 2020 date, making June 22, 2020 the accurate publication date.",Frank Chaparro and John Dantoni,The author's names are clearly mentioned in the provided webpage content as 'by Frank Chaparro and John Dantoni' with proper capitalization.,Neutral,"The article presents a balanced view on payment for order flow (PFOF) in US equity markets. It discusses the significant revenue generated by brokers from PFOF, acknowledges the controversy and criticism regarding conflicts of interest, and also highlights the benefits such as price improvement and competition among market makers. The tone is factual and neutral, without a strong positive or negative bias.",The Block,"The article is authored by Frank Chaparro and John Dantoni, and it is published on The Block's website. Authors of articles on such platforms are generally associated with the publishing company, so the company name of the authors is 'The Block'.","The article discusses how three major brokers—TDAmeritrade, E*Trade, and Charles Schwab—earned over $300 million in the first quarter of 2020 by routing stock and options orders to large trading firms through payment for order flow (PFOF). It highlights the role of market makers like Citadel Securities and Virtu Financial in these payments and explains the controversy around PFOF, including its impact on broker revenue and price improvement for retail clients.","The summary is based on the detailed content of the article which explains the brokers' revenue from PFOF, the key players involved, and the broader market implications. The article clearly focuses on PFOF in US equity markets and the financial figures involved, making this a concise and accurate summary."
https://theblock.co/post/93321/robinhood-payment-for-order-flow-2020,Robinhood made more than $600 million from payment for order flow revenue in 2020,"News article detailing Robinhood's payment-for-order-flow revenue in 2020; reports that Robinhood earned over $600 million by routing US equity orders to market makers including Citadel Securities and Virtu Financial, highlighting the scale and impact of PFOF in retail trading during that year.",by Frank Chaparro,7/5/24,Yes,"Yes. The Block article explicitly discusses payment-for-order-flow (PFOF) revenue earned by Robinhood in 2020 and describes how Robinhood routes orders to market makers (e.g., Citadel Securities and Virtu Financial) to generate these payments. This content clearly ties PFOF to US equity trading rather than other asset classes, meeting the criterion.
References: [Robinhood made more than $600 million from payment for order ...](https://www.theblock.co/post/93321/robinhood-payment-for-order-flow-2020), [Frank Chaparro - The Block](https://www.theblock.co/author/frank-chaparro?start=940), [Payment for Order Flow (PFOF): Definition and How It Works](https://www.investopedia.com/terms/p/paymentoforderflow.asp), [Robinhood, Schwab led US$340m retail order flow payment ...](https://www.globaltrading.net/robinhood-schwab-led-us461m-retail-order-flow-payment-bonanza-in-may), [Payment For Order Flow & Market Implications - Bloomberg Law](https://www.bloomberglaw.com/external/document/X1RP679S000000/capital-markets-professional-perspective-payment-for-order-flow-), [Payment for order flow : r/etrade](https://www.reddit.com/r/etrade/comments/omwh68/payment_for_order_flow), [[PDF] Payment for Order Flow and the Retail Trading Experience](https://wifpr.wharton.upenn.edu/wp-content/uploads/2023/09/Payment-for-Order-Flow-final.pdf), [Demystifying payment for order flow - Robinhood Newsroom](https://newsroom.aboutrobinhood.com/demystifying-payment-for-order-flow), [How Robinhood Makes Money - Investopedia](https://www.investopedia.com/articles/active-trading/020515/how-robinhood-makes-money.asp), [[PDF] Payment For Order Flow And the Great Missed Opportunity](https://repository.uclawsf.edu/cgi/viewcontent.cgi?article=1228&context=hastings_business_law_journal)",2/1/21,"The article from The Block titled 'Robinhood made more than $600 million from payment for order flow revenue in 2020' by Frank Chaparro is dated February 1, 2021, 5:15PM EST, with an update on the same day at 11:12PM EST. This date is clearly stated in the article content and is the original publication date, which is more accurate than the unverified 07/05/2024 date provided initially.",Frank Chaparro,"The author's name is explicitly mentioned multiple times in the webpage content as Frank Chaparro, including the byline and author bio section.",Neutral,"The article presents both positive aspects, such as Robinhood generating over $600 million from payment for order flow in 2020, and negative aspects, including trading suspensions during the GameStop surge and platform issues requiring additional capital. The tone is balanced and factual without strong emotional bias, leading to a neutral sentiment classification.",The Block,"The article is authored by Frank Chaparro, who is identified as a writer and host at The Block. The content and author information clearly associate him with The Block, making it the company name of the author.","The article reports that Robinhood earned over $600 million in payment for order flow (PFOF) revenue in 2020, with $221.4 million generated in Q4 alone. Robinhood routes its customer orders to market makers like Citadel Securities and Virtu Financial, receiving payments for this order flow. Despite facing trading suspensions and platform challenges during the 2020 retail stock mania, Robinhood saw increased app downloads and PFOF payments, highlighting the significance of this revenue stream for the brokerage.","The summary is based on the detailed content of the article from The Block, which discusses Robinhood's payment for order flow revenue in 2020, the amounts earned quarterly and annually, the market makers involved, and the context of Robinhood's operational challenges and growth during that period."
https://investopedia.com/articles/active-trading/020515/how-robinhood-makes-money.asp,How Robinhood Makes Money,"Investopedia article detailing Robinhood's revenue generation through payment for order flow (PFOF); explains how Robinhood routes user orders for options, equities, and cryptocurrencies to market makers, earning fractions of a cent per share. The article explicitly situates this mechanism within the US equity market context, referencing U.S. listed securities and highlighting PFOF as Robinhood's primary income source.","By Matthew Johnston Updated June 14, 2024 12:52 PM EDT",6/14/24,Yes,"The article explicitly discusses payment for order flow (PFOF) as Robinhood's revenue mechanism, describing routing of users' orders to market makers and the compensation per share (“a fraction of a cent per share”). It also states that Robinhood generates revenue by routing orders for options, equities, and cryptocurrencies to market makers, i.e., PFOF, which confirms the US equity market context (the article also references U.S. listed securities). These points directly satisfy the criterion that the article discusses PFOF in the context of US equity markets.
References: [How Robinhood Makes Money - Investopedia](https://www.investopedia.com/articles/active-trading/020515/how-robinhood-makes-money.asp), [Payment for Order Flow (PFOF): Definition and How It Works](https://www.investopedia.com/terms/p/paymentoforderflow.asp), [Payment for Order Flow (PFOF) and Broker-Dealer Regulation](https://www.congress.gov/crs-product/IF12594), [Robinhood Review - Investopedia](https://www.investopedia.com/robinhood-review-4587919), [Robinhood Pays Settlement, but Gamification Remains a Concern](https://www.investopedia.com/robinhood-pays-settlement-but-gamification-remains-a-concern-5093195), [Fidelity vs. Robinhood 2025 - Investopedia](https://www.investopedia.com/fidelity-vs-robinhood-4587945), [Robin Hood Effect: What It Is, How It Works - Investopedia](https://www.investopedia.com/terms/r/robin-hood-effect.asp), [Robinhood | Research Starters - EBSCO](https://www.ebsco.com/research-starters/technology/robinhood), [Is Robinhood Safe for Investors? - Investopedia](https://www.investopedia.com/investing/is-robinhood-safe), [Robinhood Revenue and Usage Statistics (2025) - Business of Apps](https://www.businessofapps.com/data/robinhood-statistics)",6/14/24,"The article's author and update timestamp is given as 'By Matthew Johnston Updated June 14, 2024 12:52 PM EDT' on the Investopedia page. This indicates the publication or last update date is June 14, 2024, which matches the unverified published date provided. Therefore, the publication date is 2024-06-14.",Matthew Johnston,"The author's name is explicitly mentioned in the provided webpage content as 'By Matthew Johnston Updated June 14, 2024 12:52 PM EDT'. The name is in the format '<First> <Last>' with proper capitalization as requested.",Neutral,"The article provides a balanced and factual overview of Robinhood's business model, financials, and recent developments. It highlights positive aspects such as revenue growth, new product launches, and acquisition plans, while also acknowledging negative aspects like net losses and regulatory fees. The tone is informative and neutral without strong positive or negative bias.",Investopedia,"The article is published on Investopedia and authored by Matthew Johnston. Typically, the company associated with the author of such articles is the publishing company, which in this case is Investopedia.","The article explains how Robinhood, a fintech company known for commission-free trading, generates revenue primarily through payment for order flow, net interest revenues, and other sources like its Gold subscription and crypto business. It highlights Robinhood's financial performance, recent launch of a cash-back credit card, and plans to acquire the European crypto exchange Bitstamp. The summary also notes Robinhood's competition and key revenue segments.","The summary concisely captures the main points from the article about Robinhood's revenue mechanisms, financials, recent developments, and competitive landscape as detailed in the provided content."
https://papers.ssrn.com/sol3/papers.cfm?abstract_id=3976300,Anatomy of Trading Costs for Retail Investors: Savings from Off-Exchange Execution,"44-page academic paper studying retail trade execution quality; finds that trades routed off-exchange by wholesalers, including those via Robinhood—a high PFOF broker—achieve significantly better prices than on-exchange trades; challenges the notion that PFOF reduces execution quality by demonstrating superior pricing outcomes for retail investors using PFOF brokers; authored by Thomas K. Brown, Travis L. Johnson, S.P. Kothari, and Eric C. So from University of Texas at Austin and MIT Sloan School of Management; published June 7, 2024.",See all articles by Thomas K. Brown,6/7/24,Yes,"The article abstract mentions ""Contrary to the claim that brokers sacrifice execution quality for payment for order flow (PFOF), trades executed via Robinhood, a high PFOF broker, receive better-than-average prices."" This indicates the article discusses payment for order flow in the context of US equity markets.
References: [Anatomy of Trading Costs for Retail Investors: Savings from Off ...](https://papers.ssrn.com/sol3/papers.cfm?abstract_id=3976300), [[PDF] Anatomy of Trading Costs for Retail Investors - SSRN](https://papers.ssrn.com/sol3/Delivery.cfm/3976300.pdf?abstractid=3976300), [‪Thomas K Brown‬ - ‪Google Scholar‬](https://scholar.google.com/citations?user=55QSOmoAAAAJ&hl=en), [Thomas K Brown - Google Sites](https://sites.google.com/view/thomaskbrown/about), [[PDF] Retail Trading in Options and the Rise of the Big Three Wholesalers](https://www.jbs.cam.ac.uk/wp-content/uploads/2022/06/2022-ccaf-conference-version-paper-bryzgalova-pavlova-sikorskaya-final.pdf), [[PDF] Securities Trading: Principles and Procedures Joel Hasbrouck](https://pages.stern.nyu.edu/~jh4/STPP/drafts/STPPms14b.pdf), [[PDF] Internalizing Outsider Trading](https://openyls.law.yale.edu/bitstream/20.500.13051/448/2/Internalizing_Outsider_Trading.pdf), [[PDF] MEME INVESTORS AND RETAIL RISK - Boston College Law Review](https://bclawreview.bc.edu/articles/39/files/6399d325885db.pdf), [[PDF] Retail Trading in Options and the Rise of the Big Three Wholesalers](https://www.sikorskaya.net/files/Bryzgalova_Pavlova_Sikorskaya_2023.pdf), [Leverage constraints and investors' choice of underlyings](https://www.sciencedirect.com/science/article/pii/S0378426624000700)",12/6/21,"The SSRN webpage for the paper shows the paper was posted on December 6, 2021. Although there is a 'Date Written' listed as June 7, 2024, the publication date is typically the date the paper was made publicly available, which is December 6, 2021, on SSRN.","Thomas Brown

Travis Johnson

S.P. Kothari

Eric So","The authors listed on the webpage are Thomas K. Brown, Travis L. Johnson, S.P. Kothari, and Eric C. So. Following the instruction to format names as '<First> <Last>' with proper capitalization, I provided the names accordingly, omitting middle initials except for S.P. Kothari as it is commonly used that way.",Positive,"The article abstract and content highlight positive findings such as retail trades executed off-exchange receiving better-than-average prices, lower total trading costs, and countering negative claims about payment for order flow. The overall tone is analytical but emphasizes beneficial outcomes for retail investors, supporting a Positive sentiment classification.","University of Texas at Austin

Massachusetts Institute of Technology (MIT)","The webpage content lists the affiliations of the authors. Thomas K. Brown and Travis L. Johnson are affiliated with the University of Texas at Austin - McCombs School of Business. S.P. Kothari and Eric C. So are affiliated with the Massachusetts Institute of Technology (MIT) - Sloan School of Management. These are the company/institution names associated with the authors, properly capitalized.","This paper analyzes retail trading costs, showing that trades executed off-exchange receive better prices than those on exchanges. It challenges claims that payment for order flow (PFOF) reduces execution quality, highlighting that brokers like Robinhood provide favorable pricing. The study concludes that the zero-commission PFOF model has significantly lowered total trading costs for retail investors.","The summary is based on the abstract and content of the paper, which emphasize better pricing for retail trades off-exchange, refute negative claims about PFOF, and note the reduction in total trading costs due to the zero-commission PFOF model."
https://failory.com/blog/robinhood-business-model,Robinhood's Business Model: How Do They Make Money?,"Detailed analysis of Robinhood's revenue model centered on Payment for Order Flow (PFOF) in US equity trading; explains the use of a smart order router to direct user orders to market makers and exchanges for best price execution, with Robinhood receiving rebates as part of this process, illustrating a core component of its monetization approach.",Failory,1/9/24,Yes,"Failory's Robinhood Business Model article discusses 'Payment for Order Flow' (PFOF) in the context of Robinhood routing user orders to market makers and exchanges, i.e., US equity trading. The article mentions a smart order router directing orders to market makers to obtain best prices and receiving/paying rebates as part of PFOF, which aligns with PFOF in US stock markets. Source: https://www.failory.com/blog/robinhood-business-model (Failory).
References: [Robinhood's Business Model: How Do They Make Money? - Failory](https://www.failory.com/blog/robinhood-business-model), [How Robinhood Makes Money - Investopedia](https://www.investopedia.com/articles/active-trading/020515/how-robinhood-makes-money.asp), [Robinhood's Revenue Model: Payment for Order Flow - ACIIC](https://www.aciic.ca/blog/robinhood-revenue-model), [Robinhood: Why You Need to Understand Payment for Order Flow](https://www.nasdaq.com/articles/robinhood:-why-you-need-to-understand-payment-for-order-flow-2021-08-03), [Robinhood hit with US$45m SEC fine as market maker payments surge](https://www.globaltrading.net/robinhood-hit-with-us45m-sec-fine-as-market-maker-payments-surge), [How Robinhood and other brokerage firms profit from payment for ...](https://www.youtube.com/watch?v=Nm3rYnXrT7w), [Payment For Order Flow & Market Implications - Bloomberg Law](https://www.bloomberglaw.com/external/document/X1RP679S000000/capital-markets-professional-perspective-payment-for-order-flow-), [Payment for order flow - Wikipedia](https://en.wikipedia.org/wiki/Payment_for_order_flow), [Demystifying payment for order flow - Robinhood Newsroom](https://newsroom.aboutrobinhood.com/demystifying-payment-for-order-flow), [Explainer: Robinhood makes most of its money from PFOF. What is it?](https://www.reuters.com/business/finance/robinhood-makes-most-its-money-pfof-what-is-it-2021-07-29)",1/9/24,"The article on Failory's website about Robinhood's business model shows an 'Updated' date of January 9, 2024, which is the closest and most specific date related to publication or update available in the content. This date is presented as 'Updated: January 9, 2024' on the page, indicating the article's publication or last update date.",Failory,"The article on Failory's website is credited to 'Failory' as the author, which appears to be the organization or website name rather than an individual author's full name. There is no indication of a specific author's name in the format '<First> <Last>' for this article.
References: [Robinhood's Business Model: How Do They Make Money? - Failory](https://www.failory.com/blog/robinhood-business-model)",Neutral,"The article provides a balanced and factual overview of Robinhood's business model, including both positive aspects such as commission-free trading and democratizing finance, and negative aspects such as outages, lawsuits, and regulatory fines. The tone is informative and neutral without strong positive or negative bias.",Failory,"The author of the article is listed as 'Failory' on the webpage, which is the name of the company or entity that published the content. The company name is properly capitalized as 'Failory'.","The article explains Robinhood's business model, highlighting that it offers commission-free trading through various revenue streams. Key income sources include payment for order flow (PFOF), which accounts for about 72.8% of revenue by routing trades to market makers; Robinhood Gold subscription fees; interest from margin and securities loans; income from uninvested cash; and interchange fees from its debit card program. Founded in 2013, Robinhood aims to democratize investing by providing accessible trading services to a broad user base, especially young investors.","The summary is based on the detailed explanation in the article about Robinhood's business model, its history, and the breakdown of its revenue streams including PFOF, subscriptions, interest, and interchange fees."
https://brokerage-review.com/investing-firm/make-money/how-etrade-makes-money.aspx,How Does E*TRADE Make Money? (2024),"Financial analysis article explaining E*TRADE's revenue model as a US online brokerage; highlights payment for order flow (PFOF) as a key income source where market makers pay fractions of a penny per share for order flow, leveraging high trade volumes. Despite $0 commissions on online stock and ETF trades, E*TRADE charges $25 for phone trades and $6.95 for OTC stock trades, with discounts for active traders, illustrating diversified revenue streams beyond commissions.",About the Author,1/1/24,Yes,"The article explicitly discusses payment for order flow (PFOF) as a revenue source for E*TRADE, stating that even with $0 stock/ETF commissions, E*TRADE earns via PFOF and describing how orders are routed to market makers who compensate the broker for receiving those orders. This is described in the context of stock/ETF trading and market makers, which are US equity-market mechanisms (E*TRADE is a US broker). Key lines: 'Even with the elimination of ETF and stock commissions, E*Trade continues to generate revenue from these transactions through a practice called payment for order flow.' and 'Payment for order flow operates as follows: E*Trade sends its customers' orders to specific market makers, who are responsible for matching buyers and sellers in the market. These market makers are willing to pay E*Trade for the privilege of receiving these orders.' These citations come from the crawled page content of the article. Therefore, the article satisfies the criterion.
References: [How Does E*TRADE Make Money? (2024)](https://www.brokerage-review.com/investing-firm/make-money/how-etrade-makes-money.aspx)",1/1/24,"The article explicitly mentions a published date of 01/01/2024 (unverified) at the top of the provided content. Although there is an update date of 6/3/2025 mentioned, the original publication date is January 1st, 2024, which is the date requested for the publication date enrichment.",Chad Morris,The author's name is explicitly mentioned in the article content as 'Chad Morris is a financial writer with more than 20 years experience...'. This matches the requested format with proper capitalization.,Neutral,"The article provides a factual and balanced overview of how E*TRADE makes money, detailing various revenue streams including payment for order flow, fees, and investment advice. It mentions both positive aspects like $0 commissions on stocks and ETFs and negative aspects such as various fees. The tone is informative and neutral without strong positive or negative bias.",ACM MEDIA LLC,"The author Chad Morris writes expert content for Brokerage-Review.com, which is published by ACM MEDIA LLC as indicated in the disclaimer and copyright section of the webpage. This identifies ACM MEDIA LLC as the company associated with the author.","The article explains how E*TRADE generates revenue despite offering $0 commissions on stocks and ETFs. Key income sources include payment for order flow, fees on phone trades, mutual fund fees, option and futures contract fees, fixed income commissions, investment advice fees, net interest margin from banking activities, and various account fees. It highlights E*TRADE's diverse revenue streams beyond just trading commissions.","The summary is based on the detailed explanation in the article about E*TRADE's multiple revenue sources such as payment for order flow, fees on certain trades, mutual fund compensation, option and futures fees, fixed income commissions, managed account fees, net interest margin, and miscellaneous account fees. This captures the essence of how E*TRADE makes money as described in the content."
https://digitalenterprise.org/models/robinhood,Robinhood Business Model: Overview,"US-based fintech company Robinhood operates as an online discount brokerage offering commission-free stock and asset trading via web and mobile platforms; it generates revenue primarily through payments for order flow, routing trades to market makers who pay rebates. The platform saw approximately 10 million net funded accounts added in 2021 and expanded its workforce to 3,800 employees before announcing a 9% layoff in April 2022. Robinhood also diversified its offerings by launching retirement accounts in December 2022, underscoring its evolving product suite within the US equity market context.",,7/14/23,Yes,"The article explicitly discusses payment for order flow (PFOF) in the context of stock trades. It includes a named 'Payment for Order Flow' section stating that Robinhood routes users' trades to market makers who compensate Robinhood through rebates, i.e., PFOF, and identifies this as a primary revenue source. The page also describes Robinhood as a US-based broker offering commission-free trading of stocks, reinforcing the US equity markets context. Key references: 'Primary Revenue Source | Transaction-based sources, particularly payments for order flow' and the 'Payment for Order Flow' description. Therefore, the article satisfies the criterion.
References: [Robinhood Business Model: Overview](https://digitalenterprise.org/models/robinhood)",7/14/23,"The provided webpage content explicitly mentions the publication date as 07/14/2023, and the search for the article on digitalenterprise.org did not yield any conflicting information. Therefore, the publication date of the article is 2023-07-14.
References: [Robinhood Business Model: Overview - Digital Enterprise](https://digitalenterprise.org/models/robinhood)",,"The author's name for the article 'Robinhood Business Model: Overview' on digitalenterprise.org was not found in the provided content or through web searches. The website does not explicitly list an author for this specific article, and no clear author attribution was identified in the search results.
References: [Robinhood Business Model: Overview - Digital Enterprise](https://digitalenterprise.org/models/robinhood)",Neutral,"The article provides a balanced overview of Robinhood's business model, highlighting both positive aspects such as its mission to democratize trading, rapid user growth, and diverse revenue streams, as well as negative aspects including outages, lawsuits, trading restrictions, and layoffs. The tone is factual and objective without strong emotional bias, indicating a neutral sentiment.",Digital Enterprise,"The webpage content is hosted on digitalenterprise.org, and the article is titled 'Robinhood Business Model: Overview' with detailed information presented under this domain. This indicates that the authoring company or entity responsible for the content is Digital Enterprise, which is the proper capitalization of the source company name.","Robinhood is a US-based fintech company offering commission-free trading through a mobile and web platform. Founded in 2013 with a mission to democratize trading, it generates revenue primarily through payment for order flow, along with subscription fees, interest on margin loans, income from cash deposits, and interchange fees. The platform targets millennials and high-frequency traders, providing real-time market data and easy access to stocks, ETFs, and cryptocurrencies. Despite rapid growth and challenges like outages and regulatory scrutiny, Robinhood continues to expand its services and user base.","The summary captures the key points from the article including Robinhood's founding, business model, revenue streams, target customers, and challenges faced. It condenses the detailed content into a concise overview suitable for a summary column."
https://bloomberg.com/professional/insights/trading/letter-wars-secs-proposed-changes-get-thousands-of-pros-cons,"Letter wars: SEC’s proposed changes get thousands of pros, cons","Bloomberg Intelligence analysis on the SEC's proposed US equity market reforms; evaluates 14,805 comment letters including input from institutions managing $40 trillion in assets, retail brokers with 102 million accounts, and venues covering 75% of market volume. Highlights a polarized response with orchestrated form-letter campaigns favoring changes contrasted against precise opposition citing risks of systemic impact and incomplete economic analysis. Focuses on key topics like payment for order flow (PFOF), tick sizes, and market transparency within the SEC's four-pronged proposal.",,5/31/23,Yes,"The crawled article is titled 'Letter wars: SEC’s proposed changes get thousands of pros, cons' and is a Bloomberg Intelligence piece about the SEC’s proposed changes to US equity market structure. The content explicitly mentions PFOF (payment for order flow) in the snippet and discusses SEC proposals addressing tick sizes, access fees, transparency, auctions and best execution—core topics in US equity trading. This confirms the article discusses payment for order flow in the context of US equity markets. Source cues: crawled page excerpt noting PFOF and the four-pronged proposal related to US equity market structure.
References: [Letter wars: SEC’s proposed changes get thousands of pros, cons](https://www.bloomberg.com/professional/insights/trading/letter-wars-secs-proposed-changes-get-thousands-of-pros-cons)",5/31/23,"The article's publication date is explicitly mentioned as May 31, 2023, in the provided webpage content under the title and author information section.",Larry R. Tabb and Jackson Gutenplan,"The article states that the analysis is by Bloomberg Intelligence Director of Market Structure Research Larry R. Tabb and Bloomberg Intelligence Senior Associate Analyst Jackson Gutenplan, indicating they are the authors.","Negative, Neutral","The article presents a predominantly critical view of the SEC's proposed changes, highlighting significant opposition from industry stakeholders, retail brokers, and institutions who raise concerns about incomplete economic analysis, unintended consequences, and systemic risk. However, it also notes some support from individual investors, particularly for the retail auction proposal. This mix of cautious criticism and some individual support aligns best with a combination of Negative and Neutral sentiment.",Bloomberg Intelligence,"The article is authored by Bloomberg Intelligence Director of Market Structure Research Larry R. Tabb and Bloomberg Intelligence Senior Associate Analyst Jackson Gutenplan, indicating the company author is Bloomberg Intelligence.","The article analyzes the polarized responses to the SEC's proposed changes to US equity market structure, including tick sizes, access fees, transparency, auctions, and best execution. It highlights strong support from individual investors for SEC-mandated retail auctions and opposition to payment for order flow, while institutions and retail brokers largely oppose the proposals, citing flawed economic analysis and concerns about unintended consequences.","The summary captures the main points of the article, emphasizing the divided opinions between individual investors and institutions on the SEC's market structure proposals, as well as the concerns raised by retail brokers about the economic analysis and potential risks."
https://protocol.com/fintech/citadel-iex-sec-lawsuit,"If you own stocks, you should know about latency arbitrage","Financial news article analyzing a legal dispute between Citadel Securities, IEX, and the SEC over the D-Limit order type aimed at curbing high-frequency traders exploiting millisecond-level latency arbitrage in U.S. equity markets; discusses the SEC's review of payment for order flow and stock exchange rebates, highlighting concerns about decreased competition and adverse effects on investor pricing.",Tomio Geron,2/27/23,Yes,"The article explicitly references 'payment for order flow' and 'stock exchange rebates' in the context of the U.S. equity markets, within a discussion of Citadel Securities, IEX, and the SEC. This directly satisfies the criterion of discussing PFOF in US equity trading. (Cited: crawled_page content: 'Similar debates are going on over the SEC's current review of payment for order flow and stock exchange rebates, which some have argued decrease competition and hurt pricing for investors.')
References: [Citadel Securities Loses Flash-Boys Legal Fight Over IEX Product](https://www.bloomberg.com/news/articles/2022-07-29/citadel-securities-loses-court-bid-to-block-iex-order-type), [Citadel Securities paid US$943m for retail US equity, options order ...](https://www.globaltrading.net/citadel-securities-paid-us943m-for-retail-us-equity-options-order-flow-in-nine-months), [Citadel Securities sues SEC over approval of new stock-order type](https://www.reuters.com/article/business/citadel-securities-sues-sec-over-approval-of-new-stock-order-type-idUSKBN27201D), [Citadel, SEC fight over microseconds - Crain's Chicago Business](https://www.chicagobusiness.com/finance-banking/citadel-securities-sec-battle-over-microseconds-iex-case), [SEC slaps Citadel with $7 million fine to settle regulations charges - CNBC](https://www.cnbc.com/2023/09/22/sec-slaps-citadel-with-7-million-fine-to-settle-short-selling-charges.html), [If you own stocks, you should know about latency arbitrage](https://www.protocol.com/fintech/citadel-iex-sec-lawsuit)",10/25/21,"The article content itself includes the date October 25, 2021, as the publication date by Tomio Geron. The initial unverified date of 02/27/2023 appears to be incorrect or related to a later update. The original publication date is October 25, 2021, as indicated in the article text.",Tomio Geron,The author's name is clearly stated in the webpage content and metadata as 'Tomio Geron' with proper capitalization.,Neutral,"The article provides a balanced view of the legal dispute between Citadel Securities, IEX, and the SEC regarding the D-Limit order type. It presents arguments from both sides without showing bias or strong opinion. The tone is informative and neutral, focusing on explaining the issue and its implications rather than expressing positive or negative sentiment.",Bospar,"The search results indicate that Tomio Geron is currently the Content Lead at Bospar, a tech and business communications firm. This is the most recent and relevant company affiliation for the author.
References: [If you own stocks, you should know about latency arbitrage](https://www.protocol.com/fintech/citadel-iex-sec-lawsuit), [Bospar hires veteran tech and business journalist Tomio Geron](https://bospar.com/press-release/bospar-hires-veteran-tech-and-business-journalist-tomio-geron), [Tomio Geron - Bospar - LinkedIn](https://www.linkedin.com/in/tomiogeron)","The article discusses a legal case involving Citadel Securities, IEX, and the SEC over IEX's D-Limit order type, designed to prevent high-frequency traders from exploiting milliseconds before market price changes. Citadel argues against the order, claiming it violates regulations and market dynamics, while IEX and supporters say it promotes fairer trading and reduces predatory latency arbitrage. The case highlights broader debates on market structure, payment for order flow, and the impact of ultra-fast trading on investors.","The summary captures the key points of the article, including the lawsuit context, the function and controversy of the D-Limit order, the arguments from both sides, and the broader market implications discussed in the content."
https://nasdaq.com/articles/an-interns-guide-to-trading-2021-07-01,An Intern’s Guide to Trading,"Educational article on US equity market trading published by Nasdaq; authored by Phil Mackintosh and dated July 1, 2021. It covers market structure fundamentals, order routing, and execution venues, emphasizing retail order handling through brokers and wholesalers. The article highlights payment for order flow (PFOF) and price improvement (PI) mechanisms, noting retail orders typically involve small amounts with 92% under $20,000. It explains regulatory protections like NMS Rule 605 ensuring price improvement transparency and discusses key market concepts such as NBBO, maker-taker rebates, and off-exchange trading.",Phil Mackintosh,2/27/23,Yes,"The article explicitly discusses payment for order flow (PFOF) in the context of US equity markets. In the 'An Intern’s Guide to Trading' piece, it states: 'PFOF and PI: Retail brokers often get direct payments for their order flow (PFOF) as well as beating the prices available elsewhere (price improvement).' It also discusses retail orders, order routing and market structure in US stock trading (references to NBBO, maker-taker rebates, and off-exchange trading). These establish both the PFOF concept and US equity market context.
References: [An Intern’s Guide to Trading](https://www.nasdaq.com/articles/an-interns-guide-to-trading-2021-07-01)",7/1/21,"The article 'An Intern’s Guide to Trading' on Nasdaq's website shows a published date of July 1, 2021, 3:09PM EDT, which is the original publication date. The unverified date 02/27/2023 is not supported by the content on the webpage itself.",Phil Mackintosh,The author's name is explicitly mentioned in the article as 'Phil Mackintosh' with proper capitalization.,Neutral,"The article 'An Intern’s Guide to Trading' provides an educational and factual overview of trading in the US equity markets, including payment for order flow and market structure. It explains concepts without expressing strong positive or negative opinions, maintaining an informative and neutral tone throughout.",Nasdaq,"Phil Mackintosh is identified as the Chief Economist and a Senior Vice President at Nasdaq according to multiple sources including Nasdaq's official author page and LinkedIn profile.
References: [An Intern’s Guide to Trading](https://www.nasdaq.com/articles/an-interns-guide-to-trading-2021-07-01), [Phil Mackintosh | Nasdaq](https://www.nasdaq.com/authors/phil-mackintosh), [Phil Mackintosh - Nasdaq - LinkedIn](https://www.linkedin.com/in/phil-mackintosh-bb38304), [Phil Mackintosh | Nasdaq](https://www.sifma.org/people/phil-mackintosh)","The article ""An Intern’s Guide to Trading"" explains the US equity market structure, detailing how retail and institutional orders are routed and executed across exchanges and off-exchange venues. It covers key concepts such as payment for order flow (PFOF), price improvement, maker-taker rebates, and the role of the national best bid and offer (NBBO) in price formation. The guide also discusses different order types, trading incentives, and the trade-offs traders face in execution strategies.","The summary captures the main points of the article, including market structure, order handling, PFOF, price improvement, trading incentives, and the NBBO, based on the detailed content provided in the Nasdaq article."
https://investmentnews.com/robinhood-launches-self-built-custody-and-clearing-service-76451,Robinhood launches self-built custody and clearing service,"News article covering Robinhood's launch of a self-built custody and clearing system; the fintech formed Robinhood Securities and obtained regulatory approvals from FINRA, DTCC, and OCC. This move addresses a complex regulatory and engineering challenge to reduce costs before an IPO and expand into full-service financial offerings. Robinhood generates revenue through payment for order flow by routing US equity trades to third parties, premium margin trading services, and interest on cash balances, following a model similar to legacy discount brokerages like Charles Schwab and TD Ameritrade.",Ryan W Neal,2/7/23,Yes,"The InvestmentNews article states that Robinhood generates revenue by routing order flows to third parties, i.e., payment for order flow, within the context of US equity markets (US stock trading). This explicitly ties PFOF concepts to US equities via Robinhood's order routing to third parties. Source excerpt: 'the brokerage generates revenue with a premium service that allows for margin trades, with interest earned on cash balances and by routing order flows to third parties.' (InvestmentNews article by Ryan W. Neal). The content confirms US-equities context and PFOF-related mechanism.
References: [Robinhood launches self-built custody and clearing service](https://www.investmentnews.com/robinhood-launches-self-built-custody-and-clearing-service-76451)",10/10/18,"The article content clearly states the publication date as October 10, 2018, which is also consistent with the timeline and context of the article discussing Robinhood's launch of its self-built custody and clearing service. The initially unverified date of 02/07/2023 is incorrect based on the article's internal date and context.",Ryan W. Neal,"The author's name is clearly stated in the article as Ryan W. Neal, with proper capitalization and format as 'Ryan W. Neal'.","Positive, Neutral","The article presents Robinhood's launch of its own custody and clearing service as a significant and positive strategic move aimed at innovation, cost-cutting, and growth in preparation for an IPO. It highlights the complexity and regulatory challenges but frames them as achievements. While the article acknowledges competitive pressures and challenges from established firms, the overall tone is forward-looking and optimistic about Robinhood's potential. Therefore, the sentiment is a mix of Positive and Neutral.",InvestmentNews,"The article is published on the InvestmentNews website and authored by Ryan W. Neal, who is listed as a writer for InvestmentNews. Therefore, the company name of the author is InvestmentNews.","Robinhood has launched its own self-built custody and clearing service, aiming to reduce costs and enhance customer service as it prepares for a potential IPO. The company, known for zero-fee trading, previously relied on Apex for these services but developed its own system over two years to handle scale and innovate with modern technology. This move aligns Robinhood with established brokerages like Charles Schwab and TD Ameritrade, which also built custody platforms to support growth and adviser services. Robinhood generates revenue through premium services, interest on cash balances, and payment for order flow.","The summary captures the main points of the article: Robinhood's launch of a self-built custody and clearing system, its strategic reasons including cost reduction and innovation, its historical reliance on Apex, and its business model including payment for order flow. This concise summary reflects the key information presented in the article content."
https://protocol.com/manuals/retail-investing/retail-investing-2021-insights,Five ways to think about retail investing in 2021,"Financial analysis article on retail investing trends in 2021; highlights $6.9 billion in VC funding for brokerage startups over five years, with Robinhood raising over $3 billion in 2021 alone. Discusses 'payment for order flow' in US equity markets as a key revenue model, noting Robinhood's no-commission trades funded by market maker fees and Public's rejection of this system. Explores market volatility and the gamification of trading apps shaping retail investor behavior.",Tomio Geron; Benjamin Pimentel,2/7/23,Yes,"Explicit discussion of 'payment for order flow' in US equity markets: the article notes that Robinhood's no-commission model is funded via small fees paid by market makers for executing trades, and cites Public as dropping this system, referring to it as 'payment for order flow', clearly within US equities context.
References: [Five ways to think about retail investing in 2021](https://www.protocol.com/manuals/retail-investing/retail-investing-2021-insights)",4/12/21,"The article content explicitly states the publication date as April 12, 2021, which aligns with the topic of retail investing in 2021. This date is more consistent with the article's context than the unverified 2023 date initially provided.",Tomio Geron; Benjamin Pimentel,The authors' names are explicitly mentioned in the webpage content as 'Tomio Geron' and 'Benjamin Pimentel' with proper capitalization and format as requested.,Neutral,"The article provides a balanced perspective on retail investing in 2021, discussing both positive aspects such as innovation, accessibility, and significant funding in brokerage startups, as well as negative aspects including market volatility, risks for inexperienced investors, controversies around payment for order flow, and regulatory scrutiny. The overall tone is informative and nuanced without strong bias toward either positive or negative sentiment, indicating a neutral stance.",Protocol,"The article is published on Protocol, and both authors, Tomio Geron and Benjamin Pimentel, have been senior reporters at Protocol as indicated by the search results. This shows their company affiliation at the time of writing the article was Protocol.
References: [Tomio Geron - Bospar - LinkedIn](https://www.linkedin.com/in/tomiogeron), [Tomio Geron's Profile | Freelance Journalist - Muck Rack](https://muckrack.com/tomio-geron), [Benjamin Pimentel - Investor's Business Daily | LinkedIn](https://www.linkedin.com/in/benpimentel)","The article discusses the rise of retail investing in 2021, highlighting increased venture capital investment in online brokerage startups and fintech firms. It covers how technology has made stock trading more accessible but also riskier, with features like fractional shares and no-fee commissions. The piece explains the controversial payment for order flow model used by Robinhood and regulatory scrutiny following the GameStop trading frenzy. It also notes a potential shift from active retail trading to roboadvisors as investors seek diversified, lower-risk options.","The summary captures the main points of the article including venture capital interest, technology's impact on retail trading behavior, the payment for order flow business model, regulatory concerns, and the evolving landscape towards roboadvisors as detailed in the provided content."
https://blog.robinhood.com/news/2018/10/12/a-letter-from-robinhood-co-founder-amp-co-ceo-vlad-tenev,A Letter From Robinhood Co-Founder & Co-CEO Vlad Tenev,"Public letter from Robinhood's Co-Founder & Co-CEO Vlad Tenev detailing Robinhood's order execution process in US equity markets; explains routing orders to market makers like Citadel, Two Sigma, and Virtu who provide best execution prices under Regulation NMS without charging fees; highlights the use of market maker rebates as a revenue source enabling commission-free trading; emphasizes equal rebate rates across market makers and prioritization based on historical execution quality; clarifies commitment to commission-free trading and offers advanced order types like limit and stop-limit orders for price control.",Robinhood Team,2/7/23,Yes,"The article explicitly discusses order routing to market makers (e.g., Citadel, Two Sigma, Virtu) and mentions market maker rebates, within language referencing US stock trading (NYSE, Regulation NMS). This directly describes payment-for-order-flow-like behavior in the US equity markets, satisfying the criterion. Source: crawled page excerpt showing the statements about sending orders to market makers and rebates.
References: [A Letter From Robinhood Co-Founder & Co-CEO Vlad Tenev](https://blog.robinhood.com/news/2018/10/12/a-letter-from-robinhood-co-founder-amp-co-ceo-vlad-tenev)",10/12/18,"The article's date is explicitly stated as October 12, 2018 on the webpage content itself, authored by Robinhood Team. This is more reliable than the unverified 2023 date provided initially.",Vlad Tenev,"The article is explicitly titled as a letter from Robinhood Co-Founder & Co-CEO Vlad Tenev, and the letter is signed by Vlad Tenev. This indicates that Vlad Tenev is the author, matching the requested format for the author's name.",Positive,"The article is a letter from Robinhood's Co-Founder & Co-CEO Vlad Tenev that explains their order execution system and commitment to commission-free trading. The tone is factual, informative, and emphasizes better execution quality, no favoritism, and a customer-centric approach. There is no negative or neutral language; rather, it highlights positive aspects such as improved services, cost savings, and future plans to enhance customer experience. Hence, the sentiment is Positive.",Robinhood,"The article is authored by Vlad Tenev, Co-Founder & Co-CEO of Robinhood. The company name associated with the author is Robinhood, as indicated multiple times in the article and the webpage content.","The letter from Robinhood Co-Founder & Co-CEO Vlad Tenev explains the company's new clearing system and how Robinhood executes trades by routing orders to market makers to ensure best prices and commission-free trading. It highlights Robinhood's growth to over six million customers by offering low-cost, commission-free stock, options, and crypto trading, and emphasizes the company's commitment to providing a customer-centric financial experience with more products and low prices in the future.","The summary captures the main points of the article: the announcement of the new clearing system, the explanation of order execution via market makers, the commission-free trading model supported by market maker rebates, Robinhood's growth, and its customer-focused future plans. These points are clearly detailed in the article content."
https://protocol.com/fintech/payment-for-order-flow-explained,Payment for order flow made Robinhood huge. Now everyone's arguing about it.,"In-depth article analyzing payment for order flow in US equity markets; details how Robinhood's adoption of PFOF fueled its growth and influenced major brokers like Schwab and TD Ameritrade to adopt zero-commission trading supported by PFOF. Highlights ongoing debates over PFOF's conflicts of interest and regulatory scrutiny, noting Public.com's 2023 decision to drop PFOF in favor of customer tips, illustrating the model's contested role in retail investing.",Tomio Geron,2/7/23,Yes,"The article discusses payment for order flow and mentions Robinhood, Schwab, and TD Ameritrade, all of which are US-based brokerages that deal with US equities. The article explicitly states that payment for order flow is the business model underlying the rapid growth of retail investing. Therefore, the article discusses payment for order flow in the context of US equity markets.
References: [Payment for order flow made Robinhood huge. Now everyone's arguing about it.](https://www.protocol.com/fintech/payment-for-order-flow-explained)",2/7/23,"The unverified published date given in the webpage content is 02/07/2023, which is consistent with the US date format as February 7, 2023. No other sources contradicted this date, and the article is by Tomio Geron on Protocol. Therefore, 2023-02-07 is the most accurate publication date available.",Tomio Geron,The author's name is clearly stated in the provided webpage content as 'Tomio Geron' with proper capitalization.,Neutral,"The article provides a balanced discussion of payment for order flow, highlighting both positive aspects such as price improvement and zero-commission trading, and negative aspects including conflicts of interest, regulatory scrutiny, and criticism. It does not strongly favor either side, presenting a nuanced view of the topic, which aligns with a neutral sentiment.",Bospar,"The search results indicate that Tomio Geron is currently the Content Lead at Bospar, as confirmed by the press release and his LinkedIn profile. This is the most relevant and current company affiliation for the author.
References: [Payment for order flow made Robinhood huge. Now everyone's arguing about it.](https://www.protocol.com/fintech/payment-for-order-flow-explained), [Bospar hires veteran tech and business journalist Tomio Geron](https://bospar.com/press-release/bospar-hires-veteran-tech-and-business-journalist-tomio-geron), [Tomio Geron - Bospar - LinkedIn](https://www.linkedin.com/in/tomiogeron)","The article explains payment for order flow as a key business model behind the growth of retail investing in US equity markets, notably used by Robinhood. It outlines how brokers receive payments from market makers for directing trades, enabling commission-free trading but raising concerns about conflicts of interest and execution quality. The article covers regulatory scrutiny, including Robinhood's SEC settlement, debates over transparency, and comparisons of price improvement benefits. It also highlights differing industry views on the model's impact on investors and market liquidity.","The summary captures the main points of the article: the role of payment for order flow in retail investing growth, its mechanics, the controversy over conflicts of interest, regulatory actions, and differing perspectives on its benefits and drawbacks for investors and markets."
https://protocol.com/fintech/stock-trading-parkside,Robinhood made stock-trading an app sensation. Parkside Securities wants to take the action global.,"Article profiling Parkside Securities, a U.S. clearing broker-dealer building infrastructure for low-cost, real-time fractional share trading aimed at international retail investors; targets millennial and Gen Z users by enabling smaller investment increments and easier access to U.S. stocks through partnerships with licensed local counterparties. Highlights Parkside's strategic focus on overcoming legacy backend limitations from prior fintech efforts and its nuanced approach to Payment for Order Flow (PFOF) in U.S. equity markets, opting not to maximize PFOF amid regulatory scrutiny affecting peers like Robinhood.",Tomio Geron,2/6/23,Yes,"The article explicitly mentions Payment for Order Flow (PFOF) and discusses its role in Parkside's US trading setup, stating that PFOF is not a priority and that Parkside can still use it but will not maximize it. It also notes Parkside is a U.S. clearing broker-dealer and references Robinhood and GameStop regulatory scrutiny, anchoring the discussion in US equity markets. This satisfies the criterion that the article discusses PFOF in the context of US equity markets. Source: article content excerpt in the crawled page.
References: [Robinhood made stock-trading an app sensation. Parkside Securities wants to take the action global.](https://www.protocol.com/fintech/stock-trading-parkside)",3/5/21,"The article content explicitly states the publication date as March 5, 2021, which is likely the original publication date. The other date 02/06/2023 is unverified and may be a retrieval or update date. Therefore, March 5, 2021 is the correct publication date for this article.",Tomio Geron,The author's name is explicitly mentioned in the webpage content and metadata as 'Tomio Geron' with proper capitalization.,Positive,"The article presents Parkside Securities' efforts and innovations in a positive light, emphasizing the company's mission to improve access to U.S. equities for international retail investors through low-cost, real-time fractional share trading. It highlights the CEO's experience, the company's unique approach, and successful funding, without any negative or critical tone. The overall sentiment is optimistic and supportive of the company's goals.",Bospar,"The search results indicate that Tomio Geron is currently the Content Lead at Bospar, a tech and business communications firm. This is the company affiliation of the author Tomio Geron as of the latest information available.
References: [Robinhood made stock-trading an app sensation. Parkside Securities wants to take the action global.](https://www.protocol.com/fintech/stock-trading-parkside), [Bospar hires veteran tech and business journalist Tomio Geron](https://bospar.com/press-release/bospar-hires-veteran-tech-and-business-journalist-tomio-geron), [Tomio Geron - Bospar - LinkedIn](https://www.linkedin.com/in/tomiogeron)","Parkside Securities, led by CEO Barry Schneider, aims to provide low-cost, real-time fractional share trading infrastructure primarily for international retail investors. The company addresses challenges with legacy trading infrastructure and focuses on enabling small, affordable investments in U.S. equities globally. Parkside differentiates itself by offering fractional shares of virtually any U.S. stock with best execution pricing and plans to partner with licensed local entities in various countries. It also takes a cautious approach to payment for order flow, prioritizing price improvement over maximizing this revenue source.","The summary captures the main points from the article about Parkside's mission, target market, technological innovation, and business approach, including its stance on payment for order flow, based on the detailed content provided in the article."
https://investingsimple.com/how-does-webull-make-money,How Does Webull Make Money?,"Article detailing Webull's revenue model as a commission-free stock trading app; explains that Webull earns money primarily through payment for order flow by directing trades to market makers who pay fractions of a cent per share. It confirms Webull's SIPC insurance and data privacy policies, emphasizing the platform's robust features and data offerings that differentiate it from competitors.",Ed Canty; CFP,2/6/23,Yes,"Yes. The article includes a dedicated 'Order Flow' section describing Webull directing order flow and earning a fraction of a cent per trade; it notes market makers may pay fractions of a cent per share to send orders to them. This explicitly discusses payment for order flow in the context of stock trading, i.e., US equity markets, which aligns with the criterion.
References: [How Does Webull Make Money?](https://www.investingsimple.com/how-does-webull-make-money)",2/6/23,"The provided webpage content states the article was published on 02/06/2023. No contradictory or more precise publication date was found in the search results or on the website. Therefore, the publication date is confirmed as 2023-02-06 in ISO format.",Ed Canty,"The author's name is explicitly mentioned in the provided webpage content as 'Ed Canty; CFP'. Following the instruction to provide the name in the format '<First> <Last>' with proper capitalization, the author is Ed Canty.","Neutral, Positive","The article provides an informative and balanced overview of how Webull makes money, explaining various revenue streams without strong negative or positive bias. It highlights that Webull is safe, SIPC insured, and does not sell financial data, which are positive points. The tone is mostly neutral, focusing on factual information about fees and business practices.",Investing Simple,"The author Ed Canty, CFP, is identified as a co-founder of Investing Simple according to his LinkedIn profile and other sources. The article is published on the Investing Simple website, indicating his company affiliation is Investing Simple.
References: [How Does Webull Make Money?](https://www.investingsimple.com/how-does-webull-make-money), [Ed Canty, CFP® - Financial Planner - LinkedIn](https://www.linkedin.com/in/edwardcanty), [About Us - Investing Simple](https://www.investingsimple.com/about)","The article explains how Webull, a commission-free stock trading app, makes money through various methods beyond charging fees and commissions. These include paid subscriptions for advanced market data, interest on margin accounts and idle cash, payment for order flow by market makers, interest earned from lending shares to short sellers, and some miscellaneous fees like outgoing stock transfer fees. Despite offering many free features, these revenue streams allow Webull to operate profitably while providing a robust trading platform.","The summary is based on the detailed content of the article which outlines multiple revenue sources for Webull, including subscriptions, margin interest, order flow payments, and short seller fees, while emphasizing the platform's commission-free trading and safety measures."
https://thecoin.news/articles/robinhoods-shrinking-reliance-payment-order-flow-reflects-growing-role-crypto-revenue-1628020113075,Robinhood's shrinking reliance on payment for order flow reflects the growing role of crypto revenue,"Financial news article examining Robinhood's revenue evolution; highlights a 35% decline in payment for order flow revenue from Q1 to Q2 2021, with PFOF generating $216 million in Q2. Despite this decline, Robinhood's total revenue increased by 4.59% to 9.96%, reaching an estimated $546 million to $574 million, driven by rising transactional crypto revenues and lending from its Robinhood Gold margin product. The article situates PFOF within US equity markets and notes regulatory risks prompting Robinhood's strategic diversification into crypto.",Theblockcrypto Com,2/6/23,Yes,"Yes. The article centers on payment for order flow (PFOF) in the context of US equity markets. It cites Robinhood's SEC Form 606 filing showing PFOF revenue from retail stock and options orders, references “stock and options” trading, mentions Nasdaq, and discusses the SEC/regulatory scrutiny of PFOF in the US equity context. These elements tie PFOF directly to US equities rather than crypto-only or non-US markets. (Cited content: the crawled page excerpts describing the 606 filing, PFOF payments, and the focus on Robinhood’s stock/options trading.)
References: [Robinhood's shrinking reliance on payment for order flow reflects the growing role of crypto revenue](https://thecoin.news/articles/robinhoods-shrinking-reliance-payment-order-flow-reflects-growing-role-crypto-revenue-1628020113075)",8/3/21,"The article itself states '3 Aug, 2021' at the beginning, which aligns with the context of the content discussing Q2 2021 data. The unverified date of 02/06/2023 is inconsistent with the article's internal timeline. Therefore, the correct publication date is August 3, 2021.",,"The article's author is listed as 'Theblockcrypto Com', which is a company or publication name, not an individual's name. No individual author name in the format '<First> <Last>' is provided in the content or metadata, so the appropriate response is null.",Neutral,"The article presents a balanced view of Robinhood's business changes. It notes a decline in payment for order flow revenue, which is a negative aspect, but also highlights an increase in overall revenue driven by crypto and other transactional revenues, which is positive. It mentions regulatory risks and market volatility but also growth and diversification efforts. The overall tone is informative and balanced without strong positive or negative bias, indicating a Neutral sentiment.",The Block Crypto,The author is listed as 'Theblockcrypto Com' which corresponds to the company name 'The Block Crypto' as indicated in the article's copyright and source information.,"The article discusses Robinhood's decreasing reliance on payment for order flow (PFOF) revenue from stock and options trading, highlighting a 35% decline in PFOF payments from Q1 to Q2 2021. Despite this, overall revenues are expected to rise due to increased transactional crypto revenues and lending from its premium product, Robinhood Gold. The company is expanding its crypto unit, Robinhood Crypto, and diversifying its business to mitigate regulatory risks associated with PFOF, which is under SEC review.","The summary captures the main points from the article about Robinhood's shift away from PFOF revenue towards crypto and other transactional revenues, the financial figures mentioned, and the regulatory context involving the SEC. This provides a concise overview of the article's content."
https://news.bitcoin.com/robinhood-responds-to-accusations-of-favoring-wall-street-over-its-users,Robinhood Responds to Accusations of Favoring Wall Street over Its Users,"News article analyzing Robinhood's payment for order flow practices in US equity markets; highlights Robinhood's defense of its 'best execution' obligation and participation in rebate programs that aim to improve order execution quality. The article references claims that Robinhood receives over 10 times more from high-frequency trading firms compared to other discount brokers for the same volume, sparking debate over its impact on millennial investors. It focuses exclusively on Robinhood's US stock trading operations and SEC Rule 606 disclosures, providing a detailed view of the controversy surrounding its order routing and revenue model.",C Edward Kelso,2/6/23,Yes,"Yes. The article explicitly discusses payment for order flow in the US equity markets: it cites Robinhood’s participation in rebate programs to improve execution, references to payment for order flow (PFOF), and describes order routing that is NBBO-based in the context of US equities (including SEC Rule 606 disclosure). The content centers on Robinhood and US stock trading, not other asset classes.
References: [Robinhood Responds to Accusations of Favoring Wall Street over Its Users](https://news.bitcoin.com/robinhood-responds-to-accusations-of-favoring-wall-street-over-its-users)",2/6/23,"The article's published date is explicitly mentioned as 02/06/2023 in the provided webpage content, which corresponds to February 6th, 2023 in ISO format.",C Edward Kelso,The author's name is explicitly mentioned in the article content and metadata as 'C Edward Kelso' with proper capitalization.,Neutral,"The article presents both accusations against Robinhood and the company's detailed rebuttal in a factual and balanced manner without showing clear bias or emotional language. It covers controversy but also includes Robinhood's explanations and denials, resulting in a neutral tone overall.",Bitcoin.com,"The article is published on news.Bitcoin.com and the author, C. Edward Kelso, is described as a journalist writing for Bitcoin.com. Therefore, the company associated with the author is Bitcoin.com.","The article covers accusations against Robinhood for favoring high-frequency traders by accepting high payment for order flow and allegedly selling order data at rates much higher than other brokers. Robinhood responds by explaining its business model focused on best execution and price improvement, denying any conflict of interest or selling of personally identifiable customer data.","The summary captures the main points of the article: the accusations made by Logan Kane and Seeking Alpha, Robinhood's detailed response about its order routing and rebate practices, and its denial of selling customer data, as found in the article content."
https://protocol.com/newsletters/protocol-fintech/robinhood-florida-lawsuits,Robinhood’s Florida short-squeeze lawsuits raise fresh outrage,"News article analyzing Robinhood's lawsuits in Florida related to its January 2021 trading restrictions on US-listed meme stocks like GameStop; highlights Robinhood's payment for order flow model that generates revenue from every transaction and details allegations from internal communications suggesting trade halts were influenced by Citadel Securities, a major market maker. The piece captures the renewed scrutiny on Robinhood's market role amid consolidated federal complaints in Miami.",Benjamin Pimentel; Tomio Geron,2/6/23,Yes,"The article explicitly discusses payment for order flow (PFOF) in the context of US equity markets. It states Robinhood's business model is built around taking tiny slices from every transaction through a system called payment for order flow, and it references US-listed meme stocks (e.g., GameStop) and market-makers (Citadel Securities), indicating the US equity trading context rather than other asset classes.
References: [Robinhood’s Florida short-squeeze lawsuits raise fresh outrage](https://www.protocol.com/newsletters/protocol-fintech/robinhood-florida-lawsuits)",2/6/23,"The article's published date is given as 02/06/2023 in the provided content. Considering the context of the article related to US equity markets and the typical US date format, the date is interpreted as February 6, 2023. No conflicting information was found to suggest otherwise.",Benjamin Pimentel; Tomio Geron,The authors' names are explicitly given in the provided webpage content as 'Benjamin Pimentel; Tomio Geron'. They are properly capitalized and formatted as requested.,Negative,"The article discusses Robinhood's involvement in controversial trading restrictions during the GameStop short squeeze, highlighting lawsuits, accusations of collusion with Citadel Securities, and criticism of Robinhood's business model. The tone is critical, emphasizing public outrage, legal scrutiny, and governance failures, despite Robinhood's denials. This indicates a predominantly negative sentiment towards Robinhood's actions and the situation.",Benjamin Pimentel is currently affiliated with Investor's Business Daily. Tomio Geron is currently affiliated with Bospar.,"Search results indicate Benjamin Pimentel is Technology Editor at Investor's Business Daily and Tomio Geron is Content Lead at Bospar. Both have prior experience at Protocol, but their current companies are Investor's Business Daily and Bospar respectively.
References: [Robinhood’s Florida short-squeeze lawsuits raise fresh outrage](https://www.protocol.com/newsletters/protocol-fintech/robinhood-florida-lawsuits), [Benjamin Pimentel - Investor's Business Daily | LinkedIn](https://www.linkedin.com/in/benpimentel), [BENJAMIN PIMENTEL, Author at Investor's Business Daily](https://www.investors.com/author/pimentelb), [Bospar hires veteran tech and business journalist Tomio Geron](https://bospar.com/press-release/bospar-hires-veteran-tech-and-business-journalist-tomio-geron), [Tomio Geron - Bospar - LinkedIn](https://www.linkedin.com/in/tomiogeron)","The article covers Robinhood's blocking of GameStop and other meme stock trades during the January 2021 trading frenzy, leading to lawsuits alleging collusion with Citadel Securities. Internal communications suggest pressure from Citadel on Robinhood, raising questions about Robinhood's business model based on payment for order flow and its commitment to users. Both companies deny wrongdoing, but the controversy has damaged Robinhood's reputation and attracted regulatory scrutiny.","The summary captures the key points from the article: the trade restrictions, lawsuits, alleged collusion, business model concerns, denials from Robinhood and Citadel, and the impact on Robinhood's reputation and regulatory attention."
https://futuresmag.com/2020/12/07/retail-brokers-vs-direct-access-brokers-how-do-they-compare,Retail Brokers vs Direct Access Brokers: How Do They Compare,"Comparative article analyzing retail brokers and direct access brokers in US equity trading; details commission structures with retail brokers offering zero-commission stock trades versus direct access brokers charging $0.002 to $0.005 per share plus minimum fees. Highlights execution speed importance for day traders and the control direct access brokers provide over order routing to exchanges and ECNs. Discusses payment for order flow context, noting liquidity rebates of about $0.002 per share from US venues that influence order routing economics.",Alexander Voigt,2/6/23,Yes,"The article discusses order routing differences between retail and direct-access brokers in US equities and explicitly mentions that exchanges/ECNs provide rebates of about $0.002 per share to traders who provide liquidity, which is a form of payment for order flow (PFOF) context in US equity markets. This aligns with PFOF discussions within the US stock trading framework. Source: content excerpt under Order Routing section stating rebates for liquidity provision (US venues).
References: [Retail Brokers vs Direct Access Brokers: How Do They Compare](http://www.futuresmag.com/2020/12/07/retail-brokers-vs-direct-access-brokers-how-do-they-compare)",12/7/20,"The article content and header clearly indicate the publication date as December 7, 2020, which aligns with the timestamp 'December 7, 2020 12:35 PM' shown in the article. The initially provided date of 02/06/2023 is unverified and likely incorrect.",Alexander Voigt,The author's name is clearly mentioned in the provided webpage content and metadata as 'Alexander Voigt' with proper capitalization.,Neutral,"The article provides a balanced comparison of retail brokers and direct access brokers, discussing pros and cons of each without expressing a strong positive or negative bias. The tone is informative and neutral, aiming to help readers understand the differences and make an informed choice based on their trading style.",Daytradingz,"Multiple search results identify Alexander Voigt as the founder and CEO of Daytradingz, a financial trading website. This aligns with the author's expertise and the content of the article on futuresmag.com, indicating that Daytradingz is the company associated with the author.
References: [Retail Brokers vs Direct Access Brokers: How Do They Compare](http://www.futuresmag.com/2020/12/07/retail-brokers-vs-direct-access-brokers-how-do-they-compare), [Alexander Voigt, Author at Money Done Right](https://moneydoneright.com/author/alexander-voigt), [Why Does Alexander Voigt Recommend the Trading Combine?](https://www.topstep.com/blog/daytradingz-founder-shares-5-reasons-trading-combine-worth-it), [Contact DAYTRADINGz.com](https://daytradingz.com/contact), [What Are Call Options? | 2025 Investing Guide - Business Insider](https://www.businessinsider.com/personal-finance/investing/call-option)","The article compares retail brokers and direct access brokers across six key areas: commissions, speed, order routing, trading software, market data, and customer support. Retail brokers offer commission-free trading, reliable execution, and user-friendly platforms suited for long-term investors and low-volume traders. Direct access brokers charge commissions, provide faster trade execution, direct order routing, advanced trading software, and responsive support, catering to active day traders and high-frequency traders. The choice depends on the trader's style and needs.","The summary captures the main points of the article by highlighting the comparison categories and the suitability of each broker type for different trader profiles, based on the detailed content provided."
https://bettermarkets.org/newsroom/everything-you-need-know-about-gamestop-frenzy-and-key-players-including-robinhood-citadel,"Everything You Need to Know about the GameStop Frenzy and Key Players, including Robinhood, Citadel, Reddit, Roaring Kitty & Rigged Markets","Detailed Better Markets article analyzing the 2021 GameStop trading frenzy and key US equity market players like Robinhood and Citadel; includes coverage of multiple House Financial Services Committee hearings with testimony from major market participants and SEC Chair Gary Gensler. Highlights payment for order flow (PFOF) practices and their adverse effects on retail investors, supported by fact sheets and podcast discussions. Provides regulatory context on market volatility and retail investor protection within the US equity markets.",Ironcore,2/6/23,Yes,"The article includes a section 'PAYMENT FOR ORDER FLOW FACT SHEETS: What is payment for order flow & how it rips off retail investors' under its resources, indicating explicit discussion of PFOF. It centers on GameStop-related events and mentions US market participants (e.g., Robinhood, Citadel) and hearings about US equities, establishing the US equity market context. Thus it satisfies the criterion of discussing payment for order flow in US equity markets.
References: [Everything You Need to Know about the GameStop Frenzy and Key Players, including Robinhood, Citadel, Reddit, Roaring Kitty & Rigged Markets](https://bettermarkets.org/newsroom/everything-you-need-know-about-gamestop-frenzy-and-key-players-including-robinhood-citadel)",5/17/21,"The article content prominently shows the date May 17, 2021, at the top, which aligns with the timeline of the events discussed (GameStop frenzy and related hearings in early 2021). The unverified date of 02/06/2023 is likely incorrect or unrelated. Therefore, the publication date is best identified as May 17, 2021.",,"The provided webpage content only lists the author as 'Ironcore', which is a single name or pseudonym and not a full name in the format '<First> <Last>'. Therefore, the author's name cannot be enriched to the requested format.",Negative,"The article discusses the GameStop frenzy with a critical tone, highlighting issues such as market volatility, predatory practices, conflicts of interest, and the need for tougher regulatory oversight. It focuses on problems in the market and calls for reforms, which aligns with a negative sentiment rather than positive or neutral.",Better Markets,"The article is published on the Better Markets website and prominently features Better Markets and its CEO Dennis Kelleher. The author 'Ironcore' appears to be associated with Better Markets, so the company name of the author is 'Better Markets'.","The article provides an overview of the GameStop trading frenzy, highlighting key players such as Robinhood, Citadel, and Reddit. It covers regulatory hearings led by the House Financial Services Committee addressing market volatility, fairness, and retail investor protection. The piece also discusses critical issues like payment for order flow and market transparency. Better Markets' involvement through testimony, fact sheets, and advocacy is emphasized as part of efforts to reform and regulate the US equity markets.","The summary is based on the detailed content of the article which discusses the GameStop event, key market participants, regulatory responses, and Better Markets' role in providing analysis and advocacy on related market issues including payment for order flow and market fairness."
https://protocol.com/power-index/fintech/consumer-trading-platforms/gfxk8ea6lh9gdxzc-2655253314,The powerful fintech companies shaping consumer trading,"Industry analysis of consumer trading platforms in fintech; traces evolution from $19.62 average trade commissions in 1998 to Robinhood's commission-free model disrupting the market since the late 2010s. Highlights expansion of value-added features including social feeds, crypto trading, and financial super apps. Details regulatory scrutiny on payment for order flow (PFOF) as a key revenue driver for Robinhood amid US equity market controversies and SEC/EU investigations post-meme stock events. Notes global adoption of this model by Groww in India and eToro and Trade Republic in Europe.",Hirsh Chitkara; Kevin McAllister,2/6/23,Yes,"The article explicitly discusses payment for order flow (PFOF) in the context of US equity markets, most clearly in the Robinhood section which states the company revenue is driven by the controversial payment for order flow model. It also notes regulatory scrutiny from the SEC (and EU) on PFOF, tying the topic to the US market context (e.g., meme stock debacle). While it mentions PFOF in a European context (Trade Republic), the presence of a clear US equities reference satisfies the criterion.
References: [The powerful fintech companies shaping consumer trading](https://www.protocol.com/power-index/fintech/consumer-trading-platforms/gfxk8ea6lh9gdxzc-2655253314)",2/6/23,"The article itself states the published date as 02/06/2023, and no other conflicting information was found from the search. Therefore, the publication date is confirmed as February 6, 2023.",Hirsh Chitkara; Kevin McAllister,The authors' names are explicitly mentioned in the webpage content as 'Hirsh Chitkara; Kevin McAllister' with proper capitalization.,Neutral,"The article presents a balanced view of the consumer trading platforms industry, highlighting both positive aspects such as innovation, growth, and expansion, and negative aspects including regulatory scrutiny and controversies like the Gamestonk incident involving Robinhood. The tone is neither strongly positive nor negative but rather neutral, reflecting the complexities and challenges in the fintech consumer trading space.",Protocol,"The article is published on Protocol's website and authored by Hirsh Chitkara and Kevin McAllister, indicating the company associated with the authors is Protocol.","The article ranks the most powerful consumer trading platforms, highlighting the disruption caused by commission-free trading and the addition of new features like social feeds and cryptocurrency trading. It discusses regulatory scrutiny around payment for order flow and profiles leading companies such as Morgan Stanley, Charles Schwab, Robinhood, DriveWealth, and Trade Republic, noting their market positions and strategic moves in the evolving fintech landscape.","The summary captures the key themes of the article including the evolution of consumer trading platforms, the impact of commission-free trading, regulatory challenges, and the ranking and profiles of major companies in the sector as detailed in the provided content."
https://morningstar.com/articles/1030652/robinhood-what-to-know-before-it-goes-public,Robinhood: What to Know Before It Goes Public,"Financial news article on Robinhood, a US discount brokerage platform popular for zero-commission trading and a user base estimated between 13 and 23 million; details nearly $5.6 billion raised privately and a pre-IPO valuation near $40 billion. Highlights SEC findings that Robinhood's largest revenue source is payment for order flow (PFOF), which comprises the majority of its revenue, and discusses the company's practice of outsourcing user orders to principal trading firms for execution within US equity markets.",Margaret Giles,2/6/23,Yes,"The article explicitly discusses payment for order flows (PFOF) in the context of Robinhood, a US retail broker, and includes clear references to PFOF as Robinhood’s revenue source and to the practice of routing orders to market makers. Key points cited from the text: (1) SEC findings that Robinhood had failed to disclose its largest revenue source: payment for order flows; (2) PFOF comprising the majority of Robinhood’s revenue; (3) Robinhood outsourcing user orders to principal trading firms to execute trades. These elements establish PFOF within US equity markets as the article’s focus.
References: [Robinhood: What to Know Before It Goes Public](https://www.morningstar.com/articles/1030652/robinhood-what-to-know-before-it-goes-public)",3/23/21,"The article content explicitly states the publication date as March 23, 2021. This date aligns with the timeline of events discussed in the article, such as Robinhood's IPO filing in early 2021. The unverified date 02/06/2023 in the metadata appears to be incorrect or unrelated to the actual publication date.",Margaret Giles,The author's name is clearly stated in the provided webpage content and metadata as 'Margaret Giles' with proper capitalization.,"Positive, Negative, Neutral","The article presents a balanced view of Robinhood. It highlights positive aspects such as Robinhood's growth, innovation, mission to democratize investing, and opportunities for future growth. At the same time, it addresses negative issues including regulatory scrutiny, SEC fines, platform outages, and controversies around payment for order flows. This mix of positive and negative information leads to an overall neutral sentiment.",Morningstar,"The article is published on Morningstar's website and the author, Margaret Giles, is associated with Morningstar as indicated in the article content and editorial policies section.","The article discusses Robinhood's rise as a disruptive fintech brokerage with a mission to democratize investing, its impressive user growth and funding, and its confidential IPO filing. It highlights Robinhood's revenue model, mainly payment for order flows, and regulatory scrutiny including an SEC fine. The article also covers Robinhood's competition with established brokerages and its potential for future growth in the wealthtech sector driven by demographic shifts and changing investment preferences.","The summary captures the main points of the article including Robinhood's growth, funding, IPO plans, revenue sources, regulatory issues, competition, and growth opportunities, providing a concise overview of the content."
https://reuters.com/article/us-public-com-funding/robinhood-rival-public-com-raises-funds-at-1-2-billion-valuation-as-retail-trading-booms-idUSKBN2AH257,Robinhood rival Public.com raises funds at $1.2 billion valuation as retail trading booms,"News article on Public.com, a US-based zero-fee online brokerage and social investing platform with 1 million members; recently raised $220 million, boosting its valuation to $1.2 billion and totaling $310 million raised to date. The platform allows fractional share ownership and social sharing of investment ideas. Notably, Public.com abandoned payment for order flow (PFOF) amid global regulatory scrutiny, distancing itself from a practice that incentivizes routing orders to the highest bidder rather than best execution venues.",Reuters Staff,2/6/23,Yes,"The article explicitly discusses payment for order flow (PFOF) in the context of US-equity trading: it states that Public.com decided to abandon the controversial PFOF practice and explains that PFOF involves brokerages routing orders to market makers to execute trades, with regulatory scrutiny referenced. This aligns with US equity market context (retail brokerages like Public.com/Robinhood). Citations: “Earlier this month, Public.com decided to abandon the controversial payment for order flow practice” and “The practice has drawn scrutiny from regulators globally as it creates an incentive for brokers to send orders to whoever pays the most, rather than the place that might get the best outcome for customers.”
References: [Robinhood rival Public.com raises funds at $1.2 billion valuation as retail trading booms](https://www.reuters.com/article/us-public-com-funding/robinhood-rival-public-com-raises-funds-at-1-2-billion-valuation-as-retail-trading-booms-idUSKBN2AH257)",2/6/21,"The article's published date is indicated as 02/06/2021 in the provided content. The format appears to be MM/DD/YYYY, which corresponds to February 6, 2021. This is consistent with the timing of the events described, such as the funding round and market context.",Reuters Staff,The article's author is listed as 'Reuters Staff' in the provided webpage content. No individual author's full name in the format '<First> <Last>' is given.,Positive,"The article presents a positive sentiment by highlighting Public.com's successful $220 million funding round, increasing its valuation to $1.2 billion. It also positively frames the company's decision to abandon the controversial payment for order flow practice, emphasizing customer benefits and regulatory compliance. Furthermore, the article mentions Public.com's innovative features and future plans, all contributing to an overall positive outlook.",Reuters,"The article is authored by 'Reuters Staff', indicating the company author is Reuters, a well-known international news organization. This matches the source URL from Reuters.com and the style of the article.","Public.com, a zero-fee online brokerage and social investing platform, raised $220 million in funding, reaching a $1.2 billion valuation. The company, which has one million members, plans to use the funds to add features like crypto trading and pre/post-market trading. Public.com recently abandoned the controversial payment for order flow practice amid regulatory scrutiny.","The summary concisely captures the key points of the article: Public.com's funding round, valuation, user base, planned feature expansions, and the decision to abandon payment for order flow, which is a central topic discussed in the article."
https://protocol.com/crypto-trading-pfof-robinhood,"Crypto has a payment for order flow problem, too","Financial news article analyzing payment for order flow (PFOF) in US equity markets and its expansion into crypto trading; details SEC concerns about conflicts of interest inherent in PFOF, with Robinhood generating over half its Q2 transaction revenue from crypto PFOF. Highlights regulatory scrutiny of PFOF's transparency and profitability, referencing established US brokers like Schwab and TD Ameritrade alongside Robinhood's innovative but controversial crypto PFOF model.",Tomio Geron,2/6/23,Yes,"The article discusses payment for order flow (PFOF) and ties it to US equity markets. It states SEC concerns about PFOF as a system where retail brokers are paid by market makers for directing orders and specifically references US brokers like Robinhood and mentions that in equities and options markets brokers and market makers must disclose who they send trades to and how much they make, indicating the US equity context. It also discusses PFOF in the context of Robinhood's activities and mentions NBBO and equity trading details. These elements establish the article's focus on PFOF within US equities, not crypto alone.
References: [Crypto has a payment for order flow problem, too](https://www.protocol.com/crypto-trading-pfof-robinhood)",,"The search did not return any direct results confirming the publication date of the article titled 'Crypto has a payment for order flow problem, too' by Tomio Geron on protocol.com. The unverified date provided is 02/06/2023, but without confirmation from the source or other reliable references, I cannot verify this date.
References: [Crypto has a payment for order flow problem, too](https://www.protocol.com/crypto-trading-pfof-robinhood)",Tomio Geron,The author's name is clearly stated in the provided webpage content as 'Tomio Geron' with proper capitalization.,Negative,"The article discusses significant concerns about payment for order flow, especially in the crypto market, highlighting regulatory scrutiny, potential conflicts of interest, lack of transparency, and risks to retail investors. The tone is cautious and critical, emphasizing the challenges and risks rather than any positive aspects. Therefore, the sentiment is best classified as Negative.",Bospar,"The search results indicate that Tomio Geron is currently the Content Lead at Bospar, a tech and business communications company. He has previously worked at Protocol, The Wall Street Journal, and Forbes, but his current company affiliation is Bospar.
References: [Crypto has a payment for order flow problem, too](https://www.protocol.com/crypto-trading-pfof-robinhood), [Bospar hires veteran tech and business journalist Tomio Geron](https://bospar.com/press-release/bospar-hires-veteran-tech-and-business-journalist-tomio-geron), [Tomio Geron - Bospar - LinkedIn](https://www.linkedin.com/in/tomiogeron)","The article discusses the SEC's concerns about payment for order flow (PFOF) in US equity markets and its extension into the crypto market, particularly through Robinhood. It highlights Robinhood's significant revenue from crypto PFOF, regulatory challenges due to the unregulated nature of crypto exchanges, and the lack of transparency and best price guarantees for retail crypto investors. The piece also emphasizes the global complexity of crypto trading and the potential for future regulatory changes.","The summary captures the main points of the article, including SEC concerns about PFOF, Robinhood's crypto PFOF revenue growth, regulatory challenges, and the differences between equity and crypto markets in terms of transparency and regulation, as detailed in the provided content."
https://reuters.com/business/finance/robinhood-makes-most-its-money-pfof-what-is-it-2021-07-29,Explainer: Robinhood makes most of its money from PFOF. What is it?,"Reuters news article explaining payment for order flow (PFOF) in US equity markets; focuses on Robinhood Markets Inc, a retail brokerage generating over 75% of its Q1 revenue from PFOF. Highlights SEC scrutiny over conflicts of interest in PFOF and references Charles Schwab to illustrate how PFOF supports commission-free trading in the US.",John Mccrank,2/6/23,Yes,"The article discusses payment for order flow (PFOF) in the context of US equity markets. It mentions Robinhood, a US-based brokerage, and the SEC's scrutiny of PFOF. The article also mentions Charles Schwab, another US-based brokerage, and discusses how PFOF allows Robinhood to offer commission-free trading in the US.
References: [Explainer: Robinhood makes most of its money from PFOF. What is it?](https://www.reuters.com/business/finance/robinhood-makes-most-its-money-pfof-what-is-it-2021-07-29)",7/29/21,"The article's dateline states 'NEW YORK, July 29 (Reuters)' and the URL includes the date '2021-07-29', indicating the article was published on July 29, 2021. The provided metadata date '02/06/2023' is marked unverified and likely incorrect.",John McCrank,"The article's author is listed as John Mccrank in the provided webpage content. Correcting capitalization to proper format, the author's name is John McCrank.",Negative,"The article discusses Robinhood's heavy reliance on payment for order flow (PFOF) for revenue and highlights the U.S. Securities and Exchange Commission's scrutiny of this practice due to conflicts of interest. It also mentions a significant SEC fine imposed on Robinhood for misleading customers about PFOF, suggesting potential harm to investors. The tone is factual but emphasizes regulatory concerns and negative consequences, indicating a Negative sentiment.",Reuters,"The article is authored by John McCrank and published on Reuters. Therefore, the company associated with the author is Reuters.","The article explains how Robinhood, a US-based retail brokerage, generates most of its revenue through payment for order flow (PFOF), a practice where brokerages receive payments from wholesalers for routing customer orders. It discusses the controversy and regulatory scrutiny by the SEC over potential conflicts of interest and the impact on trade execution quality. The article also highlights that PFOF enables commission-free trading but has raised concerns about investor costs and trading incentives.","The summary is based on the detailed content of the article which focuses on Robinhood's reliance on PFOF in the US equity market, the SEC's regulatory concerns, the practice's role in commission-free trading, and the associated controversies and fines."
https://rbccm.com/en/insights/story.page?dcr=templatedata/article/insights/data/2022/05/should_the_sec_put_a_stop_to_payment_for_order_flow,Should the SEC put a stop to payment for order flow?,"Financial market analysis article on payment for order flow (PFOF) in US equity markets; contextualizes SEC scrutiny following the 2021 meme stock surge where GameStop's price rose 2700% in 20 days and daily unique traders increased from 10,000 to 900,000. Highlights SEC Chair Gary Gensler's consideration of banning PFOF due to inherent conflicts of interest; evaluates PFOF's alignment with best execution by analyzing effective spreads and order routing complexities across venues.",,2/6/23,Yes,"The article discusses payment for order flow (PFOF) in the context of US equity markets. It mentions the SEC, GameStop, and the meme stock mania, all of which are related to US equity markets. The article also discusses the potential banning of PFOF by the SEC.
References: [Should the SEC put a stop to payment for order flow?](https://www.rbccm.com/en/insights/story.page?dcr=templatedata/article/insights/data/2022/05/should_the_sec_put_a_stop_to_payment_for_order_flow)",5/25/22,"The published date was verified from the crawled webpage content at the URL https://www.rbccm.com/en/insights/story.page?dcr=templatedata/article/insights/data/2022/05/should_the_sec_put_a_stop_to_payment_for_order_flow, which shows the article was published on May 25, 2022. This is more accurate than the unverified date of 02/06/2023 initially provided.",Rich Steiner,"The article snippet from the RBC Capital Markets webpage mentions Rich Steiner leading RBC Capital Markets' efforts related to market structure developments, indicating he is the author or key contributor to the article. No other author names were found, so Rich Steiner is the most reasonable author attribution.
References: [Should the SEC put a stop to payment for order flow?](https://www.rbccm.com/en/insights/story.page?dcr=templatedata/article/insights/data/2022/05/should_the_sec_put_a_stop_to_payment_for_order_flow)",Neutral,"The article discusses the controversial topic of payment for order flow (PFOF) in US equity markets, highlighting concerns about conflicts of interest and market transparency issues. It presents the SEC's consideration of banning PFOF and analyzes market data to question current practices. While it points out problems with PFOF, it also proposes constructive regulatory changes to improve best execution and market fairness. The tone is balanced, critical yet solution-oriented, which aligns with a Neutral sentiment classification.",RBC Capital Markets,"The article content mentions Rich Steiner leading RBC Capital Markets' efforts and the source of the analysis is cited as RBC Capital Markets. Therefore, the company name of the author is RBC Capital Markets.","The article discusses the SEC's review of payment for order flow (PFOF) in US equity markets, prompted by the meme stock events like GameStop. It highlights concerns about conflicts of interest and market transparency affecting best execution for retail investors. The analysis shows that effective spreads and maker-taker fees add complexity and may limit price improvement. The article suggests regulatory changes including revising best execution rules, increasing transparency around odd lots, and potentially banning or limiting PFOF to enhance market fairness and investor protection.","The summary captures the main points from the article about SEC's reconsideration of PFOF, the impact of meme stock trading, concerns over conflicts of interest and transparency, analysis of effective spreads and maker-taker fees, and proposed regulatory reforms to improve market fairness and best execution."
https://investopedia.com/fidelity-vs-robinhood-4587945,Fidelity vs. Robinhood,"Detailed comparison of Fidelity, a full-service brokerage founded in 1946, and Robinhood, an app-based platform launched in 2013 targeting younger investors; Fidelity leads with comprehensive financial products, no payment for order flow (PFOF) on stock and ETF trades, and multiple accolades including Best for Low Costs and ETFs, while Robinhood offers zero commissions on stocks, ETFs, options, and crypto but relies on PFOF which may increase trading costs; both have $0 account minimums, with Fidelity excelling in asset selection and research tools, and Robinhood emphasizing simplicity and low upfront costs.",Full Bio,1/12/23,Yes,"The article explicitly discusses payment for order flow (PFOF) in the trading technology section: “Fidelity does not take payment for order flow (PFOF) for stock and ETF transactions.” and “Robinhood takes payment for order flow, which could add to your trading costs as brokers may start seeking out PFOF to generate revenue.” These references pertain to US equity trades (stocks and ETFs), confirming the context is US equity markets. This satisfies the criterion that the article discusses PFOF in US equity markets. Source: the Investopedia page “Fidelity vs. Robinhood” (crawled content provided).
References: [Fidelity vs. Robinhood](https://www.investopedia.com/fidelity-vs-robinhood-4587945)",1/12/23,"The article content itself mentions a published date of 01/12/2023, which corresponds to January 12, 2023, and this date is consistent with the context of the article. The web search did not provide a conflicting or more precise date, so the date from the article content is the best available information.
References: [Fidelity vs. Robinhood 2025 - Investopedia](https://www.investopedia.com/fidelity-vs-robinhood-4587945)",,"The provided webpage content lists the author as 'Full Bio', which is not a proper name. Extensive search did not reveal a definitive author name for the Investopedia article titled 'Fidelity vs. Robinhood'. Therefore, the author's name cannot be determined from the available information.
References: [Fidelity vs. Robinhood 2025 - Investopedia](https://www.investopedia.com/fidelity-vs-robinhood-4587945)",Neutral,"The article offers a balanced comparison of Fidelity and Robinhood, highlighting both strengths and weaknesses of each platform without strong positive or negative bias. It praises Fidelity's comprehensive offerings and advanced technology while acknowledging Robinhood's simplicity and low costs. The tone remains informative and neutral throughout.",Investopedia,"The article is published on Investopedia and the author is indicated as ""Full Bio,"" which suggests it is authored by Investopedia staff or contributors. Hence, the company name of the author is Investopedia.","The article compares Fidelity and Robinhood, highlighting Fidelity as a full-service, established brokerage with extensive products, advanced trading tools, and no payment for order flow, making it suitable for all investor levels. Robinhood is a newer, app-based platform focused on simplicity, low costs, and commission-free trading, appealing mainly to casual investors. Fidelity offers a wider range of assets and advanced order types, while Robinhood emphasizes ease of use and mobile-first design. Overall, Fidelity is favored for comprehensive features and asset variety, whereas Robinhood is valued for its simplicity and cost-effectiveness.","The summary captures the key points from the article including company profiles, usability, trade experience, offerings, order types, trading technology, and costs, reflecting the main distinctions and strengths of each platform."
https://morganlewis.com/blogs/finreg/2022/12/sec-proposes-equity-market-overhaul-and-best-execution-rule,SEC Proposes Equity Market Overhaul and Best Execution Rule,"Morgan Lewis FinReg blog post analyzing the SEC's December 14, 2022 proposals to restructure US equity markets; covers key amendments to Rule 605 expanding execution quality disclosures to more entities and requiring human-readable summary reports. Highlights the introduction of Proposed Regulation Best Execution addressing brokers' obligations amid concerns about payment for order flow (PFOF) practices and their impact on retail investors' price improvements and commission costs.",,12/14/22,Yes,"The article explicitly discusses payment for order flow (PFOF) in the context of US equity markets. It includes language about brokers potentially accepting PFOF and the impact on best-execution obligations, e.g., the text: “whether any price improvements that retail customers obtain under the proposed auction mechanism will be offset by their having to pay commissions if broker-dealers become reluctant to accept payment for order flow (PFOF) out of fear of violating a best execution obligation, as discussed below.” The content is part of a broader discussion of SEC Equity Market Proposals affecting US NMS stocks and Regulation Best Ex, confirming US equity market context. Source: Morgan Lewis FinReg blog post, SEC Proposes Equity Market Overhaul and Best Execution Rule (Dec 14, 2022).
References: [SEC Proposes Equity Market Overhaul and Best Execution Rule](https://morganlewis.com/blogs/finreg/2022/12/sec-proposes-equity-market-overhaul-and-best-execution-rule)",12/14/22,"The article explicitly states it was posted on December 14, 2022. This is corroborated by the metadata provided with the content. Therefore, the publication date is 2022-12-14.",James Doench,"The author information is found in the search snippet for the article on the Morgan Lewis website, listing James Doench as an author. The snippet also mentions Kyle Whitehead, but the first listed author is James Doench, which fits the requested format.
References: [SEC Proposes Equity Market Overhaul and Best Execution Rule](https://morganlewis.com/blogs/finreg/2022/12/sec-proposes-equity-market-overhaul-and-best-execution-rule), [SEC Proposes Equity Market Overhaul and Best Execution ...](https://www.morganlewis.com/blogs/finreg/2022/12/sec-proposes-equity-market-overhaul-and-best-execution-rule)",Neutral,"The article provides a balanced analysis of the SEC's proposed equity market overhaul and best execution rule. It outlines both the potential benefits, such as increased transparency and competition, and the challenges, including technological burdens, unclear benefits for retail investors, and possible unintended consequences. The discussion of payment for order flow concerns further adds to the cautious tone. Therefore, the overall sentiment is neutral, reflecting a careful consideration of both positive and negative aspects.",Morgan Lewis,"The article is published on the Morgan Lewis website (morganlewis.com) and the blog post is part of their FinReg blog. Therefore, the company author of the article is Morgan Lewis.","The article discusses the SEC's proposed overhaul of the US equity markets, including amendments to Rule 605 expanding execution quality disclosures, changes to Regulation NMS affecting tick sizes and access fees, and a new Retail Auction Rule (Rule 615) to enhance competition for retail order execution. It also covers the proposed Regulation Best Execution aimed at brokers and dealers. The proposals seek to increase transparency, promote competition, and address concerns around payment for order flow and best execution obligations, with potential significant impacts on market participants and infrastructure.","The summary is based on the detailed content of the Morgan Lewis blog post outlining the SEC's proposed equity market restructuring and best execution rules, capturing the key regulatory changes and their intended effects."
https://ft.com/content/8102fc65-0879-4b88-b3c6-097447a61f7d,US markets watchdog plans biggest overhaul of stock trading in nearly 20 years,"Financial Times article covering the US SEC's largest stock trading regulatory overhaul in nearly 20 years; highlights that while the SEC's proposals do not ban payment for order flow, they scrutinize its role in US equity markets, indicating a major shift in market structure oversight.",,12/14/22,Yes,"The article's title and embedded snippet indicate a focus on US stock trading and explicitly mention 'payment for order flow' (PFOF) in the context of US equities, e.g., ""While the SEC's proposals would not ban payment for order flow"" within coverage of US stock trading. This shows the article discusses PFOF in US equity markets. Source: crawled FT page content for 'US markets watchdog plans biggest overhaul of stock trading in nearly 20 years'.
References: [US markets watchdog plans biggest overhaul of stock trading in nearly 20 years](https://www.ft.com/content/8102fc65-0879-4b88-b3c6-097447a61f7d)",12/14/22,"The publication date 12/14/2022 is mentioned both in the provided webpage content and confirmed by the search results for the article titled 'US markets watchdog plans biggest overhaul of stock trading in nearly 20 years' on the Financial Times website. Although initially marked unverified, the search results support this date as the publication date.
References: [US markets watchdog plans biggest overhaul of stock ...](https://www.ft.com/content/8102fc65-0879-4b88-b3c6-097447a61f7d)",Jennifer Hughes,"Search results from FT.com indicate that Jennifer Hughes is the author associated with the article 'US markets watchdog plans biggest overhaul of stock trading in nearly 20 years'. She is a Lex writer covering financial and markets regulation topics, which aligns with the article's subject matter.
References: [US markets watchdog plans biggest overhaul of stock trading in nearly 20 years](https://www.ft.com/content/8102fc65-0879-4b88-b3c6-097447a61f7d), [Jennifer Hughes](https://www.ft.com/jennifer-hughes?page=11)",Neutral,"The article reports on regulatory proposals by the US markets watchdog regarding stock trading and payment for order flow without expressing explicit positive or negative opinions. The tone is factual and neutral, focusing on the changes and proposals rather than taking a stance.",Financial Times,"The article is published on the Financial Times website (ft.com), indicating that the author is affiliated with the Financial Times. Therefore, the company name of the author is Financial Times.","The article covers the US markets watchdog's plan for the biggest overhaul of stock trading in nearly 20 years. It highlights the SEC's proposals, which include changes to trading practices but do not ban payment for order flow in US equity markets.","The summary is based on the article's title, snippet, and available content indicating a major regulatory overhaul by the SEC affecting stock trading and payment for order flow in US equities."
https://sec.gov/newsroom/speeches-statements/crenshaw-equity-market-20221214,Statement on Proposals Related to Equity Market Structure,"Official SEC statement on US equity market structure proposals by Commissioner Caroline A. Crenshaw; covers amendments to Rule 605, tick sizes, access fees, and order types with a focus on payment for order flow as a key market incentive. Emphasizes the complexity and interconnectedness of equity markets, the potential conflicts of interest arising from payment for order flow, and the importance of well-regulated, efficient, and transparent markets to maintain investor confidence.",,12/14/22,Yes,"The article, a statement by SEC Commissioner Caroline A. Crenshaw on Proposals Related to Equity Market Structure, discusses amendments to Rule 605 and tick sizes, access fees, odd lots and round lots. The search results confirm that these proposals relate to equity market structure and that payment for order flow is a relevant aspect of this structure. The article itself mentions that the rise of order incentives like payment for order flow can create conflicts of interest. Therefore, the article discusses payment for order flow in the context of US equity markets.
References: [[PDF] Payment for Order Flow and the Retail Trading Experience](https://wifpr.wharton.upenn.edu/wp-content/uploads/2023/10/Payment-for-Order-Flow.pdf), [Statement on Proposals Related to Equity Market Structure - SEC.gov](https://www.sec.gov/newsroom/speeches-statements/crenshaw-equity-market-20221214), [Payment for order flow - Wikipedia](https://en.wikipedia.org/wiki/Payment_for_order_flow), [SEC Commissioner Crenshaw talks fixed income, options and more](https://www.regcompliancewatch.com/sec-commissioner-crenshaw-talks-fixed-income-options-and-more), [SEC Proposes Sweeping Changes To Stock Trading And Payments ...](https://www.fa-mag.com/news/sec-proposes-sweeping-changes-to-stock-trading-and-payments-for-order-flow-71106.html), [SEC takes hatchet to payment for order flow, best execution ...](https://www.globaltrading.net/sec-takes-hatchet-to-payment-for-order-flow-best-execution-proposals-and-12-more-rules), [Payment For Order Flow (PFOF): Meaning & Examples - Britannica](https://www.britannica.com/money/payment-for-order-flow-explained), [What's Next for the SEC's Equity Market Structure Proposals in 2024?](https://flextrade.com/resources/equity-market-structure-2024), [Payment for Order Flow (PFOF) and Broker-Dealer Regulation](https://www.congress.gov/crs-product/IF12594), [Market Microstructure And Order Flow In CFD Trading - Equiti](https://www.equiti.com/sc-en/education/market-analysis/order-flow-and-market-microstructure), [Dark Pools, Payment for Order Flow & Market Structure - SEC.gov](https://www.sec.gov/newsroom/speeches-statements/office-hours-gary-gensler-dark-pools-payment-order-flow-market-structure), [Citadel Securities paid US$943m for retail US equity, options order flow ...](https://www.globaltrading.net/citadel-securities-paid-us943m-for-retail-us-equity-options-order-flow-in-nine-months), [SEC Market Structure Reforms](https://bettermarkets.org/analysis/sec-market-structure-reforms)",12/14/22,"The publication date is explicitly stated in the article content as Dec. 14, 2022. This matches the unverified date provided in the initial data and is confirmed by the SEC webpage URL and content.",Caroline Crenshaw,"The webpage content clearly identifies the author as SEC Commissioner Caroline A. Crenshaw, mentioned at the beginning of the statement and in the URL path. The proper name format is Caroline Crenshaw.",Positive,"The article is a statement by SEC Commissioner Caroline A. Crenshaw discussing proposals to improve equity market structure. The tone is constructive and supportive of regulatory improvements aimed at increasing transparency, competition, and fairness in the markets. It emphasizes the importance of investor confidence and well-regulated markets, and it seeks public input to optimize the proposals. There is no negative or neutral tone detected; the overall sentiment is positive towards the proposed changes.",U.S. Securities and Exchange Commission,"The author, Caroline Crenshaw, is identified as a Commissioner of the SEC in the article. The SEC (U.S. Securities and Exchange Commission) is the official government agency she represents, making it the company/organization name associated with the author.","The statement by SEC Commissioner Caroline A. Crenshaw outlines proposals to enhance the U.S. equity market structure. Key initiatives include updating Rule 605 to improve execution quality disclosures, adjusting tick sizes, lowering access fee caps, and increasing transparency around smaller orders. The proposals aim to boost competition, transparency, and investor confidence in the markets, with a focus on protecting retail investors. Public feedback is encouraged to refine these regulatory changes.","The summary captures the main points of the statement, including the focus on improving market regulation through specific proposals and the emphasis on investor protection and market transparency as detailed in the SEC webpage content."
https://money2020.com/content/blog/whats-the-secs-beef-with-order-flow,What’s the SEC’s beef with order flow?,"Explains payment for order flow (PFOF) as a practice where retail brokerages like Robinhood route client trade orders to market makers such as Citadel Securities for execution instead of exchanges; highlights PFOF's role in allowing Robinhood to offer commission-free trading to millions of users by leveraging market makers' advanced technology and pricing advantages; covers the SEC's evolving position, including Chair Gary Gensler's criticism and recent decision not to ban PFOF outright while exploring regulatory limits.",,9/27/22,Yes,"The article discusses payment for order flow (PFOF) in the context of US equity markets. It mentions Robinhood, a retail brokerage that offers commission-free trading due to PFOF, and the SEC's role in regulating this practice. The article explicitly states that PFOF enables retail brokerages like Robinhood to offer commission-free trading in US equity markets.
References: [What’s the SEC’s beef with order flow?](https://www.money2020.com/content/blog/whats-the-secs-beef-with-order-flow)",9/27/22,"The article content explicitly mentions the publication date as September 27, 2022, which matches the initially provided unverified date. This is a direct statement from the article, making it a reliable source for the publication date.",Micky Tesfaye,The author's name is explicitly mentioned twice in the article content as 'Micky Tesfaye' with proper capitalization.,Negative,"The article discusses the controversy and risks associated with payment for order flow (PFOF), particularly focusing on Robinhood's heavy reliance on it and the potential for conflicts of interest and user exploitation. It highlights regulatory scrutiny by the SEC and past fines against Robinhood, portraying a critical view of the practice and its implications for retail investors. The tone is cautionary and critical rather than positive or neutral, indicating a Negative sentiment overall.",Money20/20,"The article content explicitly mentions that Micky Tesfaye is the Head of Audience Development at Money20/20, indicating that Money20/20 is the company associated with the author.","The article explains the controversial practice of payment for order flow (PFOF) in US equity markets, focusing on Robinhood's heavy reliance on it for revenue. It outlines how PFOF works, the SEC's regulatory stance, and the potential conflicts of interest and risks to retail investors. The article highlights the SEC's decision not to ban PFOF outright but signals ongoing scrutiny and challenges for Robinhood's business model.","The article content provides a detailed explanation of payment for order flow, its importance to Robinhood, the SEC's regulatory position, and the associated risks and controversies. This summary captures the key points concisely."
https://public.com/learn/payment-for-order-flow-pfof,Payment for order flow (PFOF) and why it matters to investors,"Educational article on Payment for Order Flow (PFOF) in U.S. equity markets; explains how commission-free brokerages route trades to market makers who pay fees for order flow, detailing the process from trade placement to execution. Provides investor-focused insights on PFOF's benefits and concerns, helping users understand its impact on trade execution and brokerage operations.",By Rachel Curry,9/2/22,Yes,"The article discusses payment for order flow (PFOF) in the context of US equity markets. It mentions trading stocks through commission-free brokerages in the U.S. and encountering PFOF.
References: [Payment for order flow (PFOF) and why it matters to investors](https://public.com/learn/payment-for-order-flow-pfof)",9/2/22,"The provided webpage content explicitly mentions the publication date as 09/02/2022. Although initially marked as unverified, no contradictory information was found from the search results, so the date is accepted as 2022-09-02 in ISO format.",Rachel Curry,The author's name is explicitly mentioned in the provided webpage content as 'By Rachel Curry'. This matches the requested format with proper capitalization.,Neutral,"The article provides a balanced and informative explanation of payment for order flow (PFOF), discussing both its benefits and concerns without strong bias or emotional language. It educates readers on the topic in a factual manner, highlighting both positive and negative aspects, which aligns with a neutral sentiment.",Public,"The article is published on public.com, and the author Rachel Curry is likely associated with Public, the company behind the website. This is the most reasonable conclusion given the context of the article and the website domain.","The article explains payment for order flow (PFOF), a practice where brokerages receive compensation from market makers for routing trades, often used in U.S. commission-free stock trading. It outlines how PFOF works, its potential benefits, and concerns including conflicts of interest, execution quality, and market transparency. The article highlights that Public does not use PFOF, aiming for more transparent trade execution by routing orders directly to exchanges.","The summary is based on the detailed explanation in the article about PFOF, its process, concerns, and Public's stance against using PFOF for trade execution, as described in the provided webpage content."
https://bettermarkets.org/analysis/fact-sheet-a-real-robin-hood-on-wall-street-democratizing-equity-markets-without-exploitation,Fact Sheet: A Real Robin Hood on Wall Street: Democratizing Equity Markets Without Exploitation,"Analytical fact sheet by Better Markets on democratizing US equity markets; critiques Robinhood's use of payment for order flow (PFOF) and predatory features, citing multiple SEC and FINRA sanctions. Explains PFOF's mechanics and investor harm potential; advocates for genuine market democratization with lower costs and better access without exploitation.",,7/29/22,Yes,"The article explicitly discusses payment for order flow (PFOF) in the context of US equity markets, mentioning Robinhood, Citadel, and the SEC enforcement action against Robinhood related to PFOF. It explains how PFOF works and its potential harm to investors.
References: [Fact Sheet: A Real Robin Hood on Wall Street: Democratizing Equity Markets Without Exploitation](https://bettermarkets.org/analysis/fact-sheet-a-real-robin-hood-on-wall-street-democratizing-equity-markets-without-exploitation)",7/29/22,"The article's publication date is explicitly mentioned as July 29, 2022, in the analysis section of the content and is consistent with the unverified date provided in the initial result.",Dennis Kelleher,"The search results indicate that Dennis M. Kelleher is the Co-founder, President, and CEO of Better Markets, the organization that published the article. The law review article mentioned in the fact sheet is authored by Dennis M. Kelleher and others. Therefore, the author of the fact sheet article is Dennis Kelleher.
References: [Fact Sheet: A Real Robin Hood on Wall Street: Democratizing Equity Markets Without Exploitation](https://bettermarkets.org/analysis/fact-sheet-a-real-robin-hood-on-wall-street-democratizing-equity-markets-without-exploitation), [Dennis M. Kelleher | Better Markets](https://bettermarkets.org/team/dennis-m-kelleher), [securities—democratizing equity markets with and without exploitation](https://digitalcommons.law.wne.edu/lawreview/vol44/iss1/4)",Negative,"The article is highly critical of Robinhood and the practice of payment for order flow (PFOF), highlighting exploitation, predatory practices, conflicts of interest, and harm to retail investors. It emphasizes how these practices enrich Wall Street at the expense of Main Street investors. The tone is clearly negative towards these financial practices and firms, with no indication of positive or neutral sentiment.",Better Markets,The article is published on bettermarkets.org and the law review article mentioned is written by Better Markets. This indicates that the authoring organization is Better Markets.,"The article critiques Robinhood and the practice of payment for order flow (PFOF) in US equity markets, highlighting how Robinhood's claims of democratizing finance are undermined by predatory practices, conflicts of interest, and exploitation of retail investors. It discusses the January 2021 meme stock trading frenzy, Robinhood's controversial trading restrictions, and the SEC enforcement action against Robinhood for misleading customers about order execution quality. The article calls for genuine democratization of equity markets without exploitation.","The summary captures the main points of the article, including its critical stance on Robinhood and PFOF, the meme stock trading event, regulatory actions, and the call for fairer equity market access. This is based on the detailed content provided in the article from Better Markets."
https://barrons.com/articles/stock-picks-barrons-midyear-roundtable-51657922520,What to Buy Right Now: 42 Picks From Barron’s Roundtable Pros,"Barron’s Roundtable article featuring 42 US stock picks from July 2022; emphasizes buying companies with durable franchises, wide moats, strong balance sheets, and abundant cash flows amid a 20% market decline. Includes explicit discussion of payment for order flow related to Robinhood, reflecting key US equity market themes and regulatory considerations at that time.",,7/15/22,Yes,"The Barron’s article includes explicit reference to 'payment for order flow' in connection with Robinhood, a US equity broker, within a piece that discusses US stocks (Barron’s Roundtable). The crawled page snippet shows: 'A year ago... we were talking about Robinhood Markets [HOOD], payment for order flow, SPACs...', and the page is a US stock-focused Roundtable from July 2022, confirming PFOF discussion in the US equity context.
References: [What to Buy Right Now: 42 Picks From Barron's Roundtable Pros](https://www.barrons.com/articles/stock-picks-barrons-midyear-roundtable-51657922520), [Barron's Picks and Pans](https://www.barrons.com/picks-and-pans), [Watch Barron's Roundtable - FOX One](https://www.fox.com/detail/series/SER001214EQWL/barron-s-roundtable), [Stock Picks | Market Data Center - Barron's](https://www.barrons.com/market-data/stocks/stock-picks), [Roundtable - Barron's](https://www.barrons.com/topics/roundtable), [Barron's Magazine Review - A Treasure Trove of Investing Ideas](https://moneywise.com/investing/reviews/barrons), [Barron's 10 Best Stocks to Buy Now in 2025!? - YouTube](https://www.youtube.com/watch?v=klzo6fxkJzE), [[PDF] Market Structure Proposals](https://www.sifma.org/wp-content/uploads/2023/03/Market-Structure-Proposals.pdf), [MarketWatch - Wikipedia](https://en.wikipedia.org/wiki/MarketWatch), [42 Stock Picks for a Pricey Market From Barron's Roundtable Experts](https://www.barrons.com/articles/stock-picks-barrons-midyear-roundtable-51626480538), [What Is Payment for Order Flow? Behind the Trading Controversy at ...](https://www.barrons.com/articles/payment-for-order-flow-robinhood-51623412441), [Payment for Order Flow Worries the SEC. Perhaps It Shouldn't ...](https://www.barrons.com/articles/payment-for-order-flow-sec-51661280732), [[PDF] Payment for Order Flow and the Retail Trading Experience](https://wifpr.wharton.upenn.edu/wp-content/uploads/2023/10/Payment-for-Order-Flow.pdf), [[PDF] NBER WORKING PAPER SERIES PAYMENT FOR ORDER FLOW ...](https://www.nber.org/system/files/working_papers/w29883/revisions/w29883.rev0.pdf), [What Is Payment for Order Flow? Why Robinhood Cares So Much ...](https://www.barrons.com/articles/robinhood-payment-for-order-flow-51630451893), [How Much Does Payment for Order Flow Cost You? We Did an ...](https://www.barrons.com/articles/payment-for-order-flow-cost-experiment-51638286079), [SEC Chairman Says Banning Payment for Order Flow Is 'On the Table'](https://www.barrons.com/articles/sec-chairman-says-banning-payment-for-order-is-on-the-table-51630350595)",7/15/22,"The article's original publication date is explicitly stated as July 15, 2022, in the article header and content. This matches the unverified published date provided initially and is confirmed by the article text 'Updated July 18, 2022 / Original July 15, 2022'.",Lauren R. Rublin,The author's name is explicitly mentioned in the article content as 'By Lauren R. Rublin' with proper capitalization.,Neutral,"The article discusses a cautious and pragmatic approach to the current market conditions, highlighting that stocks are down significantly but investment professionals are buying companies with strong fundamentals at discounted prices. This indicates a neutral sentiment, as the tone is neither overly positive nor negative but rather focused on strategic opportunities amid market challenges.",Barron's,"The article is authored by Lauren R. Rublin and published on Barron's website. The author is associated with Barron's, the financial publication owned by Dow Jones & Company, so the company name of the author is Barron's.","The article from Barron's Roundtable discusses investment strategies amid a challenging market environment in 2022, highlighting how seasoned investors are cautiously buying stocks with strong fundamentals such as durable franchises, wide moats, strong balance sheets, and abundant cash flows. It also references topics like payment for order flow and SPACs in the context of the US equity market.","The summary is based on the content extracted from the article which emphasizes the cautious buying approach of investment professionals during a market downturn, focusing on companies with solid financials and competitive advantages. The snippet and context also mention payment for order flow and SPACs, confirming the article's discussion on these topics within the US stock market context."
https://webullapp.com/news-detail/51113885,SEC Chair Gensler Could Restrict Payment For Order Flow This Week: What Investors Need To Know,"Financial news article covering potential SEC regulatory changes to payment for order flow in US equity markets; centers on SEC Chair Gary Gensler's expected announcement at the Piper Sandler Global Exchange and Fintech Conference. Highlights implications for brokers like Robinhood and Charles Schwab, and retail trading in meme stocks such as GameStop and AMC. Provides context on current market rules requiring brokers to exercise ""reasonable diligence"" in order routing, signaling possible significant shifts in retail trading practices.",,7/6/22,Yes,"The article's title explicitly mentions 'Payment For Order Flow' and the content mentions Robinhood, which is known to use PFOF in US equity markets. The article also mentions SEC Chair Gensler, implying a regulatory context within the US. Therefore, the article discusses payment for order flow in the context of US equity markets.
References: [SEC Chair Gensler Could Restrict Payment For Order Flow This Week: What Investors Need To Know](https://www.webullapp.com/news-detail/51113885)",6/7/22,"The article content includes a timestamp 'Benzinga · 06/07/2022 16:38' which indicates the publication date as June 7, 2022. This is consistent with the typical US date format MM/DD/YYYY and is more reliable than the unverified date in the initial data.",Wayne Duggan,"The search result from Benzinga's website for the article titled 'SEC Chair Gensler Could Restrict Payment For Order Flow This Week: What Investors Need To Know' shows the author as Wayne Duggan, Benzinga Staff Writer.
References: [SEC Chair Gensler Could Restrict Payment For Order Flow This Week: What Investors Need To Know](https://www.webullapp.com/news-detail/51113885), [SEC Chair Gensler Could Restrict Payment For Order Flow This Week](https://www.benzinga.com/government/22/06/27592813/sec-chair-gensler-could-restrict-payment-for-order-flow-this-week-what-investors-need-to-know)",Neutral,"The article provides an informative overview of the potential regulatory changes to payment for order flow (PFOF) by SEC Chair Gary Gensler. It explains the concept of PFOF, its revenue significance for brokers like Robinhood, and the concerns about conflicts of interest. The tone is factual and explanatory without strong positive or negative language, making the overall sentiment neutral.",Benzinga,"The article is credited to Benzinga as the author, indicated by the line 'Benzinga _·_ 06/07/2022 16:38' in the content. Therefore, the company name of the author is Benzinga.","The article discusses SEC Chair Gary Gensler's potential plans to restrict payment for order flow (PFOF) in the US equity markets, a practice where brokers like Robinhood receive compensation for routing retail orders to specific wholesalers. It explains the controversy around PFOF as a conflict of interest and outlines expected regulatory changes, including a new auction process for order flow that could benefit retail investors by improving trade prices.","The summary is based on the article content which explains the concept of payment for order flow, its role in brokers' revenue, the controversy and conflict of interest concerns, and the anticipated regulatory changes by SEC Chair Gensler to overhaul the practice, aiming to improve outcomes for retail investors."
https://investmentnews.com/equities/sec-takes-aim-at-payment-for-order-flow/222564,SEC takes aim at payment-for-order flow,"InvestmentNews article detailing SEC Chair Gary Gensler's proposed regulatory overhaul of payment-for-order flow in the $45 trillion U.S. equities market; includes a potential auction mechanism to improve retail investor pricing and targets major firms such as Citadel Securities and Robinhood. Represents the most significant U.S. stock market rule changes in over 15 years, aiming to enhance transparency and fairness following recent meme stock trading volatility.",,6/8/22,Yes,"The article's title explicitly references payment-for-order flow (PFOF) and the content describes SEC proposals affecting U.S. stock trading, i.e., the U.S. equities market. The excerpt notes a possible auction mechanism to improve pricing for retailer orders, confirming the US-equities context of PFOF. This satisfies the criterion: discussion of PFOF in the context of US equity markets.
References: [SEC takes aim at payment-for-order flow](https://www.investmentnews.com/equities/sec-takes-aim-at-payment-for-order-flow/222564)",6/8/22,"The article's content explicitly states the publication date as JUN 08, 2022, which corresponds to 2022-06-08 in ISO format. This matches the unverified date given in the initial snippet, confirming the publication date.",Bloomberg,"The article's byline states it is by Bloomberg, which is a news agency rather than an individual author. No individual author's full name is provided in the content or metadata.",Neutral,"The article presents a balanced view on the SEC's proposed changes to payment-for-order flow in the U.S. equities market. It includes the regulatory intent to improve transparency and fairness, the potential benefits for retail investors, and the concerns and cautious responses from financial firms. The tone is factual and does not express strong positive or negative bias, indicating a neutral sentiment.",Bloomberg,"The article's byline clearly states that the author is Bloomberg, which is a recognized company name in financial news and media.","The article discusses SEC Chair Gary Gensler's proposed changes to the U.S. stock market rules aimed at increasing transparency and fairness. Key proposals include an order-by-order auction mechanism to improve pricing for retail investors and potential modifications or restrictions on payment-for-order flow practices. These changes could significantly impact major market makers and retail brokers like Citadel, Virtu, and Robinhood. The SEC seeks public feedback before finalizing any new regulations.","The summary is based on the article's detailed discussion of SEC Chair Gary Gensler's plans to reform payment-for-order flow and market structure in the U.S. equities market, highlighting the main proposals and their potential impact on key industry players."
https://reuters.com/markets/us/sec-eyes-pfof-reforms-stock-market-what-is-pfof-2022-06-08,Explainer: SEC eyes Wall Street reforms. What is 'PFOF'?,"Reuters news explainer on PFOF in US equity markets; details the SEC's consideration of the most extensive stock market reforms in nearly 20 years targeting PFOF, a practice banned in Canada, the UK, and Australia; explains how retail brokerages route orders to wholesalers for better prices and receive payments in return; highlights SEC Chair Gary Gensler's view that eliminating PFOF could yield better prices for investors.",John Mccrank,6/8/22,Yes,"The article titled 'Explainer: SEC eyes Wall Street reforms. What is 'PFOF'?' by John Mccrank and published by Reuters directly addresses the topic of payment for order flow (PFOF) in the context of US equity markets. The title itself indicates the article's focus on PFOF and its connection to Wall Street reforms and the SEC's oversight, which inherently places it within the US equity market context. Therefore, the article satisfies the criterion.
References: [Explainer: SEC eyes Wall Street reforms. What is 'PFOF'?](https://www.reuters.com/markets/us/sec-eyes-pfof-reforms-stock-market-what-is-pfof-2022-06-08)",6/8/22,"The article's publication date is indicated as June 8, 2022, both in the article content and the date format provided (06/08/2022) which corresponds to June 8, 2022 in US date format. This is consistent with the date in the article title URL and the dateline in the article text.",John McCrank,The author's name is found in the provided webpage content as 'John Mccrank'. Proper capitalization for the name is 'John McCrank'.,Neutral,"The article presents a factual and informative overview of SEC scrutiny and potential reforms related to payment for order flow (PFOF). It highlights concerns and regulatory actions without expressing strong positive or negative emotions or judgments. The tone is neutral, focusing on explaining the issue and regulatory context.",Reuters,"The article is authored by John McCrank and published on Reuters. It is standard that the company associated with the author of a news article is the publishing organization. Therefore, the company author is Reuters.","The article explains the SEC's consideration of wide-ranging reforms to address payment for order flow (PFOF) in the US equity markets. It describes PFOF as a practice where retail brokers send orders to wholesalers for a payment, which may create conflicts of interest. The SEC is concerned about whether PFOF harms investors by prioritizing broker revenue over best execution and is exploring increased competition and transparency. The article also notes the SEC's past enforcement actions, including a $65 million fine against Robinhood for misleading customers about PFOF.","The summary is based on the article's detailed explanation of PFOF, the SEC's regulatory scrutiny, concerns about investor impact, and historical enforcement actions, providing a concise overview of the key points."
https://blog.techrides.io/paymentfororderflow,Payment for Order Flow: How Robinhood Makes Money,"Explanatory article on Payment for Order Flow (PFOF) in US equity markets; details Robinhood's model of selling user stock orders to market makers like Citadel who pay rebates. Highlights that PFOF is widespread among major brokers including ETrade, Schwab, and Ameritrade; uses specific US stock examples such as Disney and Airbnb to illustrate the process, providing a grounded view of how PFOF operates within retail trading.",Edwin Marcial,2/6/22,Yes,"The article explicitly discusses Payment for Order Flow (PFOF) in the US equities context: it states that when Robinhood users place stock orders, those orders are sold to a market maker who pays Robinhood via a rebate; it defines PFOF and notes that major US online brokers (e.g., ETrade, Schwabb/Schwab, Ameritrade) participate. It also uses US stock examples (Disney, ABNB) and mentions market makers like Citadel, grounding the discussion squarely in US equity trading. Source evidence from the article text included in the crawled page: the lines describing order flow to market makers, the PFOF definition, and the claim that many brokers participate.
References: [Robinhood CEO says payment for order flow is 'here to stay' - CNBC](https://www.cnbc.com/2023/12/01/robinhood-ceo-says-payment-for-order-flow-is-here-to-stay.html), [Robinhood CEO and Citadel CEO explain payment for order flow ...](https://www.cnbc.com/video/2021/02/18/robinhood-ceo-and-citadel-ceo-explain-payment-for-order-flow-benefits.html), [Payment for Order Flow (PFOF): Definition and How It Works](https://www.investopedia.com/terms/p/paymentoforderflow.asp), [How Much Does Payment for Order Flow Cost You? We ... - YouTube](https://www.youtube.com/watch?v=wGeG8POK1_E), [How Robinhood makes money on customer trades despite ... - CNBC](https://www.cnbc.com/2020/08/13/how-robinhood-makes-money-on-customer-trades-despite-making-it-free.html), [Citadel Securities paid US$943m for retail US equity, options order ...](https://www.globaltrading.net/citadel-securities-paid-us943m-for-retail-us-equity-options-order-flow-in-nine-months), [Robinhood CEO and Citadel CEO explain payment for order flow ...](https://www.youtube.com/watch?v=oGAXyz_QLEE), [PFOF is going away, but the problem isn't - Optiver](https://optiver.com/insights/pfof-is-going-away-but-the-problem-isnt), [What Is 'Payment for Order Flow'? Robinhood CEO Talks 'PF...](https://www.newsweek.com/what-payment-order-flow-pfof-1570268), [The Real Reason Robinhood Blocked Trading On GameStop - Finimize](https://finimize.com/content/real-reason-robinhood-blocked-trading-gamestop), [Payment For Order Flow is banned in the UK : r/Superstonk](https://www.reddit.com/r/Superstonk/comments/obxxkd/payment_for_order_flow_is_banned_in_the_uk), [Robinhood-GameStop hearing: 'Payment for order flow' to ... - CNBC](https://www.cnbc.com/2021/02/18/payment-for-order-flow-the-controversial-wall-street-practice-to-draw-scrutiny-at-robinhood-hearing.html), [Payment for order flow - Wikipedia](https://en.wikipedia.org/wiki/Payment_for_order_flow), [Robinhood made $331 million from clients' trading activity in Q1 2021](https://www.cnbc.com/2021/05/03/robinhood-made-331-million-from-clients-trading-activity-in-q1-2021.html), [Robinhood: 2021 CNBC Disruptor 50](https://www.cnbc.com/2021/05/25/robinhood-disruptor-50.html), [Robinhood, Schwab led US$340m retail order flow payment ...](https://www.globaltrading.net/robinhood-schwab-led-us461m-retail-order-flow-payment-bonanza-in-may), [How Robinhood Makes Money - Investopedia](https://www.investopedia.com/articles/active-trading/020515/how-robinhood-makes-money.asp), [[PDF] Payment for Order Flow and the Retail Trading Experience](https://wifpr.wharton.upenn.edu/wp-content/uploads/2023/10/Payment-for-Order-Flow.pdf), [[PDF] Eliminating Payment for Order Flow to Ensure Loyal Agents](https://bclawreview.bc.edu/articles/3061/files/6425deca63493.pdf), [Robinhood led the way for zero commission trading. It helped bring ...](https://www.facebook.com/cnbc/videos/how-robinhood-captures-first-time-investors/2732703853634909), [Robinhood fined $65 million by SEC over charges of deceiving ...](https://www.cnbc.com/video/2020/12/17/robinhood-fined-65-million-by-sec-over-charges-of-deceiving-customers.html), [How Does Robinhood Make Money? The Truth Behind Free Trading (2025)](https://www.startupbooted.com/how-does-robinhood-make-money-1), [How Robinhood Transformed Retail Trading Ahead of Its IPO | WSJ](https://www.youtube.com/watch?v=qAuF4wlSQnk), [Robinhood | Research Starters - EBSCO](https://www.ebsco.com/research-starters/technology/robinhood), [Reporting Requirements for All Filers and Large Hedge Fund Advisers](https://www.sec.gov/rules-regulations/2025/09/s7-22-22), [Statement on Further Extension of Compliance Date for Form PF](https://www.sec.gov/newsroom/speeches-statements/peirce-091725-time-fix-form-statement-further-extension-compliance-date-form-pf), [CFTC and SEC Extend Form PF Compliance Date to Oct. 1, 2026](https://www.cftc.gov/PressRoom/PressReleases/9126-25), [Payment for Order Flow (PFOF) and Broker-Dealer Regulation](https://www.congress.gov/crs-product/IF12594), [SEC Formally Withdraws Fourteen Rule Proposals](https://www.regulatoryandcompliance.com/2025/06/sec-formally-withdraws-fourteen-rule-proposals), [Open Meeting Statement on Form PF Extension - SEC.gov](https://www.sec.gov/newsroom/speeches-statements/atkins-form-pf-extension-091725-open-meeting-statement-form-pf-extension), [SEC and CFTC Extend Compliance Date for Form PF Amendments ...](https://www.mayerbrown.com/en/insights/publications/2025/06/sec-and-cftc-extend-compliance-date-for-form-pf-amendments-and-sec-withdraws-certain-proposed-rules), [Further Extension of Form PF Amendments Compliance Date](https://www.sec.gov/newsroom/press-releases/2025-86-further-extension-form-pf-amendments-compliance-date), [SEC Form PF | Office of Financial Research](https://www.financialresearch.gov/hedge-fund-monitor/datasets/fpf), [A New Day at the SEC: The SEC's Spring 2025 Reg Flex Agenda](https://www.gibsondunn.com/the-pendulum-swings-again-the-sec-spring-2025-reg-flex-agenda), [Order flow trading - Wikipedia](https://en.wikipedia.org/wiki/Order_flow_trading), [Payment for Order Flow (PFOF): Definition and How It Works - SoFi](https://www.sofi.com/learn/content/payment-for-order-flow), [What Is Payment for Order Flow (PFOF)? - The Motley Fool](https://www.fool.com/terms/p/payment-for-order-flow), [Payment For Order Flow (PFOF): Meaning & Examples - Britannica](https://www.britannica.com/money/payment-for-order-flow-explained), [Payment for Order Flow, explained | Vox](https://www.vox.com/ad/22960319/pfof-payment-for-order-flow-trading-commission-public), [What is Payment for Order Flow (PFOF)? | eToro US Help](https://help.etoro.com/en-us/s/article/What-is-Payment-for-Order-Flow-PFOF-US), [Payment for Order Flow: How Robinhood Makes Money](https://blog.techrides.io/paymentfororderflow)",2/6/22,"The internal metadata of the article from the provided webpage content indicates the publication date as 02/06/2022. No other conflicting or more precise publication date was found from external sources or metadata. Therefore, the date 2022-02-06 is the best available and most reliable publication date for this article.
References: [Payment for Order Flow: How Robinhood Makes Money - Blog](https://blog.techrides.io/paymentfororderflow)",Edwin Marcial,The author's name is explicitly mentioned in the provided webpage content as 'Edwin Marcial' with proper capitalization.,"Neutral, Negative","The article provides an explanatory overview of payment for order flow (PFOF) in the context of Robinhood and the US equity markets. It discusses the controversy and criticism surrounding Robinhood's business model and the GameStop trading saga, highlighting risks and scrutiny from regulators and the public. However, it also explains the financial mechanics and industry norms without overtly condemning or endorsing the practice. This balanced but critical tone supports a sentiment classification of Neutral with Negative elements.",Thirteen Castles Digital,"The search results indicate that Edwin Marcial is currently the Chief Executive Officer at Thirteen Castles Digital, a software development firm. This is the most relevant and current company affiliation for the author Edwin Marcial.
References: [Payment for Order Flow: How Robinhood Makes Money](https://blog.techrides.io/paymentfororderflow), [tZERO Appoint Edwin Marcial and Michael Blaugrund to Its Board](https://www.citybiz.co/article/279592/tzero-appoint-edwin-marcial-and-michael-blaugrund-to-its-board), [Edwin Marcial - Thirteen Castles Digital - LinkedIn](https://www.linkedin.com/in/edwinmarcial)","The article explains how Robinhood makes money through Payment for Order Flow (PFOF), a common practice where retail brokers sell their users' stock orders to market makers like Citadel, who pay rebates in return. It clarifies that PFOF provides liquidity and helps execute trades quickly, though it has faced controversy and regulatory scrutiny, especially during events like the GameStop trading saga. The article also describes the role of market makers, who profit from the bid-ask spread while taking on risk by facilitating trade execution.","The summary is based on the detailed explanation in the article about Robinhood's business model involving PFOF, the function and profit mechanism of market makers, and the context of regulatory and public scrutiny following the GameStop incident. This captures the core information in a concise manner."
https://prospect.org/power/republicans-want-robinhood-to-keep-ripping-off-day-traders,Republicans Want Robinhood to Keep Ripping Off Day Traders,Political commentary article analyzing payment for order flow in US equity markets; highlights how brokerages like Robinhood receive fractional penny payments per share by routing trades to market makers like Citadel Securities; discusses regulatory concerns about conflicts of interest and incentives for increased trading that may disadvantage retail investors.,Alexander Sammon,12/8/21,Yes,"The article discusses payment for order flow in the context of US equity markets. The article mentions 'payment for order flow' and refers to Robinhood and Citadel Securities, which are major players in US equity markets.
References: [Republicans Want Robinhood to Keep Ripping Off Day Traders](https://prospect.org/power/republicans-want-robinhood-to-keep-ripping-off-day-traders)",12/8/21,"The article content references events and statements from late 2021, including October and November 2021, which aligns with a publication date in early December 2021. The unverified date 12/08/2021 in the provided webpage content is consistent with this timeline, so the publication date is most reasonably December 8, 2021.",Alexander Sammon,The author's name is clearly stated in the provided webpage content as 'Alexander Sammon' with proper capitalization.,Negative,"The article predominantly criticizes the practice of payment for order flow, describing it as a conflict of interest that exploits traders and benefits Wall Street firms at the expense of everyday investors. It highlights the financial contributions from Wall Street to Sen. Pat Toomey, who defends the practice, framing this as a negative influence. The tone is critical of the practice and those supporting it, indicating a negative sentiment overall.",The American Prospect,"The author Alexander Sammon is identified as a staff writer at The American Prospect, which is the company or organization affiliation for the author.
References: [Republicans Want Robinhood to Keep Ripping Off Day Traders](https://prospect.org/power/republicans-want-robinhood-to-keep-ripping-off-day-traders), [Alexander Sammon - The American Prospect](https://prospect.org/topics/alexander-sammon)","The article discusses the controversial practice of payment for order flow in US equity markets, highlighting its profitability for brokerage firms like Robinhood and Charles Schwab. It explains the criticism from regulators and investors about conflicts of interest and potential harm to traders. The article also covers Republican Senator Pat Toomey's defense of the practice, his introduction of legislation to protect it, and his financial ties to Wall Street firms benefiting from the system.","The summary captures the main points of the article, including the explanation of payment for order flow, its financial impact on brokerages, regulatory criticism, and political defense by Senator Toomey with relevant context about his connections to Wall Street."
https://cbinsights.com/research/report/how-robinhood-makes-money,How Robinhood Makes Money,"CB Insights report on Robinhood, a fintech platform with over 18M funded users and a target $40B valuation; highlights its revenue model driven by payment for order flow (PFOF) in US equity markets, generating $522M revenue in Q1 2021 with options trading contributing 38%, stocks 26%, and crypto 17%; notes profitability turnaround with $7.3M profit in 2020 after prior losses, alongside rising net losses to $1.4B in Q1 2021; discusses regulatory scrutiny, trading outages, and customer service challenges shaping its competitive landscape and future prospects.",CB Insights,12/6/21,Yes,"The article explicitly discusses payment for order flow (PFOF) as a revenue mechanism for Robinhood and links it to trading activity, clearly within the US equity markets context (references include 'payment for order flow (PFOF)' as a revenue component in the Robinhood revenue model). This satisfies the criterion requiring discussion of PFOF in US stock markets. Source evidence is from the crawled CB Insights page sections detailing PFOF in the 'How Does Robinhood Work?' and 'Robinhood’s Revenue Model' parts of the article.
References: [How Robinhood Makes Money](https://www.cbinsights.com/research/report/how-robinhood-makes-money)",12/6/21,"The initially provided publication date of 12/06/2021 in the user content is consistent with the lack of contradictory information from the search results. No verified alternative publication date was found, so the date 2021-12-06 is the best supported publication date for the article 'How Robinhood Makes Money' on CB Insights.
References: [How Robinhood Makes Money - CB Insights Research](https://www.cbinsights.com/research/report/how-robinhood-makes-money)",,"The article's author is listed as CB Insights, which is an organization and not an individual's name. No individual author name in the format '<First> <Last>' is provided in the content or metadata.",Neutral,"The article presents a balanced view of Robinhood, highlighting both its successes such as rapid user growth, profitability in 2020, and innovative commission-free trading, as well as its challenges including regulatory fines, trading outages, customer service issues, and criticisms of its gamified investing approach. The tone is factual and neither overly positive nor negative, indicating a neutral sentiment overall.",CB Insights,The author of the article is explicitly stated as CB Insights in the provided webpage content. CB Insights is the company name with proper capitalization.,"The article explains how Robinhood revolutionized investing by offering commission-free trading and an easy-to-use app, attracting millions of mostly young, first-time investors. Robinhood's revenue primarily comes from payment for order flow, earning small margins on high trade volumes. The platform uses behavioral triggers and gamification to encourage frequent trading. Despite rapid growth and profitability in 2020, Robinhood faces regulatory scrutiny, legal challenges, and criticism for its addictive design and targeting inexperienced investors.","The summary captures the key points of the article including Robinhood's business model, user base, revenue sources, growth, and challenges as described in the provided content."
https://financefeeds.com/pfof-citadel-securities-robinhood-model-slammed-by-public,PFOF: Citadel Securities - Robinhood model slammed by Public,"Financial news article analyzing the PFOF model in US equity markets; highlights Public.com's rejection of PFOF and claims of superior execution quality compared to Robinhood and Citadel Securities. Quantitatively, Public.com achieved a 32.88% effective spread over quoted spread (EFQ) versus Robinhood's 44.79%, and reported better net price improvement per share ($1.72 vs. $1.18). The article contextualizes these findings within the broader regulatory scrutiny and lawsuits following the 2021 short squeeze.",Rick Steves,12/3/21,Yes,"The article discusses PFOF in the context of Citadel Securities, Robinhood, and Public.com, all of which are related to US equity markets. The article mentions the short squeeze of January 2021, which is related to US equity markets. The search results confirm that these companies are involved in PFOF in the US equity markets. Therefore, the article satisfies the criterion.
References: [Payments for US retail flow reach record high, led by Citadel ...](https://www.globaltrading.net/payment-for-us-retail-flow-reaches-record-high-led-by-citadel-securities-imc), [Public.com Enters The Option Fray, With A Twist](https://alphacution.com/public-com-launches-option-trading-with-a-twist), [Payment for Order Flow (PFOF): Definition and How It Works](https://www.investopedia.com/terms/p/paymentoforderflow.asp), [PFOF: Citadel Securities - Robinhood model slammed by Public](https://financefeeds.com/pfof-citadel-securities-robinhood-model-slammed-by-public)",12/3/21,"The article states the publication date as December 3, 2021, which matches the date in the article content header and metadata. This date is consistent and specific, so it is used as the publication date in ISO format.",Rick Steves,The author's name is clearly mentioned in the article metadata and content as 'Rick Steves' with proper capitalization.,Negative,"The article primarily criticizes the payment for order flow (PFOF) model used by Citadel Securities and Robinhood, highlighting its negative impact on retail investors and mentioning that most countries have banned it. While it presents Public.com's alternative as better, the overall tone is critical of the PFOF model, which is the main subject of the article. Therefore, the sentiment is predominantly Negative.",FinanceFeeds,"The author Rick Steves is associated with FinanceFeeds, as indicated by his LinkedIn profile and author page on the FinanceFeeds website. The company name is FinanceFeeds, which is the publisher of the article.
References: [PFOF: Citadel Securities - Robinhood model slammed by Public](https://financefeeds.com/pfof-citadel-securities-robinhood-model-slammed-by-public), [Rick Steves - FinanceFeeds - LinkedIn](https://www.linkedin.com/in/rickstevesfx), [Rick Steves - FinanceFeeds](https://financefeeds.com/author/resteves)","The article discusses the controversy surrounding the payment for order flow (PFOF) model used by Robinhood and Citadel Securities in the US equity markets. It highlights Public.com's decision to reject PFOF, claiming better execution quality and price improvement for retail investors through its alternative trading model. The article explains how Public.com uses smart order routing across multiple venues to find better prices beyond the National Best Bid and Offer (NBBO), contrasting this with the traditional PFOF model where brokers route orders to predetermined market makers. The piece also notes that while lawsuits have favored Citadel and Robinhood, many countries have banned PFOF, suggesting potential regulatory changes in the US.","The summary captures the main points of the article, including the focus on PFOF in the US equity markets, the criticism by Public.com of the PFOF model, the comparison of execution quality metrics, and the broader regulatory context. These points are clearly presented in the article content."
https://axios.com/2021/12/03/payment-for-order-flow-robinhood-investors-mit,"Payment for order flow isn't so bad, analysis finds","News analysis on payment for order flow (PFOF) in US equity markets; discusses a MIT study commissioned by Robinhood showing retail investors receive better price improvement via PFOF than institutional investors trading small lots on public exchanges. Highlights that market makers price favorably for retail traders due to their lower information advantage, countering recent critiques based on alternative trading data from Public.",Felix Salmon,12/3/21,Yes,"The article's title and content clearly discuss payment for order flow. The article also mentions Robinhood, which is a US-based broker known for using PFOF in US equity markets. Therefore, the article satisfies the criterion.
References: [Payment for order flow isn't so bad, analysis finds](https://www.axios.com/2021/12/03/payment-for-order-flow-robinhood-investors-mit)",12/3/21,"The article's content and metadata clearly state the publication date as December 3, 2021, which matches the unverified date provided in the initial result. The date is consistent with the article's timestamp and context.",Felix Salmon,"The author's name is clearly stated in the article metadata and content as Felix Salmon, with proper capitalization.",Positive,"The article's tone and content emphasize that payment for order flow (PFOF) is not bad for investors, highlighting findings from an MIT paper commissioned by Robinhood that show retail investors receive better price improvements using PFOF than institutional investors on public exchanges. The article concludes that both PFOF and direct exchange trading models are beneficial for retail investors, indicating a positive sentiment towards PFOF and its impact on retail investors.",Axios,"Multiple sources including Felix Salmon's author page on Axios and other profiles indicate that Felix Salmon is the chief financial correspondent at Axios, which is the company affiliation relevant to the article.
References: [Payment for order flow isn't so bad, analysis finds](https://www.axios.com/2021/12/03/payment-for-order-flow-robinhood-investors-mit), [Felix Salmon - Axios](https://www.axios.com/authors/fsalmon), [5 Questions: Felix Salmon - The Highlands Current](https://highlandscurrent.org/2023/05/26/5-questions-felix-salmon), [Felix Salmon - Host, Slate Money; Author, The Phoenix Economy](https://www.linkedin.com/in/felixsalmon), [With Felix Salmon, Axios Continues Its Push to Commandeer the ...](https://www.vanityfair.com/news/2018/08/felix-salmon-axios-continues-its-push-bloomberg?srsltid=AfmBOoqtX0Qui1-y0pZYvHjyG339zmzJoDdqssuOpzYJnm43KRxOMRFg)","The article discusses a new MIT study commissioned by Robinhood that finds payment for order flow (PFOF) benefits retail investors by providing better price improvements than institutional investors receive on public exchanges. It compares the PFOF model with direct exchange trading, concluding that both models offer advantages to retail investors with only minor differences.","The summary captures the main points from the article: the MIT paper's findings on PFOF's benefits for retail investors, the comparison with direct exchange trading, and the overall positive view on both models for retail investors."
https://axios.com/2021/12/02/a-new-case-against-payment-for-order-flow,A new case against payment for order flow,"News article analyzing payment for order flow (PFOF) in US equity markets; details SEC chair Gary Gensler's regulatory review and new data from retail brokerage Public supporting a ban. Highlights $4 billion annual PFOF flows to brokerages and $14 billion in profits for high-frequency traders, underscoring the practice's market significance and conflict-of-interest concerns.",Felix Salmon,12/2/21,Yes,"The article discusses payment for order flow (PFOF) and mentions SEC chair Gary Gensler's review of the practice. It also references Robinhood, NYSE, and IEX, all of which are related to US equity markets. Therefore, the article discusses payment for order flow in the context of US equity markets.
References: [A new case against payment for order flow](https://www.axios.com/2021/12/02/a-new-case-against-payment-for-order-flow)",12/2/21,"The article's publication date is explicitly stated as December 2, 2021, in the webpage content and matches the unverified date provided in the initial result. The article's content header also confirms the date as Dec 2, 2021.",Felix Salmon,The author's name is clearly stated as Felix Salmon in the provided webpage content and matches the requested format with proper capitalization.,"Negative, Neutral","The article discusses the controversial practice of payment for order flow (PFOF) with a critical perspective, highlighting the potential conflicts of interest and the case for banning it, which indicates a Negative sentiment. However, it also presents factual information about alternatives and improvements in execution quality by brokerages like Public, which adds a Neutral tone. Therefore, the sentiment is best described as a combination of Negative and Neutral.",Axios,"Multiple sources including Axios itself and other profiles confirm that Felix Salmon is the chief financial correspondent at Axios. Therefore, the company affiliation of the author Felix Salmon is Axios.
References: [A new case against payment for order flow](https://www.axios.com/2021/12/02/a-new-case-against-payment-for-order-flow), [5 Questions: Felix Salmon - The Highlands Current](https://highlandscurrent.org/2023/05/26/5-questions-felix-salmon), [Felix Salmon - HarperCollins Publishers](https://www.harpercollins.com/blogs/authors/felix-salmon-20232153340880), [I'm Felix Salmon, from Axios. AMA about finance, philanthropy, or ...](https://www.reddit.com/r/IAmA/comments/lnobhq/im_felix_salmon_from_axios_ama_about_finance)","The article discusses the controversial practice of payment for order flow (PFOF) in US equity markets, highlighting SEC chair Gary Gensler's review of whether it should be banned due to conflicts of interest. It presents data from brokerage Public showing improved execution quality after moving away from PFOF, contrasting with Robinhood's model. The article explains the financial stakes involved, the role of exchanges like NYSE and IEX, and the potential impact of banning PFOF on zero-commission brokerages and trading incentives.","The summary captures the main points of the article, including the focus on PFOF, regulatory scrutiny, evidence from Public brokerage about execution quality improvements, and the broader market implications. This is based on the detailed content provided from the Axios article."
https://barrons.com/amp/articles/payment-for-order-flow-cost-experiment-51638286079,How Much Does Payment for Order Flow Cost You?,"Financial news article analyzing payment for order flow (PFOF) in US equity markets; authored by Carleton English and published in late 2021. It examines how commission-free brokers like Robinhood monetize trades by selling orders to market makers, contextualized by the 2021 meme stock surge involving GameStop and AMC. The article offers an experimental evaluation of PFOF's hidden costs to retail investors, clarifying the trade-offs behind zero-commission trading platforms.",Carleton English,11/30/21,Yes,"The article title and content explicitly discuss payment for order flow. The article mentions Robinhood, a US-based broker, and discusses the practice of payment for order flow in the context of trading platforms like Robinhood. This implies that the discussion is related to US equity markets.
References: [How Much Does Payment for Order Flow Cost You?](https://www.barrons.com/amp/articles/payment-for-order-flow-cost-experiment-51638286079)",11/30/21,"The article content and metadata explicitly state the publication date as November 30, 2021. The date is given as 'Nov. 30, 2021 10:29 am ET' in the article and '11/30/2021' in the metadata, which corresponds to 2021-11-30 in ISO format.",Carleton English,The author's name is explicitly mentioned in the article content and the metadata as 'Carleton English' with proper capitalization.,Neutral,"The article presents a balanced view on payment for order flow (PFOF), discussing both the criticisms and regulatory scrutiny as well as the defenses and acceptance by industry figures. It provides information on the topic without a strong positive or negative bias, making the overall sentiment neutral.",Dow Jones,"The article is published on Barron's, which is a financial news publication owned by Dow Jones & Company. The author Carleton English is associated with this publication, so the company name for the author is Dow Jones.
References: [How Much Does Payment for Order Flow Cost You?](https://www.barrons.com/amp/articles/payment-for-order-flow-cost-experiment-51638286079)","The article explores payment for order flow (PFOF), a revenue model used by commission-free trading platforms like Robinhood, where brokerages sell customer orders to market makers. It discusses regulatory scrutiny, including SEC fines on Robinhood for disclosure failures and concerns about conflicts of interest. The article presents balanced views from industry leaders and highlights an experiment comparing trade execution between Robinhood and Fidelity, which does not use PFOF.","The summary captures the main points of the article, including the explanation of PFOF, regulatory issues, industry perspectives, and the author's experiment, providing a concise overview of the content."
https://cnbc.com/amp/2021/09/13/robinhoods-chief-legal-officer-says-the-sec-wont-ban-payment-for-order-flow.html,Robinhood's chief legal officer says the SEC won't ban payment for order flow,"Business news article discussing payment for order flow (PFOF) in US equity markets; features Robinhood's chief legal officer Dan Gallagher, former SEC commissioner (2011-2015), asserting the SEC will not ban PFOF, calling it beneficial for retail investors; explains PFOF as brokerages receiving back-end payments for routing client trades to market makers; includes Gallagher's critique of misinformation around the GameStop short squeeze.",Maggie Fitzgerald,9/13/21,Yes,"The article explicitly discusses payment for order flow (PFOF) and defines it in terms of brokerages receiving back-end payments for directing retail orders to market makers, within the Robinhood-US equity trading context. It references the SEC and retail investors in a US equity market setting, satisfying the criterion that the article discusses PFOF in the context of US equity markets. Source content includes: ""Payment for order flow is the back-end payment that brokerages receive for directing clients' trades to market makers."" and discussion of SEC considerations.
References: [Robinhood's chief legal officer says the SEC won't ban payment for order flow](https://www.cnbc.com/amp/2021/09/13/robinhoods-chief-legal-officer-says-the-sec-wont-ban-payment-for-order-flow.html)",9/13/21,"The article's published date is explicitly stated in the webpage content as 'Published Mon, Sep 13 2021 8:55 AM EDT' and also in the metadata as 09/13/2021. This confirms the publication date as September 13, 2021.",Maggie Fitzgerald,The author's name is clearly stated in the webpage content as 'Maggie Fitzgerald' with proper capitalization.,Positive,"The article primarily presents Robinhood's chief legal officer defending payment for order flow as beneficial for retail investors and expresses confidence that the SEC will not ban it. Despite acknowledging controversy and criticism, the overall tone is supportive and positive toward the practice, reflecting Robinhood's perspective.",CNBC,"The article is authored by Maggie Fitzgerald and published on CNBC, indicating that the author is affiliated with CNBC. Hence, the company name of the author is CNBC.","Robinhood's chief legal officer, Dan Gallagher, stated that the SEC is unlikely to ban payment for order flow, a key revenue source for Robinhood that enables zero-commission trading. He emphasized that this practice benefits retail investors and defended it against criticism following the GameStop short squeeze. Gallagher also criticized those who misled the public during the event and highlighted the importance of payment for order flow in attracting a new generation of investors.","The summary captures the main points of the article: the defense of payment for order flow by Robinhood's chief legal officer, the SEC's stance, the controversy around the practice, and the context of the GameStop short squeeze, all of which are clearly detailed in the article content."
https://barrons.com/articles/sec-chief-gary-gensler-stock-market-51630626032,SEC Chief Gary Gensler Says the Stock Market Needs ...,News article covering SEC Chair Gary Gensler's regulatory stance on the U.S. stock market; emphasizes issues with payment for order flow (PFOF) and inherent conflicts of interest. Highlights include Robinhood's recent SEC settlement over PFOF and the exposure of market infrastructure complexities during the 2021 GameStop trading surge.,,9/3/21,Yes,"The crawled article explicitly mentions 'payment for order flow' (via the snippet: 'Last year, Robinhood settled administrative charges about payment for order flow with the SEC.') and discusses the U.S. stock market context (e.g., references to GameStop and the plumbing of the U.S. stock market), indicating the topic is about PFOF in US equities. This satisfies the criterion that the article discusses PFOF within US equity markets. Sources: the provided crawled_page excerpt showing the PFOF reference; the article content referencing the U.S. stock market and GameStop.
References: [SEC Chief Gary Gensler Says the Stock Market Needs ...](https://www.barrons.com/articles/sec-chief-gary-gensler-stock-market-51630626032)",9/3/21,"The article's original publication date is explicitly mentioned as September 3, 2021, in the webpage content under the header section: 'Updated September 6, 2021 / Original September 3, 2021'. This confirms the publication date as 2021-09-03.",Avi Salzman,"The article snippet and content explicitly mention Avi Salzman as the author of the article, fulfilling the requirement to provide the author's name in the format '<First> <Last>' with proper capitalization.",Negative,"The article discusses concerns about the U.S. stock market's infrastructure, highlighting 'inherent conflicts of interest' and issues like payment for order flow, as noted by SEC Chief Gary Gensler. The tone is critical and focuses on problems within the market plumbing, indicating a negative sentiment.",Barron's,"The author of the article is Avi Salzman, who is identified as a senior writer at Barron's according to multiple sources including Barron's own author page and LinkedIn profile. Therefore, the company affiliation of the author is Barron's.
References: [SEC Chief Gary Gensler Says the Stock Market Needs ...](https://www.barrons.com/articles/sec-chief-gary-gensler-stock-market-51630626032), [Avi Salzman - Barron's](https://www.barrons.com/authors/avi-salzman), [Avi Salzman | Barron's](https://www.barrons.com/authors/avi-salzman/57), [Avi Salzman - Senior Writer at Barron's - LinkedIn](https://www.linkedin.com/in/avisalzman)","The article discusses SEC Chief Gary Gensler's perspective on the U.S. stock market, highlighting the exposure of its complex and longstanding mechanisms to retail investors during the GameStop trading frenzy. It also addresses concerns about inherent conflicts of interest, including the issue of payment for order flow, exemplified by Robinhood's settlement with the SEC.","The summary is based on the article content which mentions the U.S. stock market's 'plumbing' exposed to retail investors, the GameStop stock event, and the reference to payment for order flow and Robinhood's settlement with the SEC, capturing the main themes concisely."
https://crowdfundinsider.com/2021/08/179139-global-tech-focused-trading-firm-optiver-explains-how-commission-free-trades-are-possible-and-profitable,Global Tech Focused Trading Firm Optiver Explains How Commission-Free Trades Are Possible And Profitable,"Crowdfund Insider article analyzing Optiver, a global tech-focused trading firm specializing in market making and trading; details how commission-free trades for retail investors are enabled by a US market structure permitting payment for order flow (PFOF), which routes retail orders to affiliated market makers. Highlights that this practice, while profitable, results in loss of best execution and reduced market transparency. Notes that although PFOF discussions center on equities, similar mechanisms affect the equity options market, where a majority of retail flow is pre-routed before reaching exchanges.",,8/14/21,Yes,"The Crowdfund Insider article explicitly discusses payment for order flow (PFOF) in the US equity markets. It states that commission-free trades are possible and profitable because of a market structure that “permits payment for order flow (PFOF)” and it discusses how retail brokers route orders to market makers (affiliated MM) with PFOF implications. It also notes that while most PFOF payments in 2020 were in the options space, the focus remains on US equity markets and the debates around PFOF in that context. (Source: Crowdfund Insider article content in the provided crawl: phrases like “permits payment for order flow (PFOF)” and discussions of brokers, routing, and affiliated MMs.)
References: [Global Tech Focused Trading Firm Optiver Explains How Commission-Free Trades Are Possible And Profitable](https://www.crowdfundinsider.com/2021/08/179139-global-tech-focused-trading-firm-optiver-explains-how-commission-free-trades-are-possible-and-profitable)",8/14/21,"The article's published date is explicitly mentioned as 08/14/2021 in the provided webpage content, which corresponds to August 14th, 2021. This matches the date format and is consistent with the article's timeline.",,"The search did not return any information about the author of the article on Crowdfund Insider. The provided webpage content also does not mention the author's name. Therefore, the author's name cannot be determined from the available information.","Negative, Neutral","The article primarily critiques the current market structure, highlighting negative impacts such as loss of best execution, lack of transparency, and reduced competition, which harm retail investors. This indicates a negative sentiment. However, it also discusses potential improvements and regulatory efforts to update the market, which adds a neutral or constructive aspect to the sentiment.",Optiver,"The article content explicitly attributes the insights and analysis to Optiver, a global tech-focused trading firm, making it the company author of the article.","The article explains how Optiver, a global tech-focused trading firm, describes the mechanics behind commission-free trades enabled by payment for order flow (PFOF) in US equity and options markets. It highlights concerns about market structure issues such as lack of competition, dominance of wholesalers with affiliated market makers, and the impact on retail investors who face wider spreads. Optiver calls for regulatory updates to promote transparency, competition, and better pricing in the equity options market.","The summary is based on the detailed content of the article which discusses Optiver's views on PFOF, market structure challenges, specialist appointments, and the need for SEC-led reforms to improve market fairness and efficiency for retail investors."
https://foxbusiness.com/markets/robinhood-ipo-twist-business-model,"After Robinhood’s IPO, twist to business model may come","Financial news article analyzing Robinhood's post-IPO business model shift; details the company's intent to reduce reliance on payment for order flow (PFOF), which generated 75% of its 2020 revenue, by potentially matching its own order flow rather than selling it to market makers like Virtue Financial and Citadel Securities; situates this strategy amid ongoing regulatory scrutiny of PFOF in US equity markets.","Eleanor Terrett, Charlie Gasparino",7/28/21,Yes,"The article explicitly discusses payment for order flow (PFOF) in the context of US equity markets. It states that Robinhood aims to reduce reliance on revenues from selling buy/sell orders to market makers, a practice defined as PFOF on Wall Street, and notes regulators are examining PFOF. It also cites that 75% of Robinhood's 2020 revenue came from PFOF and mentions specific US market makers (e.g., Virtue Financial, Citadel Securities) and the revenue model around order flow, all within the US equities trading context.
References: [After Robinhood’s IPO, twist to business model may come](https://www.foxbusiness.com/markets/robinhood-ipo-twist-business-model)",7/28/21,"The publication date of the article titled 'After Robinhood’s IPO, twist to business model may come' on Fox Business is confirmed as July 28, 2021, based on multiple references from the Fox Business website and search results.
References: [After Robinhood's IPO, twist to business model may come](https://www.foxbusiness.com/markets/robinhood-ipo-twist-business-model), [IPO News and Insights, Initial Public Offerings](https://www.foxbusiness.com/category/ipos?page=13), [SEC](https://www.foxbusiness.com/category/sec?page=19)","Eleanor Terrett, Charlie Gasparino","The article explicitly states the authors as Eleanor Terrett and Charlie Gasparino, both in proper '<First> <Last>' format with correct capitalization.",Negative,"The article highlights concerns about Robinhood's business model, particularly its reliance on payment for order flow (PFOF), regulatory scrutiny, and potential challenges in shifting its business model. It discusses criticisms, regulatory risks, and operating losses despite revenue growth, indicating a predominantly negative sentiment.",FOX Business,"The article is published on the FOX Business website, and the authors Eleanor Terrett and Charlie Gasparino are associated with FOX Business as indicated by the webpage source and content.","The article discusses Robinhood's upcoming IPO and its plan to reduce reliance on payment for order flow (PFOF) by potentially becoming a standalone market maker. It highlights regulatory concerns about PFOF, which accounts for 75% of Robinhood's 2020 revenue, and the controversy surrounding the practice. The piece also notes Robinhood's rapid growth, scrutiny over its business model, and its significant operating losses despite increased revenues. The IPO faces investor caution due to regulatory risks on PFOF.","The summary captures the main points of the article, including Robinhood's IPO plans, the central role and controversy of payment for order flow in its business model, regulatory scrutiny, and financial performance, all of which are clearly detailed in the provided content."
https://npr.org/2021/07/28/1021904271/exploitative-or-revolutionary-questions-swirl-as-robinhood-makes-wall-street-deb,The Robinhood IPO Is Here. But There Are Doubts About Its Future,"NPR news article analyzing Robinhood's IPO and its business model; highlights that 81% of Robinhood's revenue derives from payment for order flow (PFOF), routing orders to market makers like Citadel Securities; discusses state and federal regulatory probes questioning the sustainability and ethics of this revenue model amid the company's public market debut.",Bobby Allyn,7/28/21,Yes,"The NPR article explicitly discusses payment for order flow (PFOF) in the context of US equities: it states that Robinhood’s zero-commission trades rely on PFOF and that 81% of its revenue comes from it, including routing orders to market makers such as Citadel Securities. This directly satisfies the criterion that the article discusses PFOF within US equity markets.
References: [The Robinhood IPO Is Here. But There Are Doubts About Its Future](https://www.npr.org/2021/07/28/1021904271/exploitative-or-revolutionary-questions-swirl-as-robinhood-makes-wall-street-deb)",7/28/21,"The article's published date is explicitly mentioned as July 28, 2021, in the provided webpage content multiple times, including the header and the timestamp near the article title.",Bobby Allyn,"The author's name is clearly stated in the webpage content as 'Bobby Allyn' with proper capitalization.
References: [The Robinhood IPO Is Here. But There Are Doubts About Its Future](https://www.npr.org/2021/07/28/1021904271/exploitative-or-revolutionary-questions-swirl-as-robinhood-makes-wall-street-deb)",Negative,"The article discusses Robinhood's IPO but emphasizes significant doubts about its future, regulatory scrutiny, controversies over payment for order flow, and negative incidents such as a user suicide and losses by inexperienced investors. The tone is cautious and critical, highlighting risks and controversies, which aligns with a negative sentiment.",NPR,"The article is published on NPR's website and Bobby Allyn is listed as an NPR author, indicating that the company name associated with the author is NPR.
References: [The Robinhood IPO Is Here. But There Are Doubts About Its Future](https://www.npr.org/2021/07/28/1021904271/exploitative-or-revolutionary-questions-swirl-as-robinhood-makes-wall-street-deb)","The article discusses Robinhood's IPO debut amid regulatory scrutiny and controversies. It highlights Robinhood's reliance on payment for order flow for most of its revenue, regulatory probes into its practices, and concerns about the sustainability of its user growth. The piece also covers the app's role in democratizing stock trading, the gamification of trading, and the impact of the GameStop trading frenzy.","The summary is based on the detailed content of the NPR article, which covers Robinhood's IPO, regulatory challenges, payment for order flow revenue model, user concerns, and controversies including the GameStop trading event."
https://ft.com/content/83dff8fc-14ac-4e67-a969-20b358c349e8,Gensler says SEC to review payment for order flow,"Financial Times news article covering SEC Chair Gary Gensler's announcement to review payment for order flow (PFOF) in US equity markets; highlights that Wall Street firms paid nearly $3 billion last year in PFOF fees, underscoring the practice's substantial financial scale and regulatory scrutiny in retail equity trading.",,6/9/21,Yes,"Yes. The Financial Times article titled 'Gensler says SEC to review payment for order flow' explicitly discusses payment for order flow (PFOF) and, given the US regulatory context (SEC) and references to retail brokerages and market makers, addresses PFOF in the US equity markets. The crawled page shows the headline about a SEC review of PFOF, and FT's snippet describes PFOF as a practice where retail brokerages receive fees from market makers, which confirms the US equity-market context.
References: [SEC aims to stem trading practice of 'payment for order flow'](https://www.ft.com/content/fc2d366c-efbb-403c-ba17-1c9851df9894), [Wall Street firms paid almost $3bn last year for retail ...](https://www.ft.com/content/6651f34a-0d8d-4d68-bdf9-23b355f8c9db), [Gensler says SEC to review payment for order flow](https://www.ft.com/content/83dff8fc-14ac-4e67-a969-20b358c349e8), [Online brokers, like the stocks they shift, are hot again](https://www.ft.com/content/2bc3ad00-f1cb-498a-8d0e-adf744512c8f), [The biggest market moments of 2021](https://www.ft.com/content/55ea538a-e792-45a4-82a1-bf02e382e719), [SEC needs to find a way to curb payment for order flow](https://www.ft.com/content/696a15e0-64f1-4800-af79-4d0a882df5b2), [US equities](https://www.ft.com/us-equities?page=64), [Investors join opposition to SEC stock market reforms](https://www.ft.com/content/0331ce82-0411-408e-a81b-a1963ccc44a6), [Ken Griffin's money machine: market maker Citadel ...](https://www.ft.com/content/e7c88737-f972-438f-a7ac-1af358a85f07), [Virtu boss defends payment for order flow after Reddit frenzy](https://www.ft.com/content/b1798a5f-2529-4d6f-a11b-08a5aa99fe63), [SEC chairman says ban of payment for order flow 'on the table'](https://www.reuters.com/legal/litigation/sec-chairman-says-ban-payment-order-flow-on-table-barrons-2021-08-30), [How the SEC has bolstered the US market since the 2021 ... - Reuters](https://www.reuters.com/markets/us/how-sec-has-bolstered-us-market-since-2021-gamestop-frenzy-2024-06-05), [Payment for Order Flow - SEC.gov](https://www.sec.gov/files/rules/final/orderfin.txt), [U.S. SEC chair signals sweeping review of exchange, broker rules](https://www.reuters.com/legal/litigation/us-sec-chair-gensler-staff-recommend-rules-ensure-fair-competition-between-2021-06-09), [Gary Gensler - Wikipedia](https://en.wikipedia.org/wiki/Gary_Gensler), [SEC Chairman Gensler takes on best ex, payment for order flow and ...](https://www.regcompliancewatch.com/sec-chairman-gensler-takes-on-best-ex-payment-for-order-flow-and-best-bid), [Prepared remarks at London City Week - SEC.gov](https://www.sec.gov/newsroom/speeches-statements/gensler-speech-london-city-week-062321), [[PDF] Payment For Order Flow & Market Implications](https://static.maglaw.com/docs/PaymentForOrderFlow%20final%20draft.pdf), [Payment for Order Flow: The SEC Proposes Reforms | Congress.gov](https://www.congress.gov/crs-product/IF12332), [U.S. mulls shaking up stock trading rules to aid small investors](https://www.reuters.com/legal/litigation/us-mulls-shaking-up-stock-trading-rules-aid-small-investors-2022-03-28), [Payment for Order Flow - Private Client Services](https://pcsbd.net/wp-content/uploads/2019/01/Disclosure-Payment-for-Order-Flow-01.14.19.pdf), [Schwab payment for order flow lawsuit hits red light - Reuters](https://www.reuters.com/legal/transactional/schwab-payment-order-flow-lawsuit-hits-red-light-2021-10-28), [Payment for order flow - Wikipedia](https://en.wikipedia.org/wiki/Payment_for_order_flow), [Payment for Order Flow (PFOF): Definition and How It Works](https://www.investopedia.com/terms/p/paymentoforderflow.asp), [Brokerages jump on report SEC stops short of banning PFOF deals](https://www.reuters.com/business/finance/brokerages-jump-report-sec-stops-short-banning-pfof-deals-2022-09-22), [Payments for US retail flow reach record high, led by Citadel ...](https://www.globaltrading.net/payment-for-us-retail-flow-reaches-record-high-led-by-citadel-securities-imc), [Explainer: Robinhood makes most of its money from PFOF. What is it?](https://www.reuters.com/business/finance/robinhood-makes-most-its-money-pfof-what-is-it-2021-07-29), [SEC chief Gensler says regulator assessing payment for order flow](https://www.cnbc.com/2021/10/19/sec-chief-gensler-says-regulator-assessing-payment-for-order-flow.html), [SEC says brokers enticed by payment for order flow are ... - CNBC](https://www.cnbc.com/2021/10/18/sec-says-brokers-enticed-by-payment-for-order-flow-are-making-trading-into-a-game-to-lure-investors.html), [SEC Chair Gary Gensler says SEC is looking at apps encouraging ...](https://www.cnbc.com/video/2021/05/07/sec-chair-gary-gensler-says-sec-is-looking-at-apps-encouraging-trading-payment-for-order-flow.html), [Wall Street lines up against Gensler on one of his controversial ideas](https://www.cnbc.com/2023/03/31/wall-street-lines-up-against-gensler-on-one-of-his-controversial-ideas.html), [CNBC Transcript: SEC Chair Gary Gensler Speaks with CNBC's ...](https://www.cnbc.com/2021/10/19/cnbc-transcript-sec-chair-gary-gensler-speaks-with-cnbcs-squawk-on-the-street-today.html), [SEC chair: Our rule sets should be updated for 2021 technology](https://www.youtube.com/watch?v=-gK2rXT6dDQ), [Payment for Order Flow | Interactive Brokers LLC](https://www.interactivebrokers.com/en/trading/payment-for-order-flow.php), [SEC Chairman Says Banning Payment for Order Flow Is 'On the Table'](https://www.barrons.com/articles/sec-chairman-says-banning-payment-for-order-is-on-the-table-51630350595)",6/9/21,"The article titled 'Gensler says SEC to review payment for order flow' on the Financial Times website is listed with a publication date of 06/09/2021, which corresponds to June 9, 2021. This date is consistent with the context of the article discussing SEC Chair Gensler's review of payment for order flow in 2021.
References: [Gensler says SEC to review payment for order flow](https://www.ft.com/content/83dff8fc-14ac-4e67-a969-20b358c349e8)",,"The Financial Times article 'Gensler says SEC to review payment for order flow' is behind a paywall and no author information was found in the accessible content or search results. Therefore, the author's name cannot be determined.
References: [Gensler says SEC to review payment for order flow](https://www.ft.com/content/83dff8fc-14ac-4e67-a969-20b358c349e8)",Neutral,"The article discusses the SEC's review of payment for order flow, presenting the information in a factual and neutral manner without expressing a clear positive or negative stance. It reports on regulatory considerations and concerns but does not advocate for or against the practice, indicating a neutral sentiment.",Financial Times,"The article is published on the Financial Times website, and no other author company is mentioned. Therefore, the company author is Financial Times.","The article reports that SEC Chair Gary Gensler announced a review of the controversial practice of payment for order flow (PFOF) in US equity markets, where retail brokerages receive fees from market makers for routing customer orders. The review aims to assess potential reforms or bans on PFOF due to concerns about conflicts of interest and market fairness.","The content and search results indicate that the article focuses on SEC Chair Gensler's announcement to review payment for order flow in US equities. It highlights the practice where retail brokers receive payments from market makers and the regulatory scrutiny it faces due to potential conflicts of interest. This summary captures the core message of the article based on the title, snippet, and related search findings."
https://medium.datadriveninvestor.com/payment-for-order-flow-business-visualized-dfcbb9cdb964,Payment For Order Flow Business Visualized,"Explanatory article on payment for order flow in US equity markets; authored by Diego Alvarez and published in 2021 on Medium. It visualizes the PFOF process involving buyers, brokers, and high-frequency traders, emphasizing latency arbitrage as the key mechanism. The article references major market players like Robinhood, Citadel Securities, and Susquehanna, and discusses the regulatory scrutiny following the GameStop short squeeze, providing a balanced view of PFOF's benefits and drawbacks.",Diego Alvarez,5/24/21,Yes,"The article discusses payment for order flow and mentions Robinhood, Citadel Securities, and Susquehanna, which are all related to US equity markets. The article also references the GameStop short squeeze, which occurred in the US equity market. Therefore, the article discusses payment for order flow in the context of US equity markets.
References: [Diego Alvarez – Medium](https://dial0663.medium.com), [A visual explanation to short squeezes | by Diego Alvarez](https://medium.com/nerd-for-tech/a-visual-explanation-to-short-squeezes-514222ed95d4), [Payment For Order Flow is banned in the UK : r/Superstonk](https://www.reddit.com/r/Superstonk/comments/obxxkd/payment_for_order_flow_is_banned_in_the_uk), [Budget 2024/2025](https://www.cps.edu/globalassets/cps-pages/about-cps/finance/budget/budget-2025/docs/fy2025-budget-book-final-approved-1.1.pdf), [How does Payment for Order Flow Influence Markets?](https://www.sec.gov/files/dera_wp_payment-order-flow-2501.pdf), [Payment For Order Flow Business Visualized](https://medium.datadriveninvestor.com/payment-for-order-flow-business-visualized-dfcbb9cdb964)",5/24/21,"The publication date is mentioned as 05/24/2021 in the provided webpage metadata and content, which corresponds to May 24th, 2021. This date is consistent with the article's posting on the Medium platform under the DataDrivenInvestor publication.",Diego Alvarez,The author's name is clearly mentioned in the provided webpage content and metadata as 'Diego Alvarez' with proper capitalization.,Neutral,"The article provides a balanced discussion of payment for order flow, outlining both benefits (e.g., enabling commission-free trading, cost-effectiveness for HFTs) and drawbacks (e.g., slippage, latency arbitrage, regulatory scrutiny). It aims to present the topic with minimal bias and acknowledges ongoing debates, indicating a neutral sentiment overall.",,"The author Diego Alvarez does not have a clearly identifiable company affiliation related to the article on payment for order flow. The LinkedIn profiles found for people named Diego Alvarez show various companies and roles, but none can be confidently linked to the author of this article. The article is published on Medium under DataDrivenInvestor, which is a publication platform rather than a company affiliation of the author. Therefore, no specific company name for the author can be provided based on available information.
References: [Diego A. - Hedge Fund Management - LinkedIn](https://www.linkedin.com/in/diegodalvarez)","The article explains payment for order flow (PFOF) in retail trading, detailing how brokers, high frequency traders (HFTs), and buyers interact. It covers latency arbitrage, slippage, and the market-making role of HFTs. The piece discusses regulatory scrutiny, including the GameStop short squeeze context, and highlights PFOF's benefits and drawbacks, such as enabling commission-free trading. It also explains why HFTs target retail traders and references major market makers like Virtu, Citadel Securities, and Susquehanna.","The summary captures the key points from the article, including the explanation of PFOF mechanics, the roles of brokers and HFTs, regulatory issues, and the economic rationale behind PFOF, based on the detailed content provided in the article."
https://money.com/robinhood-free-trades,Robinhood and Free Trades: What Every Investor Needs to Know,"Financial news article analyzing Robinhood's commission-free trading platform; explains Robinhood's business model in US equity markets where it earns about $330 million quarterly from payment for order flow by routing customer orders to market makers. Highlights Robinhood's popularity among young traders for stocks and cryptocurrencies, and discusses regulatory context and order execution practices under SEC rules.",Mallika Mitra,5/20/21,Yes,"The article explicitly discusses payment for order flow (PFOF) in US equity markets: it states that Robinhood is paid by the market maker for customers' orders, a common practice among retail brokers, and cites that the company earns about $330 million per quarter from PFOF; it also discusses order routing to market makers to seek best execution and references SEC rules, all within the US stocks/ETFs context.
References: [Robinhood and Free Trades: What Every Investor Needs to Know](https://money.com/robinhood-free-trades)",5/20/21,"The article's content includes a note stating that all information provided is accurate as of May 20, 2021, which aligns with the unverified published date given in the initial data. This strongly indicates that the article was published on 2021-05-20.",Mallika Mitra,"The author's name is explicitly mentioned in the provided webpage content as 'Mallika Mitra' with proper capitalization, matching the requested format '<First> <Last>'.",Neutral,"The article provides a balanced view of Robinhood, highlighting both its advantages such as commission-free trading and competitive cash management APYs, and its controversies including accusations of gamifying investing, trading restrictions, and concerns about payment for order flow. The tone is informative and does not lean strongly positive or negative, making 'Neutral' the most appropriate sentiment classification.",Money,"The article is authored by Mallika Mitra and published on money.com, which is the website of Money magazine. Hence, the company name of the author is Money.","The article explains Robinhood's commission-free trading platform, highlighting how it makes money through payment for order flow, where market makers pay Robinhood for customer orders. It also covers the bid-ask spread, cash management services with interest on uninvested cash, and the Robinhood Gold subscription offering margin trading and additional features. The article discusses concerns about best execution and regulatory scrutiny but notes Robinhood's efforts to ensure fair practices.","The summary captures the main points of the article, including Robinhood's free trading model, revenue sources like payment for order flow and cash management, and the premium Robinhood Gold service, while also mentioning regulatory and customer concerns discussed in the content."
https://benzinga.com/fintech/21/05/20971201/top-5-brokers-raked-in-over-1-billion-payment-for-order-flow-during-the-first-quarter-of-2021,Top 5 Brokers Raked In Over $1 Billion Payment For Order Flow During The First Quarter Of 2021,"Financial news article analyzing payment for order flow in US equity markets; reveals that the top five brokers—TD Ameritrade, Robinhood, E*Trade, Charles Schwab, and Webull—collected over $1.02 billion in PFOF during the first quarter of 2021, highlighting the significant revenue generated from order routing practices in this period.",Alexander Voigt,5/6/21,Yes,"The Benzinga article's title explicitly mentions 'Payment For Order Flow' and the search snippet lists US broker names (TD Ameritrade, Robinhood, E*Trade, Charles Schwab, Webull) and states $1.02B in payment for order flow in the first quarter, indicating PFOF in US equity markets. This confirms the article discusses PFOF within the context of US equities. Sources: crawled page metadata (title) and search result snippet listing the brokers and PFOF amount.
References: [Top 5 Brokers Raked In Over $1 Billion Payment For Order Flow ...](https://www.benzinga.com/fintech/21/05/20971201/top-5-brokers-raked-in-over-1-billion-payment-for-order-flow-during-the-first-quarter-of-2021), [[PDF] article hooked and hustled: the predatory allure of gamblified finance](https://journals.library.columbia.edu/index.php/CBLR/article/download/14252/7833/40762), [Payment for order flow - Wikipedia](https://en.wikipedia.org/wiki/Payment_for_order_flow), [In the news archives - RSM US](https://rsmus.com/newsroom/rsm-us-in-the-news/in-the-news-archives.html), [Payment for Order Flow and Market Makers - BrokerChooser](https://brokerchooser.com/education/news/data-dashboard/payment-for-order-flow), [Payment for Order Flow (PFOF) and Broker-Dealer Regulation](https://www.congress.gov/crs-product/IF12594), [[XML] https://www.hinshawlaw.com/sitemap.xml](https://www.hinshawlaw.com/sitemap.xml), [[PDF] Essays on Empirical Asset Pricing - mediaTUM](https://mediatum.ub.tum.de/doc/1702048/1702048.pdf), [Payment for Order Flow (PFOF): Definition and How It Works](https://www.investopedia.com/terms/p/paymentoforderflow.asp), [[XLS] Kansas_State_University_OR_K-St - Kansas State University](https://www.k-state.edu/media/newsreleases/newsclips/21/Aug21clips.xls), [Citadel Paying Over $1B a Year for Order Flow - Tremendous](https://tremendous.blog/2022/04/14/citadel-paying-over-1b-a-year-for-order-flow), [What is Payment for Order Flow (PFOF)? | PFOF Brokers % - Bookmap](https://bookmap.com/blog/what-is-payment-for-order-flow-pfof), [How Robinhood makes money on customer trades despite ... - CNBC](https://www.cnbc.com/2020/08/13/how-robinhood-makes-money-on-customer-trades-despite-making-it-free.html), [Best Stock Brokers for 2025 - Benzinga](https://www.benzinga.com/money/best-stock-brokers-in-the-us), [BrokerChooser in the Media](https://brokerchooser.com/education/news/media-mentions), [Citadel Securities would buy Robinhood if regulators crack down on ...](https://finance.yahoo.com/news/payment-for-order-flow-thomas-peterffy-171129702.html), [US Stock Brokers Made $3.8 Billion From PFOF Amid GameStop ...](https://markets.businessinsider.com/news/stocks/stock-brokers-made-billions-pfof-gamestop-craze-robinhood-charles-schwab-2022-2), [Barrons 24 Marzo 28 | PDF | Sustainable Energy - Scribd](https://www.scribd.com/document/714213428/Barrons-24-marzo-28)",5/6/21,"The publication date of the article 'Top 5 Brokers Raked In Over $1 Billion Payment For Order Flow During The First Quarter Of 2021' by Alexander Voigt on Benzinga is given as 05/06/2021 in the metadata and search results. This corresponds to May 6, 2021 in ISO format (YYYY-MM-DD).
References: [Top 5 Brokers Raked In Over $1 Billion Payment For Order Flow ...](https://www.benzinga.com/fintech/21/05/20971201/top-5-brokers-raked-in-over-1-billion-payment-for-order-flow-during-the-first-quarter-of-2021)",Alexander Voigt,The author's name is explicitly mentioned in the provided webpage metadata as 'Alexander Voigt' with proper capitalization.,Neutral,The article presents factual information about the payment for order flow revenue earned by top US brokers in the first quarter of 2021. There is no explicit positive or negative language or opinion expressed in the title or content snippet. It is a neutral report on financial data.,Benzinga,The article is published on Benzinga and the author Alexander Voigt is likely affiliated with Benzinga as the publishing company. There is no indication of any other company association for the author.,"The article reports that the top 5 US brokers—TD Ameritrade, Robinhood, E*Trade, Charles Schwab, and Webull—collected over $1 billion in payment for order flow during the first quarter of 2021, highlighting the significant revenue generated from this practice in the equity markets.","The summary is based on the article's title and content snippet which clearly state the brokers involved and the total payment for order flow amount in Q1 2021, providing a concise overview of the main topic."
https://tokenist.com/robinhood-owes-citadel-43-of-its-q1-2021-revenue,43% of Robinhood’s Q1 2021 Revenue is from Citadel,Financial news article detailing Robinhood's Q1 2021 revenue composition; reveals that 43% of its revenue derived from Citadel through payment for order flow in US equity markets. Highlights Robinhood's role in pioneering zero-commission trading and its reliance on market makers like Citadel for order routing. Provides insight into the brokerage's financial gains amid the GameStop trading frenzy and the broader implications of PFOF in the US stock market.,Tim Fries,5/5/21,Yes,"Yes. The Tokenist article explicitly ties Robinhood's revenue to market-makers via order flows: it mentions Robinhood’s relationship with Citadel Securities as a market maker to whom it sold market order flows among other market makers, and it states that market-makers pay for order flows (PFOF). This directly situates PFOF in the context of US equities (stock trading) while also referencing related activity in options, but the explicit PFOF discussion concerns US equity order routing. Key cues: 'to whom it sold market order flows among four other market makers' and 'By actively participating on the both sides of the market, MMs not only pay for order flows (PFOF)'. These confirm the criterion is satisfied. Sources: Tokenist article content provided in the crawled_page snippet.
References: [43% of Robinhood's Q1 2021 Revenue is from Citadel - Tokenist](https://tokenist.com/robinhood-owes-citadel-43-of-its-q1-2021-revenue), [Robinhood Owes Citadel 43% of its Q1 2021 Revenue - The ...](https://www.reddit.com/r/gme_meltdown/comments/n5bjrf/robinhood_owes_citadel_43_of_its_q1_2021_revenue), [Payment for Order Flow (PFOF) and Broker-Dealer Regulation](https://www.congress.gov/crs-product/IF12594), [Traders revive antitrust complaint against Robinhood and Citadel ...](https://fxnewsgroup.com/forex-news/retail-forex/traders-revive-antitrust-complaint-against-robinhood-and-citadel-securities), [New Lawsuit Alleges Citadel Conspired with Robinhood to Limit ...](https://tokenist.com/new-lawsuit-alleges-citadel-conspired-with-robinhood-to-limit-gme-trading), [The Real Reason Robinhood Blocked Trading On GameStop - Finimize](https://finimize.com/content/real-reason-robinhood-blocked-trading-gamestop), [Citadel Securities paid US$943m for retail US equity, options order ...](https://www.globaltrading.net/citadel-securities-paid-us943m-for-retail-us-equity-options-order-flow-in-nine-months), [[PDF] Robinhood Markets, Inc.](https://investors.robinhood.com/static-files/c9a21b84-4a40-4ec2-bc18-39ea5c66acfe), [Citadel Securities - Wikipedia](https://en.wikipedia.org/wiki/Citadel_Securities), [Citadel accounts for 22% of Robinhood's PFOF revenue in 2021](https://fxnewsgroup.com/forex-news/retail-forex/citadel-accounts-for-22-of-robinhoods-pfof-revenue-in-2021)",5/5/21,"The article from The Tokenist titled '43% of Robinhood’s Q1 2021 Revenue is from Citadel' shows a published date of May 5, 2021, 08:12 AM EST in the content provided. This date is consistent with the unverified published date given initially and is explicitly stated in the article content.",Tim Fries,The author's name is explicitly mentioned in the article content as 'Tim Fries' with proper capitalization. This matches the format '<First> <Last>' as requested.,"Negative, Neutral","The article critically discusses the relationship between Robinhood and Citadel, highlighting concerns about centralized market makers, conflicts of interest, lawsuits, and regulatory violations, which conveys a negative sentiment towards the traditional centralized market system. However, it also neutrally presents the innovations and potential of decentralized finance alternatives like Uniswap, which adds a neutral tone. There is no clear positive sentiment expressed about the Robinhood-Citadel relationship or the centralized system, so Positive is not selected.",The Tokenist,"The author, Tim Fries, is identified as the cofounder of The Tokenist in the article content. This indicates that the company name associated with the author is 'The Tokenist'.","The article explains that 43% of Robinhood's Q1 2021 revenue came from Citadel Securities through payment for order flow. It highlights Robinhood's significant revenue growth during the GameStop trading event and details the brokerage's reliance on market makers like Citadel. The piece also contrasts centralized market makers with decentralized finance solutions such as Uniswap, emphasizing the evolving landscape of financial markets.","The summary captures the main points from the article about Robinhood's revenue sources, Citadel's role as a market maker, the impact of the GameStop event, and the comparison with decentralized finance, providing a concise overview of the content."
https://claret.ca/publications/how-wealthsimple-robinhood-other-free-online-brokers-make-money,"How Wealthsimple, Robinhood and other “free” online brokers make money",Informative article on how 'free-trading' brokers like Wealthsimple and Robinhood generate revenue despite zero commissions; highlights Payment for Order Flow (PFOF) as a key revenue source involving routing US equity trades to market makers for fees; includes examples such as Apple stock trades and discusses US regulatory oversight including SEC enforcement actions and market structure rules.,"W. Christopher Kovalchuk, MBA",5/5/21,Yes,"The article contains a dedicated 'Payment for order flow (PFOF)' section that explains how brokers earn revenue through PFOF, specifically describing the routing of US stock trades to market makers and the compensation they receive. It uses US equities as examples (e.g., Apple) and references US regulatory aspects (SEC charges, NBBO, Regulation NMS) and market-makers like Citadel Securities, aligning with the context of US equity trading. This satisfies the criterion that the article discusses PFOF in the context of US equity markets.
References: [How Wealthsimple, Robinhood and other “free” online brokers make money](https://www.claret.ca/publications/how-wealthsimple-robinhood-other-free-online-brokers-make-money)",5/5/21,"The article explicitly states the date 'May 5, 2021' near the top, which aligns with the unverified date provided (05/05/2021). There are no other publication dates mentioned, so this is the correct publication date.",W. Christopher Kovalchuk,"The author's name is clearly stated multiple times in the webpage content as 'W. Christopher Kovalchuk, MBA'. The proper capitalization and format for the author's name is 'W. Christopher Kovalchuk'.",Negative,"The article critically discusses the hidden fees and charges associated with 'free' online brokers like Wealthsimple and Robinhood. It highlights regulatory issues, such as the SEC charges against Robinhood, and explains how investors end up paying through payment for order flow and currency conversion commissions. The tone is cautionary and points out the drawbacks and costs that investors face, indicating a predominantly negative sentiment.",Claret,"The article is published on the Claret website and the author, W. Christopher Kovalchuk, MBA, is described as a member of Claret since 2018 and currently working as an Associate Portfolio Manager at Claret. This indicates that the company affiliation of the author is Claret.","The article explains how so-called ""free"" online brokers like Wealthsimple and Robinhood generate revenue through hidden fees such as payment for order flow (PFOF) and currency conversion commissions. It highlights regulatory issues faced by Robinhood in the US market and details the impact of currency conversion fees on Canadian investors using Wealthsimple. The piece emphasizes the importance of transparency in investment fees, referencing Canadian CRM2 regulations to help investors understand the true costs of trading.","The summary captures the main points of the article, including the explanation of PFOF in the US equity market context, the currency conversion fees charged by Wealthsimple, regulatory actions against Robinhood, and the importance of fee transparency through CRM2 disclosures. This provides a concise overview of the article's content."
https://finance.yahoo.com/news/robinhood-makes-331-million-off-200226009.html,Robinhood Makes $331 Million Off Customers’ Trading Activity – Is Warren Buffett Right That It’s Basically a Casino?,Financial news article on Robinhood's revenue model; reports $331 million earned via payment for order flow by routing customer stock and options trades to high-speed traders such as Citadel Securities. Highlights scrutiny from Warren Buffett and Charlie Munger and situates earnings amid market frenzy and ongoing lawsuits and IPO plans.,"Yaёl Bizouati-KennedyTue, May 4, 20213 min readLink Copied6",5/4/21,Yes,"The article explicitly discusses payment for order flow in US equity trading. It states that when customers buy/sell stocks, Robinhood routes orders to high-speed traders such as Citadel Securities, which pay for the right to execute those trades, and explicitly identifies this as 'payment for order flow' (PFOF). This is in the context of US stock trading, fulfilling the criterion. Source snippet: 'When its customers buy and sell stocks and options, Robinhood routes those orders to high-speed traders, such as Citadel Securities, which pay for the right to execute many of those trades. The process is called payment for order flow.'
References: [Robinhood Makes $331 Million Off Customers’ Trading Activity – Is Warren Buffett Right That It’s Basically a Casino?](https://finance.yahoo.com/news/robinhood-makes-331-million-off-200226009.html)",5/4/21,"The article's publication date is explicitly mentioned as May 4, 2021, in the content and matches the unverified date given. This date is consistent with the format and source, confirming it as the publication date.",Yaël Bizouati-Kennedy,The author's name is found in the article metadata as 'Yaёl Bizouati-Kennedy'. The proper capitalization and format for the name is 'Yaël Bizouati-Kennedy'.,"Positive, Negative","The article presents a mixed sentiment. It highlights Robinhood's financial success and growth potential, which is positive. However, it also includes strong negative criticism from Warren Buffett and Charlie Munger, who describe Robinhood's business model as akin to a casino and harmful to investors. Robinhood's defense of its approach adds to the positive aspect, but the overall tone reflects both positive and negative sentiments.",GOBankingRates,"The article originally appeared on GOBankingRates.com, and multiple search results indicate that Yaёl Bizouati-Kennedy is a financial journalist who has written for GOBankingRates. This is the most relevant company affiliation for the author in the context of the article.
References: [Robinhood Makes $331 Million Off Customers’ Trading Activity – Is Warren Buffett Right That It’s Basically a Casino?](https://finance.yahoo.com/news/robinhood-makes-331-million-off-200226009.html), [Yaël Bizouati-Kennedy - GOBankingRates](https://www.gobankingrates.com/author/ybizouati)","The article reports that Robinhood earned $331 million in the first quarter from customers' trading activity through payment for order flow. It highlights criticism from Warren Buffett and Charlie Munger, who likened Robinhood to a casino, and includes Robinhood's defense of its business model as making investing more accessible. The article also notes Robinhood's upcoming IPO and its strong revenue growth.","The summary captures the key points of the article: Robinhood's earnings from payment for order flow, criticism from prominent investors, Robinhood's response, and its IPO plans, all based on the detailed content provided."
https://bestexresearch.com/insights/let-the-pfof-debate-begin,Let the PFOF Debate Begin,"Insightful article on payment for order flow (PFOF) in US equity markets; notes retail investors account for 25% of market volume, framing PFOF as a broad market structure concern; references a detailed paper analyzing PFOF's benefits and drawbacks alongside Citadel Securities' SEC recommendations, including a 50% tick size reduction for constrained stocks and calls for greater transparency; offers a nuanced perspective on execution costs and regulatory implications affecting both retail and institutional investors.",,5/4/21,Yes,"The article explicitly discusses payment for order flow (PFOF) in the context of US equity markets. It states that 25% of market volume is retail, frames PFOF as a market-structure issue affecting retail investors, references US market participants (e.g., Citadel Securities), discusses NBBO and wholesale market dynamics, and cites related US regulatory context. This aligns with the criterion requiring PFOF discussion within US equity trading. Sources drawn from the crawled page content: lines about PFOF affecting retail investors, Citadel/Virtu wholesale share, NBBO, and references to US market structure and SEC discussions.
References: [Let the PFOF Debate Begin - BestEx Research](https://www.bestexresearch.com/insights/let-the-pfof-debate-begin), [Articles - BestEx Research](https://www.bestexresearch.com/insight/articles), [Let the Payment for Order Flow Debate Begin - From TABB | Elite ...](https://elitetrader.com/et/threads/let-the-payment-for-order-flow-debate-begin-from-tabb.358427), [The Good, The Bad, & The Ugly of Payment for Order Flow](https://www.bestexresearch.com/research/the-good-the-bad-the-ugly-of-payment-for-order-flow), [Hitesh Mittal's Post - LinkedIn](https://www.linkedin.com/posts/hitesh-mittal-272a36_equities-futures-transactioncost-activity-7247606997288718338-1t2b), [Impact of retail off-exchange trading on U.S. equity market](https://www.tdsecurities.com/ca/en/retail-off-exchange-trading-us-equity-market), [[PDF] Eliminating Payment for Order Flow to Ensure Loyal Agents](https://bclawreview.bc.edu/articles/3061/files/6425deca63493.pdf), [Hitesh Mittal - Welcome to the team Hector Robles! - LinkedIn](https://www.linkedin.com/posts/hitesh-mittal-272a36_welcome-to-the-team-hector-robles-our-futures-activity-6863482252106575872-3XdD), [[PDF] Expert Opinion - Trade Republic](https://assets.traderepublic.com/assets/files/Impact_of_PFOF_on_Market_Quality%E2%80%93Elsas_Johanning_Theissen.pdf), [Payment for Order Flow: A Prisoner's Dilemma - TabbFORUM](https://tabbforum.com/opinions/payment-for-order-flow-a-prisoners-dilemma)",5/4/21,"The article's content clearly states the publication date as May 4, 2021, which matches the unverified date given initially. No contradictory information was found in the search results, confirming the publication date as 2021-05-04.",Hitesh Mittal,"The article 'Let the PFOF Debate Begin' on BestEx Research is authored by Hitesh Mittal, who is the founder and CEO of BestEx Research. Multiple sources including the article content and related search results confirm Hitesh Mittal as the author.
References: [Let the PFOF Debate Begin](https://www.bestexresearch.com/insights/let-the-pfof-debate-begin), [Articles - BestEx Research](https://www.bestexresearch.com/insight/articles), [Let the Payment for Order Flow Debate Begin - From TABB | Elite ...](https://elitetrader.com/et/threads/let-the-payment-for-order-flow-debate-begin-from-tabb.358427), [About - BestEx Research](https://www.bestexresearch.com/about)",Negative,"The article discusses payment for order flow (PFOF) in US equity markets with a critical tone. It highlights the monopolistic market structure created by PFOF, the harm it causes to market participants, and the informational advantage wholesalers have, which are negative aspects. While it acknowledges some positive suggestions from Citadel Securities, the overall sentiment is critical and focused on the negative implications and need for regulatory changes. Therefore, the sentiment is best classified as Negative.",BestEx Research,"The search results consistently identify Hitesh Mittal as the Founder and CEO of BestEx Research, confirming that the company name of the author is BestEx Research. This is supported by multiple sources including the official BestEx Research website and LinkedIn profile.
References: [Let the PFOF Debate Begin](https://www.bestexresearch.com/insights/let-the-pfof-debate-begin), [About - BestEx Research](https://www.bestexresearch.com/about), [Hitesh Mittal - AQR Capital Management - LinkedIn](https://www.linkedin.com/in/hitesh-mittal-272a36), [Hitesh Mittal - MarketsWiki, A Commonwealth of Market Knowledge](https://www.marketswiki.com/wiki/Hitesh_Mittal), [Hitesh Mittal - Founder and CEO @ BestEx Research - Crunchbase](https://www.crunchbase.com/person/hitesh-mittal)","The article discusses the implications of payment for order flow (PFOF) in US equity markets, highlighting concerns about monopolistic market structures created by wholesalers like Citadel and Virtu. It critiques current market practices and regulatory proposals, emphasizing the need for greater transparency and structural changes to ensure fairer competition and better execution outcomes for all market participants, including retail and institutional investors.","The summary is based on the detailed analysis in the article about PFOF's impact on market structure, the dominance of a few wholesalers, and the critique of existing regulatory suggestions, as presented in the provided content."
https://optionstradingiq.com/front-running,What is Front Running And Is It Legal? You Decide,"Educational article on front running in US equity markets; explains how brokers may execute orders ahead of large trades to profit, with historical context from 1928 Wall Street. Discusses payment for order flow (PFOF) and its role in order execution, including regulatory disclosure requirements and brokerages like Robinhood. Highlights legal and ethical nuances distinguishing legitimate PFOF from illegal front running practices.",Gavin,4/12/21,Yes,"The article explicitly discusses Pay For Order Flow (PFOF) in the context of front running and cites US equity market mechanics, including references to retail vs institutional orders and brokerages (e.g., Robinhood) and disclosure requirements. This shows the article addresses PFOF within US stock markets, satisfying the criterion. Key pointers from the page: 'how does payment for order flow (PFOF) fit into the equation?' and 'There are rules and regulations that require brokerages to disclose the practice of PFOF,' plus mention of Robinhood in relation to disclosures.
References: [What is Front Running And Is It Legal? You Decide](https://optionstradingiq.com/front-running)",4/13/21,"The closest verified information from the search result shows the article published on 04/13/2021, which is consistent with the unverified date provided on the webpage (04/12/2021) but more likely accurate as it comes from the website itself.
References: [What is Front Running And Is It Legal? You Decide](https://optionstradingiq.com/front-running)",Gavin McMaster,"The author's first name is given as Gavin on the article. A search for the author Gavin associated with optionstradingiq.com revealed that the full name is Gavin McMaster. This is supported by the About page of the site and other sources linking Gavin McMaster to options trading and the site.
References: [What is Front Running And Is It Legal? You Decide](https://optionstradingiq.com/front-running), [About Options Trading IQ](https://optionstradingiq.com/about), [Gavin McMaster - Wealth365 Summit – Online Financial Conference](https://www.wealth365.com/speakers/gavin-mcmaster), [Gavin McMaster's Profile | Freelance Journalist - Muck Rack](https://muckrack.com/gavin-mcmaster)",Neutral,"The article provides an informative and balanced discussion about front running and payment for order flow, explaining both the illegal and legal aspects, as well as the gray areas. It does not express strong positive or negative opinions but rather presents the topic with nuance and factual explanations, indicating a neutral sentiment.",Options Trading IQ,"The author Gavin is identified as the founder of Options Trading IQ, as supported by search results indicating he is a self-taught option trader with 19 years experience and founder of Options Trading IQ. This aligns with the website domain and the article's context.
References: [What is Front Running And Is It Legal? You Decide](https://optionstradingiq.com/front-running), [About Options Trading IQ](https://optionstradingiq.com/about), [Articles by Gavin McMaster's Profile | Freelance Journalist - Muck Rack](https://muckrack.com/gavin-mcmaster/articles)","The article explains front running, its history, and how it involves using non-public information to profit before clients' orders are executed. It distinguishes illegal front running from legal gray areas, including the practice of payment for order flow (PFOF) where brokerages sell order flow to high-frequency trading firms. The article discusses how PFOF works in the US equity markets, its impact on retail and institutional traders, and the importance of disclosure for legality. It also mentions using public market data to anticipate stock movements as a legal alternative.","The summary is based on the detailed explanation in the article about front running, its legality, the role of PFOF in US equity markets, and the use of public information for trading. This captures the main points concisely."
https://investopedia.com/robinhood-reportedly-filed-confidentially-for-ipo-5118086,Robinhood Reportedly Filed Confidentially for IPO,"News article covering Robinhood Markets' confidential IPO filing; details a valuation surge from $12B in Sept 2020 to ~$40B by early 2021 amid retail trading booms. Highlights Robinhood's involvement in meme stock volatility, trading restrictions on securities like GameStop, resulting class action lawsuits, and regulatory scrutiny. Explains Robinhood's revenue from payment for order flow (PFOF) in US equities, noting prior SEC penalties for PFOF disclosure issues.",Full Bio,3/23/21,Yes,"The article explicitly discusses payments for order flow (PFOF) as a revenue stream for Robinhood and defines PFOF as a broker receiving compensation for routing orders, within the context of US equity markets. It also notes past regulatory action (SEC penalty) related to PFOF disclosures, all of which confirms the US equities PFOF context. Source: the 'How Robinhood Makes Money' section and related SEC disclosure content in the crawled Investopedia article.
References: [Robinhood Reportedly Filed Confidentially for IPO](https://www.investopedia.com/robinhood-reportedly-filed-confidentially-for-ipo-5118086)",3/23/21,"The article references Bloomberg's report dated March 23, 2021, and the article itself is marked with the same date. This alignment indicates the publication date is March 23, 2021.",Elana Duré,"The search results indicate that the Investopedia article titled 'Robinhood Reportedly Filed Confidentially for IPO' was written by Elana Duré, a markets writer for Investopedia. This matches the context of the article and provides a proper author name in the requested format.
References: [Robinhood Reportedly Filed Confidentially for IPO - Investopedia](https://www.investopedia.com/robinhood-reportedly-filed-confidentially-for-ipo-5118086)",Negative,"The article discusses Robinhood's IPO filing but highlights significant negative aspects such as trading restrictions during volatile market conditions, a class action lawsuit, accusations of aggressive marketing tactics, and a regulatory penalty related to payment for order flow. These negative points dominate the narrative, indicating an overall negative sentiment toward Robinhood in this context.",Investopedia,"The article is published on Investopedia and the author is listed as 'Full Bio', which is a placeholder rather than a person's name. Therefore, the company author is Investopedia.","Robinhood Markets filed confidentially for an IPO amid a surge in retail investor trading. The company faced backlash for restricting trades on volatile stocks like GameStop, leading to a class action lawsuit and regulatory scrutiny. Robinhood's revenue largely comes from payments for order flow, along with membership fees and interest. The company settled with the SEC over disclosure failures related to this practice.","The summary concisely captures the key points from the article: IPO filing, trading restrictions controversy, revenue sources including payments for order flow, and regulatory issues, based on the Investopedia content provided."
https://robinhood.engineering/demystifying-payment-for-order-flow-119581544210,Demystifying payment for order flow,"Informative article from Robinhood Engineering explaining payment for order flow in US equity markets; authored by Jim Swartwout and published in March 2021. Details how Robinhood routes stock, ETF, and options orders to market makers who pay rebates, with Robinhood Securities earning a fixed percentage of the bid-ask spread on executed trades. Highlights the connection between this practice and zero-commission trading, clarifying misconceptions and emphasizing customer benefits such as potentially better pricing than exchanges.",Jim Swartwout,3/4/21,Yes,"The article discusses payment for order flow in the context of US equity markets. It mentions that major brokers in the U.S. went to zero commission and that Robinhood makes money through payment for order flow. It also mentions that when you buy or sell stocks, ETFs, and options through your brokerage account, Robinhood sends your orders to market makers who execute them. The article also mentions that Robinhood Securities earns a fixed percentage of the bid-ask spread at the time your trade is executed for stocks.
References: [Demystifying payment for order flow](https://robinhood.engineering/demystifying-payment-for-order-flow-119581544210)",3/4/21,"The article on Robinhood's engineering blog is dated March 4, 2021, as indicated both in the article header and the content section where it states 'Mar 4, 2021'. This matches the unverified date provided initially and is consistent with the publication date format.",Jim Swartwout,"The author's name is clearly mentioned in the article as Jim Swartwout, with proper capitalization and format as requested.",Positive,"The article explains payment for order flow in a factual and informative way, addressing misconceptions and emphasizing benefits to customers. It highlights Robinhood's transparency and positive impact on the industry, reflecting a positive sentiment towards the practice and the company's role.",Robinhood,"The article is published on Robinhood's engineering blog and the author, Jim Swartwout, is identified as the President and COO of Robinhood Securities, which is part of Robinhood. Therefore, the company name of the author is Robinhood.","The article explains payment for order flow (PFOF) in the U.S. equity markets, describing how Robinhood earns revenue by routing customer orders to market makers who pay rebates. It clarifies that Robinhood prioritizes best execution for customers, with no incentive to favor any market maker based on payment. The piece highlights the transparency of PFOF through published disclosures and contrasts the current low costs for retail investors with higher commissions in the past, emphasizing Robinhood's role in pioneering commission-free trading.","The summary captures the key points of the article which discusses payment for order flow in the context of U.S. equity markets, how Robinhood makes money from it, the transparency involved, and the benefits to retail investors compared to historical commission costs. This aligns with the content provided in the article."
https://fmtrust.bank/money-moves-article/investor-alert-robinhood-app-hit-with-hefty-fine-from-federal-regulators,Investor Alert: Robinhood app hit with hefty fine from federal regulators,"News article covering SEC charges against Robinhood Financial LLC, a commission-free trading app with $0 account minimum; highlights Robinhood's failure to disclose payment for order flow as its largest revenue source and its breach of best execution duties; details a $65 million settlement related to misleading customer communications from 2015 to 2018; contextualizes PFOF within US equity markets, including payments from firms like Citadel Securities.",,2/23/21,Yes,"Yes. The article explicitly discusses payment for order flow (PFOF) in the US equity context: it cites the SEC charging Robinhood for failing to disclose receipt of payments from trading firms for routing customers' orders, states that Robinhood's primary revenue source was PFOF, and mentions Citadel Securities paying Robinhood for routing in 2020, all within the US equities framework (stocks). This satisfies the criterion that the article covers PFOF in US equity markets.
References: [Robinhood, Schwab led US$340m retail order flow payment ...](https://www.globaltrading.net/robinhood-schwab-led-us461m-retail-order-flow-payment-bonanza-in-may), [Payments for US retail flow reach record high, led by Citadel ...](https://www.globaltrading.net/payment-for-us-retail-flow-reaches-record-high-led-by-citadel-securities-imc), [Robinhood CEO says payment for order flow is 'here to stay' - CNBC](https://www.cnbc.com/2023/12/01/robinhood-ceo-says-payment-for-order-flow-is-here-to-stay.html), [Payment For Order Flow & Market Implications - Bloomberg Law](https://www.bloomberglaw.com/external/document/X1RP679S000000/capital-markets-professional-perspective-payment-for-order-flow-), [[PDF] Payment for Order Flow and the Retail Trading Experience](https://wifpr.wharton.upenn.edu/wp-content/uploads/2023/10/Payment-for-Order-Flow.pdf), [Payment for order flow (PFOF): what it is and why it's controversial - Curvo](https://curvo.eu/article/payment-for-order-flow-pfof), [[DOC] https://investors.robinhood.com/static-files/c5bd2...](https://investors.robinhood.com/static-files/c5bd280f-b400-4bff-b5c3-7b4cffbd4ff0), [Market Structure & Order Execution - Robinhood Policy Positions](https://policy.aboutrobinhood.com/policy/order-execution), [Payment for order flow : r/etrade](https://www.reddit.com/r/etrade/comments/omwh68/payment_for_order_flow), [Robinhood made $331 million from clients' trading activity in Q1 2021](https://www.cnbc.com/2021/05/03/robinhood-made-331-million-from-clients-trading-activity-in-q1-2021.html), [Investor Alert: Robinhood app hit with hefty fine from federal regulators](https://fmtrust.bank/money-moves-article/investor-alert-robinhood-app-hit-with-hefty-fine-from-federal-regulators)",2/23/21,"The article explicitly states the date February 23, 2021, at the beginning of the content and also in the metadata section under the author name Shelby White. This date matches the unverified published date provided and is consistent with the context of the SEC charges against Robinhood around that time.",Shelby White,The author's name is explicitly mentioned in the article content as 'Shelby White' who is identified as the corporate communications officer at F&M Trust. This matches the requested format with proper capitalization.,Negative,"The article focuses on Robinhood being charged by the SEC for misleading customers about payment for order flow, failing to seek best execution for customer orders, and agreeing to pay a $65 million fine. The tone is critical and highlights regulatory violations and penalties, which clearly indicates a negative sentiment.",F&M Trust,"The article states that Shelby White is the corporate communications officer at F&M Trust, indicating that the company author is F&M Trust, properly capitalized.","The article reports that the SEC charged Robinhood Financial LLC with failing to disclose its primary revenue source—payment for order flow (PFOF)—and for not seeking the best execution prices for customer orders. Robinhood agreed to pay a $65 million fine and implement changes after misleading customers about its revenue and execution quality. The SEC highlighted that Robinhood's PFOF practice led to inferior trade prices, costing customers $34.1 million in aggregate.","The summary is based on the article content which details the SEC charges against Robinhood regarding its payment for order flow practices, the fine imposed, and the impact on customers. It captures the key points of the regulatory action, the nature of the violations, and the consequences for Robinhood and its customers."
https://fintechnews.ch/roboadvisor_onlinewealth/how-free-trading-platform-robinhood-makes-money/42562,How Free Trading Platform Robinhood Makes Money,"Detailed article on Robinhood, a US-based free retail brokerage platform; highlights that Robinhood generates significant revenue through payment for order flow (PFOF), which involves compensation for directing customer orders to third-party market makers. The article contextualizes PFOF within US equity markets, referencing major brokerages like Charles Schwab and E-Trade, and regulatory bodies such as the SEC and FINRA, providing a clear overview of Robinhood's monetization strategy in compliance with US financial regulations.",Fintechnews Switzerland,2/9/21,Yes,"The article explicitly covers payment for order flow (PFOF) in the context of US equity markets. It includes a section 'How Robinhood makes money' stating 'Like other retail brokerage firms, Robinhood generates significant income from payments for order flow (PFOF).', describes PFOF as compensation for directing orders to third parties or market makers, and cites US brokerages (Charles Schwab, E-Trade) and references US regulators (SEC, FINRA) in a US equity context. This satisfies the criterion focused on PFOF in US equities. Sources: the crawled page content from 'How Free Trading Platform Robinhood Makes Money'.
References: [How Free Trading Platform Robinhood Makes Money](https://fintechnews.ch/roboadvisor_onlinewealth/how-free-trading-platform-robinhood-makes-money/42562)",2/9/21,"The article content explicitly references the publication date as February 9, 2021, which aligns with the initial date provided (02/09/2021) but in a more clearly formatted way. This confirms the article was published on 2021-02-09.",,"The article's author is listed as 'Fintechnews Switzerland' which is an organization name, not a person's name. There is no individual author's first and last name provided in the content or metadata of the article. Therefore, the author's name in the requested format cannot be determined from the given information.",Neutral,"The article provides a balanced view of Robinhood, highlighting both positive aspects such as its disruption of the brokerage industry, accessibility for younger and lower-income investors, and rapid user growth, as well as negative aspects including regulatory fines, SEC charges, and controversy over payment for order flow. The tone is factual and neutral, presenting both sides without strong bias.",Fintechnews Switzerland,"The author is listed as 'Fintechnews Switzerland' in the article metadata and content, indicating the company name of the author.","The article explains how Robinhood, a popular fintech startup, offers commission-free trading of stocks, ETFs, options, and cryptocurrencies, attracting mainly younger investors. Robinhood's main revenue source is payment for order flow (PFOF), where it earns significant income by directing customer orders to third parties for execution. This practice accounts for a large portion of Robinhood's revenue, though it has faced regulatory scrutiny. The platform's user base grew rapidly, especially during the COVID-19 pandemic and the GameStop trading frenzy.","The summary captures the key points from the article about Robinhood's business model, its appeal to younger investors, and its primary revenue source being payment for order flow, along with regulatory challenges and rapid user growth."
https://ft.com/content/8d6467df-ef27-4f2f-82df-77e8213f5199,Order flow sales/Robinhood: no free lunch,"Financial Times article examining payment for order flow (PFOF) in US equity markets; focuses on Robinhood's involvement and the economic trade-offs of PFOF practices. It provides insight into how exchanges and market makers compensate brokers for order flow, revealing the complexities and potential costs behind seemingly free trading services.",,2/5/21,Yes,"The article's title 'Order flow sales/Robinhood: no free lunch' and the snippet explicitly mention 'Payment for order flow, or Pfof, involves exchanges or market-making ... US equities', indicating discussion of PFOF in the context of US equity markets (with Robinhood referenced). This satisfies the criterion that the article discusses PFOF in US equities. Source: FT article at https://www.ft.com/content/8d6467df-ef27-4f2f-82df-77e8213f5199.
References: [Order flow sales/Robinhood: no free lunch](https://www.ft.com/content/8d6467df-ef27-4f2f-82df-77e8213f5199)",2/5/21,"The publication date of the article 'Order flow sales/Robinhood: no free lunch' is indicated as February 5, 2021 (2021-02-05) on the Financial Times website and in multiple search results. Although initially marked as unverified, the consistent date across sources supports this as the correct publication date.
References: [Order flow sales/Robinhood: no free lunch](https://www.ft.com/content/8d6467df-ef27-4f2f-82df-77e8213f5199)",,"The article is behind a paywall on the Financial Times website and the publicly accessible metadata and search results do not reveal the author's name. No author information was found in the article snippet, related search results, or metadata from FT.com or other sources.
References: [Order flow sales/Robinhood: no free lunch - Financial Times](https://www.ft.com/content/8d6467df-ef27-4f2f-82df-77e8213f5199)",Negative,"The article title 'Order flow sales/Robinhood: no free lunch' suggests a critical or cautionary tone regarding payment for order flow (PFOF) in US equity markets. The phrase 'no free lunch' implies there are downsides or costs involved, indicating a negative sentiment. The snippet and context do not provide positive language, supporting the conclusion of a negative sentiment.",Financial Times,The article is published on the Financial Times website (ft.com) and no other author company is specified. It is standard to attribute such articles to the Financial Times as the company author.,"The article discusses payment for order flow (PFOF) in the US equity markets, focusing on how exchanges and market makers are involved, with specific reference to Robinhood. It highlights the implications of PFOF and the concept that there is no free lunch in such order flow sales.","The article title and snippet explicitly mention payment for order flow in US equities and Robinhood, indicating the content covers these topics. Despite subscription restrictions limiting full content access, the available information supports a summary focused on PFOF's role and implications in US equity trading."
https://bloomberg.com/opinion/articles/2021-02-05/robinhood-gamestop-saga-pressures-payment-for-order-flow,People Are Worried About Payment for Order Flow,"Bloomberg Opinion article by Matt Levine analyzing payment for order flow (PFOF) in U.S. equity markets; uses the 2021 GameStop trading event and Robinhood's involvement to explain PFOF mechanics with retail orders. Provides an intuitive breakdown of simultaneous buy and sell market orders and their routing, emphasizing ongoing concerns about PFOF's influence on market structure.",,2/5/21,Yes,"The Bloomberg Opinion article explicitly discusses payment for order flow (PFOF) and ties it to US equity markets through its subject (Robinhood and the GameStop saga) and the included intuitive description of how PFOF works with retail orders routed in US stock trading. The crawled page content shows the article’s section explaining PFOF and its connection to GameStop trading, indicating US equities context.
References: [People Are Worried About Payment for Order Flow - Bloomberg](https://www.bloomberg.com/opinion/articles/2021-02-05/robinhood-gamestop-saga-pressures-payment-for-order-flow), [[PDF] FACT SHEET – Payment for Order Flow - Better Markets](https://bettermarkets.org/wp-content/uploads/2022/03/Better_Markets_Payment_for_Order_Flow_Long_02-21-2021.pdf), [Robinhood CEO says payment for order flow is 'here to stay' - CNBC](https://www.cnbc.com/2023/12/01/robinhood-ceo-says-payment-for-order-flow-is-here-to-stay.html), [Money Stuff: Does Robinhood Need Payment for Order Flow?](https://www.bloomberg.com/news/newsletters/2021-08-31/what-happens-to-robinhood-if-the-sec-bans-payment-for-order-flow-kt0a5kjg), [Payment For Order Flow & Market Implications - Bloomberg Law](https://www.bloomberglaw.com/external/document/X1RP679S000000/capital-markets-professional-perspective-payment-for-order-flow-), [Payment for order flow : r/etrade](https://www.reddit.com/r/etrade/comments/omwh68/payment_for_order_flow), [Money Stuff - Payment for Order Flow - Matt Edwards](https://mattedwards.org/2021/02/money-stuff-payment-for-order-flow), [The wisdom of Matt Levine, payment for order flow](https://marginalrevolution.com/marginalrevolution/2021/02/the-wisdom-of-matt-levine-payment-for-order-flow.html), [Payment for order flow - Wikipedia](https://en.wikipedia.org/wiki/Payment_for_order_flow), [[PDF] GameStop, Short Squeezes, and Predatory Trading](https://economics.princeton.edu/wp-content/uploads/2021/02/Combined-Slides.pdf), [Robinhood-GameStop hearing: 'Payment for order flow' to ... - CNBC](https://www.cnbc.com/2021/02/18/payment-for-order-flow-the-controversial-wall-street-practice-to-draw-scrutiny-at-robinhood-hearing.html), [GameStop short squeeze | Research Starters - EBSCO](https://www.ebsco.com/research-starters/business-and-management/gamestop-short-squeeze), [The GameStop Episode: What Happened and What Does It Mean?](https://www.cato.org/cato-journal/fall-2021/gamestop-episode-what-happened-what-does-it-mean), [AOC wants Robinhood to return payment for order flow profits - CNBC](https://www.cnbc.com/2021/02/19/aoc-wants-robinhood-to-return-payment-for-order-flow-profits.html), [Regulators Consider Payment for Order Flow and the Gamification ...](https://www.carltonfields.com/insights/publications/2021/regulators-consider-payment-for-order-flow-and-the), [- GAME STOPPED? WHO WINS AND LOSES WHEN SHORT ...](https://www.govinfo.gov/content/pkg/CHRG-117hhrg43966/html/CHRG-117hhrg43966.htm), [PFOF is going away, but the problem isn't - Optiver](https://optiver.com/insights/pfof-is-going-away-but-the-problem-isnt), [[PDF] How Robinhood's GameStop Trading Halt Reveals the Complexities ...](https://ir.lawnet.fordham.edu/cgi/viewcontent.cgi?article=1536&context=jcfl)",2/5/21,"The article's content clearly states the publication date as February 5, 2021, at 12:09 PM EST. This matches the unverified date given in the initial result and is confirmed by the article's own timestamp on Bloomberg's website.",Matt Levine,The article's author is explicitly mentioned as Matt Levine in the webpage content and author byline section of the provided result.,Neutral,"The article by Matt Levine on Bloomberg Opinion explains payment for order flow in the context of the GameStop saga and U.S. equity markets. It provides an intuitive description of how payment for order flow works and discusses the concerns people have about it. The tone is informative and explanatory without strong positive or negative bias, indicating a neutral sentiment.",Bloomberg,"The article is authored by Matt Levine, who is identified as a Bloomberg Opinion columnist. The webpage is hosted on Bloomberg's website, indicating that the company associated with the author is Bloomberg.","The article explains payment for order flow (PFOF) in the context of US equity markets, using the GameStop trading saga and Robinhood as examples. It provides an intuitive explanation of how PFOF works, where brokers route orders to market makers and earn a fee, benefiting buyers and sellers by improving prices. The piece highlights ongoing concerns and discussions about the practice's impact on market structure.","The summary is based on the article content which discusses PFOF, its mechanism, and its relevance to the GameStop episode and Robinhood, reflecting the main points concisely."
https://ft.com/content/6651f34a-0d8d-4d68-bdf9-23b355f8c9db,Wall Street firms paid almost $3bn last year for retail brokers’ trades,"Financial Times article analyzing payment for order flow in US equity markets; reports Wall Street firms paid almost $3 billion last year to retail brokers for their trades, highlighting significant regulatory and legislative attention in Washington due to concerns over market fairness and transparency.",,2/5/21,Yes,"The crawled FT article 'Wall Street firms paid almost $3bn last year for retail brokers’ trades' directly discusses 'payment for order flow' (PFOF) and refers to retail broker trades in the context of US equities, including attention from lawmakers/regulators in Washington. This aligns with criterion: PFOF in US equity markets. Sources: crawled page content showing title and snippet mentioning 'Payment for order flow' and 'retail brokers’ trades' in the US equities context.
References: [Wall Street firms paid almost $3bn last year for retail brokers' trades](https://www.ft.com/content/6651f34a-0d8d-4d68-bdf9-23b355f8c9db), [Order flow sales/Robinhood: no free lunch - Financial Times](https://www.ft.com/content/8d6467df-ef27-4f2f-82df-77e8213f5199), [Q: How Do Day Traders Make Money? - ZipRecruiter](https://www.ziprecruiter.com/e/How-Do-Day-Traders-Make-Money), [Gensler says SEC to review payment for order flow - Financial Times](https://www.ft.com/content/83dff8fc-14ac-4e67-a969-20b358c349e8), [Madison Darbyshire - Financial Times](https://www.ft.com/madison-darbyshire?page=10), [Payment for Order Flow (PFOF): Definition and How It Works](https://www.investopedia.com/terms/p/paymentoforderflow.asp), [Wall Street firms paid almost $3bn last year for retail brokers' trades ...](https://www.reddit.com/r/business/comments/ld9vnt/wall_street_firms_paid_almost_3bn_last_year_for), [Philip Stafford - Financial Times](https://www.ft.com/philip-stafford?page=14), [Patrick Temple-West - Financial Times](https://www.ft.com/patrick-temple-west?page=27), [[PDF] Financial Industry Regulatory Authority, Inc. (FINRA)](https://www.warren.senate.gov/download/02162021-letter-from-senator-warren-to-mr-cook)",5/2/21,"The article from Financial Times titled 'Wall Street firms paid almost $3bn last year for retail brokers’ trades' is listed with the published date 02/05/2021. Given the UK-based Financial Times likely uses day/month/year format, the publication date is May 2, 2021.
References: [Wall Street firms paid almost $3bn last year for retail ...](https://www.ft.com/content/6651f34a-0d8d-4d68-bdf9-23b355f8c9db)",Philip Stafford,"The name Philip Stafford appears multiple times in the search results and initial context related to the article 'Wall Street firms paid almost $3bn last year for retail brokers’ trades' on Financial Times, indicating he is the author.
References: [Wall Street firms paid almost $3bn last year for retail ...](https://www.ft.com/content/6651f34a-0d8d-4d68-bdf9-23b355f8c9db)",Negative,"The article discusses the payment for order flow practice in US equity markets, highlighting that Wall Street firms paid almost $3bn last year for retail brokers' trades. It also notes that this practice has attracted the attention of lawmakers and regulators in Washington, which typically indicates regulatory concern or scrutiny. The tone is more critical or cautious rather than positive, suggesting a negative sentiment towards the practice or its implications.",Financial Times,"The article is published on the Financial Times website and the authors mentioned in related search results are all associated with Financial Times, indicating the company name of the author is Financial Times.","The article reports that Wall Street firms paid nearly $3 billion last year for retail brokers' trades through payment for order flow. This practice, common in US equity markets, has drawn scrutiny from lawmakers and regulators in Washington due to concerns about its impact on market fairness and transparency.","The summary is based on the article title, snippet, and search results which highlight the key points about payment for order flow, the amount paid by Wall Street firms, and regulatory attention."
https://markets.businessinsider.com/news/stocks/payment-for-order-flow-robinhood-bill-gurley-trading-app-public-2021-2-1030028631,"Payment for order flow under fire amid Bill Gurley criticism, Public shift","Financial news article analyzing Payment for Order Flow (PFOF) in US equity markets; details Robinhood's PFOF revenue model and Public.com's move to end PFOF by routing trades directly to Nasdaq and NYSE. Highlights market makers like Citadel Securities and contextualizes the debate with Bill Gurley's call to ban PFOF, referencing the GameStop trading controversy.",Matthew Fox,2/1/21,Yes,"Yes. The crawled article explicitly discusses Payment for Order Flow (PFOF) in the US equity markets. It defines PFOF as broker compensation for routing customer orders to market makers, references Robinhood's PFOF revenue and mentions market makers (e.g., Citadel Securities), and notes Public.com's move to end PFOF and route trades directly to US exchanges (Nasdaq/NYSE). It also ties the discussion to US equities via GameStop coverage and mentions US exchanges. This satisfies the criterion that the article discusses PFOF in the context of US equity trading.
References: [Payment for order flow under fire amid Bill Gurley criticism, Public shift](https://markets.businessinsider.com/news/stocks/payment-for-order-flow-robinhood-bill-gurley-trading-app-public-2021-2-1030028631)",2/1/21,"The article's published date is explicitly mentioned in the content as 2021-02-01T16:10:58Z, which corresponds to February 1st, 2021. This matches the unverified published date given in the initial result (02/01/2021).",Matthew Fox,The author's name is explicitly mentioned in the webpage content as 'Matthew Fox' with proper capitalization.,Negative,"The article predominantly presents a critical view of the payment for order flow (PFOF) practice, highlighting Bill Gurley's strong opposition and calling the practice problematic and banned in other countries. While it mentions Public.com's positive move away from PFOF to a tipping model, the overall tone is focused on the negative aspects and controversy surrounding PFOF, making 'Negative' the most appropriate sentiment classification.",Business Insider,"The article is authored by Matthew Fox and published on Business Insider, indicating that the company affiliation of the author is Business Insider.","The article discusses the controversy around payment for order flow (PFOF) in US equity markets, highlighting VC investor Bill Gurley's call to ban the practice. It explains how PFOF enables $0 commission trading but creates conflicts of interest. Robinhood generates significant revenue from PFOF, while brokerage Public.com is abandoning it in favor of direct routing to exchanges and an optional tipping model.","The summary is based on the article content which explains the PFOF practice, Bill Gurley's criticism, Robinhood's revenue from PFOF, and Public.com's shift away from PFOF to direct routing and tipping. This captures the key points of the article concisely."
https://washingtonpost.com/business/2021/01/29/robinhood-citadel-gamestop-reddit,Robinhood and Citadel’s relationship comes into focus as Washington vows to examine stock-market moves,"Washington Post article analyzing Robinhood’s payment-for-order-flow model in US equity markets; details Robinhood routing over 50% of customer orders to Citadel Securities, its largest market-making partner, generating significant revenue through order-flow payments. Highlights regulatory scrutiny and SEC settlements concerning these arrangements, especially after Robinhood’s 2021 trading restrictions amid the GameStop surge, raising concerns about conflicts of interest and market fairness.","Douglas MacMillan, Yeganeh Torbati",1/29/21,Yes,"The Washington Post article explicitly discusses payment-for-order-flow (PFOF) in the US equity markets: it notes Robinhood’s revenue from Citadel Securities, that Robinhood routes more than half of customer orders to Citadel (a major market-maker), describes order-flow payments, and cites an SEC settlement over Robinhood’s order-flow arrangements—all within the context of US stock trading (e.g., GameStop) and regulatory scrutiny.
References: [Robinhood and Citadel's relationship comes into focus as ...](https://www.washingtonpost.com/business/2021/01/29/robinhood-citadel-gamestop-reddit), [Robinhood CEO defends payment for order flow, says practice is ...](https://www.reddit.com/r/technology/comments/1892jtq/robinhood_ceo_defends_payment_for_order_flow_says), [Robinhood CEO says payment for order flow is 'here to stay' - CNBC](https://www.cnbc.com/2023/12/01/robinhood-ceo-says-payment-for-order-flow-is-here-to-stay.html), [Citadel Securities paid US$943m for retail US equity, options order ...](https://www.reddit.com/r/Superstonk/comments/1iu81eh/citadel_securities_paid_us943m_for_retail_us), [[PDF] How Robinhood's GameStop Trading Halt Reveals the Complexities ...](https://scholarship.law.tamu.edu/cgi/viewcontent.cgi?article=2781&context=facscholar), [The Real Reason Robinhood Blocked Trading On GameStop - Finimize](https://finimize.com/content/real-reason-robinhood-blocked-trading-gamestop), [How the rich got richer: Reddit trading frenzy benefited Wall Street elite](https://www.washingtonpost.com/business/2021/02/08/gamestop-wallstreet-wealth), [[PDF] 2021.02.16 Letter to Citadel re financial relationships with Robinhood](https://www.warren.senate.gov/download/02162021-letter-from-senator-warren-to-mr-griffin-updated), [Is Robinhood Safe? Legit & Secure Brokerage Explained - ZenLedger](https://zenledger.io/blog/is-robinhood-safe), [I literally think that Robinhood is in majors with hundreds of hedge ...](https://www.reddit.com/r/Daytrading/comments/1l46r1b/i_literally_think_that_robinhood_is_in_majors)",1/29/21,"The article's published date is indicated as 01/29/2021 in the provided webpage content metadata, which corresponds to January 29, 2021. This date matches the timeline of events described in the article about the GameStop trading controversy and related regulatory scrutiny.","Douglas MacMillan, Yeganeh Torbati","The authors' names are explicitly mentioned in the provided webpage content as Douglas MacMillan and Yeganeh Torbati, with proper capitalization and format.",Negative,"The article discusses Robinhood's and Citadel's relationship in a critical context, highlighting regulatory scrutiny, potential conflicts of interest, accusations from retail investors, and concerns about market manipulation. It also mentions the SEC investigation and political calls for hearings, which indicate a negative sentiment towards the practices and events described. There is no positive framing or neutral stance emphasized, making the overall sentiment Negative.",The Washington Post,"The article is published on The Washington Post website, and the authors Douglas MacMillan and Yeganeh Torbati are journalists for The Washington Post, making it the company associated with the authors.","The article discusses the close relationship between Robinhood and Citadel Securities, focusing on Robinhood's reliance on payment-for-order-flow revenue from Citadel. It highlights regulatory and political scrutiny following Robinhood's decision to limit trading of certain stocks during the GameStop trading frenzy, amid accusations of influence by Citadel. The piece also covers the broader implications of order-flow payments in the US equity markets, regulatory investigations, and the lobbying efforts of both companies.","The summary captures the main points of the article, including the relationship between Robinhood and Citadel, the controversy during the GameStop trading event, regulatory scrutiny of payment-for-order-flow practices, and the political and lobbying context, all of which are clearly detailed in the provided content."
https://nbcnews.com/business/business-news/sec-charges-investment-app-robinhood-misleading-customers-rcna205,SEC charges investment app Robinhood with misleading customers,"NBC News article detailing the SEC's $65 million civil penalty against Robinhood for misleading customers about its revenue sources; highlights Robinhood's reliance on payment for order flow from trading firms in US equity markets, which led to inferior trade execution prices despite commission-free trading claims; notes Robinhood's $11.7 billion valuation and over $1 billion raised in 2020, contextualizing its market impact and regulatory scrutiny.","By Maggie Fitzgerald, CNBC",12/17/20,Yes,"Yes. The NBC News article explicitly discusses payment for order flow in the context of US equity markets. It quotes the SEC about Robinhood receiving payments from trading firms for routing customer orders (the 'payment for order flow' mechanism) and mentions market makers like Citadel Securities and Virtu paying brokers for order routing rights, tying PFOF directly to US stock trading and Robinhood’s business model.
References: [SEC charges investment app Robinhood with misleading customers](https://www.nbcnews.com/business/business-news/sec-charges-investment-app-robinhood-misleading-customers-rcna205)",12/17/20,"The article content includes a timestamp stating it was published on Dec. 17, 2020, at 3:50 PM UTC and updated shortly after. This matches the unverified published date provided in the initial data, confirming the publication date as 2020-12-17.",Maggie Fitzgerald,"The article's byline clearly states the author as 'By Maggie Fitzgerald, CNBC'. This matches the requested format of '<First> <Last>' with proper capitalization.",Negative,"The article primarily focuses on the SEC charging Robinhood for misleading customers about payment for order flow and failing to provide best execution of trades, resulting in a $65 million penalty. It highlights misleading statements, inferior trade prices costing customers money, and regulatory complaints about predatory marketing and platform issues. Although Robinhood's response mentions improvements and transparency, the overall tone is critical and negative due to the regulatory actions and financial penalties.",CNBC,"The article explicitly states that the author, Maggie Fitzgerald, is from CNBC, which is the company associated with her as the author of the article.","The SEC charged Robinhood with misleading customers about how it makes money, specifically regarding its largest revenue source, payment for order flow. Robinhood agreed to pay a $65 million penalty without admitting wrongdoing. The SEC found Robinhood provided inferior trade prices costing customers $34.1 million despite commission-free trading. Robinhood has since improved transparency and execution quality. The charges follow complaints about Robinhood's marketing tactics and platform issues.","The summary captures the main points from the article: SEC's charges against Robinhood for misleading customers about payment for order flow, the penalty, the impact on customers, and Robinhood's response and improvements. It also notes the broader regulatory context mentioned in the article."
https://cnbc.com/2020/12/17/sec-charges-robinhood-with-misleading-customers-about-how-it-makes-money.html,SEC charges Robinhood with misleading customers about how it makes money,"News report on SEC charges against Robinhood, a stock trading app valued at $11.7 billion with over $1 billion raised in 2020; highlights Robinhood's $65 million civil penalty for misleading customers about its primary revenue source—payment for order flow—and failing to provide best execution of trades; details that Robinhood received $180 million in PFOF payments in Q2 2020 from market makers like Citadel Securities and Virtu, impacting trade execution prices despite promoting commission-free trading; emphasizes the controversy and legality of PFOF in US equity markets and Robinhood's pivotal role in popularizing commission-free trading.",Maggie Fitzgerald,12/17/20,Yes,"The CNBC article explicitly discusses 'payment for order flow' (PFOF) as Robinhood's largest revenue source and describes market makers (e.g., Citadel Securities, Virtu) paying brokers to route customer orders, i.e., PFOF in US equity trading. It also centers on US stock trading context (Robinhood, market makers, order routing), satisfying the criterion that the discussion is in the context of US equity markets.
References: [SEC charges Robinhood with misleading customers about how it ...](https://www.cnbc.com/2020/12/17/sec-charges-robinhood-with-misleading-customers-about-how-it-makes-money.html), [SEC Charges Robinhood Financial With Misleading Customers ...](https://www.sec.gov/newsroom/press-releases/2020-321), [Robinhood to pay $45M to settle SEC charges - POLITICO Pro](https://subscriber.politicopro.com/article/2025/01/robinhood-to-pay-45m-to-settle-sec-charges-00197946), [Robinhood fined $65 million by SEC over charges of deceiving ...](https://www.cnbc.com/video/2020/12/17/robinhood-fined-65-million-by-sec-over-charges-of-deceiving-customers.html), [Robinhood SEC charges: Firm to pay $45 million in penalties - CNBC](https://www.cnbc.com/2025/01/13/robinhood-sec-charges-45-million-penalty.html), [Payment for Order Flow (PFOF): Definition and How It Works](https://www.investopedia.com/terms/p/paymentoforderflow.asp), [Robinhood pays $65 million to settle SEC probe over misleading ...](https://www.cnbc.com/video/2020/12/17/robinhood-pays-65-million-to-settle-sec-probe-over-misleading-customers.html), [Robinhood-GameStop hearing: 'Payment for order flow' to ... - CNBC](https://www.cnbc.com/2021/02/18/payment-for-order-flow-the-controversial-wall-street-practice-to-draw-scrutiny-at-robinhood-hearing.html), [Robinhood Fees - Here Are the Facts You Need to Know](https://www.wallstreetsurvivor.com/robinhood-fees), [Robinhood will pay the SEC $65 million - YouTube](https://www.youtube.com/watch?v=XwJ4hjq96r4), [Two Robinhood Broker-Dealers to Pay $45 Million in Combined ...](https://www.sec.gov/newsroom/press-releases/2025-5), [Robinhood to pay $65 mln fine to settle SEC charges of misleading ...](https://www.reuters.com/business/finance/robinhood-pay-65-mln-fine-settle-sec-charges-misleading-customers-2020-12-17), [[PDF] Robinhood Financial, LLC - SEC.gov](https://www.sec.gov/files/litigation/admin/2020/33-10906.pdf), [Robinhood is fined $70 million over misleading customers and ...](https://www.nytimes.com/2021/06/30/technology/robinhood-fined-misleading-customers.html), [FINRA Orders Robinhood Financial to Pay $3.75 Million in ...](https://www.finra.org/media-center/newsreleases/2025/finra-orders-robinhood-financial-pay-375-million-restitution), [Robinhood Pays $65 Million To SEC For Misleading Customers ...](https://www.forbes.com/sites/jonathanponciano/2020/12/17/robinhood-pays-65-million-to-sec-for-misleading-customers-who-lost-34-million-on-inferior-trade-prices), [Robinhood fined $45M by SEC - LinkedIn](https://www.linkedin.com/news/story/robinhood-fined-45m-by-sec-6512913), [Robinhood to Pay $45 Million Fine to Settle SEC Charges](https://www.nytimes.com/2025/01/13/business/robinhood-sec-fine.html)",12/17/20,The article's published date is indicated as 12/17/2020 in the provided webpage content and is consistent with the news context and timeline of the SEC charges against Robinhood announced in December 2020.,Maggie Fitzgerald,The author's name is explicitly mentioned in the webpage content and metadata as 'Maggie Fitzgerald' with proper capitalization.,Negative,"The article details the SEC charging Robinhood with misleading customers about its revenue practices, specifically payment for order flow, and the resulting $65 million penalty. It highlights the negative consequences for customers due to inferior trade execution and portrays Robinhood's past practices as deceptive. The overall tone is critical and focuses on regulatory enforcement and customer harm, indicating a negative sentiment.",CNBC,"The article is authored by Maggie Fitzgerald and published on CNBC, indicating that the company associated with the author is CNBC.","The SEC charged Robinhood with misleading customers about how it makes money, particularly regarding its largest revenue source, payment for order flow. Robinhood agreed to pay a $65 million penalty without admitting or denying the charges. The SEC found that Robinhood's practices resulted in customers receiving inferior trade prices costing them $34.1 million. Robinhood stated these practices do not reflect the company today and emphasized improvements in transparency and execution quality.","The summary captures the key points from the article: SEC charges against Robinhood for misleading customers about payment for order flow, the $65 million penalty, the financial impact on customers, and Robinhood's response and commitment to improvements."
https://bairdwealth.com/insights/wealth-management-perspectives/2020/09/the-2020-surge-in-retail-trading,The 2020 Surge in Retail Trading,"Financial insights article analyzing the 2020 surge in US retail stock trading; reports retail traders accounted for roughly 20-25% of market volume on peak days, driven by zero commissions and increased homebound activity. Discusses payment for order flow practices and related SEC investigations, citing Citadel Securities as a key market maker in US equities.",,12/16/20,Yes,"The article discusses the 2020 surge in US retail trading and explicitly mentions 'selling customers’ order flow' as part of regulatory concerns, including an SEC civil fraud investigation related to PFOF, within the context of US equities (stock market). It also cites Citadel Securities as a market maker relevant to retail trading in US stocks. These elements demonstrate discussion of payment-for-order-flow in the US equity markets. Sources: content snippet listing 'selling customers’ order flow' and reference to Citadel Securities in the same article.
References: [The 2020 Surge in Retail Trading](https://www.bairdwealth.com/insights/wealth-management-perspectives/2020/09/the-2020-surge-in-retail-trading)",9/15/20,"The article itself shows the date 9/15/2020 near the top, which aligns with the search result indicating the publication date as 09/15/2020 on Baird's website. This date is more consistent with the article content than the unverified date 12/16/2020.
References: [The 2020 Surge in Retail Trading](https://www.bairdwealth.com/insights/wealth-management-perspectives/2020/09/the-2020-surge-in-retail-trading)","Mike Antonelli, John Taft","The article features a discussion between Mike Antonelli and John Taft, who are presented as the authors or contributors to the content. Both names are in the correct format and capitalization as requested.",Neutral,"The article presents a balanced view on the surge in retail trading in 2020. It acknowledges positive aspects such as increased access to trading and democratization of equity ownership. However, it also highlights negative concerns including lack of financial literacy among retail investors, risks of uninformed trading, and regulatory issues like fines and investigations related to payment for order flow. The tone is cautionary and emphasizes the need for education and proper reasons for trading, leading to an overall neutral sentiment with cautionary elements.",Baird,"The article is published on the Baird Wealth website and the authors mentioned are Mike Antonelli and John Taft, who are associated with Baird. The content refers to Baird Financial Advisors and the website domain is bairdwealth.com, indicating the company author is Baird.","The article discusses the significant rise in retail trading in 2020, driven by factors like zero commissions, more time at home, and a market rebound. It highlights the challenges retail investors face competing with sophisticated players and emphasizes the need for financial education and disciplined investing aligned with long-term goals. The article also raises concerns about ethical issues and regulatory investigations related to payment for order flow in online brokerage platforms.","The summary captures the main points of the article including the surge in retail trading, reasons behind it, the importance of education for retail investors, and mentions of regulatory and ethical concerns related to payment for order flow, as detailed in the provided content."
https://tradersmagazine.com/am/the-hidden-costs-of-robinhood,The Hidden Costs of Robinhood,Article analyzing Robinhood's business model as covered by Traders Magazine; details how Robinhood generates revenue through payment for order flow by selling user orders to market makers in the US equity markets; provides insight into the controversial practice of PFOF and its impact on retail investors within US equities and equity options trading.,Dr. Richard Smith,9/8/20,Yes,"The article explicitly discusses payment for order flow (PFOF) in US equities: the crawled content quotes Robinhood's own description of generating revenue by selling users' orders to market makers—identified as PFOF. The page also shows Traders Magazine's focus on U.S. equity and equity options markets, confirming the US equity context. Therefore the article satisfies the criterion about discussing PFOF in the context of US equity markets.
References: [The Hidden Costs of Robinhood](https://www.tradersmagazine.com/am/the-hidden-costs-of-robinhood)",9/8/20,"Multiple search results from Traders Magazine confirm the publication date of the article 'The Hidden Costs of Robinhood' as September 8, 2020. This matches the unverified date found in the provided webpage content, reinforcing its accuracy.
References: [The Hidden Costs of Robinhood](https://www.tradersmagazine.com/am/the-hidden-costs-of-robinhood), [Dr. Richard Smith, Author at Traders Magazine](https://www.tradersmagazine.com/author/rich), [Trading Venues Archives - Page 105 of 395](https://www.tradersmagazine.com/category/trading-venues/ecns_and_exchanges/page/105)",Dr. Richard Smith,The author's name is explicitly provided in the webpage content as 'Dr. Richard Smith'. It is already in the proper capitalization and format as requested.,Negative,"The article's title 'The Hidden Costs of Robinhood' implies a critical view, highlighting potential downsides or negative aspects. The content excerpt references 'double-speak' and questions the benefits of Robinhood's payment for order flow practice, indicating a negative sentiment towards Robinhood's business model.",The Foundation for the Study of Cycles,"The search results indicate that Dr. Richard Smith is a fintech entrepreneur and CEO of The Foundation for the Study of Cycles, which is his company affiliation. This is supported by multiple sources including CEOWORLD magazine and other profiles.
References: [The Hidden Costs of Robinhood](https://www.tradersmagazine.com/am/the-hidden-costs-of-robinhood), [Dr. Richard M. Smith - Profile and Biography - CEOWORLD magazine](https://ceoworld.biz/author/dr-richard-m-smith), [Board & Staff - The Foundation for the Study of Cycles](https://cycles.org/about_us/board_and_staff), [Ep714: Richard Smith – Anything Valuable Is Hard](https://myworstinvestmentever.com/ep714-richard-smith-anything-valuable-is-hard)","The article examines Robinhood's business model, highlighting its use of payment for order flow (PFOF) to generate revenue by selling users' orders to market makers. It discusses the company's growth strategy based on low-cost services and explores the implications and hidden costs of this approach in the US equity markets.","The summary is based on the article's focus on Robinhood's PFOF practice and its impact on users and the US equity market, as described in the provided content."
https://finextra.com/newsarticle/36502/robinhood-faces-hefty-sec-fine-for-high-speed-trade-deals,Robinhood faces hefty SEC fine for high-speed trade deals,"Finextra news article on Robinhood's SEC investigation; details Robinhood's non-disclosure of payments from high-speed trading firms for routing client stock and options orders, highlighting regulatory concerns over payment for order flow in U.S. equity markets as of 2020.",Editorial Team,9/3/20,Yes,"The Finextra article explicitly discusses Robinhood receiving payments from high-speed traders for routing client orders to buy/sell stocks and options, i.e., payment for order flow (PFOF). The snippet mentions ‘payments from high-speed trading firms for sending them client orders to buy or sell stocks and options,’ which is the typical PFOF arrangement in US equity markets, satisfying the requirement to discuss PFOF in the context of US equities. Source: Finextra article content provided in the crawl. The article also centers on an SEC investigation, reinforcing the PFOF context in US equity trading. (Cited: crawled article content)
References: [SEC fines Robinhood $65m over trade dealings - Finextra Research](https://www.finextra.com/newsarticle/37180/sec-fines-robinhood-65m-over-trade-dealings), [FINRA Orders Robinhood Financial to Pay $3.75 Million in ...](https://www.finra.org/media-center/newsreleases/2025/finra-orders-robinhood-financial-pay-375-million-restitution), [Payment for Order Flow (PFOF): Definition and How It Works](https://www.investopedia.com/terms/p/paymentoforderflow.asp), [SEC Charges Robinhood Financial With Misleading Customers ...](https://www.sec.gov/newsroom/press-releases/2020-321), [SEC charges Robinhood with misleading customers about how it ...](https://www.cnbc.com/2020/12/17/sec-charges-robinhood-with-misleading-customers-about-how-it-makes-money.html), [Robinhood Fine - $45M - SEC - Regulatory Violations - Jan 2025](https://www.steel-eye.com/news/robinhood-fine-45m-sec-regulatory-violations-jan-2025), [FINRA Levies Record Fine Against Robinhood Financial](https://practus.com/finra-levies-record-fine-against-robinhood-financial), [Robinhood Probed by SEC Over Payments From High-Speed Traders](https://www.bloomberg.com/news/articles/2020-09-03/robinhood-probed-by-sec-over-payments-from-high-speed-traders), [Two Robinhood Broker-Dealers to Pay $45 Million in Combined ...](https://www.sec.gov/newsroom/press-releases/2025-5), [Fintech Robinhood To Face Substantial SEC Fine For Failure To ...](https://thefinancialtechnologyreport.com/fintech-robinhood-to-face-substantial-sec-fine-for-failure-to-disclose-deals-with-high-speed-traders), [Robinhood faces hefty SEC fine for high-speed trade deals](https://www.finextra.com/newsarticle/36502/robinhood-faces-hefty-sec-fine-for-high-speed-trade-deals)",9/3/20,"The article's publication date is explicitly mentioned in the content as '03 September 2020'. This matches the unverified date '09/03/2020' given in the initial result, confirming the publication date as 2020-09-03.",Editorial Team,"The provided webpage content explicitly states the author as 'Editorial Team' without specifying an individual author's name. Therefore, the correct author name to use is 'Editorial Team' as given.",Negative,The article centers on Robinhood being investigated by the SEC for failing to disclose payment for order flow practices and facing a potential hefty fine. This regulatory scrutiny and criticism of Robinhood's business practices indicate a negative sentiment. There is no indication of positive or neutral sentiment in the article content.,Finextra,"The article's author is listed as the Editorial Team, and the content is selected, created, and edited by the Finextra editorial team. Therefore, the company author is Finextra.","The article reports that Robinhood is under investigation by the SEC for failing to disclose that it sold clients' orders to high-speed trading firms, a practice known as payment for order flow. Robinhood began disclosing this practice only in 2018. The investigation could result in a fine exceeding $10 million. Despite this, Robinhood has seen significant growth and valuation, reaching $11.2 billion in its latest funding round.","The summary is based on the main points from the Finextra article content, which highlights the SEC investigation into Robinhood's payment for order flow practices, the timing of disclosure, potential fines, and Robinhood's market position and growth."
https://tradersmagazine.com/xtra/the-incredible-shrinking-market,The Incredible Shrinking Market,"Article analyzing payment-for-order-flow (PFOF) dynamics within U.S. equity markets; highlights how retail investors often become the product in PFOF deals that generate significant revenue for intermediaries, reflecting ongoing shifts in market structure and trading economics.",,8/20/20,Yes,"The article explicitly discusses payment-for-order-flow (PFOF) and is framed around US equity markets. The crawled page text includes an explicit reference to ""payment-for-order-flow (PFOF) deals"" and the site metadata indicates a focus on U.S. equity and equity options markets, which confirms the US equity context.
References: [The Incredible Shrinking Market - Traders Magazine](https://www.tradersmagazine.com/xtra/the-incredible-shrinking-market), [The Incredible Shrinking Brokerage List - Traders Magazine](https://www.tradersmagazine.com/news/the-incredible-shrinking-brokerage-list), [(PDF) The Incredible Shrinking Stock Market: On the Political ...](https://www.researchgate.net/publication/301231830_The_Incredible_Shrinking_Stock_Market_On_the_Political_Economy_Consequences_of_Excessive_Delistings), [The incredible shrinking stock market - Financial Times](https://www.ft.com/content/0c9c0b64-9760-11e9-9573-ee5cbb98ed36), [[PDF] The Incredible Shrinking Universe of Stocks](https://www.cmgwealth.com/wp-content/uploads/2017/03/document_1072753661.pdf), [The Incredible Shrinking Market | Market Structure | Press Mentions](https://www.rblt.com/news/the-incredible-shrinking-market), [The Incredible Shrinking Factor Return (Unabridged)](https://www.researchaffiliates.com/publications/articles/604-the-incredible-shrinking-factor-return-unabridged), [The incredible shrinking stock market - Marketplace.org](https://www.marketplace.org/episode/the-incredible-shrinking-stock-market), [Commentary: Is the 'incredible shrinking universe of stocks' a bad ...](https://www.pionline.com/article/20171020/ONLINE/171029999/commentary-is-the-incredible-shrinking-universe-of-stocks-a-bad-thing), [[PDF] The Incredible Shrinking Stock Market: On the Political Economy ...](https://www.ifn.se/media/4xleqiar/wp1115.pdf), [Page 1870](https://www.tradersmagazine.com/page/1870), [Reg ATS 5% Threshold Could Get Lowered](https://www.tradersmagazine.com/news/reg-ats-5-threshold-could-get-lowered), [Spear, Leeds' Single Front-End](https://www.tradersmagazine.com/news/spear-leeds-single-front-end), [The Specter of Deflation: Shilling, Prechter and Makin Take ...](https://www.tradersmagazine.com/news/the-specter-of-deflation-shilling-prechter-and-makin-take-a-pessimistic-view), [Page 1869](https://www.tradersmagazine.com/page/1869), [Page 45](https://www.tradersmagazine.com/page/45), [Wall Street Rides FAR Rings NYSE Closing Bell Ahead of ...](https://www.tradersmagazine.com/am/wall-street-rides-far-rings-nyse-closing-bell-ahead-of-eleventh-annual-ride), [Page 1524](https://www.tradersmagazine.com/page/1524), [Money Machines: An Interview With an Anonymous ...](https://www.tradersmagazine.com/departments/algos/money-machines-an-interview-with-an-anonymous-algorithmic-trader), [ALGOS/DMA Archives - Page 14 of 198 - Traders Magazine](https://www.tradersmagazine.com/category/algos/page/14), [The Incredible Shrinking Prime Broker - Markets Media](https://www.marketsmedia.com/incredible-shrinking-prime-broker), [[PDF] The Incredible Shrinking Factor Return - SSRN](https://papers.ssrn.com/sol3/Delivery.cfm/SSRN_ID3040964_code1109123.pdf?abstractid=3040964), [The Incredible Shrinking Factor Return - Research Affiliates](https://www.researchaffiliates.com/publications/articles/601-the-incredible-shrinking-factor-return), https://api.exa.ai/crawl-ping?value=What%20percentage%20of%20the%20market%20is%20retail%20investors%3F%0Aundefined, [Rosenblatt In the News | Recent Posts](https://www.rblt.com/news?74fb84b3_page=23&c33fa752_page=21), [MAGAZINE - Page 107 of 276](https://www.globaltrading.net/category/magazine/page/107), [Retail Investor: Definition, What They Do, and Market Impact - Motilal Oswal](https://www.motilaloswal.com/learning-centre/2025/5/retail-investor-definition-what-they-do-and-market-impact), [Dispelling the Complementary Product Theory for Market ...](https://www.tradersmagazine.com/am/dispelling-the-complementary-product-theory-for-market-data), [It's Time for a New, Industry-Led SIP](https://www.tradersmagazine.com/am/its-time-for-a-new-industry-led-sip), [City of London may have to wait until next year to learn of access ...](https://www.globaltrading.net/city-of-london-may-have-to-wait-until-next-year-to-learn-of-access-fate), [(PDF) Global Marketing management (1)](https://www.academia.edu/34277594/Global_Marketing_management_1_)",8/20/20,"The article titled 'The Incredible Shrinking Market' is consistently referenced with the publication date August 20, 2020, in the provided webpage content and multiple search results. There is no conflicting information, so this date is the most reliable publication date for the article.",Chris Hall,"The search results show that the article 'The Incredible Shrinking Market' on Traders Magazine is authored by Chris Hall, as indicated by the author page and article references.
References: [The Incredible Shrinking Market](https://www.tradersmagazine.com/xtra/the-incredible-shrinking-market), [Chris Hall, Author at Traders Magazine](https://www.tradersmagazine.com/author/chall)",Negative,"The article discusses concerns and frustrations related to payment-for-order-flow (PFOF) deals and the uneasy coexistence of retail and institutional players in US equity markets. It highlights that retail investors may be more the product than the customer in PFOF arrangements and that institutions feel frustrated, indicating a critical and negative sentiment towards the current market conditions.",Traders Magazine,"The article 'The Incredible Shrinking Market' is authored by Chris Hall, who is listed as an author on Traders Magazine's website. There is no indication that he is representing another company in this context, so the company name associated with the author for this article is Traders Magazine.
References: [The Incredible Shrinking Market](https://www.tradersmagazine.com/xtra/the-incredible-shrinking-market), [Chris Hall, Author at Traders Magazine](https://www.tradersmagazine.com/author/chall)","The article ""The Incredible Shrinking Market"" discusses the dynamics of the US equity markets, focusing on the rise of retail trading during the 2020 lockdown and the tensions between retail and institutional investors. It highlights the impact of zero commissions and payment-for-order-flow (PFOF) deals, which benefit brokers but may disadvantage investors. The piece also notes concerns about market concentration and the evolving structure of US equity exchanges.","The summary is based on the provided webpage content and search results, which emphasize retail trading growth, PFOF arrangements, and market structure changes in US equity markets as key themes of the article."
https://qz.com/1878145/why-robinhood-makes-more-money-from-options-than-stocks,Robinhood is making far more money from the options boom than from stocks,"Financial news article examining Robinhood's revenue model during the 2020 retail trading boom; reveals that Robinhood earns substantially more from equity options trading, which saw 3.2 billion contracts traded in H1 2020, than from stock trades. It details the use of payment for order flow (PFOF) in US equity markets, where Robinhood sells customer orders to market makers such as Citadel Securities, highlighting a key monetization strategy amid increased retail investor activity.",John Detrixhe,7/9/20,Yes,"The article explicitly discusses payment for order flow in US equity markets: it states that brokers like Robinhood monetize customer orders by selling them to market makers via payment for order flow, referencing US stock trading and NBBO dynamics (e.g., Citadel Securities). This confirms PFOF in the context of US equities, satisfying the criterion.
References: [Robinhood is making far more money from the options boom than from stocks](https://qz.com/1878145/why-robinhood-makes-more-money-from-options-than-stocks)",7/9/20,"The article's published date is explicitly mentioned as July 9, 2020 in the webpage content provided, confirming the publication date as 2020-07-09 in ISO format.",John Detrixhe,The author's name is explicitly mentioned in the provided webpage content as 'John Detrixhe' with proper capitalization.,Neutral,"The article provides an informative and balanced view on the options trading boom and how brokers like Robinhood profit more from options than stocks. It explains the business model, the role of market makers, and the risks involved for retail traders without expressing a strongly positive or negative opinion. The tone is neutral, focusing on facts and explanations rather than advocacy or criticism.",Quartz,"The search results show that John Detrixhe was a Future of Finance reporter for Quartz, and the article is published on Quartz's website. This confirms that the company associated with the author John Detrixhe is Quartz.
References: [John Detrixhe | Future of Finance Reporter, Quartz](https://www.innovatefinance.com/profiles/john-detrixhe)","The article explains that retail brokerages like Robinhood and TD Ameritrade earn significantly more revenue from options trading than from stock trading due to payment for order flow from market makers. Options trading has surged among individual investors, driven by lower costs and the potential for high returns, despite higher risks. Market makers profit from wider bid-ask spreads in options and pay brokerages for order flow, especially from less sophisticated retail traders. The article also discusses the dynamics of market competition, regulatory safeguards, and the growing interest in options fueled by social media and word of mouth.","The summary captures the main points of the article, including the financial model of brokerages relying on payment for order flow, the popularity and profitability of options trading, the role of market makers, and the behavioral factors driving retail investor interest. These points are clearly detailed in the article content provided."
https://katusaresearch.com/robinhood-trading-exposed-steal-from-the-poor-and-give-to-the-ultra-rich,Robinhood Trading Exposed: Steal from the Poor and Give to the Ultra Rich,"Investigative article on Robinhood, a US commission-free trading platform with 13 million users as of early 2020, primarily young and inexperienced investors with median account values around $2,000; exposes Robinhood's reliance on payment for order flow revenue from market makers such as Citadel Securities and details regulatory penalties including a $1.25 million FINRA fine tied to these practices, illustrating how the platform's model may disadvantage retail investors despite its democratizing promise.",,6/21/20,Yes,"Yes. The article explicitly discusses payment for order flow in the context of US equities. It states that Robinhood earns revenue from order flow despite commission-free trades and that orders are routed to market maker firms which pay Robinhood for execution. It cites Citadel Securities receiving a large share of Robinhood’s order flow and mentions FINRA’s $1.25 million penalty related to order flow practices. All of these point to PFOF in US stock markets, satisfying the criterion.
References: [Robinhood Trading Exposed: Steal from the Poor and Give to the Ultra Rich](https://katusaresearch.com/robinhood-trading-exposed-steal-from-the-poor-and-give-to-the-ultra-rich)",6/21/20,"The article's URL and the unverified published date both indicate June 21, 2020. The content references events and data consistent with that timeframe, supporting this as the publication date.",Marin,"The article is signed off with the name 'Marin' at the end, indicating the author's name is Marin. No last name is provided in the content, so the author is identified simply as Marin.",Negative,"The article is critical of Robinhood, highlighting negative aspects such as the lack of proper KYC verification, the payment for order flow model that disadvantages retail investors, regulatory fines, and a tragic incident involving a young investor. The tone is cautionary and points out risks and problems, which aligns with a Negative sentiment.",Katusa Research,"The article is authored by Marin, who is identified as the founder of Katusa Research, an independent investment research firm. Multiple sources including the official website and LinkedIn profile confirm the company name as Katusa Research.
References: [Robinhood Trading Exposed: Steal from the Poor and Give to the Ultra Rich](https://katusaresearch.com/robinhood-trading-exposed-steal-from-the-poor-and-give-to-the-ultra-rich), [Katusa Research: Home](https://katusaresearch.com), [Katusa Research | LinkedIn](https://ca.linkedin.com/company/katusa-research), [Katusa Research - Crunchbase Company Profile & Funding](https://www.crunchbase.com/organization/katusa-research)","The article exposes risks associated with Robinhood's trading platform, highlighting its young, inexperienced user base and lack of rigorous KYC checks. It explains Robinhood's revenue model based on payment for order flow, where market makers pay to execute trades but may engage in frontrunning. The piece discusses regulatory fines and a tragic incident involving a young user overwhelmed by leverage. It advises users to place limit orders and understand trades fully to protect themselves.","The summary captures the key points of the article, including the user demographics, KYC shortcomings, payment for order flow revenue model, regulatory issues, a tragic user case, and protective advice for traders on Robinhood."
https://robinhood.com/us/en/support/articles/stock-order-routing,"Stock, ETF, and options order routing | Robinhood","Robinhood support article on order routing for stocks, ETFs, and options in US equity markets; explains payment for order flow as rebates from market makers to Robinhood; emphasizes uniform rebate rates across market makers to avoid routing bias; notes order execution aims for better pricing aligned with NBBO standards.",,9/24/19,Yes,"The Robinhood article explicitly describes order routing to market makers and states that market makers provide rebates to brokerages, which constitute payment for order flow (PFOF). It notes rebates as a revenue stream, that orders are routed to market makers for execution (often with NBBO considerations), and that all market makers pay rebates at the same rate (no incentive to a single market maker). This directly addresses PFOF in the context of US equity trading (stocks), as reflected in the article content titled 'Stock, ETF, and options order routing' from Robinhood. Source materials include the crawled article text showing: 'we generally send your orders to market makers that typically offer better prices', 'market makers ... offer rebates to brokerages like ours', and 'Is order routing incentivized through specific market makers? No. All market makers ... pay us rebates at the same rate.'
References: [Stock, ETF, and options order routing | Robinhood](https://robinhood.com/us/en/support/articles/stock-order-routing)",9/24/19,The article's published date is indicated as 09/24/2019 in the provided webpage content. This date matches the format and context of the article and is the only publication date mentioned.,,"The search results and the provided webpage content do not reveal any specific author's name for the Robinhood article titled 'Stock, ETF, and options order routing.' The article appears to be a general informational/support page from Robinhood without individual author attribution. Therefore, the author's name cannot be determined from the available information.",Neutral,"The article provides a factual and informative explanation of order routing, market makers, and rebates without expressing strong positive or negative opinions. It emphasizes transparency, execution quality, and equal treatment of market makers, indicating a neutral and balanced tone.",Robinhood,"The article is published on robinhood.com and provides official information about Robinhood's order routing practices, indicating that the company author is Robinhood.","The article explains Robinhood's order routing process for stocks, ETFs, and options, where orders are sent to market makers who provide rebates to the brokerage. It highlights that order routing aims to achieve the best execution price, typically at or better than the National Best Bid and Offer (NBBO). Robinhood maintains execution quality through regular reviews and discloses its routing practices per SEC rules. The article clarifies that rebates are uniform across market makers, ensuring no incentive bias in order routing.","The summary captures the key points from the article about Robinhood's order routing to market makers, the role of rebates as payment for order flow, execution quality standards, and regulatory disclosures. This provides a concise overview of the content relevant to understanding Robinhood's order routing practices."
https://newsroom.aboutrobinhood.com/a-letter-from-robinhood-co-founder-co-ceo-vlad-tenev,A Letter From Robinhood Co-Founder & Co-CEO Vlad Tenev,"Open letter from Robinhood co-founder and co-CEO Vlad Tenev detailing the company's order execution system; explains routing of US stock orders to major market makers like Two Sigma, Citadel, and Virtu; discloses payment for order flow rebates of about $0.00026 per dollar traded, emphasizing transparency and execution quality improvements.",Robinhood,10/12/18,Yes,"The article explicitly discusses payment for order flow in the context of US equities: it states that Robinhood routes stock orders to market makers (e.g., Two Sigma, Citadel, Virtu), notes that market makers pay rebates to brokerages, and provides a concrete rebate figure (~$0.00026 per dollar traded). This directly ties PFOF to US stock trading and major market makers.

Cited in the article content you provided (Oct 12, 2018): lines describing order routing to market makers and rebates.
References: [Robinhood CEO says payment for order flow is 'here to stay' - CNBC](https://www.cnbc.com/2023/12/01/robinhood-ceo-says-payment-for-order-flow-is-here-to-stay.html), [Document - SEC.gov](https://www.sec.gov/Archives/edgar/data/1783879/000162828021018869/filename1.htm), [Payment for Order Flow (PFOF): Definition and How It Works](https://www.investopedia.com/terms/p/paymentoforderflow.asp), [A Letter From Robinhood Co-Founder & Co-CEO Vlad Tenev](https://newsroom.aboutrobinhood.com/a-letter-from-robinhood-co-founder-co-ceo-vlad-tenev), [Robinhood CEO Testimony Transcript GameStop Hearing - Rev](https://www.rev.com/transcripts/robinhood-ceo-testimony-transcript-gamestop-hearing-february-18), [Payment for order flow : r/etrade](https://www.reddit.com/r/etrade/comments/omwh68/payment_for_order_flow), [Robinhood CEO Vlad Tenev: Payment for order flow has ... - YouTube](https://www.youtube.com/watch?v=J2pL0dLO_cg), [Robinhood CEO Vlad Tenev Defends Payment for Order Flow Amid ...](https://thefinancialtechnologyreport.com/robinhood-ceo-vlad-tenev-defends-payment-for-order-flow-amid-controversy), [The Real Reason Robinhood Blocked Trading On GameStop - Finimize](https://finimize.com/content/real-reason-robinhood-blocked-trading-gamestop), [Robinhood CEO Vlad Tenev: Payment for order flow has ... - CNBC](https://www.cnbc.com/video/2022/09/23/robinhood-ceo-vlad-tenev-payment-for-order-flow-has-helped-establish-free-trading.html)",10/12/18,"The article 'A Letter From Robinhood Co-Founder & Co-CEO Vlad Tenev' is consistently shown with the publication date of October 12, 2018, on the official Robinhood newsroom website. Although initially marked as unverified, multiple search results from the official newsroom confirm this date.
References: [A Letter From Robinhood Co-Founder & Co-CEO Vlad Tenev](https://newsroom.aboutrobinhood.com/a-letter-from-robinhood-co-founder-co-ceo-vlad-tenev)",Vlad Tenev,"The article is presented as a letter from Robinhood Co-Founder & Co-CEO Vlad Tenev, who is the individual author mentioned. Although the author field initially states 'Robinhood', the actual author in the proper name format is Vlad Tenev.",Positive,"The article by Robinhood's Co-Founder & Co-CEO Vlad Tenev explains the company's payment for order flow practice in a factual and positive tone. It highlights benefits such as better execution quality, no favoritism in order routing, and the ability to offer commission-free trading to customers. The language is clear and supportive of Robinhood's business model, with no negative or neutral sentiments expressed.",Robinhood,"The author is listed as 'Robinhood' in the article metadata and the content is from the official Robinhood newsroom, indicating the company author is Robinhood with proper capitalization.","Robinhood Co-Founder & Co-CEO Vlad Tenev explains how Robinhood executes stock orders by routing them to market makers like Two Sigma, Citadel, and Virtu, who pay rebates to brokerages. This practice, known as payment for order flow, allows Robinhood to offer commission-free trading by earning rebates instead of charging fees. The letter emphasizes Robinhood's commitment to better execution quality, transparency, and providing a customer-centric financial experience with low costs.","The summary is based on the content of the letter from Vlad Tenev, which details Robinhood's order execution process, the role of market makers, the payment for order flow mechanism, and how it supports Robinhood's commission-free trading model. The letter also highlights Robinhood's growth and future goals to enhance customer experience and product offerings."
https://sec.gov/newsroom/speeches-statements/jackson-unfair-exchange-state-americas-stock-markets,Unfair Exchange: The State of America's Stock Markets,"Speech addressing the complexities of US equity markets; highlights payment for order flow where exchanges pay brokers for order routing, emphasizing market structure challenges and the implications of PFOF on fairness and transparency.",,9/19/18,Yes,"The article discusses payments exchanges make to brokers who send orders their way, which is directly related to payment for order flow in the context of US equity markets. The speech also mentions the routing of orders to different platforms and the complexity of the market structure, further supporting the presence of PFOF discussion.
References: [Unfair Exchange: The State of America's Stock Markets - SEC.gov](https://www.sec.gov/newsroom/speeches-statements/jackson-unfair-exchange-state-americas-stock-markets), [Unfair Exchange: The State of America's Stock Markets](https://mendoza.nd.edu/news/unfair-exchange-the-state-of-americas-stock-markets), [Securities and Exchange Commission (SEC) | USAGov](https://www.usa.gov/agencies/securities-and-exchange-commission), [[PDF] Payment for Order Flow and the Great Missed Opportunity](https://openscholarship.wustl.edu/cgi/viewcontent.cgi?article=1310&context=law_scholarship), [A Disclosure Gap in the Market for Order Flow](https://businesslawreview.uchicago.edu/print-archive/disclosure-gap-market-order-flow)",9/19/18,"The article titled 'Unfair Exchange: The State of America's Stock Markets' is listed on the official SEC website with the published date of 09/19/2018. This date is consistent across multiple SEC pages referencing the speech, confirming it as the publication date.
References: [Unfair Exchange: The State of America's Stock Markets](https://sec.gov/newsroom/speeches-statements/jackson-unfair-exchange-state-americas-stock-markets), [Unfair Exchange: The State of America's Stock Markets](https://www.sec.gov/newsroom/speeches-statements/jackson-unfair-exchange-state-americas-stock-markets), [Speeches and Statements](https://www.sec.gov/newsroom/speeches-statements?field_person_target_id=Robert%20J.%20Jackson&month=All&news_type=All&order=field_news_type_news&sort=desc&speaker=122061&year=All&page=1)",Robert J. Jackson Jr.,"The search results from the SEC website indicate that the speech titled ""Unfair Exchange: The State of America's Stock Markets"" given on 09/19/2018 was authored by Commissioner Robert J. Jackson Jr. This is confirmed by multiple SEC documents referencing the speech and author.
References: [Unfair Exchange: The State of America's Stock Markets](https://sec.gov/newsroom/speeches-statements/jackson-unfair-exchange-state-americas-stock-markets), [Competition: The Forgotten Fourth Pillar of the SEC's Mission](https://www.sec.gov/newsroom/speeches-statements/speech-jackson-101118), [March 31, 2023 Via Electronic Mail (rule-comments@ ...](https://www.sec.gov/comments/s7-31-22/s73122-20162975-332958.pdf), [March 31, 2023 Via Electronic Mail (rule-comments@ ...](https://www.sec.gov/comments/s7-29-22/s72922-20162925-332837.pdf)",Negative,"The article critically examines the current state of America's stock markets, emphasizing issues such as concentrated market power, profit-driven exchanges raising costs for investors, and regulatory challenges. The tone is concerned and calls for reform, indicating a negative sentiment towards the existing market conditions.",U.S. Securities and Exchange Commission,"The speech titled 'Unfair Exchange: The State of America's Stock Markets' is authored by Robert J. Jackson Jr., a Commissioner at the U.S. Securities and Exchange Commission (SEC). The speech is hosted on the SEC's official website, confirming the author's affiliation with the SEC. Therefore, the company name of the author is the U.S. Securities and Exchange Commission.
References: [Unfair Exchange: The State of America's Stock Markets](https://sec.gov/newsroom/speeches-statements/jackson-unfair-exchange-state-americas-stock-markets), [Competition: The Forgotten Fourth Pillar of the SEC's Mission](https://www.sec.gov/newsroom/speeches-statements/speech-jackson-101118)","The speech ""Unfair Exchange: The State of America's Stock Markets"" by Robert J. Jackson Jr. critically examines the U.S. stock markets, highlighting how the shift of exchanges from not-for-profit to for-profit entities has concentrated market power among a few corporations. This has led to increased costs and fees for investors, complex market structures, and regulatory challenges. The speech calls for reforms to restore competition and better protect American investors.","The summary captures the main themes of the speech including the transformation of stock exchanges, market concentration, investor costs, regulatory issues, and the call for reform, based on the detailed content and analysis from the SEC speech and related research."
https://techcrunch.com/2018/09/06/robinhood-ipo,Robinhood aims at IPO as the fintech startup seeks CFO,"News article on Robinhood, a fintech startup offering zero-fee stock and crypto trading; valued at $5.6 billion with 5 million users as of 2018, backed by $473 million in Series C and D funding led by DST Global; preparing for IPO and CFO hire while undergoing SEC and FINRA audits; business model includes payment for order flow to US stock exchanges, leveraging cheaper crypto trading as a user acquisition strategy.",Josh Constine,9/6/18,Yes,"The article explicitly notes that Robinhood 'sells order flow to stock exchanges that want more liquidity for their traders,' which is a direct discussion of payment for order flow (PFOF) in the context of US equity trading. The piece centers on Robinhood as a US stock broker and references stock exchanges and stock trades, confirming the US equity markets context.
References: [Robinhood aims at IPO as the fintech startup seeks CFO](https://techcrunch.com/2018/09/06/robinhood-ipo)",9/6/18,"The article's published date is explicitly stated as September 6, 2018, in the content header and matches the date format YYYY-MM-DD as 2018-09-06.",Josh Constine,"The author's name is clearly stated in the article metadata and content as Josh Constine, with proper capitalization.",Positive,"The article highlights Robinhood's significant growth, its preparation for an IPO, and innovative business model, portraying the company in a positive light. While it mentions some challenges such as competition, crypto downturn, and security risks, the overall tone is optimistic about Robinhood's future prospects and market position, indicating a predominantly positive sentiment.",TechCrunch,"The author Josh Constine is listed on the TechCrunch website, and the article is published on TechCrunch, indicating the company affiliation of the author is TechCrunch.","Robinhood, valued at $5.6 billion, is preparing for an IPO and searching for a CFO. The fintech startup has rapidly grown its customer base to 5 million and raised $539 million from top investors. It monetizes through interest on user funds, payment for order flow, and premium subscriptions. Despite competition from traditional brokers and new fintechs, Robinhood aims to disrupt stock and crypto trading with its commission-free model and efficient software-driven approach.","The summary captures the main points of the article including Robinhood's IPO plans, CFO search, valuation, funding, customer growth, monetization methods, and competitive landscape, providing a concise overview of the content."
https://feedough.com/how-does-robinhood-make-money-robinhood-business-model,How Does Robinhood Make Money? | Robinhood Business Model,"Explanatory article on Robinhood, a commission-free US stock trading app with 4 million users and $150 billion in processed transactions; highlights its disruption of traditional brokerage fees saving $1 billion in fees. Discusses Robinhood's business model including payment for order flow (PFOF) in US equity markets as a revenue source, noting the company initially planned but later abandoned PFOF.",Matthew Lopez,7/13/18,Yes,"The article explicitly mentions payment for order flows (PFOF) in the Robinhood business model section and describes it as a mechanism to profit from directing stock orders to third parties, i.e., PFOF in the context of stock trading. This is within the US equity trading domain, as Robinhood is discussed as a commission-free US stock broker and the text refers to 'stock orders' and 'third parties' in the context of brokers. Source: crawled content excerpt: 'The company also thought of making money through the payment for order flows ... But they have scrapped that plan.'
References: [How Does Robinhood Make Money? | Robinhood Business Model](https://www.feedough.com/how-does-robinhood-make-money-robinhood-business-model)",7/13/18,"The article 'How Does Robinhood Make Money? | Robinhood Business Model' on feedough.com is listed with a publication date of July 13, 2018, which matches the unverified date given in the provided content. This date is also supported by search results referencing the article with the same date.
References: [How Does Robinhood Make Money?](https://www.feedough.com/how-does-robinhood-make-money-robinhood-business-model), [Business Models Archives – Page 10 of 13](https://www.feedough.com/brand-study/business-models/page/10)",Matthew Lopez,The author's name is explicitly mentioned in the provided webpage content as 'Matthew Lopez' with proper capitalization.,Positive,"The article presents Robinhood in a generally positive light, emphasizing its innovative commission-free trading model, rapid user growth, and ethical revenue streams. It highlights the company's cost efficiency, appeal to millennials, and strong backing by venture capital. While it acknowledges some initial skepticism and risks, the overall tone is optimistic about Robinhood's business model and future prospects.",Feedough,"The author Matthew Lopez is credited on the article published on Feedough, a business and startup knowledge platform. No other company affiliation was found for this author, so the most accurate company name for the author is Feedough.","The article explains Robinhood's business model, highlighting its commission-free stock trading app popular among millennials. Founded in 2013, Robinhood makes money primarily through interest on uninvested cash in user accounts and premium subscriptions like the Gold plan, which offers benefits such as margin trading and extended hours. The company initially considered payment for order flow but scrapped that plan. Robinhood also offers features like cryptocurrency trading and options trading. It has grown rapidly, supported by venture capital, and is a member of SIPC, ensuring some investor protections.","The summary captures the key points from the article about Robinhood's business model, revenue sources, features, and company growth, providing a concise overview of the content."
https://repository.law.umich.edu/book_chapters/121,The Regulation of Trading Markets: A Survey and Evaluation,Book chapter analyzing the regulation of US equity trading markets; authored by Gabriel V. Rauterberg and Paul G. Mahoney in 2018; discusses key market mechanisms including payment for order flow; provides foundational insights for new equity market studies and regulatory frameworks.,Gabriel V. Rauterberg,5/17/18,Yes,"The search results indicate that the article ""The Regulation of Trading Markets: A Survey and Evaluation"" by Gabriel V. Rauterberg discusses payment for order flow. The snippet from the first search result confirms this. Therefore, the article satisfies the criterion.
References: [[PDF] The Regulation of Trading Markets: A Survey and Evaluation](https://repository.law.umich.edu/cgi/viewcontent.cgi?article=1121&context=book_chapters), [THE CFTC AT 50: EXAMINING THE PAST AND FUTURE OF ...](https://www.congress.gov/event/119th-congress/house-event/LC74439/text), [Payment for order flow - Wikipedia](https://en.wikipedia.org/wiki/Payment_for_order_flow), [[PDF] Incentives for Innovation in the US Stock Market](https://repository.law.umich.edu/cgi/viewcontent.cgi?article=1445&context=book_chapters), [[PDF] Federal Reserve Adopts Rule Requiring GSIBs to Amend QFC ...](https://www.sifma.org/wp-content/uploads/2017/10/Sidley_NY-Regional-Marketing-PDF.pdf), [Insider-trading, discretionary accruals and information asymmetry](https://www.sciencedirect.com/science/article/pii/S0890838917300434), [[PDF] Information Asymmetry and the Protection of Ordinary Investors](https://lawreview.law.ucdavis.edu/sites/g/files/dgvnsk15026/files/media/documents/53-1_Haeberle.pdf), [RISS 검색 - 국내학술지논문 상세보기](https://m.riss.kr/search/detail/DetailView.do?p_mat_type=1a0202e37d52c72d&control_no=fbe94a073cf25e676aae8a972f9116fb), [[PDF] 米国株式市場のメイカー・テイカー・モデルを巡る議論 -流動性向上 ...](https://www.nicmr.com/nicmr/report/repo/2017/2017aut04.pdf), [[PDF] INTERNALIZAÇÃO DE ORDENS - Portal Gov.br](https://www.gov.br/cvm/pt-br/centrais-de-conteudo/publicacoes/estudos/20240509-estudo-asa-air-internalizacao-de-ordens.pdf), [The Regulation of Trading Markets: A Survey and Evaluation](https://repository.law.umich.edu/book_chapters/121)",5/17/18,"The publication date is indicated as 2018 on the webpage, and the unverified date 05/17/2018 is mentioned. The download count since May 17, 2018, supports this date as the publication date.",Gabriel Rauterberg,"The author's name is found in the provided webpage content as Gabriel V. Rauterberg. Following the instruction to provide the name in the format '<First> <Last>' with proper capitalization, the name is Gabriel Rauterberg.",Neutral,"The article is described as a survey and evaluation of trading market regulation, aiming to lay groundwork and identify issues without resolving all questions. The tone is analytical and objective, focusing on evaluation rather than expressing a positive or negative stance. This indicates a neutral sentiment.
References: [The Regulation of Trading Markets: A Survey and Evaluation](https://repository.law.umich.edu/book_chapters/121)",University of Michigan Law School,"The webpage content identifies Gabriel V. Rauterberg as affiliated with the University of Michigan Law School, which is the company/organization name to be used for the author in proper capitalization.","This book chapter surveys the regulation of trading markets, identifying key issues and offering preliminary evaluations. It aims to lay the groundwork for a new special study of securities markets rather than resolving all existing questions.","The summary is based on the abstract and content description from the webpage, which states the chapter surveys market regulation, identifies issues, and offers preliminary evaluations for a new special study of securities markets."
https://sec.gov/Archives/edgar/data/1783879/000162828021013318/robinhoods-1.htm,"Robinhood Markets, Inc. S-1 Registration Statement","SEC Form S-1 registration statement for Robinhood Markets, Inc.; details the company's business model centered on U.S. equity markets with a majority of revenue derived from transaction-based fees including payment for order flow (PFOF). The filing explicitly discloses PFOF as a key revenue stream, corroborated by Robinhood's 2021 Annual Report, highlighting its reliance on PFOF fees in equities trading. The document includes comprehensive corporate governance exhibits such as amended certificates, bylaws, equity incentive plans, and executive offer letters, reflecting the company's regulatory compliance and organizational structure.",,11/30/17,Yes,"- The S-1 filing for Robinhood, as presented in the article, explicitly states that a majority of its revenue is transaction-based and includes 'payment for order flow' (PFOF), i.e., the article discusses PFOF. (Source: robinhoods-1.htm content showing 'including payment for order flow, or “PFOF”')

- The document is a US filing by Robinhood Markets, Inc., describing activities in US equity markets; additional Robinhood material (2021 Annual Report) confirms PFOF as fees in equities trading. (Sources: robinhoods-1.htm snippet; Robinhood 2021 Annual Report notes PFOF in equities trading)
References: [Form S-1 for Robinhood Markets Inc. - SEC.gov](https://www.sec.gov/Archives/edgar/data/1783879/000162828021013318/robinhoods-1.htm), [[DOC] https://investors.robinhood.com/static-files/c5bd2...](https://investors.robinhood.com/static-files/c5bd280f-b400-4bff-b5c3-7b4cffbd4ff0), [Robinhood, Schwab led US$340m retail order flow payment ...](https://www.globaltrading.net/robinhood-schwab-led-us461m-retail-order-flow-payment-bonanza-in-may), [Payment For Order Flow & Market Implications - Bloomberg Law](https://www.bloomberglaw.com/external/document/X1RP679S000000/capital-markets-professional-perspective-payment-for-order-flow-), [Payment for order flow - Wikipedia](https://en.wikipedia.org/wiki/Payment_for_order_flow), [[PDF] Payment for Order Flow and the Great Missed Opportunity](https://openscholarship.wustl.edu/cgi/viewcontent.cgi?article=1310&context=law_scholarship), [[PDF] Payment for Order Flow and the Retail Trading Experience](https://wifpr.wharton.upenn.edu/wp-content/uploads/2023/10/Payment-for-Order-Flow.pdf), [Payment for Order Flow (PFOF) and Broker-Dealer Regulation](https://www.congress.gov/crs-product/IF12594), [Payment for Order Flow (PFOF): Definition and How It Works](https://www.investopedia.com/terms/p/paymentoforderflow.asp), [[PDF] How does Payment for Order Flow Influence Markets? - SEC.gov](https://www.sec.gov/files/dera_wp_payment-order-flow-2501.pdf), [Payment For Order Flow & Market Implications](https://static.maglaw.com/docs/PaymentForOrderFlow%20final%20draft.pdf), [Payment for order flow : r/etrade](https://www.reddit.com/r/etrade/comments/omwh68/payment_for_order_flow), [[PDF] Robinhood Markets, Inc.](https://investors.robinhood.com/static-files/9f5aae37-1567-49a8-b471-273b646cb89c), [Robinhood - Is it safe? : r/stocks](https://www.reddit.com/r/stocks/comments/1e4dru1/robinhood_is_it_safe), [[PDF] Robinhood Markets, Inc. -- 2021 Annual Report](https://investors.robinhood.com/static-files/7ae57af3-0dd6-47fe-9bcc-c5c15389ca51)",7/1/21,"The S-1 Registration Statement for Robinhood Markets, Inc. was filed with the SEC on July 1, 2021, as shown in the document header and preliminary prospectus date. The initially provided date of 11/30/2017 is unverified and inconsistent with the document content.",,"The S-1 registration statement for Robinhood Markets, Inc. is a formal SEC filing and does not list an individual author. The document identifies the company and its executives but does not specify a person as the author. Therefore, the author information is not available.",Neutral,"The article provides factual information about Robinhood's S-1 Registration Statement, including details on payment for order flow and revenue sources. The tone is objective and informational without expressing positive or negative opinions, indicating a neutral sentiment.
References: [Robinhood Markets, Inc. S-1 Registration Statement](https://sec.gov/Archives/edgar/data/1783879/000162828021013318/robinhoods-1.htm)","Robinhood Markets, Inc.","The document is an S-1 Registration Statement filed by Robinhood Markets, Inc., which is explicitly mentioned as the registrant and author of the filing. The company name is properly capitalized as 'Robinhood Markets, Inc.' in the document.","The document is the S-1 Registration Statement filed by Robinhood Markets, Inc. with the SEC in 2021, detailing its initial public offering of Class A common stock. It outlines the company's corporate structure, stock classes, and voting rights, emphasizing that founders hold significant voting power. The filing highlights Robinhood's revenue model, which is largely transaction-based and includes payment for order flow (PFOF). It also notes Robinhood's status as an emerging growth company and provides legal and contact information.","The summary is based on the content of the S-1 Registration Statement, which includes key details about the IPO, stock structure, founders' ownership, revenue sources including PFOF, and company classification under the JOBS Act. These points provide a concise overview of the document's main content."
https://ir.lawnet.fordham.edu/jcfl,Journal of Corporate & Financial Law,"Premier student-edited business law journal specializing in corporate and financial law; recognized as the most-cited specialty journal in banking and finance. Publishes comprehensive analyses on banking, bankruptcy, corporate governance, capital markets, finance, mergers and acquisitions, securities, and tax law. Features timely, influential scholarship used by judges, policymakers, and practitioners; includes a 2023 article analyzing payment for order flow in US equity markets with case studies on Robinhood and Citadel Securities, underscoring its role in retail investor protection discourse.",,7/26/16,Yes,"The Fordham Journal of Corporate & Financial Law article 'GameStopped: How Robinhood’s GameStop Trading Halt Reveals the Complexities of Retail Investor Protection' (2023) explicitly includes a section 'Payment for Order Flow' (I. THE EVOLVING DAY TRADING LANDSCAPE, B. Payment for Order Flow) and discusses PFOF in the US equity trading context, including references to Robinhood and Citadel Securities; this confirms the article discusses PFOF in US equity markets. (Source: Fordham JCFL, 2023 article 1536 content shown in crawl results).
References: [Fordham Journal of Corporate & Financial Law](https://ir.lawnet.fordham.edu/jcfl), [[PDF] Globalization of the Equity Markets - Fordham University](https://ir.lawnet.fordham.edu/cgi/viewcontent.cgi?article=1535&context=ilj), [[PDF] How Robinhood's GameStop Trading Halt Reveals the Complexities ...](https://ir.lawnet.fordham.edu/cgi/viewcontent.cgi?article=1536&context=jcfl), [[PDF] Payment for Order Flow and the Great Missed Opportunity](https://openscholarship.wustl.edu/cgi/viewcontent.cgi?article=1310&context=law_scholarship), [[PDF] Lessons from the Flash Crash for the Regulation of High-Frequency ...](https://ir.lawnet.fordham.edu/cgi/viewcontent.cgi?httpsredir=1&article=1321&context=jcfl), [[PDF] New Competitors](https://ir.lawnet.fordham.edu/cgi/viewcontent.cgi?article=1164&context=jcfl), [[PDF] Payment for Order Flow and the Retail Trading Experience](https://wifpr.wharton.upenn.edu/wp-content/uploads/2023/10/Payment-for-Order-Flow.pdf), [Payment For Order Flow & Market Implications - Bloomberg Law](https://www.bloomberglaw.com/external/document/X1RP679S000000/capital-markets-professional-perspective-payment-for-order-flow-), [Fordham Journal of Corporate and Financial Law](https://news.law.fordham.edu/jcfl), [[PDF] Payment for Order Flow And Asset Choice Thomas Ernst and ...](https://www.nber.org/system/files/working_papers/w29883/w29883.pdf), [New Rules and Regulations](https://ir.lawnet.fordham.edu/cgi/viewcontent.cgi?article=1162&context=jcfl), [Multilateral Transparency for Security Markets Through DLT](https://ir.lawnet.fordham.edu/context/jcfl/article/1479/viewcontent/Donald_and_Miraz_Article.pdf), [A Review Of Recent Derivatives Litigation](https://ir.lawnet.fordham.edu/cgi/viewcontent.cgi?article=1277&context=jcfl), [The Continuing Evolution Of The Law Of Insider Trading](https://ir.lawnet.fordham.edu/cgi/viewcontent.cgi?article=1290&context=jcfl), [An Analysis of the One-Sided Long Position Hedge Fund ...](https://ir.lawnet.fordham.edu/cgi/viewcontent.cgi?article=1442&context=jcfl), [Informational Failures In Structured Finance And Dodd- ...](https://ir.lawnet.fordham.edu/cgi/viewcontent.cgi?article=1307&context=jcfl), [Market Structure of the Chinese Equity Markets](https://ir.lawnet.fordham.edu/cgi/viewcontent.cgi?article=1381&context=jcfl)",1/1/23,"The article 'How Robinhood's GameStop Trading Halt Reveals the Complexities of Retail Investor Protection' is from Volume 28, Issue 2 of the Fordham Journal of Corporate & Financial Law, published in 2023. While the exact day and month are not explicitly found, the year 2023 is confirmed from the journal volume and issue information.
References: [Journal of Corporate & Financial Law](https://ir.lawnet.fordham.edu/jcfl), [How Robinhood's GameStop Trading Halt Reveals ...](https://ir.lawnet.fordham.edu/jcfl/vol28/iss2/3)","Deniz Anginer

Jinjing Liu

Cindy A. Schipani

H. Nejat Seyhun",The authors' names are explicitly listed under the 'Article' section for the current issue of the Fordham Journal of Corporate & Financial Law on the provided webpage content. They are presented in the format '<First> <Last>' with proper capitalization.,Negative,"The article discusses Robinhood's decision to halt trading on GameStop, which drew significant criticism and was seen as an unpopular move. The discussion of payment for order flow in this context is tied to controversies around retail investor protection, indicating a critical or negative sentiment towards the subject matter.
References: [Journal of Corporate & Financial Law](https://ir.lawnet.fordham.edu/jcfl), [How Robinhood's GameStop Trading Halt Reveals the Complexities ...](https://ir.lawnet.fordham.edu/jcfl/vol28/iss2/3), [[PDF] How Robinhood's GameStop Trading Halt Reveals the Complexities ...](https://scholarship.law.tamu.edu/cgi/viewcontent.cgi?article=2781&context=facscholar), [How Robinhood's GameStop Trading Halt Reveals the Complexities ...](https://papers.ssrn.com/sol3/papers.cfm?abstract_id=4459285)","Deniz Anginer is affiliated with Simon Fraser University.

Jinjing Liu is affiliated with The World Bank.

Cindy A. Schipani is affiliated with the University of Michigan.

H. Nejat Seyhun is affiliated with the University of Michigan.","Search results show Deniz Anginer is Associate Professor at Simon Fraser University. Jinjing Liu is a Consultant at The World Bank. Cindy A. Schipani is a Professor at the University of Michigan Ross School of Business. H. Nejat Seyhun is a Professor at the University of Michigan Ross School of Business. These are the company/institutional affiliations of the authors of the article.
References: [Journal of Corporate & Financial Law](https://ir.lawnet.fordham.edu/jcfl), [Deniz Anginer - Associate Professor at Beedie School of Business at ...](https://www.linkedin.com/in/deniz-anginer-4522698), [Deniz Anginer - Burnaby - Simon Fraser University](https://www.sfu.ca/beedie/about/faculty-staff-directory/profile.html?name=DenizAnginer), [Jinjing Liu - Ph.D. in Financial Economics | LinkedIn](https://www.linkedin.com/in/jinjing-liu-a8707784), [Cindy Schipani | Michigan Ross](https://michiganross.umich.edu/faculty-research/faculty/cindy-schipani), [Nejat Seyhun | Michigan Ross](https://michiganross.umich.edu/faculty-research/faculty/nejat-seyhun)","The Fordham Journal of Corporate & Financial Law is a leading student-edited business law journal focusing on issues in banking, bankruptcy, corporate governance, capital markets, finance, mergers and acquisitions, securities, and tax practices. It publishes scholarly articles, essays, notes, comments, and symposium transcripts that provide timely analyses for judges, policymakers, regulators, and market participants. The journal is highly cited in the fields of banking and finance law.","The summary is based on the journal description from the provided webpage content, which highlights its focus areas, types of publications, and its role in providing important legal analyses in business law."
https://tradersmagazine.com/am/duty-of-best-execution-and-payment-for-order-flow-a-review-of-recent-civil-litigation,Duty of Best Execution and Payment for Order Flow,"Detailed analysis of payment for order flow and best execution obligations in U.S. equity markets; includes definitions of PFOF, regulatory context with SEC and FINRA actions, and a review of recent civil litigation addressing market fairness and execution standards.",,,Yes,"The article explicitly discusses payment for order flow (PFOF) and the duty of best execution, including a definition of PFOF as market makers paying brokers to route orders, and it situates this within US markets (Traders Magazine content focused on U.S. equity markets; references to SEC/FINRA actions regarding PFOF). This satisfies the criterion that the piece discusses PFOF in the context of US equity trading.
References: [Duty of Best Execution and Payment for Order Flow](https://www.tradersmagazine.com/am/duty-of-best-execution-and-payment-for-order-flow-a-review-of-recent-civil-litigation), [Duty of Best Execution and Payment for Order Flow - Winston & Strawn](https://www.winston.com/en/insights-news/duty-of-best-execution-and-payment-for-order-flow-a-review-of-recent-civil-litigation), [Editorial Staff, Author at Traders Magazine - Page 54 of 1514](https://www.tradersmagazine.com/author/editorial/page/54), [[PDF] Payment For Order Flow & Market Implications](https://static.maglaw.com/docs/PaymentForOrderFlow%20final%20draft.pdf), [Better 'Best Execution': An Overview and Assessment](https://academic.oup.com/book/27407/chapter/197226882), [[PDF] Payment for Order Flow and the Great Missed Opportunity](https://openscholarship.wustl.edu/cgi/viewcontent.cgi?article=1310&context=law_scholarship), [Equities Archives - Page 75 of 161 - Traders Magazine](https://www.tradersmagazine.com/category/equities/page/75), [The retail execution quality landscape - ScienceDirect.com](https://www.sciencedirect.com/science/article/pii/S0304405X25000595), [[PDF] FACT SHEET – Payment for Order Flow - Better Markets](https://bettermarkets.org/wp-content/uploads/2022/03/Better_Markets_Payment_for_Order_Flow_Short_02-21-2021.pdf), [[PDF] Naked Short Selling & The Erosion of Shareholder Democracy](https://digitalcommons.law.lsu.edu/cgi/viewcontent.cgi?article=1051&context=jsjp)",,"The provided webpage content and search results do not explicitly state the publication date of the article. The article page and search snippets mention regulatory events in 2021 and 2022, but no clear publication date is given. Without a direct date reference, I cannot accurately provide the publication date.
References: [Duty of Best Execution and Payment for Order Flow](https://www.tradersmagazine.com/am/duty-of-best-execution-and-payment-for-order-flow-a-review-of-recent-civil-litigation)",Thomas Weber,"The author's name is explicitly mentioned in the content as 'Thomas Weber, Litigation Partner, Winston & Strawn' and also shown with a photo caption as 'Thomas Weber'. This matches the requested format with proper capitalization.",Neutral,"The article discusses the duty of best execution and payment for order flow in the context of regulatory review and litigation risks. The tone is analytical and factual, focusing on regulatory guidance and potential legal issues without expressing a clearly positive or negative stance. Therefore, the sentiment is best classified as Neutral.",Winston & Strawn,"The article identifies Thomas Weber as the author and states he is a Litigation Partner at Winston & Strawn, which indicates the company affiliation of the author.","The article reviews recent civil litigation and regulatory focus on payment for order flow (PFOF) and the duty of best execution in U.S. equity markets. It discusses how PFOF, where market makers pay brokers to route orders, coexists with brokers' obligation to seek the most favorable execution terms for clients. The SEC and FINRA have issued guidance and announced reviews to address concerns that PFOF might undermine best execution obligations.","The summary is based on the article content which explains the relationship between payment for order flow and the duty of best execution, regulatory scrutiny by the SEC and FINRA, and the context of U.S. equity markets. This captures the key points of the article concisely."
https://sifma.org/wp-content/uploads/2024/03/SIFMA-Insights-Equity-Market-Structure-Compendium_as-of-2-26-1.pdf,Equity Market Structure Compendium: 2024 Market Metrics & Looking to 2025 with Our Market Structure Survey,"Annual US equity market structure report by SIFMA; documents a 23.3% S&P 500 return in 2024, marking the second consecutive year above 20%, with mega caps comprising 58.5% of market cap and technology stocks 31.7%. Equity volumes averaged 12.2 billion shares daily (+10.2% Y/Y), retail trading held steady at ~18% of total volume, and after-hours trading accounted for 10.8%. ETF volumes grew moderately (+5.8% Y/Y) representing 19.6% of equity volumes, while options trading surged to 47.3 million contracts daily (+9.0% Y/Y) with a 127.2% increase since 2020. The compendium includes detailed analysis of payment for order flow practices in US equity markets, emphasizing broker and market maker roles in retail order routing.",SIFMA,,Yes,"Yes. The Equity Market Structure Compendium (US Equity Market Structure Compendium) is a US-equities focused report and the search results for the PDF explicitly mention 'Payment For Order Flow' as a topic/section within the document, indicating discussion of broker compensation for routing retail orders in US equity markets. This satisfies the criterion that the article discusses PFOF in the context of US equities (brokers, market makers, and routing). See: the PDF entry for the Compendium with a snippet including 'Payment For Order Flow' and related topics, and confirmation that the report covers US equity market structure.
References: [Equity Market Structure Compendium - SIFMA](https://www.sifma.org/resources/research/insights/insights-equity-market-structure-compendium), [[PDF] US Equity Market Structure Compendium](https://www.sifma.org/wp-content/uploads/2024/03/SIFMA-Insights-Equity-Market-Structure-Compendium_as-of-2-26-1.pdf), [SIFMA Releases Compendium on U.S. Equity Market Structure](https://www.sifma.org/resources/news/press-releases/sifma-releases-compendium-on-u-s-equity-market-structure), [Equity Market Structure - SIFMA](https://www.sifma.org/explore-issues/equity-market-structure), [[PDF] SIFMA Insights](https://www.sifma.org/wp-content/uploads/2022/03/SIFMA-Insights-Market-Structure-Compendium-February-2023.pdf), [[PDF] SIFMA Insights Equity Market Structure Compendium](https://www.sifma.org/wp-content/uploads/2023/02/SIFMA-Insights-Equity-Market-Structure-Compendium_3-5-v2.pdf), [[PDF] SIFMA Insights Primer Equities](https://www.sifma.org/wp-content/uploads/2024/09/SIFMA-Insights-Primer_Equities_FINAL.pdf), [[PDF] SIFMA Insights - Fixed Income Market Structure Compendium 2023 ...](https://www.sifma.org/wp-content/uploads/2024/04/SIFMA-Insights-Fixed-Income-Market-Structure-Compendium_as-of-4-2-1.pdf), [Market Metrics and Trends: SIFMA Insights](https://www.sifma.org/resources/research/insights/insights-market-metrics-and-trends), [Q&A: US Equity Market Structure - SIFMA](https://www.sifma.org/resources/news/qa-u-s-equity-market-structure)",2/1/25,"The publication date is explicitly mentioned in the PDF content snippet as ""Published: February 2025."" Since no specific day is given, the first day of the month is used as the standard date format.",SIFMA,"The provided document and metadata list the author as 'SIFMA', which is the Securities Industry and Financial Markets Association, a trade association rather than an individual author. No individual author's name in the format '<First> <Last>' is given in the document or metadata. Therefore, the author is correctly identified as 'SIFMA'.","Positive, Neutral","The article highlights strong positive market performance with S&P 500 returns above 20% for two consecutive years and growth in equity volumes and capital formation. However, it also notes some challenges such as a decline in the number of listed companies, which adds a neutral aspect. Overall, the sentiment is predominantly positive with some neutral elements.",SIFMA,"The author of the Equity Market Structure Compendium is listed as SIFMA, which stands for Securities Industry and Financial Markets Association. This is the company/organization responsible for the publication, so the company author is SIFMA with proper capitalization.","The 2024 Equity Market Structure Compendium by SIFMA provides an in-depth analysis of US equity markets, highlighting a strong year with the S&P 500 returning 23.3%. It covers key metrics including equity volumes surpassing 12 billion shares daily, moderate ETF volume growth, and significant options trading increases. The report discusses market concentration, particularly the dominance of the Magnificent 7 stocks, and trends in retail trading and after-hours volumes. It also addresses capital formation trends and includes insights on payment for order flow within the US equity market structure.","The summary is based on the executive summary and key sections of the 2024 SIFMA Equity Market Structure Compendium, which detail market returns, trading volumes, market concentration, and structural themes including payment for order flow."
https://ibtimes.com/elegant-solution-pfof-related-perversions-3598789,An Elegant Solution to PFOF and Related Perversions,"In-depth article analyzing Payment-for-Order-Flow (PFOF) in US equity markets; identifies regulatory flaws causing dark market proliferation and inverted markets exploiting outdated minimum pricing increments. Highlights how these create a private transaction tax resisted by entrenched business models, adversely affecting retail investors and market integrity; references Reg NMS and 30+ US dark markets, framing PFOF amid institutional and market maker conflicts over liquidity compensation.","Daniel Schlaepfer, Ian Bandeen",,Yes,"The article explicitly discusses Payment-for-Order-Flow (PFOF) and ties it to US equity markets. It opens with ""As Payment-for-Order-Flow (PFOF) is coming under increased scrutiny in both the US and EU"" and repeatedly references US-specific market structure (e.g., ""private dark markets (at last count, well over 30 in the US alone)"", Reg NMS introduced in 2005, and discussions of retail order flow and brokers delivering orders). These elements clearly place PFOF in the context of US stock trading, not other asset classes. Therefore it satisfies the criterion that the article discusses PFOF in the context of US equity markets. cite: crawled_page content excerpts shown in prior messages.
References: [An Elegant Solution to PFOF and Related Perversions](https://www.ibtimes.com/elegant-solution-pfof-related-perversions-3598789)",8/5/22,"The publication date of the article titled 'An Elegant Solution to PFOF and Related Perversions' on ibtimes.com is found as August 5, 2022, based on the search result metadata from the website.
References: [An Elegant Solution to PFOF and Related Perversions](https://www.ibtimes.com/elegant-solution-pfof-related-perversions-3598789)","Daniel Schlaepfer

Ian Bandeen","The authors' names are explicitly mentioned in the article as 'Daniel Schlaepfer, Ian Bandeen' with proper capitalization.","Negative, Positive","The article discusses the negative aspects of Payment-for-Order-Flow (PFOF) and related market inefficiencies, highlighting how they harm retail investors and the market by creating a transaction tax and perversions of market efficiency. However, it also presents a positive and elegant solution proposed by Gary Gensler to reduce the minimum pricing increment, which could lead to improvements in liquidity and pricing for investors. Therefore, the sentiment is a combination of Negative (criticism of current issues) and Positive (hopeful solution).",Select Vantage Inc.,"The article content explicitly states that Daniel Schlaepfer is the President and CEO of Select Vantage Inc. (SVI), which is the company associated with the author. Ian Bandeen is also affiliated as Chairman of the Advisory Board of SVI, confirming the company name for both authors.","The article discusses the issues surrounding Payment-for-Order-Flow (PFOF) in US equity markets, highlighting how outdated regulations have allowed intermediaries to profit at the expense of retail investors. It explains the negative effects of current market structures, including dark markets and inverted markets, and proposes a simple solution: reducing the minimum pricing increment to a tenth of a cent to eliminate these inefficiencies and improve liquidity and pricing for investors.","The summary captures the main points of the article, which critiques the current PFOF system in US equity markets, describes the regulatory and market structure problems, and presents the authors' proposed solution to improve market fairness and efficiency. This is based on the detailed content provided in the article from the webpage."
https://bettermarkets.com/sites/default/files/documents/Better_Markets_Reddit_Robinhood_Gamestop_RiggedMarkets_02-01-2021.pdf,"Reddit, Robinhood, GameStop & Rigged Markets: The Key Issues for Investigation","Investigative report on the 2021 GameStop trading frenzy driven by Reddit and Robinhood; highlights over $450 million in payment for order flow to Robinhood, with Citadel Securities as a major recipient, framing these practices as 'legalized bribery' within US equity markets. The report critiques market structure flaws such as leverage, liquidity fragmentation, high-frequency trading, and gamification of retail trading, emphasizing the erosion of investor trust and calling for regulatory scrutiny of brokers, hedge funds, and Wall Street megabanks.",,,Yes,"yes. The document contains a dedicated section titled 'Payment for Order Flow (PFOF): Legalized Bribery' that explicitly discusses PFOF in the context of US equity markets, including: (1) Robinhood being paid over $450 million in 2020 for routing client orders; (2) Citadel Securities as a major recipient of Robinhood's order flow; (3) discussion of 'commission-free trading' claims and the need for SEC/CFTC review. All content is framed around US stock trading and market structure, not other asset classes.
References: [Reddit, Robinhood, GameStop & Rigged Markets: The Key Issues for Investigation](https://bettermarkets.com/sites/default/files/documents/Better_Markets_Reddit_Robinhood_Gamestop_RiggedMarkets_02-01-2021.pdf)",2/1/21,The publication date is explicitly stated in the document content as 'Date Published: 2021-02-01'. This date is clearly indicated near the beginning of the document.,Dennis Kelleher,"The search results indicate that Dennis Kelleher is the President and CEO of Better Markets and is associated with statements and fact sheets related to the document titled 'Reddit, Robinhood, GameStop & Rigged Markets: The Key Issues for Investigation'. This strongly suggests he is the author or primary spokesperson for the document.
References: [Reddit, Robinhood, GameStop & Rigged Markets: The Key Issues for Investigation](https://bettermarkets.com/sites/default/files/documents/Better_Markets_Reddit_Robinhood_Gamestop_RiggedMarkets_02-01-2021.pdf), [ROBINHOOD/GAMESTOP/CITADEL: MAKING YOUR ...](https://bettermarkets.org/analysis/everything-you-need-know-about-gamestop-frenzy-and-key-players-including-robinhood-citadel-2), [Key Issues for Investigation Regarding Robinhood, Reddit ...](https://bettermarkets.org/newsroom/key-issues-investigation-regarding-robinhood-reddit-gamestop-and-rigged-markets-better), [Hiltzik: The truth about the GameStop stock saga - Los Angeles Times](https://www.latimes.com/business/story/2021-02-01/gamestop-takes-wrong), [[PDF] Testimony of Dennis M. Kelleher President and CEO Better Markets ...](https://democrats-financialservices.house.gov/uploadedfiles/hhrg-117-ba00-bio-kelleherd-20210317.pdf)",Negative,"The article discusses serious issues such as predatory market practices, conflicts of interest, misleading claims of 'free trading,' and the gamification of trading, which are all framed negatively. It highlights harm to retail investors, market manipulation, and calls for regulatory scrutiny and intervention. The tone is critical and cautionary, indicating a negative sentiment overall.",Better Markets,"The document is hosted on bettermarkets.com and the content discusses financial market issues consistent with the mission of Better Markets, a nonprofit organization focused on financial reform. This strongly indicates that the author company is Better Markets.","The document examines the market turmoil caused by Reddit-fueled and Robinhood-facilitated trading of GameStop and other stocks, highlighting serious investor protection and market integrity issues. It discusses the problematic practice of payment for order flow (PFOF), misleading claims of commission-free trading, and the gamification of trading that encourages risky behavior. The report calls for increased regulatory scrutiny of brokers, hedge funds, and market intermediaries to address conflicts of interest, market manipulation, and the hidden costs borne by retail investors.","The summary captures the key themes from the document including the market disruption, PFOF issues, misleading free trading claims, gamification of trading, and the need for regulatory investigation as detailed in the provided content."
https://cnbc.com/2022/09/22/robinhood-jumps-after-report-that-sec-will-not-ban-payment-for-order-flow.html,"Robinhood jumps, then fades after report that SEC will not ban payment for order flow","News article on Robinhood Markets, a US retail brokerage specializing in equity trading; reports that the SEC will not ban payment for order flow, a critical part of Robinhood's business model in US stock markets; highlights market reaction with shares initially rising then falling, reflecting investor uncertainty; discusses potential regulatory changes that could impact PFOF profitability but stops short of a ban.",Jesse Pound,,Yes,"The article explicitly discusses payment for order flow (PFOF) and its role in the business model of a US equity broker (Robinhood), including references to U.S. regulators not banning PFOF and a description of PFOF as a practice in US stock markets. It also mentions market makers (e.g., Virtu) and the context is US equity trading, not other asset classes. This satisfies the criterion that the article discusses PFOF in the context of US equity markets.
References: [Robinhood jumps, then fades after report that SEC will not ban ...](https://www.cnbc.com/2022/09/22/robinhood-jumps-after-report-that-sec-will-not-ban-payment-for-order-flow.html), [SEC Will Not Prohibit Payment for Order Flow - Investopedia](https://www.investopedia.com/sec-won-t-prohibit-popf-6742632), [Robinhood CEO says payment for order flow is 'here to stay' - CNBC](https://www.cnbc.com/2023/12/01/robinhood-ceo-says-payment-for-order-flow-is-here-to-stay.html), [Robinhood tanks after SEC chair tells Barron's that banning ... - CNBC](https://www.cnbc.com/2021/08/30/robinhood-tanks-after-sec-chair-tells-barrons-banning-payment-for-order-flow-is-a-possibility-.html), [Robinhood CEO defends payment for order flow, says practice is ...](https://www.reddit.com/r/technology/comments/1892jtq/robinhood_ceo_defends_payment_for_order_flow_says), [Robinhood Fine - $45M - SEC - Regulatory Violations - Jan 2025](https://www.steel-eye.com/news/robinhood-fine-45m-sec-regulatory-violations-jan-2025), [[PDF] Eliminating Payment for Order Flow to Ensure Loyal Agents](https://bclawreview.bc.edu/articles/3061/files/6425deca63493.pdf), [Robinhood stock hits $100 as it roars 30% since S&P 500 snub - CNBC](https://www.cnbc.com/2025/07/02/robinhood-stock-record.html), [The SEC May Not Ban Payment for Order Flow. Robinhood Stands ...](https://www.barrons.com/articles/robinhood-stock-sec-payment-for-order-flow-51663853232), [Robinhood Threatened - Payment for order flow might be canceled ...](https://www.reddit.com/r/wallstreetbets/comments/piyo3n/robinhood_threatened_payment_for_order_flow_might)",9/22/22,"The article URL and content indicate the publication date as September 22, 2022. The URL contains the date 2022/09/22, and the article discusses events and reports relevant to that date.",Jesse Pound,The author's name is explicitly mentioned in the provided webpage content as 'Jesse Pound' in the author field of the article metadata.,Neutral,"The article presents a balanced view on the topic of payment for order flow in the context of Robinhood and US equity markets. It reports the SEC's decision not to ban the practice, which is positive for Robinhood's business model, but also highlights the company's stock decline and ongoing regulatory concerns, reflecting a mixed sentiment. The tone is factual and does not lean strongly positive or negative, making 'Neutral' the most appropriate sentiment classification.",CNBC,"The article is published on CNBC's website and the author Jesse Pound is associated with CNBC, indicating the company name of the author is CNBC.","The article reports that the U.S. Securities and Exchange Commission (SEC) will not ban payment for order flow (PFOF), a key revenue source for Robinhood and other retail brokerages. While the SEC may implement rule changes to improve market fairness and execution quality, the practice of PFOF will continue. Robinhood's stock initially rose on the news but closed lower, reflecting ongoing challenges including user growth reversal. The SEC is considering various market structure changes, but a ban on PFOF is not among them at this time.","The summary is based on the article's main points about the SEC's stance on payment for order flow, its impact on Robinhood's business model and stock performance, and the broader regulatory context discussed in the content."
https://blog.themistrading.com/2012/09/cutting-the-line-and-order-types,Cutting the Line and Order Types,"Blog article analyzing payment for order flow and conflicted order types in US equity markets; highlights how exchanges like NYSE Arca and Direct Edge introduce HFT-oriented order types such as the PL Select Order, approved by the SEC and designed to disadvantage certain order types like IOC and ISO. The article critiques these practices for distorting price discovery and supply-demand metrics foundational to capital markets, referencing regulatory approval and industry concerns from firms like T. Rowe Price.",·,,Yes,"The article explicitly discusses Payment for order flow: 'Payment for order flow, access to high speed proprietary exchange data feeds and conflicted order types are all deeply embedded in our stock market.' It also centers on US equity trading (Themis Trading is an institutional equities broker; mentions NYSE Arca, SEC) indicating a US equity market context.
References: [Cutting the Line and Order Types](https://blog.themistrading.com/2012/09/cutting-the-line-and-order-types)",9/19/12,"The article itself clearly shows the publication date as September 19, 2012, at the top of the content section and in the URL structure (2012/09).
References: [Cutting the Line and Order Types](https://blog.themistrading.com/2012/09/cutting-the-line-and-order-types)",Joseph Saluzzi and Sal Arnuk,"The article is from Themis Trading blog, which is run by Joe Saluzzi and Sal Arnuk, co-founders and principals of Themis Trading. They are the known authors behind the blog content and the book 'Broken Markets' mentioned in the article. The blog itself does not specify a single author for this post, but it is attributed to these two individuals as the main authors of the firm's market commentary.
References: [Cutting the Line and Order Types](https://blog.themistrading.com/2012/09/cutting-the-line-and-order-types), [Management - Themis Trading LLC](http://www.themistrading.com/management), [Themis Trading LLC](http://www.themistrading.com), [Joe Saluzzi and Sal Arnuk are cutting through industry's spin with ...](https://bettermarkets.org/newsroom/joe-saluzzi-and-sal-arnuk-are-cutting-through-industrys-spin-fact-based-research-and-analysis)",Negative,"The article discusses issues such as unfair advantages given to high-frequency traders, questionable SEC approvals, and the erosion of confidence in a fair and orderly marketplace. The tone is critical and highlights concerns about market rigging and unfair practices, indicating a negative sentiment toward the current state of the US equity markets and their regulation.",Themis Trading,"The article is published on the blog of Themis Trading, which is described as an independent institutional agency brokerage firm specializing in equities. The author is not named, but the company associated with the blog and the content is Themis Trading, making it the company name of the author.","The article discusses how certain order types in the US stock market, designed and approved by exchanges and the SEC, give unfair advantages to high-frequency traders by allowing them to jump the trading queue. It highlights concerns about market fairness, price discovery distortion, and conflicts of interest embedded in payment for order flow and proprietary data feeds. The piece references investigations and critiques from industry insiders and regulators, emphasizing the broken nature of current market structures.","The article focuses on the creation and use of specialized order types by exchanges that benefit high-frequency traders, potentially at the expense of other investors. It discusses payment for order flow, proprietary data feeds, and regulatory scrutiny, illustrating concerns about fairness and market integrity in the US equity markets. This summary captures the core themes and context presented in the content."
https://finra.org/rules-guidance/guidance/reports/2023-finras-examination-and-risk-monitoring-program/disclosure-routing-information,Disclosure of Routing Information,Regulatory guidance on Rule 606 disclosures for broker-dealers handling NMS stocks and listed options; emphasizes transparency in order routing and requires detailed reporting of payment for order flow (PFOF) and profit-sharing relationships with execution venues. Includes supervisory expectations for firms using third-party reports and mandates accurate quarterly routing report publication and retention per SEC standards.,,,Yes,"The article 'Disclosure of Routing Information' discusses Rule 606 disclosures of order routing for NMS stocks (US equities) and explicitly references payments for order flow (PFOF) in the context of the material terms of venues and reporting. It includes guidance to disclose PFOF and profit-sharing relationships and to report PFOF in the material terms, which demonstrates discussion of PFOF within US equity markets. This aligns with the criterion requiring discussion of PFOF in US equity markets. Supporting excerpts include: (1) Rule 606 regulates disclosures for handling customer orders in NMS stocks, (2) guidance to include PFOF-related terms in material disclosures and reports, including 'specific quantitative and qualitative information regarding PFOF and any profit-sharing relationship.'
References: [Disclosure of Routing Information](https://www.finra.org/rules-guidance/guidance/reports/2023-finras-examination-and-risk-monitoring-program/disclosure-routing-information)",1/10/23,"The article 'Disclosure of Routing Information' is part of the 2023 FINRA's Examination and Risk Monitoring Program report. The related report page on FINRA's site shows a publication date of January 10, 2023, which is the closest and most relevant date for this article's publication.
References: [Disclosure of Routing Information](https://www.finra.org/rules-guidance/guidance/reports/2023-finras-examination-and-risk-monitoring-program/disclosure-routing-information), [2023 Report on FINRA's Examination and Risk Monitoring ...](https://www.finra.org/rules-guidance/guidance/reports/2023-finras-examination-and-risk-monitoring-program)",,"The search results and the original webpage content do not provide any specific author's name for the FINRA document titled 'Disclosure of Routing Information.' Such regulatory guidance documents from FINRA typically do not list individual authors but are issued by the organization as a whole. Therefore, no author name in the format '<First> <Last>' can be found or verified for this document.","Negative, Neutral","The article primarily highlights numerous deficiencies and compliance failures related to Rule 606 disclosures, such as inaccurate reports, incomplete disclosures, deficient communications, and insufficient supervisory procedures, which indicates a negative sentiment. However, it also outlines effective practices and recommendations for improvement, which provide a neutral or constructive aspect to the overall tone. Therefore, the sentiment is best described as predominantly Negative with some Neutral elements.",Financial Industry Regulatory Authority (FINRA),"The article is published on finra.org, which is the official website of the Financial Industry Regulatory Authority (FINRA). The content relates to regulatory obligations and findings under Rule 606 of Regulation NMS, a framework overseen by FINRA, indicating that FINRA is the company author.","The article outlines regulatory obligations under Rule 606 of Regulation NMS requiring broker-dealers to disclose order routing information for NMS stocks, including payments for order flow (PFOF). It highlights common deficiencies in quarterly reports and disclosures, such as inaccuracies, incomplete descriptions of PFOF arrangements, and supervisory weaknesses. Effective practices include regular supervisory reviews and vendor due diligence to ensure accurate and complete disclosures. Additional resources from the SEC are provided for further guidance.","The summary captures the core content of the article, which focuses on Rule 606 disclosure requirements, common findings of non-compliance, and recommended effective practices regarding order routing and PFOF disclosures in US equity markets. It reflects the main points and guidance presented in the provided content."
https://mdpi.com/1911-8074/14/11/556,Order Routing Decisions for a Fragmented Market: A Review,"Scholarly review article analyzing order routing decisions in the fragmented U.S. equity markets; covers the impact of market fragmentation on liquidity, volatility, and price efficiency. Discusses payment for order flow (PFOF) by off-exchange market makers within the regulatory framework of Reg-NMS; references key U.S. market makers like Citadel and Virtu and examines retail trading and commission-free brokerage influences on routing strategies.",,,Yes,"Yes. The MDPI article explicitly discusses payment for order flow (PFOF) in the context of US equity markets. The Introduction notes the PFOF practice by market makers in off-exchanges as part of discussing routing venue decisions in a fragmented U.S. equity market, and the piece frames its analysis within U.S. market fragmentation and regulatory reforms (Reg-NMS). The article also references US market dynamics (e.g., retail trading, commission-free brokers) and US market makers (Citadel, Virtu) in this context. Source: MDPI: Order Routing Decisions for a Fragmented Market: A Review (2021).
References: [Order Routing Decisions for a Fragmented Market: A Review](https://www.mdpi.com/1911-8074/14/11/556)",11/17/21,The article's publication date is explicitly stated in the content as 'Published: 17 November 2021'. This date is found in the metadata section near the authors' information on the MDPI webpage.,"Suchismita Mishra

Le Zhao","The authors' names are explicitly mentioned in the article content as Suchismita Mishra and Le Zhao, with proper capitalization and in the format '<First> <Last>'.",Neutral,"The article provides a balanced academic review of the U.S. equity market fragmentation and order routing decisions. It discusses both positive aspects such as increased competition, technological advancements, and benefits to market participants, as well as concerns like adverse selection risks and information asymmetry. The tone is factual and analytical without strong emotional bias, indicating a neutral sentiment.",Florida International University,"The article content specifies that the authors, Suchismita Mishra and Le Zhao, are affiliated with the Department of Finance, College of Business, Florida International University, Miami, FL, USA. This indicates their company/organization affiliation.","This article reviews the evolution and fragmentation of the U.S. equity market, focusing on order routing decisions amid multiple trading venues. It discusses the impact of market fragmentation on liquidity, volatility, and price efficiency, and examines factors influencing routing choices, including technology and trader types. The review also covers regulatory reforms and highlights contemporary issues such as payment for order flow and retail trading phenomena like the GameStop frenzy.","The summary is based on the article's abstract and introduction, which emphasize the fragmented U.S. equity market, order routing decisions, market quality impacts, regulatory reforms, and recent retail trading trends including payment for order flow."
https://businessinsider.com/hft-pay-how-much-do-market-makers-pay-traders-engineers-researchers-citadel,"HFT pay revealed: Salaries from Citadel Securities, Jump, HRT and more","Business Insider article revealing compensation at top HFT firms including Citadel Securities, Jump Trading, and Hudson River Trading; details salaries for traders, engineers, and researchers. Highlights payment-for-order-flow in US equity markets, noting Citadel Securities processes roughly 25% of US equities and pays retail brokers like Robinhood for order flow, a practice facing regulatory attention.","Alex Morrell, Alex Nicoll",,Yes,"The article explicitly discusses payment-for-order-flow (PFOF) in the context of US equities, noting that high-frequency trading firms pay retail brokers like Robinhood for customer stock orders and referencing US equity market share (Citadel Securities handling about one-quarter of US equities). This directly satisfies the criterion that the article discusses PFOF in US equity markets.
References: [US Stock Brokers Made $3.8 Billion From PFOF Amid GameStop ...](https://markets.businessinsider.com/news/stocks/stock-brokers-made-billions-pfof-gamestop-craze-robinhood-charles-schwab-2022-2), [Robinhood's Payment for Order Flow Is Focus of Congressional ...](https://www.businessinsider.com/robinhood-payment-for-order-flow-gamestop-regulation-revenue-2021-2), [Citadel Securities paid US$943m for retail US equity, options order ...](https://www.globaltrading.net/citadel-securities-paid-us943m-for-retail-us-equity-options-order-flow-in-nine-months), [[PDF] How does Payment for Order Flow Influence Markets? - SEC.gov](https://www.sec.gov/files/dera_wp_payment-order-flow-2501.pdf), [Payment For Order Flow is banned in the UK : r/Superstonk](https://www.reddit.com/r/Superstonk/comments/obxxkd/payment_for_order_flow_is_banned_in_the_uk), [HFT Pay Revealed: Salaries From Citadel Securities, Jump, HRT ...](https://www.businessinsider.com/hft-pay-how-much-do-market-makers-pay-traders-engineers-researchers-citadel), [Payment for order flow - Wikipedia](https://en.wikipedia.org/wiki/Payment_for_order_flow), [Robinhood, Schwab led US$340m retail order flow payment bonanza ...](https://www.globaltrading.net/robinhood-schwab-led-us461m-retail-order-flow-payment-bonanza-in-may), [Payment for Order Flow Worries the SEC. Perhaps It Shouldn't ...](https://www.barrons.com/articles/payment-for-order-flow-sec-51661280732), [[PDF] FACT SHEET – Payment for Order Flow - Better Markets](https://bettermarkets.org/wp-content/uploads/2022/03/Better_Markets_Payment_for_Order_Flow_Long_02-21-2021.pdf), [U.S. mulls shaking up stock trading rules to aid small investors](https://www.reuters.com/legal/litigation/us-mulls-shaking-up-stock-trading-rules-aid-small-investors-2022-03-28), [Exclusive: U.S. investigates market-making operations of Citadel, KCG](https://www.reuters.com/article/business/exclusive-us-investigates-market-making-operations-of-citadel-kcg-idUSKCN0Y11CJ), [What is Payment for Order Flow (PFOF)? | PFOF Brokers % - Bookmap](https://bookmap.com/blog/what-is-payment-for-order-flow-pfof), [U.S. online brokers still profiting from 'dumb money' | Reuters](https://www.reuters.com/article/business/us-online-brokers-still-profiting-from-dumb-money-idUSKBN1WN1S1), [Payment for Order Flow (PFOF) and Broker-Dealer Regulation](https://www.congress.gov/crs-product/IF12594), [[PDF] Eliminating Payment for Order Flow to Ensure Loyal Agents](https://bclawreview.bc.edu/articles/3061/files/6425deca63493.pdf), [Robinhood CEO says payment for order flow is 'here to stay' - CNBC](https://www.cnbc.com/2023/12/01/robinhood-ceo-says-payment-for-order-flow-is-here-to-stay.html), [[PDF] Payment for Order Flow and the Retail Trading Experience](https://wifpr.wharton.upenn.edu/wp-content/uploads/2023/09/Payment-for-Order-Flow-final.pdf), [Goodbye, PFOF? What to Know About SEC ... - Markets Insider](https://markets.businessinsider.com/news/stocks/goodbye-pfof-what-to-know-about-sec-changes-as-hood-virtu-stock-fall-1031972709), [Sam Bankman-Fried's FTX US just launched a no-fee stock ...](https://www.businessinsider.com/how-ftx-us-and-public-plan-to-make-money-without-payment-for-order-flow-2022-7), [A high-frequency trading firm that executes crypto trades for ...](https://markets.businessinsider.com/news/stocks/jump-trading-group-equity-stock-trading-robinhood-crypto-retail-investors-2021-08), [Retail Investors Sold the Stocks They Bought During COVID ...](https://markets.businessinsider.com/news/stocks/retail-investors-sold-stocks-from-covid-trading-boom-goldman-sachs-2023-1), [How Robinhood Conditioned a Generation to Obsessively ...](https://www.businessinsider.com/how-robinhood-conditioned-generation-trade-obsessive-investing-reddit-gamestop-wallstreetbets-2021-2), [Trading Frenzy in Meme Stocks Reflects a Broken Part of the ...](https://markets.businessinsider.com/news/stocks/meme-stocks-retail-trading-frenzy-gamestop-broken-market-alex-gerko-2021-6-1030502767), [Ken Griffin's Citadel, Citadel Securities' Profiles Are on the ...](https://www.businessinsider.com/ken-griffin-citadel-citadel-securities-gamestop-reddit-trading-wallstreetbets-2021-2), [Public.com: US Trading App Expanding to Europe, Plans ...](https://www.businessinsider.com/publiccom-us-trading-app-expanding-to-europe-plans-acquisitions-2022-11), [Report Details Robinhood's Internal Reaction to GameStop ...](https://www.businessinsider.com/report-details-robinhood-internal-communications-to-gamestop-amc-meme-stocks-2022-6)",3/31/22,The article content includes a timestamp '2022-03-31T11:00:00Z' which indicates the publication date of the article. This is the most direct evidence of the publication date.,"Alex Morrell, Alex Nicoll",The author's names are explicitly mentioned at the beginning of the article as 'By Alex Morrell and Alex Nicoll' with proper capitalization.,Neutral,"The article provides a factual and balanced overview of high-frequency trading firms, their salaries, and the practice of payment-for-order-flow in US equity markets. It includes both positive aspects, such as the firms' growth and importance, and negative aspects, such as controversies and criticism. The tone is informative and neutral without strong emotional bias.",Business Insider,"The authors Alex Morrell and Alex Nicoll are credited on the article published on Business Insider, indicating that the company associated with the authors is Business Insider.","The article reveals salary ranges for traders, engineers, and researchers at top high-frequency trading firms like Citadel Securities, highlighting their competitive pay and hiring practices including H-1B visa usage. It also discusses the controversial payment-for-order-flow practice in US equity markets, where firms such as Citadel pay retail brokers like Robinhood for customer trade orders, underscoring the firms' significant role in market making and trading across various asset classes.","The summary captures the main points of the article: salary insights for key roles at major HFT firms, their hiring strategies, and the discussion of payment-for-order-flow in US equity markets involving firms like Citadel and brokers like Robinhood, as detailed in the Business Insider article."
https://digitalcommons.wcl.american.edu/cgi/viewcontent.cgi?article=1164&context=aublr,High-Frequency Traders: How the SEC Can Tighten Regulation While Maintaining the Benefits of a Competitive Market,"2024 law review article by John I. Sanders analyzing U.S. high-frequency trading regulation; evaluates the SEC's 2018 transaction fee pilot targeting the maker-taker model that incentivizes HFT and discusses payment-for-order-flow in U.S. equity markets. Proposes three enforcement tools under the Exchange Act to limit market manipulation while preserving competitive market benefits, contextualized by the 2010 Flash Crash impact.",John I. Sanders,,Yes,"Yes. The article engages with payment-for-order-flow-like topics in US equity markets. It discusses the maker-taker model and a SEC transaction-fee pilot as mechanisms that incentivize high-frequency trading, explicitly in the U.S. stock market context (e.g., references to the Flash Crash in the U.S. stock market and a transaction-fee pilot evaluating the maker-taker model). This indicates relevance to PFOF in US equities, satisfying the criterion. Key citations: the text notes a “transaction fee pilot program to evaluate the effects of the controversial maker-taker model that incentivizes high-frequency trading” and discusses the U.S. stock market Flash Crash context. Source: Sanders, High-Frequency Traders: How the SEC Can Tighten Regulation While Maintaining the Benefits of a Competitive Market, American University Business Law Review, Vol. 13:2 (2024).
References: [High-Frequency Traders: How the SEC Can Tighten Regulation While Maintaining the Benefits of a Competitive Market](https://digitalcommons.wcl.american.edu/cgi/viewcontent.cgi?article=1164&context=aublr)",10/1/24,"The article is published in Volume 13, Issue 2 of the American University Business Law Review, which is dated October 2024 according to the official journal webpage at https://digitalcommons.wcl.american.edu/aublr/vol13/iss2. Since no specific day is given, the first day of the month is used as the publication date.
References: [High-Frequency Traders: How the SEC Can Tighten Regulation While Maintaining the Benefits of a Competitive Market](https://digitalcommons.wcl.american.edu/cgi/viewcontent.cgi?article=1164&context=aublr), [American University Business Law Review | Vol 13 | Iss 2](https://digitalcommons.wcl.american.edu/aublr/vol13/iss2), [American University Business Law Review | Vol 13](https://digitalcommons.wcl.american.edu/aublr/vol13)",John Sanders,"The author's name is found in the article's header and author information as 'John I. Sanders'. Following the instruction to provide the name in '<First> <Last>' format with proper capitalization, the name is 'John Sanders'.",Neutral,"The article provides a balanced analysis of high-frequency trading, acknowledging both its benefits and the potential harms. It discusses regulatory challenges and proposes measures to limit abuses while maintaining market benefits. The tone is analytical and constructive rather than overtly positive or negative, indicating a neutral sentiment.",White & Case LLP,"The article content states that John I. Sanders has been employed by White & Case LLP in Milan, Italy as an attorney specializing in international capital markets matters since 2020. This indicates his current company affiliation.","The article by John I. Sanders analyzes the practice of high-frequency trading (HFT) in the U.S. stock market, spotlighted by the 2010 Flash Crash. It discusses the benefits HFT provides to market participants but highlights the need for tighter regulation to curb harmful excesses. Sanders proposes three regulatory tools for the SEC: enforcing market manipulation charges, holding exchanges accountable for unfair benefits to HFTs, and overseeing exchange colocation rules to ensure fair access and transparency. The article argues these measures can maintain competitive market benefits while addressing HFT abuses.","The summary is based on the article's abstract and introduction, which outline the focus on high-frequency trading, its market impact, regulatory challenges, and specific proposals for SEC action to balance market efficiency with investor protection. The content clearly emphasizes the U.S. equity market context and regulatory framework."
https://papers.ssrn.com/sol3/papers.cfm?abstract_id=2580002,The New Stock Market: Sense and Nonsense,Academic research paper examining the overhaul of US equity markets where traditional dealers and specialists have been replaced by up to sixty competing electronic trading venues; highlights the dominance of high-frequency traders as primary liquidity providers and details the controversial practice of payment-for-order-flow (PFOF) where brokers prioritize venues offering payments for customer order routing; provides a comprehensive legal and economic analysis of market structure changes impacting liquidity and trading practices.,See all articles by Merritt B. Fox,,Yes,"The article 'The New Stock Market: Sense and Nonsense' includes an Abstract statement describing how brokers mishandle customer orders to maximize payments they receive in return for sending trading venues their customers’ orders, i.e., a description of payment-for-order-flow (PFOF) in the context of the US equity markets. This direct reference confirms the topic is US stock trading payments to venues, not other asset classes. Source: crawl of SSRN page content (Abstract section within the provided content).
References: [""The New Stock Market: Sense and Nonsense"" by Merritt B. Fox ...](https://scholarship.law.duke.edu/dlj/vol65/iss2/1), [THE NEW STOCK MARKET: SENSE AND NONSENSE - jstor](https://www.jstor.org/stable/pdf/24692158.pdf), [Most Accurate Stock Predictor: Top 5 Options in 2025 - LevelFields AI](https://www.levelfields.ai/news/most-accurate-stock-predictor), [The New Stock Market: Sense and Nonsense - CLS Blue Sky Blog](https://clsbluesky.law.columbia.edu/2015/05/06/the-new-stock-market-sense-and-nonsense-2), [""High‐Frequency Trading and the New Stock Market: Sense And ...](https://repository.law.umich.edu/articles/2008), [Understanding Dow Theory: Definition and Application in Market Trends](https://www.investopedia.com/terms/d/dowtheory.asp), [THE NEW STOCK MARKET: SENSE AND NONSENSE on JSTOR](https://www.jstor.org/stable/24692158), [The New Stock Market: Sense and Nonsense | Request PDF](https://www.researchgate.net/publication/292159950_The_New_Stock_Market_Sense_and_Nonsense), [Earnings News Cause Immediate Stock Price Jumps, Sometimes ...](https://today.ucsd.edu/story/earnings-news-cause-immediate-stock-price-jumps-sometimes-moving-whole-market), [New Paper Explores Stock Market's Most Controversial Practices](https://www.law.columbia.edu/news/archive/new-paper-explores-stock-markets-most-controversial-practices), [The New Stock Market: Sense and Nonsense](https://papers.ssrn.com/sol3/papers.cfm?abstract_id=2580002)",3/17/15,"The article 'The New Stock Market: Sense and Nonsense' was posted on SSRN on March 17, 2015, as indicated in the abstract section of the provided webpage content. This date represents when the article was made publicly available.",Merritt B. Fox,"The author's name is clearly stated on the webpage as Merritt B. Fox, with proper capitalization and format.",Neutral,"The article presents a balanced analysis of the new stock market, acknowledging controversies and criticisms but concluding that there is no urgent crisis, some reforms are beneficial, and some proposals are misguided. This nuanced perspective aligns with a neutral sentiment rather than a purely positive or negative view.",Columbia University,The author Merritt B. Fox is affiliated with Columbia University - Law School as indicated on the SSRN page content. This is the company/institution name associated with the author in proper capitalization.,"The paper ""The New Stock Market: Sense and Nonsense"" analyzes the transformation of stock trading in the U.S., focusing on the rise of high-frequency trading, multiple trading venues, and controversial practices such as payment for order flow and dark pools. It presents a conceptual framework based on adverse selection, principal-agent problems, and multi-venue trading to evaluate these practices. The authors conclude that while some reforms are desirable, many criticisms are based on misunderstandings, and immediate drastic actions are not warranted.","The summary is derived from the abstract and content description of the paper on the SSRN page, which outlines the main topics covered, the analytical framework used, and the conclusions reached by the authors regarding the new stock market's practices and reforms."
https://academic.oup.com/rfs/article/33/4/1484/5526886,Back-Running: Seeking and Hiding Fundamental Information in Order Flows,"Research article analyzing the strategic dynamics between fundamental investors and back-runners who exploit past order flow information; reveals that back-runners can earn large profits by leveraging retail order flow data to infer institutional trading signals in U.S. equity markets; highlights counterintuitive findings where increased accuracy of back-runners' signals may harm them while benefiting fundamental investors; applies to payment for order flow practices, illustrating significant market implications.","Liyan  Yang, Dan  Back, Bradyn  Bernhardt, Mike  Breon-Drish, Henry  Burkart, David  Cao, Itay  Easley, Jungsuk  Goldstein, Terry  Han, Eric  Hendershott, Andrew  Hughson, Leonid  Karolyi, Pete  Kogan, Doron  Kyle, Wei  Levit, Albert  Li, Maureen  Menkveld, Christine  O'hara, Uday  Parlour, Ryan  Rajan, Ioanid  Riordan, Gideon  Rosu, Francesco  Saar, Duane  Sangiorgi, Matthew  Seppi, Gunter  Spiegel, Laura  Strobl, Xavier  Veldkamp, Yajun  Vives, Wei  Wang, Mao  Ye, Jerry  Yu, Bart  Zhou, Haoxiang  Zhu, zhuh@mit.edu",,Yes,"The crawled article page explicitly discusses payment for order flow (PFOF) as an application: “payment for (retail) order flow reveals information about institutional order flow and enables back-runners to earn large profits.” This confirms PFOF within the article. Additionally, a related PDF version of the paper explicitly frames the context as U.S. equity markets (retail order flow information in U.S. equity markets), supporting the US equity market context requirement.
References: [[PDF] Seeking and Hiding Fundamental Information in Order Flows - MIT](https://www.mit.edu/~zhuh/YangZhu_backrunning_RFS.pdf), [Seeking and Hiding Fundamental Information in Order Flows by ...](https://papers.ssrn.com/sol3/papers.cfm?abstract_id=2583915), [[PDF] Seeking and Hiding Fundamental Information in Order Flows](https://www.fese.eu/app/uploads/2025/01/dlv-sm-2016.pdf), [Seeking and Hiding Fundamental Information in Order Flows](https://www.financetheory.org/insights/issue-1-september-2021/post/back-running-seeking-and-hiding-fundamental-information-in-order-flows), [Seeking and Hiding Fundamental Information in Order Flows](https://www.researchgate.net/publication/345438137_Back-Running_Seeking_and_Hiding_Fundamental_Information_in_Order_Flows), [Seeking and Hiding Fundamental Information in Order Flows](https://ideas.repec.org/a/oup/rfinst/v33y2020i4p1484-1533..html), [Seeking and Hiding Fundamental Information in Order Flows](https://www.researchgate.net/publication/314887489_Seeking_and_Hiding_Fundamental_Information_in_Order_Flows), [Back-Running: Seeking and Hiding Fundamental Information in ...](https://books.google.com/books/about/Back_Running.html?id=ABD8zgEACAAJ), [Seeking and Hiding Fundamental Information in Order Flows](https://liuc.primo.exlibrisgroup.com/discovery/fulldisplay?docid=cdi_proquest_miscellaneous_2400327480&context=PC&vid=39LUCC_INST:VU1&lang=it&search_scope=MyInst_and_CI&adaptor=Primo%20Central&query=any%2Ccontains%2Ccdi_proquest_miscellaneous_1945127519&facet=citedby%2Cexact%2Ccdi_FETCH-LOGICAL-c449t-7971da4473519d6a406dae4d6a40fee001398e1297018e8073f8c0d1ea9ce4533&offset=0), [Seeking and Hiding Fundamental Information in Order Flows - OUCI](https://ouci.dntb.gov.ua/en/works/452M0JEl), [Back-Running: Seeking and Hiding Fundamental Information in Order Flows](https://academic.oup.com/rfs/article/33/4/1484/5526886)",4/1/20,"The article 'Back-Running: Seeking and Hiding Fundamental Information in Order Flows' is published in The Review of Financial Studies, Volume 33, Issue 4, which corresponds to April 2020. This is the official journal publication date, which is more authoritative than earlier working paper dates found on SSRN.
References: [Seeking and Hiding Fundamental Information in Order Flows ...](https://academic.oup.com/rfs/article/33/4/1484/5526886), [Volume 33 Issue 4 | The Review of Financial Studies](https://academic.oup.com/rfs/issue/33/4)","Liyan Yang, Dan Back, Bradyn Bernhardt, Mike Breon-Drish, Henry Burkart, David Cao, Itay Easley, Jungsuk Goldstein, Terry Han, Eric Hendershott, Andrew Hughson, Leonid Karolyi, Pete Kogan, Doron Kyle, Wei Levit, Albert Li, Maureen Menkveld, Christine O'hara, Uday Parlour, Ryan Rajan, Ioanid Riordan, Gideon Rosu, Francesco Saar, Duane Sangiorgi, Matthew Seppi, Gunter Spiegel, Laura Strobl, Xavier Veldkamp, Yajun Vives, Wei Wang, Mao Ye, Jerry Yu, Bart Zhou, Haoxiang Zhu",The authors' names were extracted from the provided webpage content. They are listed with proper capitalization and formatted as '<First> <Last>'.,Neutral,"The article provides an analytical model of the interaction between fundamental investors and back-runners, discussing the implications of payment for order flow in U.S. equity markets. It presents both positive and negative effects, such as back-runners earning profits but also being harmed by higher accuracy of their information, and fundamental investors benefiting in some scenarios. The tone is balanced and factual without expressing a clear positive or negative sentiment, making 'Neutral' the most appropriate classification.",Massachusetts Institute of Technology,"The provided author email domain 'mit.edu' indicates affiliation with the Massachusetts Institute of Technology (MIT). No other company affiliations were explicitly mentioned in the content or search results, so MIT is the best company affiliation to provide for the author.
References: [Back-Running: Seeking and Hiding Fundamental Information in Order Flows](https://academic.oup.com/rfs/article/33/4/1484/5526886)","The article models the strategic interaction between fundamental investors and back-runners who infer information from past order flows to trade. It shows how fundamental investors randomize orders to counteract back-runners and highlights that payment for order flow reveals institutional order flow information, allowing back-runners to earn significant profits.","The summary captures the main points from the article content and research: the interaction between fundamental investors and back-runners, the strategy of randomizing orders, and the role of payment for order flow in revealing information and enabling profits for back-runners."
https://citadelsecurities.com/wp-content/uploads/sites/2/2022/12/EnhancingCompetitionTransparencyandResiliencyinUSFinancialMarkets.pdf,"Enhancing Competition, Transparency, and Resiliency in U.S. Financial Markets","Policy white paper by Citadel Securities providing targeted recommendations to enhance U.S. financial markets; emphasizes increasing on-exchange trading, reducing tick sizes and access fees, and expanding fair access rules. Notably, it calls for comprehensive transparency reforms on payment for order flow (PFOF) in U.S. equity markets by reviewing 606 reports under updated SEC rules, aiming to improve investor protections and market fairness.",,,Yes,"The article explicitly discusses payment for order flow (PFOF) in the Equities section, stating '4. Ensure effective transparency of PFOF arrangements by comprehensively reviewing the 606 reports...' and it is framed within US equity markets (Equities) as part of a policy recommendations document on 'Enhancing Competition, Transparency, and Resiliency in U.S. Financial Markets.' This shows PFOF discussion in the context of US equity trading, not other asset classes.
References: [Enhancing Competition, Transparency, and Resiliency in U.S. Financial Markets](https://citadelsecurities.com/wp-content/uploads/sites/2/2022/12/EnhancingCompetitionTransparencyandResiliencyinUSFinancialMarkets.pdf)",5/1/21,"The document content includes 'MAY 2021' near the beginning, which is the most specific date indication for the publication date. No more specific day is provided, so the first day of May 2021 is used as the publication date.",,"No specific individual author name in the format '<First> <Last>' was found in the document or through web searches. The white paper appears to be an organizational publication by Citadel Securities without a named author. Therefore, the author field is left empty as per instructions to provide null if no author is found.
References: [[PDF] Enhancing Competition, Transparency, and Resiliency in U.S. ...](https://citadelsecurities.com/wp-content/uploads/sites/2/2022/12/EnhancingCompetitionTransparencyandResiliencyinUSFinancialMarkets.pdf)",Positive,"The article is a policy recommendation document from Citadel Securities focused on enhancing competition, transparency, and resiliency in U.S. financial markets. The tone throughout is constructive and forward-looking, advocating for improvements and regulatory measures to strengthen market efficiency and fairness. There is no negative or neutral stance; rather, the document promotes positive changes and enhancements in market structure and regulation.",Citadel Securities,The document explicitly states that Citadel Securities has a strong interest in the efficiency and stability of U.S. financial markets and is the author of the policy recommendations. This is evident from the first paragraph of the content and the URL domain.,"The document provides policy recommendations to the U.S. Securities and Exchange Commission aimed at enhancing competition, transparency, and resiliency in U.S. financial markets. It focuses on equities, U.S. Treasuries, and OTC derivatives, proposing measures such as reducing minimum tick sizes and access fee caps for equities, increasing transparency around payment for order flow, moving to T+1 settlement, implementing real-time public reporting for Treasuries, and strengthening clearing and oversight requirements for derivatives.","The summary captures the main themes and specific policy recommendations from the document, reflecting its focus on improving market efficiency and stability across key asset classes in the U.S. financial markets."
https://federalregister.gov/documents/2023/01/27/2022-27644/regulation-best-execution,Regulation Best Execution,"Proposed U.S. SEC rules establishing a best execution standard for broker-dealers under the Exchange Act; includes Rules 1100, 1101, and 1102 plus amendments to Rule 17a-4. The proposal explicitly addresses conflicts of interest such as payment for order flow and internalization in retail equity transactions, applying these under Rule 1101(b) to NMS Stock Market Conflicts of Interest, thereby targeting transparency and fairness in U.S. equity order execution.",,,Yes,"The Federal Register 'Regulation Best Execution' article discusses payment for order flow as a conflicts-of-interest factor within proposed broker-dealer best-execution rules, explicitly in the context of US equity markets: it mentions 'retail customer transactions that present conflicts of interest, such as payment for order flow or internalization' and references the 'NMS Stock Market Conflicts of Interest' when applying proposed Rule 1101(b). This demonstrates PFOF discussion tied to US equities.
References: [Regulation Best Execution](https://www.federalregister.gov/documents/2023/01/27/2022-27644/regulation-best-execution)",1/27/23,"The publication date is inferred from the URL structure of the Federal Register document, which includes the date segment '2023/01/27'. This is a standard format used by the Federal Register for publication dates, indicating the article was published on January 27, 2023.",,"The Federal Register document on Regulation Best Execution is a regulatory proposal by the Securities and Exchange Commission (SEC) and does not list an individual author. Such official regulatory documents are typically issued by the SEC as an entity rather than attributed to a specific person. The web search did not reveal any named individual author for this document. Therefore, the author information cannot be provided as a person's name.
References: [Regulation Best Execution - Federal Register](https://www.federalregister.gov/documents/2023/01/27/2022-27644/regulation-best-execution)",Neutral,"The article is a formal regulatory proposal by the SEC outlining rules for best execution by broker-dealers. It focuses on investor protection, compliance, and addressing conflicts of interest such as payment for order flow. The tone is informative and objective without expressing positive or negative opinions, indicating a neutral sentiment.",U.S. Securities and Exchange Commission,"The document is a regulatory proposal under the Exchange Act published on the Federal Register website. It is authored by the Commission, which refers to the U.S. Securities and Exchange Commission (SEC), the federal agency responsible for securities regulation in the United States.","The document outlines the SEC's proposal for Regulation Best Execution, establishing a comprehensive best execution standard for broker-dealers under the Exchange Act. It requires broker-dealers to implement written policies and procedures to ensure customer orders are executed on the most favorable terms reasonably available. The proposal addresses conflicts of interest, such as payment for order flow, mandates regular reviews of execution quality, and requires documentation to support compliance. The regulation aims to enhance investor protection and market integrity by promoting consistent and transparent best execution practices.","The summary is based on the detailed content of the Federal Register document, which explains the SEC's proposed rules for best execution, including the duty of best execution, policies and procedures, conflict of interest considerations, documentation, and review requirements to improve broker-dealer practices and investor protection."
https://cantor.com/sec-rule-606-order-disclosure,SEC Rule 606 Order Disclosure - Cantor,"SEC Rule 606 Order Disclosure by Cantor Fitzgerald is a quarterly report detailing order routing for U.S. equity and option securities; it segments data into S&P 500 stocks, non-S&P 500 stocks, and exchange-listed options. The report includes precise percentages of non-directed order types routed to various market centers and discloses material aspects such as payment for order flow (PFOF) and profit-sharing arrangements, explicitly stating that CF&Co. does not base options order routing on PFOF or inducements, ensuring transparency in compliance with SEC requirements.",,,Yes,"Yes. The article explicitly discusses payment for order flow (PFOF) within the SEC Rule 606 disclosure, detailing terms of PFOF and related profit-sharing arrangements, and states that Cantor CF&Co. does not base order routing on PFOF. This is clearly in the context of US equity markets (Rule 606 covers routing of equity and option orders in the US). Key quotes: (1) 'the terms of any payment for order flow and any profit-sharing arrangements that may influence a broker-dealer’s order routing decision'; (2) 'CF&Co. does not base options order routing decisions on the receipt of payment for order flow or any other order routing inducements'; (3) description of Rule 606 requiring disclosure of market-center routing for US-listed securities.
References: [SEC Rule 606 Order Disclosure - Cantor](https://www.cantor.com/sec-rule-606-order-disclosure)",,"The SEC Rule 606 Order Disclosure page on Cantor Fitzgerald's website does not explicitly provide a publication date. Multiple searches, including checking related regulatory disclosure documents and the webpage itself, did not yield a specific publication or last updated date. The page appears to be a general informational disclosure that is likely updated periodically without a clear publication date.
References: [SEC RULE 606 ORDER DISCLOSURE](https://www.cantor.com/sec-rule-606-order-disclosure), [annual regulatory disclosures 2023-2024](https://www.cantor.com/wp-content/uploads/2023/02/CFCO-Annual-Regulatory-Disclosure-2023-2024.pdf), [Annual Regulatory Disclosure 2024-2025](https://www.cantor.com/wp-content/uploads/2024/11/CFCO-Annual-Regulatory-Disclosure-2024-2025.pdf), [Regulatory Disclosure Statement](https://www.cantor.com/wp-content/uploads/2016/07/CFCO-RegulatoryDisclosures-June2018.pdf)",,"The search results and the provided webpage content do not mention any specific author for the SEC Rule 606 Order Disclosure document by Cantor Fitzgerald. Such regulatory disclosures typically do not have individual authors listed, and no identifiable author name in the format '<First> <Last>' was found in the sources reviewed.
References: [SEC RULE 606 ORDER DISCLOSURE - Cantor Fitzgerald](https://www.cantor.com/sec-rule-606-order-disclosure)",Neutral,"The article is a factual and regulatory disclosure about SEC Rule 606 compliance by Cantor Fitzgerald. It provides detailed information on order routing, payment for order flow, and best execution practices without any emotional or opinionated language. The tone is neutral and informative, focusing on transparency and adherence to regulatory requirements.",Cantor Fitzgerald,"The webpage content explicitly mentions Cantor Fitzgerald (CF&Co.) as the broker-dealer responsible for the SEC Rule 606 order disclosure. This is the company authoring the document, so the proper company name is Cantor Fitzgerald.","The page explains Cantor Fitzgerald's compliance with SEC Rule 606, which requires broker-dealers to disclose quarterly reports on the routing of non-directed equity and option orders. It details the report's structure, covering S&P 500 stocks, other stocks, and options, and includes information on payment for order flow and profit-sharing arrangements. Cantor Fitzgerald states it does not base order routing decisions on payment for order flow or have volume-based incentives, emphasizing its commitment to best execution and transparency.","The summary captures the main points of the SEC Rule 606 disclosure content from Cantor Fitzgerald, including the regulatory requirements, report structure, and the firm's practices regarding payment for order flow and order routing decisions, as described in the provided webpage content."
https://businesslawreview.uchicago.edu/sites/default/files/2023-07/Nathanson_v2_493-530.pdf,A Disclosure Gap in the Market for Order Flow,"Scholarly article on payment for order flow in U.S. equity markets; models broker-wholesaler dynamics under FINRA Rule 5310 and federal antifraud laws, revealing a disclosure gap that limits competition and customer oversight. Discusses tradeoffs brokers face between price improvement, execution speed, and order-routing strategies; evaluates SEC proposals like the Order Competition Rule and Rule 605 amendments aimed at enhancing transparency and best execution.",,,Yes,"The article explicitly discusses payment for order flow in the context of US equity markets. It opens with 'Wholesalers in U.S. equity markets' and describes the broker–wholesaler relationship, including the idea that wholesalers may earn rents by paying for marketable orders placed by retail investors, i.e., PFOF in US equities. It also covers SEC rule proposals related to order execution (Order Competition Rule, Regulation Best Execution), reinforcing the US equity market context.
References: [A Disclosure Gap in the Market for Order Flow](https://businesslawreview.uchicago.edu/sites/default/files/2023-07/Nathanson_v2_493-530.pdf)",6/1/23,"The article 'A Disclosure Gap in the Market for Order Flow' by Joshua Nathanson is published in Volume 2, Issue 2 of The University of Chicago Business Law Review. The search results indicate that Volume 2, Issue 2 corresponds to June 2023. The PDF filename also includes '2023-07', which likely refers to the publication month or issue date around mid-2023. Therefore, the publication date is best represented as June 1, 2023.
References: [Volume 2.2](https://businesslawreview.uchicago.edu/print-archive/volume/volume-22), [The University of Chicago Business Law Review | Vol 2 | No. 2](https://chicagounbound.uchicago.edu/ucblr/vol2/iss2), [A Disclosure Gap in the Market for Order Flow](https://businesslawreview.uchicago.edu/sites/default/files/2023-07/Nathanson_v2_493-530.pdf)",Joshua Nathanson,"The author's name is explicitly mentioned at the beginning of the article as Joshua Nathanson, with proper capitalization and format as requested.","Negative, Neutral","The article presents a critical view of the current market for order flow, highlighting a disclosure gap that limits competition and transparency, which is a negative aspect. However, it also discusses regulatory proposals and potential solutions, which introduces a neutral or constructive element to the sentiment. Therefore, the sentiment is best characterized as a combination of Negative and Neutral.",The University of Chicago Law School,"The article author, Joshua Nathanson, is identified as having a J.D. from The University of Chicago Law School, indicating his affiliation with this institution. This is the relevant organization associated with the author for this article.","The article analyzes the broker-wholesaler relationship in U.S. equity markets, highlighting a disclosure gap that limits competition and investor oversight. It discusses how brokers negotiate order flow arrangements with wholesalers, the tradeoffs involved, and the lack of detailed disclosure under current SEC regulations. The piece also reviews recent SEC proposals aimed at improving transparency and market structure, emphasizing the need for mandatory wholesaler-specific disclosure to benefit retail investors.","The summary is based on the detailed content of the article which focuses on the disclosure gap in the market for order flow, the broker-wholesaler dynamics, and relevant SEC regulatory proposals, as presented in the provided document."
https://barrons.com/amp/articles/sec-chairman-says-banning-payment-for-order-is-on-the-table-51630350595,Gensler: Ban on Payments for Order Flow Is 'On the Table',"News article covering SEC Chairman Gary Gensler's indication that a full ban on payment for order flow (PFOF) is under consideration; PFOF involves brokers routing trade orders to market makers in exchange for profit shares, a practice generating billions for brokers and high-frequency traders. Gensler highlights inherent conflicts of interest in PFOF, noting market makers gain data advantages and preferential order matching, which may undermine market efficiency in modern U.S. equity trading.",Avi Salzman,,Yes,"The article explicitly discusses payment for order flow (PFOF) and frames it around US equity markets. It includes a definition of PFOF as brokers routing orders to market makers in exchange for profits and describes SEC Chairman Gensler considering banning PFOF, all in the context of US stock trading (equities). This satisfies the criterion: discussion of PFOF in the context of US equity markets. Key supporting snippets: (1) “A controversial practice ... could be eliminated entirely.” (2) “Payment for order flow is a practice where brokers send trade orders to market makers that execute those trades in return for a portion of the profits.” (3) The article centers on the SEC and US equity trading dynamics. Source: Barron’s article by Avi Salzman (Aug 30, 2021).
References: [Gensler: Ban on Payments for Order Flow Is 'On the Table'](https://www.barrons.com/amp/articles/sec-chairman-says-banning-payment-for-order-is-on-the-table-51630350595)",8/30/21,"The article states it was updated on August 30, 2021, and the original publication date is also given as August 30, 2021, indicating this is the publication date.",Avi Salzman,"The author's name is clearly stated in the article content and metadata as Avi Salzman, with proper capitalization and format as requested.","Negative, Neutral","The article discusses the potential banning of payment for order flow by SEC Chairman Gary Gensler, highlighting inherent conflicts of interest and market inefficiencies, which conveys a negative sentiment towards the practice. However, it also neutrally presents facts, regulatory considerations, and arguments from both sides, including benefits like zero commissions for investors. Therefore, the sentiment is a combination of Negative and Neutral.",Barron's,"The author Avi Salzman is credited in the article published on Barron's website, indicating his company affiliation is Barron's.","The article discusses SEC Chairman Gary Gensler's consideration of banning payment for order flow, a practice where brokers route trade orders to market makers in exchange for profits. Gensler highlights conflicts of interest and market inefficiencies caused by this practice. The SEC is reviewing potential regulatory changes to increase market transparency and fairness, particularly in the US equity markets. Robinhood, heavily reliant on payment for order flow revenue, faces risks from possible regulatory changes.","The summary captures the main points of the article, including the SEC's focus on payment for order flow, Gensler's concerns about conflicts of interest and market transparency, and the impact on brokers like Robinhood. This is based on the detailed content provided in the article from Barron's."
https://tokenist.com/in-depth-citadel-connect-and-dark-pools-uncovered,In-Depth: Citadel Connect and Dark Pools Uncovered,"Market analysis article examining Citadel Connect, a dark pool by Citadel Securities, and its influence on US equity markets; highlights Citadel Securities’ role as the largest Designated Market Maker on the NYSE with 47% of US retail trading volume and its involvement in Robinhood’s payment for order flow model. Discusses the $12 billion hedge fund losses amid retail trading activism and the dual impact of dark pools on liquidity and market transparency.",Tim Fries,,Yes,"The article explicitly discusses payment for order flow (PFOF) in the context of US equities. It references Robinhood’s PFOF business model and cites Citadel Securities’ role in US retail trading, including mention of PFOF and the large share of US-based retail trading volume. These elements tie PFOF directly to US equity markets (e.g., references to NYSE, Robinhood, and US retail trading). Therefore it satisfies the criterion. Sources: the crawled page text showing: 'Robinhood’s PFOF (payment for order flow) business model' and 'As the largest Designated Market Maker on the NYSE... 47% of US-based retail trading volume', plus discussion of PFOF in the article context.
References: [In-Depth: Citadel Connect and Dark Pools Uncovered](https://tokenist.com/in-depth-citadel-connect-and-dark-pools-uncovered)",7/20/21,"The article explicitly states it was published on July 20, 2021 at 09:52 AM EST in the content section under the title and author information.",Tim Fries,"The author's name is clearly stated in the webpage content as 'Tim Fries' with proper capitalization, fulfilling the requirement for the Author column enrichment.","Neutral, Negative","The article provides a balanced view on Citadel Connect and dark pools, explaining their legitimate roles in increasing liquidity and market efficiency (Neutral sentiment). However, it also highlights significant concerns such as conflicts of interest, potential market manipulation, regulatory penalties, and controversies surrounding payment for order flow (Negative sentiment). The overall tone is cautious and critical, reflecting both the benefits and risks associated with these market mechanisms.",The Tokenist,"The search results indicate that Tim Fries is the co-founder and CFO of The Tokenist, and he is affiliated with The Tokenist as the company. Multiple sources confirm this association, including the official Tokenist about page and other profiles.
References: [In-Depth: Citadel Connect and Dark Pools Uncovered](https://tokenist.com/in-depth-citadel-connect-and-dark-pools-uncovered), [About Us - Tokenist](https://tokenist.com/about), [Timothy Fries 's profile on Investing.com](https://www.investing.com/members/contributors/237365277), [Articles by Tim Fries | KIPLINGER](https://www.kiplinger.com/author/tim-fries)","The article explores Citadel Securities' role in US equity markets, focusing on its dark pool, Citadel Connect, and the controversial practice of payment for order flow (PFOF). It explains how dark pools operate, their benefits in liquidity and market efficiency, but also highlights concerns about transparency, potential abuses like front running, and regulatory scrutiny. Historical examples of dark pool abuses and SEC actions are also discussed.","The summary captures the main topics of the article including Citadel Connect as a dark pool, the significance of PFOF in US markets, the dual nature of dark pools in providing liquidity while obscuring market transparency, and regulatory concerns with examples of past abuses."
https://kalzumeus.com/2019/6/26/how-brokerages-make-money,How Discount Brokerages Make Money,"In-depth analysis of discount brokerages' revenue streams in US equity markets; focuses on payment for order flow as a key mechanism enabling commission-free trades. Discusses major players like Schwab, E*TRADE, and Robinhood, and explains order routing to market-makers including Citadel. Provides context on how discount brokerages serve mass affluent investors by offering diverse investment products while heavily investing in marketing and investor education.",,,Yes,"The article explicitly discusses payment for order flow (PFOF) and places it in the context of US equity market structure: it opens by addressing PFOF as a topic in investing and mentions discount brokerages (e.g., Schwab, E*TRADE, Robinhood) and order routing to access US equity markets; it also references Google shares trading on the New York Stock Exchange and mentions market-makers like Citadel, indicating US equity trading context.
References: [How Discount Brokerages Make Money](https://www.kalzumeus.com/2019/6/26/how-brokerages-make-money)",6/26/19,"The publication date is derived from the URL of the article which includes the date segment '2019/6/26', indicating the article was published on June 26, 2019. This is a common format for blog post URLs to include the publication date.",Patrick McKenzie,"The search result snippet from the article page on kalzumeus.com indicates that the author of the article 'How Discount Brokerages Make Money' is Patrick McKenzie.
References: [How Discount Brokerages Make Money](https://www.kalzumeus.com/2019/6/26/how-brokerages-make-money)",Neutral,"The article provides an analytical and explanatory overview of how discount brokerages make money, including payment for order flow and net interest income. It presents facts and explanations without strong emotional language or clear positive or negative bias. While it mentions some criticisms, such as Robinhood's product decisions, the overall tone remains balanced and neutral.",Kalzumeus Software,"The article is hosted on kalzumeus.com, which is the website of Patrick McKenzie, the author known for writing there. He is associated with Kalzumeus Software, which is the company name linked to his work.
References: [How Discount Brokerages Make Money](https://www.kalzumeus.com/2019/6/26/how-brokerages-make-money)","The article explains the role and business model of discount brokerages in the US equity markets, highlighting how they differ from full-service brokerages. It discusses how discount brokerages primarily make money through net interest income on customer cash balances and addresses the often misunderstood topic of payment for order flow. The article also outlines the types of discount brokerages, their customer base, and the financial mechanisms behind their profitability.","The summary is based on the detailed explanation in the article about what discount brokerages are, examples of such brokerages, their revenue sources with emphasis on net interest income, and the context of payment for order flow in US equity markets. This captures the main points concisely."
https://thetill.substack.com/p/who-who-who-who,"Who, Who, Who, Who?","Newsletter article by Mark Phillips on internet privacy and US equity market mechanics; highlights payment for order flow (PFOF) including order routing, wholesalers, market makers, and broker rebates. Provides detailed insight into US-traded brokers like TD Ameritrade and market structure features such as price improvement auctions, illustrating PFOF's role in compliance and trading dynamics.",Mark Phillips,,Yes,"The crawled article text explicitly discusses payment for order flow (PFOF) and ties it to US equity market mechanics: it mentions 'payment for order flow (PFOF)' in the context of compliance discussions, describes order routing, wholesalers, market makers, and broker rebates, and refers to US-traded brokers (e.g., TD Ameritrade) and market structure (price improvement auctions, exchanges). This places PFOF squarely in US equity trading rather than other asset classes. Therefore, it satisfies the criterion.
References: [Who, Who, Who, Who?](https://thetill.substack.com/p/who-who-who-who)",3/23/23,"The article's publication date is explicitly stated in the content as 'Mar 23, 2023'. This matches the volume number and date format provided in the article header.",Mark Phillips,The author's name is explicitly mentioned in the provided webpage content as 'Mark Phillips' with proper capitalization.,"Neutral, Positive","The article discusses the evolution of internet browsing annoyances and privacy legislation, presenting facts about data privacy and market mechanics. It acknowledges annoyances like pop-ups and terms acceptance but also highlights benefits such as consumers reclaiming privacy rights and advantages for customers in trading. The tone is informative and balanced, with a slight positive outlook on privacy rights and market benefits, making the sentiment primarily Neutral with some Positive elements.",The Till,"The author Mark Phillips writes for The Till, a Substack publication. There is no clear indication of a separate company affiliation for him, so the publication name 'The Till' is the best company name to attribute.","The article discusses the evolution of internet privacy laws and data sharing preferences, focusing on GDPR and the California Privacy Act. It explains payment for order flow (PFOF) in US equity markets, detailing how customer orders are tagged and treated differently by wholesalers and market makers. The piece highlights the complexities of market structure, order routing, and the trade-offs between privacy and better trading or advertising outcomes.","The summary captures the main themes of the article, including internet privacy legislation, the mechanics and implications of payment for order flow in US equity markets, and the balance between privacy and benefits in trading and advertising, as described in the provided content."
https://babelfishanalytics.com/news/2021/2/4/meme-stocks-inaccessible-trading-share-trading-cost-and-risk,"Meme Stocks: Inaccessible Trading Share, Trading Cost, and Risk","Financial market analysis article from Babelfish Analytics; explores Payment for Order Flow (PFOF) effects in US equity markets, highlighting that over one-third of market volume in household names is inaccessible to traditional institutions. It reveals significantly higher trading costs and volatility for mutual funds and hedge funds in retail-dominated stocks, with nearly 40% of shares in companies like Boeing and Roku unreachable by traditional money managers. The article contextualizes the rise of retail investor influence supported by firms like Citadel and Virtu, and discusses compressed market share in alternative trading venues such as dark pools and IEX.",Linda Giordano,,Yes,"The article explicitly discusses Payment for Order Flow (PFOF) and frames it within US equity markets, mentioning PFOF directly and referencing US market structures (NASDAQ/NYSE), retail trading, and actors such as Robinhood and market makers like Citadel and Virtu. This satisfies the criterion that the article discusses PFOF in the context of US equities.
References: [Meme Stocks: Inaccessible Trading Share, Trading Cost, and Risk](https://www.babelfishanalytics.com/news/2021/2/4/meme-stocks-inaccessible-trading-share-trading-cost-and-risk)",2/4/21,"The publication date is derived from the URL structure which includes '2021/2/4', indicating the article was published on February 4, 2021. This is a common format for news article URLs to include the publication date.",Linda Giordano,The author's name is explicitly mentioned in the provided webpage content as 'Linda Giordano'. The name is already properly capitalized and formatted as '<First> <Last>'.,Negative,"The article discusses the negative impacts of Payment for Order Flow and increased retail trading on market liquidity, trading costs, and risks for institutional investors. It highlights issues such as higher costs, volatility, inaccessible liquidity, and increased portfolio risk, which indicate a cautionary and concerned tone. Therefore, the sentiment is Negative.",Babelfish Analytics,"The author Linda Giordano is identified as the Co-Founder and CEO of Babelfish Analytics from multiple sources including the company's team page and professional profiles. Therefore, the company name of the author is Babelfish Analytics.
References: [Meme Stocks: Inaccessible Trading Share, Trading Cost, and Risk](https://www.babelfishanalytics.com/news/2021/2/4/meme-stocks-inaccessible-trading-share-trading-cost-and-risk), [Team - Babelfish Analytics](https://www.babelfishanalytics.com/team), [Linda Giordano Email & Phone Number | Babelfish Analytics, Inc ...](https://rocketreach.co/linda-giordano-email_15653758), [Linda Giordano - Founder & CEO at Babelfish Analytics | The Org](https://theorg.com/org/babelfish-analytics/org-chart/linda-giordano)","The article discusses the rise of retail trading in US equity markets, highlighting the impact of Payment for Order Flow (PFOF) and increased retail market share on trading costs and liquidity. It explains how retail investors, supported by market makers like Citadel and Virtu, have gained significant influence, leading to higher costs and volatility for institutional investors. The article emphasizes the challenge of inaccessible liquidity for traditional money managers, the compression of market share in dark pools, and the resulting higher impact costs. It also warns portfolio managers about the risks of high retail participation stocks, such as meme stocks, which can increase portfolio risk and execution difficulty.","The summary captures the main points of the article, including the role of PFOF, retail trading growth, its effects on market liquidity and costs, and the implications for institutional investors and portfolio risk management."
https://investing.com/news/stock-market-news/canada-stock-market-rules-curb-platforms-linked-to-churning-us-stocks-2413867,Canada stock market rules curb platforms linked to churning U.S. stocks,"Reuters news article on Canadian stock market regulations restricting payment for order flow (PFOF); explains Canadian brokers must execute trades on exchanges to ensure transparency, limiting zero-commission trading platforms like Robinhood that thrive in the U.S. by selling orders to wholesale market makers. Features expert insights from a University of Toronto finance professor and notes 10 million new U.S. retail brokerage accounts opened in 2020, illustrating the contrasting market dynamics between Canada and the U.S.",,,Yes,"The article explicitly discusses payment for order flow (PFOF) in the context of US equity markets. It states: ""As long as payment for order flow is not allowed in Canada, it would be difficult to have full-fledged zero-commission trading"" and ""In the United States, zero-commission platforms sell orders to wholesale marketmakers and generate revenue."" It also references U.S. PFOF backlash and the role of US platforms like Robinhood-originating zero-commission trading. These points show the context is US equities, satisfying the criterion.
References: [Canada stock market rules curb platforms linked to churning U.S. stocks](https://www.investing.com/news/stock-market-news/canada-stock-market-rules-curb-platforms-linked-to-churning-us-stocks-2413867)",2/9/21,"The article's publication date is explicitly mentioned in the content as 'Published 02/09/2021, 01:24 PM' which corresponds to February 9th, 2021.",Nichola Saminather,The author's name is clearly stated at the beginning of the article content as 'By Nichola Saminather'. This matches the requested format with proper capitalization.,Neutral,"The article presents a factual and balanced discussion about Canadian stock market regulations and their impact on trading platforms, especially in comparison to the U.S. It highlights challenges and regulatory stances without expressing strong positive or negative opinions, indicating a neutral sentiment.",Reuters,"The search results show that Nichola Saminather is affiliated with Reuters, as indicated by the Reuters author page for her. The article itself is credited to her byline, and Reuters is a well-known news organization, which fits the context.
References: [Canada stock market rules curb platforms linked to churning U.S. stocks](https://www.investing.com/news/stock-market-news/canada-stock-market-rules-curb-platforms-linked-to-churning-us-stocks-2413867), [Nichola Saminather | Reuters](https://www.reuters.com/authors/nichola-saminather)","The article discusses how Canadian stock market regulations prohibit payment for order flow, limiting the growth of zero-commission trading platforms like Robinhood, which are popular in the US. Canadian brokers must execute trades on exchanges, promoting market transparency but restricting commission-free trading options. While US platforms have seen rapid growth driven by zero-commission trades, Canadian platforms mostly still charge commissions. Wealthsimple is the only major Canadian zero-commission platform but charges fees on US trades. The article highlights the regulatory differences and their impact on retail investor choices in Canada versus the US.","The summary captures the main points of the article regarding Canadian regulations on payment for order flow, the comparison with US zero-commission trading platforms, and the resulting market dynamics for retail investors in Canada."
https://businessthink.unsw.edu.au/articles/nasdaq-fee-pilot-study-trading-behaviour-analysis,How NASDAQ's fee pilot redefined trading behaviour,"Research article analyzing NASDAQ's 2015 fee pilot affecting 14 US stocks with $1.9 trillion traded; explores maker-taker pricing dynamics where rebates to liquidity providers were temporarily removed, revealing effects on liquidity, order execution, and market depth. The study highlights how fee structures influence trading behaviour across the largest global equity market, showing that subsidies create deeper but slower markets despite regulatory requirements for displayed price trades.",,,Yes,"The article discusses NASDAQ's 2015 maker-taker fee pilot in US equity markets, describing rebates to liquidity providers and subsidies funded by a levy on market orders, i.e., payment-for-order-flow-like dynamics in US stocks. It references NASDAQ/NYSE trading of 14 stocks, maker-taker pricing, and the impact on liquidity and order execution.
References: [How NASDAQ's fee pilot redefined trading behaviour](https://www.businessthink.unsw.edu.au/articles/nasdaq-fee-pilot-study-trading-behaviour-analysis)",,"The search did not return any results with the publication date for the article titled 'How NASDAQ's fee pilot redefined trading behaviour' on the UNSW Business Think website. The provided content also does not include a publication date. Therefore, I am unable to provide the publication date for this article.","Peter Swan, Yiping Lin, Frederick Harris","The article mentions three co-authors of the research: Peter Swan, Professor in the School of Banking and Finance at UNSW Business School; Dr Yiping Lin, FinTech Program Coordinator at UNSW and Co-founder at Alt Data Tech; and Frederick Harris, Professor of Economics and Finance at Wake Forest University. Their names are presented in the format '<First> <Last>' with proper capitalization.",Neutral,"The article presents a balanced view on NASDAQ's fee pilot experiment, discussing both positive outcomes such as improved order execution speed and valuable insights, and negative effects like reduced market share and liquidity. The tone is factual and analytical without strong positive or negative bias, indicating a neutral sentiment.",UNSW Business School,"The article mentions that Professor Peter Swan is from the School of Banking and Finance at UNSW Business School, which is part of the University of New South Wales (UNSW). This indicates the company/organization affiliation of the author is UNSW Business School.","The article analyzes NASDAQ's 2015 fee pilot experiment involving 14 highly liquid US stocks, which temporarily reduced maker-taker fees and rebates. The study reveals how exchange fee structures influence trading behavior, liquidity provision, market quality, and order execution speed. It highlights that fee changes can shift market share, affect limit order placement, and impact trading costs differently for small versus large traders. The research provides insights into the practical implications of fee structures for market participants and challenges assumptions about the effects of exchange fees on liquidity.","The summary captures the core aspects of the article, including the NASDAQ fee pilot experiment, its impact on trading behavior and market quality, and the broader implications for market participants. It reflects the detailed content about maker-taker fees, liquidity provision, and the experimental findings described in the article."
https://marketsmedia.com/cboe-unveils-market-maker-incentive-program,Cboe Unveils Market Maker Incentive Program,"News article covering Cboe's introduction of a market maker incentive program focused on US-listed ETPs; highlights a strategic shift in Cboe's rebate model from payment based on executed volume to payment based on market quality, reflecting payment-for-order-flow economics in the US equity market context.",Terry Flanagan,,Yes,"The Markets Media article 'Cboe Unveils Market Maker Incentive Program' discusses a Lead Market Maker (LMM) incentive program on Cboe's US-listed ETPs. It explicitly mentions rebates and a shift in its rebate model: 'our rebate model from one that is payment for executed volume to one that is payment for market quality,' which clearly references payment-for-order-flow-like economics in the US equity context. The content also identifies the program as applying to the Cboe Listed Marketplace for exchange-traded products, i.e., US securities (ETPs), reinforcing the US equity market focus.
References: [Cboe Unveils Market Maker Incentive Program](https://www.marketsmedia.com/cboe-unveils-market-maker-incentive-program)",6/14/19,"The article clearly states the publication date as June 14, 2019, near the top and in the content section of the webpage.",Terry Flanagan,The author's name is explicitly mentioned in the provided webpage content as 'Author: Terry Flanagan' with proper capitalization.,Positive,"The article presents Cboe's new Lead Market Maker Incentive Program in a positive light, emphasizing innovation, enhanced market quality, and benefits for issuers and investors. The language used is optimistic and highlights improvements and incentives, indicating a positive sentiment.",Markets Media,"The article is authored by Terry Flanagan and published on Markets Media, indicating the author's company affiliation is Markets Media.","Cboe Global Markets announced a new Lead Market Maker (LMM) incentive program for its Cboe Listed Marketplace for exchange-traded products (ETPs). The program, planned to start in Q3 2019 pending regulatory approval, rewards LMMs for meeting quoting obligations and enhanced market quality metrics with daily incentives. This initiative aims to improve market quality by encouraging tighter spreads and deeper liquidity, shifting from payment for executed volume to payment for market quality. The program replaces the previous LMM program and is designed to benefit issuers, investors, and market participants.","The summary is based on the article content which details Cboe's new LMM incentive program, its objectives, reward structure, and the shift in rebate model to focus on market quality for US-listed ETPs, as described in the Markets Media article."
https://euronext.com/en/news/rise-retail-new-investment-tactics-and-execution-quality,The rise of retail: new investment tactics and execution quality,"Financial market analysis article discussing payment for order flow (PFOF) in US equity markets; highlights the rise of millennial retail investors adopting sophisticated trading strategies during the Covid-19 crisis and the GameStop episode that exposed execution service conflicts. Details how US brokers route retail orders to single market makers like Citadel Securities under best execution rules, receiving remuneration that may compromise retail investor interests; critiques this system for potential conflicts of interest and negative impacts on retail execution quality.",,,Yes,"The crawled article explicitly discusses 'payment for order flow' (PFOF) in the US context: it cites the GameStop controversy and questions about US brokers' execution services, and includes a section titled 'Paying to receive clients’ orders in the US' describing brokers routing orders to a single market maker in exchange for remuneration, i.e., PFOF. It also notes that in the US such remuneration can occur and references market makers (e.g., Citadel Securities) and NBBO-related best-execution rules, all within US equity trading context. This satisfies the criterion that the article discusses PFOF in US equity markets.
References: [The rise of retail: new investment tactics and execution quality](https://www.euronext.com/en/news/rise-retail-new-investment-tactics-and-execution-quality)",2/15/21,"The publication date of the article is explicitly mentioned at the beginning of the content as '15/02/2021 - 10:00AM CET', which corresponds to February 15th, 2021 in ISO format.",,"The article 'The rise of retail: new investment tactics and execution quality' on euronext.com does not mention any author name, and web searches did not return any information about the author. It appears the article is published without a specific author attribution.",Negative,"The article discusses the negative aspects of payment for order flow practices, highlighting conflicts of interest and detrimental effects on retail investors. It criticizes the US and European systems where these practices exist and emphasizes the need for transparency and better execution quality for retail investors. The overall tone is critical and concerned, indicating a negative sentiment.",Euronext,"The article is published on the Euronext website and references Euronext's Quantitative Research department and their study, indicating that Euronext is the authoring company.","The article discusses the rise of retail investors using sophisticated trading strategies, highlighted by the GameStop stock event. It critiques the practice of payment for order flow (PFOF) in the US, where brokers route orders to market makers in exchange for compensation, creating conflicts of interest and potentially harming retail investors. The article also examines similar practices in Europe, noting regulatory differences and the impact on execution quality. Euronext emphasizes the importance of transparency for retail investors regarding order execution and PFOF.","The summary is based on the detailed content of the article which explains the phenomenon of retail trading growth, the controversy around payment for order flow in the US market, its implications, and the comparison with European practices. The article also stresses the need for investor awareness and transparency, which are key points for a concise summary."
https://investing.com/news/stock-market-news/highfrequency-traders-love-business-with-robinhood-2268399,High-Frequency Traders Love Business With Robinhood,"Bloomberg-sourced article on payment for order flow in US equities; details how Robinhood receives payments from market makers such as Citadel Securities and Virtu Financial for routing client buy/sell orders. Quantifies payouts around 17 cents per 100 shares in Q2 and 23 cents in Q1, highlighting the premium paid by high-frequency traders to access retail order flow. Explains the controversial nature of PFOF and its impact on retail investors within the US stock market context.",,,Yes,"The article explicitly discusses payment for order flow (PFOF) in the context of US equity markets: it defines PFOF and describes how brokers like Robinhood receive payments from market makers (e.g., Citadel Securities, Virtu, TradeStation, E*Trade, TD Ameritrade) for routing client buy/sell orders, including quantified payouts (e.g., about 17 cents per 100 shares in Q2, 23 cents in Q1) and price improvement figures, all within US equities context per Bloomberg reporting cited in the piece.
References: [High-Frequency Traders Love Business With Robinhood](https://www.investing.com/news/stock-market-news/highfrequency-traders-love-business-with-robinhood-2268399)",8/17/20,"The article's publication date is explicitly stated in the content as 'Published 08/17/2020, 10:54 AM'. This corresponds to August 17th, 2020.",Michael P. Regan,"The article titled 'High-Frequency Traders Love Business With Robinhood' is credited to Bloomberg News and the author is identified as Michael P. Regan in the Bloomberg source.
References: [High-Frequency Traders Love Business With Robinhood](https://www.investing.com/news/stock-market-news/highfrequency-traders-love-business-with-robinhood-2268399), [High-Frequency Traders Really Love Doing Business With Robinhood](https://news.bloomberglaw.com/securities-law/high-frequency-traders-really-love-doing-business-with-robinhood), [High-Frequency Traders Love Business With Robinhood - Bloomberg](https://www.bloomberg.com/news/articles/2020-08-14/high-frequency-traders-really-love-doing-business-with-robinhood)",Neutral,"The article discusses payment for order flow in a balanced manner, presenting both criticisms and benefits. It highlights the payments Robinhood receives from high-frequency traders and the controversy around the practice, but also emphasizes price improvements for clients and the value of smaller orders. The tone is factual and neutral without strong positive or negative bias.",Bloomberg,"The article content is credited to Bloomberg L.P. as indicated by the copyright notice at the end of the article. No individual author is named, so the company author is Bloomberg.","The article discusses how high-frequency trading firms pay Robinhood for routing client orders through a practice called payment for order flow (PFOF). It highlights that Robinhood receives higher payments per share compared to other brokerages due to the smaller size of its client orders. The piece also addresses criticisms of PFOF, noting that market makers provide price improvements benefiting retail traders. The surge in retail trading in 2020 significantly increased these payments, making Robinhood the largest U.S. equity broker by order flow payments.","The summary captures the main points of the article: the role of high-frequency traders in paying Robinhood for order flow, the reasons behind higher payments to Robinhood, the controversy and defense of PFOF, and the impact of increased retail trading in 2020 on these payments, all based on the detailed content from the article."
https://stillnessinthestorm.com/2021/02/15/exposing-the-robinhood-scam-heres-how-much-citadel-paid-to-robinhood-to-buy-your-orders/15/47/43/117879/consciousness/stillness-in-the-storm,Exposing The Robinhood Scam: Here’s How Much Citadel Paid To Robinhood To Buy Your Orders,Investigative article revealing Robinhood's exclusive use of payment-for-order-flow (PFOF) in US stock trading; highlights millions in payments received from market makers including Citadel and Virtu as compensation for routing retail orders. The piece contextualizes PFOF as the financial mechanism enabling Robinhood's commission-free trades and critiques the transparency and ethics of this practice amid regulatory scrutiny.,Stillness in the Storm,,Yes,"The article explicitly references payment-for-orderflow (PFOF) with the line: “Robinhood engages exclusively in a practice called payment-for-orderflow (or PFOF).” It also discusses retail orders routed to market makers (e.g., Citadel Securities) and frames this in the context of Robinhood and US stock trading, including phrases like “pocketing millions more from selling orderflow to Citadel, Virtu, … market-making venues” and “paid for order flow” as the mechanism enabling “free” trading. These details clearly place PFOF within US equity markets and the broker-retail order routing context. Source: crawled page content of the Stillness in the Storm article.
References: [Exposing The Robinhood Scam: Here’s How Much Citadel Paid To Robinhood To Buy Your Orders](https://stillnessinthestorm.com/2021/02/15/exposing-the-robinhood-scam-heres-how-much-citadel-paid-to-robinhood-to-buy-your-orders/15/47/43/117879/consciousness/stillness-in-the-storm)",2/15/21,"The article's URL and content both indicate the publication date as February 15, 2021. The URL contains the date '2021/02/15', and the article mentions it was written by Tyler Durden on February 14th, 2021, with the post date on the webpage being February 15th, 2021.",Tyler Durden,"The article content explicitly mentions ""by Tyler Durden, February 14th, 2021"" as the author, which fits the requested format '<First> <Last>' with proper capitalization. Although the webpage lists the author as ""Stillness in the Storm,"" this appears to be a pseudonym or site name rather than a person's name. Tyler Durden is the named author in the article text, so this is the best fit for the author name.",Negative,"The article uses strongly critical language towards Robinhood and Citadel, describing the situation as a scam and highlighting unethical and potentially illegal practices. It criticizes Robinhood's CEO and the company's business model, emphasizing negative aspects without any positive or neutral commentary. This clearly indicates a Negative sentiment.",Stillness in the Storm,"The author is listed as ""Stillness in the Storm"" which is the name of the website or entity publishing the article. No individual author name is given, so the company name of the author is ""Stillness in the Storm"" with proper capitalization.","The article critically examines Robinhood's business practices, focusing on its use of payment-for-order-flow (PFOF) and its close relationship with Citadel. It discusses Robinhood's controversial trading restrictions on heavily shorted stocks, its undercapitalization issues, and CEO Vlad Tenev's handling of the situation. The piece also highlights how Citadel profits from buying retail order flow and has faced regulatory fines for trading ahead of customer orders, portraying these practices as harmful to retail investors.","The summary is based on the detailed content of the article, which discusses Robinhood's PFOF practice, trading restrictions, financial vulnerabilities, and Citadel's role and regulatory issues, all framed critically regarding their impact on retail investors."
https://blog.themistrading.com/2021/09/market-makers-lose-at-their-own-game,Market Makers Lose at Their Own Game,"Blog article analyzing a wash trading scheme exploiting the maker-taker pricing model in US equity markets; details how zero-commission brokers such as Robinhood route orders to market makers who pay for order flow, enabling retail traders to collect rebates by posting liquidity through brokers like Interactive Brokers while taking liquidity for free via brokers that do not pass back take fees; references SEC charges against defendants and explains the interplay of broker rebates and exchange take fees within the US stock market context.",·,,Yes,"The article explicitly discusses payment for order flow (PFOF) in the context of US equity markets. It notes that zero-commission brokers (e.g., Robinhood) route orders to market makers who pay for those orders and discusses broker rebates and exchange take fees. It also references the SEC and the ""payment for order flow"" debate, all within a US equities trading context. This aligns with the criterion requiring discussion of PFOF in US stock markets. Source: Themis Trading blog post ""Market Makers Lose at Their Own Game"" (Sept 28, 2021).
References: [[PDF] Written Testimony of Joseph Saluzzi, Partner and Co-Founder ...](https://financialservices.house.gov/uploadedfiles/hhrg-115-ba16-wstate-jsaluzzi-20170627.pdf), [The SEC Isn't Mad at PFOF. They're Just Disappointed. - Medium](https://medium.com/prooftrading/the-sec-isnt-mad-at-pfof-they-re-just-disappointed-f5252fbbf6df), [Market Maker: Definition, Understanding Them, Importance](https://www.fool.com/terms/m/market-maker), [[PDF] Eliminating Payment for Order Flow to Ensure Loyal Agents](https://bclawreview.bc.edu/articles/3061/files/6425deca63493.pdf), [Siphoned apart: A portfolio perspective on order flow segmentation](https://www.sciencedirect.com/science/article/pii/S0304405X24000308), [Payment for Order Flow (PFOF) and Broker-Dealer Regulation](https://www.congress.gov/crs-product/IF12594), [Payment For Order Flow (PFOF): Meaning & Examples - Britannica](https://www.britannica.com/money/payment-for-order-flow-explained), [[PDF] NBER WORKING PAPER SERIES PAYMENT FOR ORDER FLOW ...](https://www.nber.org/system/files/working_papers/w29883/revisions/w29883.rev0.pdf), [Payment for Order Flow (PFOF): Definition and How It Works](https://www.investopedia.com/terms/p/paymentoforderflow.asp), [The price of free stock trading : The Indicator from Planet Money - NPR](https://www.npr.org/transcripts/1106468243), [Market Makers Lose at Their Own Game](https://blog.themistrading.com/2021/09/market-makers-lose-at-their-own-game)",9/28/21,"The article's publication date is explicitly stated at the beginning of the content as '28 Sep, 2021'. This is confirmed by the URL structure which includes '2021/09' indicating September 2021, and the date format matches the standard ISO format when converted.",Joe Saluzzi,"The article is from Themis Trading blog where Joe Saluzzi is a principal and co-founder frequently associated with market structure commentary. The article itself does not explicitly name an author, but given the context and the blog's association, Joe Saluzzi is the most reasonable author attribution.",Negative,"The article discusses a wash trading scheme that exploits the maker-taker pricing model, causing market makers to lose money. It critically highlights inherent conflicts of interest in the market structure and the negative impact on price discovery. The tone is skeptical about regulatory responses and calls for an overhaul of the market structure, indicating a negative sentiment towards the current state of the market and its practices.",Themis Trading,"The article is published on the Themis Trading blog and is authored by the principals of Themis Trading, an institutional agency brokerage firm specializing in equities. The content and references clearly indicate that the company associated with the author is Themis Trading.","The article discusses a wash trading scheme exploiting the maker-taker pricing model in US equity options markets, where defendants profited by trading options through different brokers to collect rebates and avoid fees. Market makers lost money as they paid fees without taking the other side of trades. The case highlights conflicts in the current market structure, especially around payment for order flow and exchange rebates, and suggests the need for market structure reform.","The summary captures the key points of the article: the wash trading scheme exploiting maker-taker pricing, the role of zero-commission brokers and market makers, the financial impact on market makers, and the broader implications for market structure and payment for order flow debates."
https://centerpointsecurities.com/payment-for-order-flow-guide,Payment for Order Flow - The Complete Guide,"Comprehensive guide to Payment for Order Flow in US stock trading; explains broker routing of orders to third-party market makers, dark pools, and ECNs who pay brokers for order flow. Covers SEC regulatory context including Rule 606 disclosure mandates and discusses potential trade execution impacts relative to NBBO standards, highlighting the legal and operational nuances of PFOF agreements.",J,,Yes,"The article explicitly discusses 'Payment For Order Flow' in the context of US stock trading. It defines PFOF, describes how brokers route US stock orders and how third parties pay for order flow (brokers, market makers, dark pools, ECNs), and cites US regulatory context (SEC Rule 606 disclosures and NBBO references). This confirms it is about US equity markets, not other asset classes. Supporting pieces include the article text (What Is Payment For Order Flow?, Is It Legal To Receive Payment For Order Flow?, NBBO mention) and the SEC final rule on disclosure of order execution information as regulatory backdrop.
References: [Payment for Order Flow (PFOF) and Broker-Dealer Regulation](https://www.congress.gov/crs-product/IF12594), [[PDF] RHS SEC Rule 606 and 607 Disclosure.pdf - Robinhood](https://cdn.robinhood.com/assets/robinhood/legal/RHS%20SEC%20Rule%20606%20and%20607%20Disclosure.pdf), [Robinhood CEO says payment for order flow is 'here to stay' - CNBC](https://www.cnbc.com/2023/12/01/robinhood-ceo-says-payment-for-order-flow-is-here-to-stay.html), [Payments for US retail flow reach record high, led by Citadel ...](https://www.globaltrading.net/payment-for-us-retail-flow-reaches-record-high-led-by-citadel-securities-imc), [[PDF] Final rule: Disclosure of Order Execution Information - SEC.gov](https://www.sec.gov/files/rules/final/2024/34-99679.pdf), [Payment for order flow : r/etrade](https://www.reddit.com/r/etrade/comments/omwh68/payment_for_order_flow), [Payment for Order Flow: The SEC Proposes Reforms | Congress.gov](https://www.congress.gov/crs-product/IF12332), [[PDF] RHS SEC Rule 606 and 607 Disclosure Q3 2022 - Robinhood](https://cdn.robinhood.com/assets/robinhood/legal/RHS%20SEC%20Rule%20606%20and%20607%20Disclosure%20Q2%202021.pdf), [PFOF is going away, but the problem isn't - Optiver](https://optiver.com/insights/pfof-is-going-away-but-the-problem-isnt), [Payment for Order Flow: The SEC Proposes Reforms](https://www.everycrsreport.com/reports/IF12332.html), [Payment for Order Flow - The Complete Guide](https://centerpointsecurities.com/payment-for-order-flow-guide)",,"Despite multiple searches, no specific publication date was found for the article 'Payment for Order Flow - The Complete Guide' on the centerpointsecurities.com website or other reliable sources. The article content and search results do not provide a clear publication or last updated date.
References: [Payment for Order Flow - The Complete Guide](https://centerpointsecurities.com/payment-for-order-flow-guide)",,The webpage and related web search results only show the author as 'J' without providing a full name. There is no available information to enrich the author column with a full name in the required format.,"Positive, Negative","The article presents a balanced view on payment for order flow. It acknowledges positive aspects such as cost savings and price improvements passed to customers by brokers. However, it also highlights significant negative consequences including conflicts of interest, slower and less optimal trade executions, and potential harm to active traders. The article discusses legal and regulatory contexts but emphasizes the controversy and risks involved, indicating a mixed sentiment with both positive and negative elements.",CenterPoint Securities,"The article is published on centerpointsecurities.com and the author is simply listed as 'J'. Given the domain and context, it is reasonable to attribute the author to CenterPoint Securities, the company associated with the website hosting the article.","The article provides a comprehensive guide to payment for order flow (PFOF) in US equity markets, explaining how brokers route retail orders to third parties who pay for this flow. It covers the roles of wholesalers, market makers, exchanges, and institutions in PFOF, how these entities profit, and the legal framework under SEC rules. The guide highlights the potential costs and risks to traders, such as slower executions and trading against orders, and suggests using direct market access brokers to gain control over order routing and improve trade execution.","The summary is based on the detailed explanation in the article about the definition, participants, profitability, legality, and impact of payment for order flow, as well as the recommended approach for traders to mitigate its downsides using direct market access brokers."
https://sec.gov/newsroom/speeches-statements/gensler-remarks-piper-sandler-global-exchange-conference-060822,Market Structure and the Retail Investor: Remarks Before the Piper Sandler Global Exchange Conference,"Speech by SEC Chair Gary Gensler addressing US equity market structure; highlights technological transformations increasing retail investor access while noting challenges like market segmentation, concentration, and inefficiencies. Discusses Payment for Order Flow (PFOF), exchange rebates, and related access fees as key factors impacting market fairness and transparency.",,,Yes,"Yes. The article explicitly discusses Payment for Order Flow (PFOF) as part of a SEC speech focusing on US equity markets. The crawled content lists “Payment for Order Flow, Exchange Rebates, and Related Access Fees” as a key topic, and the surrounding text discusses retail investors, order handling, and other US equity market structures, confirming the context is US equities.
References: [“Market Structure and the Retail Investor:” Remarks Before the Piper ...](https://www.sec.gov/newsroom/speeches-statements/gensler-remarks-piper-sandler-global-exchange-conference-060822), [[PDF] Testimony of Gary Gensler - Senate Banking Committee](https://www.banking.senate.gov/download/gensler-testimony-9-15-22), [SEC eyes payment for order flow, Gensler says](https://www.regcompliancewatch.com/sec-eyes-payment-for-order-flow-gensler-says), [Chair Gensler Directs SEC Staff to Consider Recommendations for ...](https://www.stblaw.com/about-us/publications/view/2022/07/05/chair-gensler-directs-sec-staff-to-consider-recommendations-for-market-structure-changes-affecting-retail-investors-(registered-funds-regulatory-update)), [[PDF] Dear Chair Gensler, I write to express my concerns regarding the ...](https://www.sec.gov/comments/s7-31-22/s73122-197539-394182.pdf)",6/8/22,"The publication date is explicitly stated in the content of the article as June 8, 2022, which matches the date of the remarks by Chair Gary Gensler before the Piper Sandler Global Exchange Conference.",Gary Gensler,"The speech on the webpage is explicitly attributed to Chair Gary Gensler, indicating he is the author of the remarks.",Neutral,"The article is a speech by SEC Chair Gary Gensler that critically analyzes the current US equity market structure, highlighting challenges such as market segmentation, concentration, and inefficiencies. However, it also discusses ongoing and proposed regulatory reforms aimed at improving fairness, transparency, and competition. The tone is analytical and constructive rather than emotional or biased, making the overall sentiment Neutral.",U.S. Securities and Exchange Commission,"The author of the speech is Chair Gary Gensler, who is identified on the SEC website. The speech is published on the official SEC website, indicating the company/organization associated with the author is the U.S. Securities and Exchange Commission.
References: [Market Structure and the Retail Investor: Remarks Before the Piper Sandler Global Exchange Conference](https://www.sec.gov/newsroom/speeches-statements/gensler-remarks-piper-sandler-global-exchange-conference-060822)","Chair Gary Gensler's speech at the Piper Sandler Global Exchange Conference addresses the impact of technological changes on US equity markets, highlighting challenges such as market segmentation, concentration, and lack of a level playing field for retail investors. He discusses key areas for potential regulatory updates, including minimum pricing increments (tick size), the National Best Bid and Offer (NBBO), order execution quality disclosure, best execution standards, and payment for order flow. The speech emphasizes the need to modernize market structure rules to enhance fairness, transparency, and competition for retail investors.","The summary concisely captures the main points and themes of Chair Gensler's speech as presented in the SEC webpage content, focusing on market structure issues and regulatory considerations for US equity markets and retail investors."
https://edition.cnn.com/2022/12/15/investing/sec-payment-for-order-flow,Massive changes could be coming to the way the stock market functions,CNN news article by David Goldman examining SEC proposals to reform payment for order flow in US equity markets; reveals that six major wholesalers paid $235 million to retail brokers in Q1 2022 for order routing; discusses brokers like Robinhood and E*Trade involved in these practices; highlights potential regulatory-driven shifts in retail stock trading mechanisms.,David Goldman,,Yes,"Yes. The article explicitly discusses payment for order flow (PFOF) within US equity markets. The crawled page content shows text about the SEC proposing changes to PFOF, brokers routing orders to wholesalers/market makers who pay for order flow, and a figure stating that six major wholesalers paid retail brokers $235 million in PFOF in Q1 2022. It also references US stock trading (e.g., Robinhood, E*Trade) and the term “payment for order flow.” These points establish the context as US equities, satisfying the criterion.
References: [Massive changes could be coming to the way the stock market ...](https://www.cnn.com/2022/12/15/investing/sec-payment-for-order-flow), [Articles by David Goldman - CNN Business Journalist - Muck Rack](https://muckrack.com/davidgoldmancnn/articles), [The Stock Market Has Erased Its 2025 Losses: Why It's Time To Be Careful](https://www.bankrate.com/investing/the-stock-market-is-back-why-its-time-to-be-careful), [Markets slump on tariffs and jobs data as Trump fires labor bureau ...](https://www.cnn.com/business/live-news/trade-deadline-tariffs-trump-deals), [A Primer on Payment for Order Flow: Brokers Selling Orders to HFTs](https://www.warriortrading.com/payment-for-order-flow), [What Past Stock Market Declines Can Teach Us | Capital Group](https://www.capitalgroup.com/individual/planning/market-fluctuations/past-market-declines.html), [Powell suggests rate cuts are coming — but not because Trump ...](https://www.cnn.com/business/live-news/fed-powell-jackson-hole), [Tariffs weigh on stocks, Goldman Sachs cuts S&P 500 target](https://www.youtube.com/watch?v=SJva9u3ONyQ), [How Does the Stock Market Work? - Investopedia](https://www.investopedia.com/articles/investing/082614/how-stock-market-works.asp), [Your complete guide to tariffs: How much you'll pay, and when - CNN](https://www.cnn.com/2025/01/31/business/what-how-trump-tariffs-meaning), [Massive changes could be coming to the way the stock market functions](https://edition.cnn.com/2022/12/15/investing/sec-payment-for-order-flow)",12/15/22,"The publication date is explicitly stated in the article content as 'Published 9:45 AM EST, Thu December 15, 2022'. This is a clear and direct source for the publication date.",David Goldman,The author's name is clearly stated in the webpage content as 'David Goldman' with proper capitalization. This matches the author field in the provided result.,"Positive, Negative","The article discusses the current payment for order flow system as problematic and lacking transparency, which is a negative aspect. However, it also highlights the SEC's proposed changes aimed at increasing competition and benefiting retail investors, which is a positive development. Hence, the sentiment of the article includes both negative (about the current system) and positive (about the proposed reforms) elements.",CNN,The author David Goldman is identified as a CNN writer in the article. CNN is the company associated with the author based on the webpage content.,"The article discusses the Securities and Exchange Commission's proposed major changes to the payment for order flow system in US stock markets. It explains how brokers route retail stock orders to wholesalers who pay for order flow, a process that has raised concerns about transparency and competition. The SEC aims to introduce auctions to increase competition among trading firms and ensure retail investors get better prices. The proposal is expected to be adopted next year.","The summary is based on the detailed content from the CNN article by David Goldman, which explains the SEC's proposed rule changes to the payment for order flow system in US equity markets, the role of brokers and wholesalers, and the intended impact on retail investors."
https://slate.com/business/2022/09/robinhood-payment-order-flow-securities-exchange-commission.html,There’s Officially No Going Back From the World Robinhood Built,"Slate article examining Robinhood's payment for order flow model in US stock trading; details how Robinhood routes millions of stock orders to market-makers, generating the majority of its revenue through PFOF. Highlights the scale of order flow Robinhood supplies and contextualizes the practice within SEC regulatory scrutiny as of mid-2022, illustrating the transformative impact Robinhood has had on retail equity markets.",Alex Kirshner,,Yes,"The Slate article explicitly discusses payment for order flow (PFOF) in the context of US equity markets, describing how Robinhood routes stock orders to market-makers, the revenue from PFOF, and references to 'trades', 'market-makers', and 'US stock trading' in the article text. For example, it states: 'What Robinhood settled on was a practice called payment for order flow... Robinhood connects a person who wants to trade stocks with a market-maker...' and 'The market-makers need trades for this to work, and Robinhood provides them en masse... The companies pay Robinhood to fill those trades—for that order flow—and that makes up most of Robinhood’s revenue.' It also notes second-quarter 2022 PFOF revenue share and SEC context, confirming US equities context.
References: [There's Officially No Going Back From the World Robinhood Built](https://slate.com/business/2022/09/robinhood-payment-order-flow-securities-exchange-commission.html), [What Everyone Who's Mad at Robinhood Got Wrong](https://slate.com/technology/2021/02/robinhood-gamestop-stock-business-model.html), [Robinhood CEO says payment for order flow is 'here to stay' - CNBC](https://www.cnbc.com/2023/12/01/robinhood-ceo-says-payment-for-order-flow-is-here-to-stay.html), [Stock Market](https://slate.com/tag/stock-market/2), [Investing](https://slate.com/tag/investing), [How Robinhood Makes Money - Investopedia](https://www.investopedia.com/articles/active-trading/020515/how-robinhood-makes-money.asp)",9/23/22,"The article titled 'There’s Officially No Going Back From the World Robinhood Built' by Alex Kirshner on Slate is indicated to have been published on September 23, 2022. This date is supported by multiple search results referencing the article with the same publication date.
References: [Robinhood's payment for order flow won't be challenged ...](https://slate.com/business/2022/09/robinhood-payment-order-flow-securities-exchange-commission.html), [Apps](https://slate.com/tag/apps/3), [Stock Market](https://slate.com/tag/stock-market/3)",Alex Kirshner,The author's name is explicitly mentioned in the provided webpage content and metadata as 'Alex Kirshner' with proper capitalization.,Neutral,"The article provides a balanced discussion of Robinhood's payment for order flow business model, highlighting both positive aspects such as democratizing finance and making trading accessible and cheap, as well as negative aspects including conflicts of interest and potential risks. The tone is nuanced and does not lean strongly positive or negative, indicating a neutral sentiment overall.",Slate,"The author Alex Kirshner is identified as a contributing writer for Slate, as confirmed by the official Slate author page and multiple sources indicating his affiliation with Slate for the article in question.
References: [There’s Officially No Going Back From the World Robinhood Built](https://slate.com/business/2022/09/robinhood-payment-order-flow-securities-exchange-commission.html), [Alex Kirshner](https://slate.com/author/alex-kirshner)","The article discusses how Robinhood transformed stock trading by popularizing commission-free trades funded primarily through payment for order flow (PFOF). It explains the mechanics of PFOF, where Robinhood routes trades to market-makers who pay for order flow, making up most of Robinhood's revenue. The article also covers the SEC's consideration of banning PFOF, which was ultimately rejected, solidifying this model for retail trading in the US. It highlights both the benefits of accessible, low-cost trading and the inherent conflicts and risks in this system.","The summary captures the main points from the article about Robinhood's business model, the role of payment for order flow in US equity markets, the SEC's regulatory stance, and the broader implications for retail investors, based on the detailed content and context provided."
https://barrons.com/articles/payment-for-order-flow-cost-experiment-51638286079,How Much Does Payment for Order Flow Cost You?,"Financial analysis article from Barron's exploring payment for order flow (PFOF) in US equity markets; details how brokerages such as Robinhood sell retail trading orders to market makers who execute trades and profit from price spreads, highlighting the hidden costs behind commission-free trading platforms during the 2021 retail trading surge.",Carleton English,,Yes,"The Barron's article clearly discusses payment for order flow (PFOF) in the context of US equity markets. The crawled page content explicitly states: 'payment for order flow, also called PFOF' and explains: 'Brokerages like Robinhood sell customers’ trading orders to a market maker offering the best price at the time. Market makers, in turn, execute those trades and make money from the difference between the amount they paid the brokerage and what they sell the stock for later.' This ties PFOF to trading of US stocks via brokers (e.g., Robinhood), market makers, and stock trading, satisfying criteria that the topic is PFOF within US equity markets.
References: [How Much Does Payment for Order Flow Cost You? We Did an ...](https://www.barrons.com/articles/payment-for-order-flow-cost-experiment-51638286079), [How Much Does Payment for Order Flow Cost You? We ... - YouTube](https://www.youtube.com/watch?v=wGeG8POK1_E), [What Maker-Taker Fees Mean for You - Investopedia](https://www.investopedia.com/articles/active-trading/042414/what-makertaker-fees-mean-you.asp), [What Is Payment for Order Flow? Why Robinhood Cares So Much ...](https://www.barrons.com/articles/robinhood-payment-for-order-flow-51630451893), [What Is Payment for Order Flow? Behind the Trading Controversy at ...](https://www.barrons.com/articles/payment-for-order-flow-robinhood-51623412441), [Payment for Order Flow (PFOF): Definition and How It Works](https://www.investopedia.com/terms/p/paymentoforderflow.asp), [Payment For Order Flow - WealthKernel](https://www.wealthkernel.com/topic/payment-for-order-flow), [[PDF] Payment for Order Flow and the Retail Trading Experience](https://wifpr.wharton.upenn.edu/wp-content/uploads/2023/10/Payment-for-Order-Flow.pdf), [Payment for order flow - Wikipedia](https://en.wikipedia.org/wiki/Payment_for_order_flow), [Payment for Order Flow Worries the SEC. Perhaps It Shouldn't ...](https://www.barrons.com/articles/payment-for-order-flow-sec-51661280732)",11/30/21,"The article's publication date is clearly stated in the webpage content as 'Nov. 30, 2021 10:29 am ET'. Converting this to ISO format gives 2021-11-30.",Carleton English,The author's name is clearly stated in the provided webpage content and metadata as 'Carleton English' with proper capitalization.,Neutral,"The article provides an informative explanation of payment for order flow (PFOF) and its role in commission-free trading platforms like Robinhood. It highlights the debate around PFOF and cautions that nothing in finance is truly free, suggesting a balanced and neutral tone rather than an overtly positive or negative sentiment.",Prosek Partners,"Recent information shows that Carleton English, previously a reporter at Barron's, has joined Prosek Partners, a leading integrated marketing and communications firm, as of January 2024. This is the most current company affiliation for the author.
References: [How Much Does Payment for Order Flow Cost You?](https://www.barrons.com/articles/payment-for-order-flow-cost-experiment-51638286079), [Prosek Partners Hires Veteran Financial Reporter Carleton English](https://prosek.mystagingwebsite.com/news/prosek-partners-hires-veteran-financial-reporter-carleton-english), [English departs Barron's for Prosek Partners - Talking Biz News](https://talkingbiznews.com/media-news/english-departs-barrons-for-prosek-partners)","The article explores the concept of payment for order flow (PFOF) in the US equity markets, particularly how commission-free trading platforms like Robinhood generate revenue by selling customers' trade orders to market makers. It highlights the surge in retail trading during the meme stock mania involving stocks like GameStop and AMC and explains how market makers profit from the spread between buying and selling prices.","The summary is based on the article content which explains PFOF, its role in commission-free trading apps like Robinhood, and the context of increased retail trading activity during the meme stock surge. These points are clearly presented in the provided webpage content and supported by related search results."
https://laweconcenter.law.harvard.edu/wp-content/uploads/2024/11/331.pdf,U.S. Secondary Stock Markets: A Survey of Current Regulatory and Structural Issues and a Reform Proposal to Enhance Competition,"Harvard Law School discussion paper analyzing U.S. secondary stock markets; explicitly examines payment for order flow (POF) where brokers receive payments to route orders potentially away from best prices, raising investor protection concerns. Provides a detailed survey of market fragmentation, transparency, and dealer collusion issues; critiques the National Market System as inadequate for modern market dynamics.",,,Yes,"The article 'U.S. Secondary Stock Markets: A Survey of Current Regulatory and Structural Issues and a Reform Proposal to Enhance Competition' (Discussion Paper No. 331, 07/2001) explicitly discusses payment for order flow (POF) in the context of US equity markets. The abstract states: 'The controversial practice of payment for order flow (POF), whereby dealers pay brokers to route customers’ orders to them whether or not such a routing results in the best price for the customer' and the table of contents includes 'Payment for Order Flow (POF)' with 'Definition and Magnitude of the Practice', confirming the explicit focus on POF in US equities.
References: [U.S. Secondary Stock Markets: A Survey of Current Regulatory and Structural Issues and a Reform Proposal to Enhance Competition](https://laweconcenter.law.harvard.edu/wp-content/uploads/2024/11/331.pdf)",7/1/01,"The publication date is indicated as 07/2001 on the document itself, which corresponds to July 2001. Since no specific day is provided, the first day of the month is used in ISO format as 2001-07-01.",Laura Beny,"The author's name is explicitly mentioned multiple times in the document content as Laura N. Beny, with the format 'Laura Beny' fitting the requested capitalization and format.","Negative, Neutral","The article discusses significant concerns and critiques regarding the current regulatory framework of U.S. secondary stock markets, including issues like order flow fragmentation, payment for order flow, and market transparency, which reflect a Negative sentiment. However, it also proposes a reform to enhance competition, indicating a constructive and analytical approach, which aligns with a Neutral sentiment. Therefore, the sentiment is best characterized as both Negative and Neutral.",Harvard Law School,"The author, Laura N. Beny, is affiliated with Harvard Law School as indicated in the document multiple times, including her title as John M. Olin Fellow in Law and Economics at Harvard Law School. There is no evidence of affiliation with any other company.","This paper surveys the regulatory and structural issues in U.S. secondary stock markets, focusing on concerns such as order flow fragmentation, payment for order flow, and market transparency. It critiques the current National Market System regulatory framework as inadequate for addressing these challenges. The author proposes a new competitive regulatory approach that enhances competition among market centers and provides issuers and investors with genuine choice over where shares trade.","The summary is based on the abstract and introduction of the article, which highlight the key topics discussed, including the diversity and competition in U.S. secondary markets, concerns about payment for order flow and market transparency, and the proposal for regulatory reform to improve competition and investor choice."
https://nber.org/system/files/working_papers/w29883/revisions/w29883.rev0.pdf,Payment for Order Flow and Asset Choice,"NBER working paper analyzing payment for order flow (PFOF) in U.S. equity markets; finds PFOF is small in stocks but large in single-name equity options. Highlights that retail stock trades receive meaningful price improvement despite off-exchange executions; notes Robinhood derives over 80% of revenue from PFOF payments by market makers such as Citadel. Discusses SEC oversight and the influence of Designated Market Maker assignments on retail option trade pricing, providing a detailed empirical evaluation of PFOF's role across asset classes.",,,Yes,"The article explicitly discusses payment for order flow (PFOF) in US equity markets. It states that Robinhood earns over 80% of its revenue from PFOF and describes payments from market makers (e.g., Citadel) to brokers (e.g., Robinhood) for routing orders to the market maker rather than to public markets, i.e., PFOF in US equity trading. The piece also centers on retail US equity trades and mentions SEC oversight, confirming the US equity market context. These elements satisfy the criterion that PFOF is discussed in the context of US equity markets.
References: [Payment for Order Flow and Asset Choice](https://www.nber.org/system/files/working_papers/w29883/revisions/w29883.rev0.pdf)",3/1/22,"The document from the National Bureau of Economic Research (NBER) clearly states 'March 2022' near the top of the working paper. This is the publication date of the article 'Payment for Order Flow and Asset Choice' by Thomas Ernst and Chester S. Spatt. Since no specific day is provided, using the first day of the month is standard practice for ISO date format.",Thomas Ernst and Chester Spatt,"The authors' names are clearly mentioned in the document as Thomas Ernst and Chester S. Spatt. The format requested is '<First> <Last>' with proper capitalization, which matches these names.",Negative,"The article discusses payment for order flow (PFOF) in US equity markets with a focus on concerns such as conflicts of interest, worse prices for retail investors in options markets, and incentives for brokers to encourage excess trading. While it acknowledges some benefits like price improvement for retail equity trades, the overall tone highlights significant issues and potential harm to retail investors, indicating a predominantly negative sentiment.",University of Maryland and Carnegie Mellon University,"The authors Thomas Ernst and Chester S. Spatt are affiliated with the University of Maryland and Carnegie Mellon University respectively, as indicated in the paper content. These are the institutions associated with the authors, which serve as their company/organization affiliations in this academic context.","This paper analyzes payment for order flow (PFOF) in U.S. equity and options markets, highlighting significant differences across asset classes. It finds that PFOF is small in stocks and benefits retail traders through price improvements, especially off-exchange, while in options, PFOF is large and harms retail traders by leading to worse prices and wider spreads. The study emphasizes that brokers have stronger incentives to promote options trading due to higher PFOF revenues, especially in the zero-commission trading environment. It also documents that price improvements in equity markets provide substantial financial benefits to retail investors.","The summary captures the key findings and focus of the paper as described in the content, including the cross-asset differences in PFOF, the impact on retail traders, broker incentives, and the context of zero-commission trading. This provides a concise overview of the paper's main points."
https://cnbc.com/2021/09/23/investors-await-sec-chair-genslers-report-on-gamestop-and-how-brokerages-get-paid.html,Investors brace for SEC Chair Gensler’s report on GameStop and how brokerages get paid,"CNBC news article covering SEC Chair Gary Gensler's anticipated report on the GameStop/Robinhood/Reddit trading saga and the U.S. equity market's payment for order flow (PFOF) system; details major brokers like Charles Schwab, Robinhood, and E-Trade routing orders to market makers including Citadel and Virtu for payments that facilitate zero-commission trading, providing insight into key players and regulatory scrutiny in the U.S. trading ecosystem.",Bob Pisani,,Yes,"The CNBC article explicitly discusses payment for order flow (PFOF) in the US equity markets, including statements that brokers such as Charles Schwab route orders to market makers in exchange for payments, enabling zero-commission trading; it also lists major PFOF participants (Schwab, Robinhood, E-Trade) and mentions market makers (Citadel, Virtu). The content centers on the U.S. trading system and GameStop context, satisfying the criterion about PFOF in US equities.
References: [Investors brace for SEC Chair Gensler’s report on GameStop and how brokerages get paid](https://www.cnbc.com/2021/09/23/investors-await-sec-chair-genslers-report-on-gamestop-and-how-brokerages-get-paid.html)",9/23/21,"The publication date is inferred from the URL of the article which includes the date segment '2021/09/23'. This is a common practice for news websites to include the publication date in the URL. Additionally, the article content references events and statements from September 2021, supporting this date as the publication date.",Bob Pisani,The author's name is explicitly mentioned in the provided webpage content as 'Bob Pisani' in proper capitalization format.,Neutral,"The article provides a balanced view on payment for order flow, presenting both the benefits to retail investors and the concerns raised by SEC Chair Gary Gensler. It includes expert opinions explaining the mechanics and implications without taking a strongly positive or negative stance. Therefore, the sentiment is best classified as Neutral.",CNBC,"The article is authored by Bob Pisani, who is a journalist for CNBC, as indicated by the article's publication on CNBC and his known affiliation.","The article discusses SEC Chair Gary Gensler's upcoming report on the GameStop trading saga and the U.S. trading system, focusing on payment for order flow (PFOF). It explains how PFOF works, its impact on retail investors, and concerns about market competition and transparency. Experts argue that retail investors benefit from PFOF through better pricing and zero commissions, but there are calls for updated regulations and increased disclosure to ensure fair competition and market efficiency.","The summary captures the main points of the article: the SEC Chair's report on GameStop and PFOF, the mechanics and effects of PFOF on retail investors, concerns about market dominance by a few wholesalers, and recommendations for regulatory updates and transparency improvements."
https://sec.gov/newsroom/speeches-statements/gensler-volume-based-rebates-fees-101823,Statement on Exchanges’ Volume-Based Rebates and Fees,"Public statement by SEC Chair Gary Gensler on volume-based rebates and fees in US equity markets; details how exchanges pay brokers rebates scaled by trading volume, with some large brokers receiving net positive payments exceeding fees, effectively paying for order flow. Emphasizes SEC's mandate to promote competition and prevent unfair discrimination in market fees, referencing historical Exchange Act provisions from 1975 aimed at equitable fee allocation and competition enhancement.",,,Yes,"The SEC speech 'Statement on Exchanges’ Volume-Based Rebates and Fees' clearly discusses volume-based rebates and order flow in the context of US equity markets. It states that exchanges pay rebates to brokers that vary by trading volume and explicitly notes that, in some cases, large brokers receive rebates larger than the fees they pay, effectively paying for their order flow (order routing). This directly ties to PFOF concepts within US equities (brokers receiving compensation from market makers via rebates) and references US trading venues and brokers. See passages describing 'volume-based transaction pricing', 'rebates back to brokers that vary depending on the brokers’ trading volume', and 'exchange actually pays on net large brokers for their order flow.' URL: https://www.sec.gov/newsroom/speeches-statements/gensler-volume-based-rebates-fees-101823.
References: [Statement on Exchanges’ Volume-Based Rebates and Fees](https://www.sec.gov/newsroom/speeches-statements/gensler-volume-based-rebates-fees-101823)",10/18/23,"The article titled 'Statement on Exchanges’ Volume-Based Rebates and Fees' on the SEC website clearly states the date as Oct. 18, 2023, which is the publication date of the statement by Chair Gary Gensler.",Gary Gensler,"The author of the statement is identified as Chair Gary Gensler in the webpage content, specifically in the heading and the signature of the statement on the SEC website.",Neutral,"The article presents a factual and regulatory perspective on volume-based rebates and fees in US equity markets. It acknowledges concerns about competition and fairness but focuses on seeking public feedback and proposing regulatory measures to address these issues. The tone is balanced and does not express a positive or negative bias, making the sentiment neutral.",U.S. Securities and Exchange Commission,"The author of the statement is Chair Gary Gensler, who is the Chair of the U.S. Securities and Exchange Commission (SEC). The webpage is hosted on the SEC's official website, indicating the company/organization authoring the statement is the U.S. Securities and Exchange Commission.","The statement by SEC Chair Gary Gensler discusses a proposal on exchanges' volume-based rebates and fees in US equity markets. It highlights concerns that current volume-based transaction pricing creates an uneven playing field favoring large brokers who receive larger rebates, sometimes exceeding their fees, effectively being paid for order flow. The proposal seeks public feedback on whether to prohibit these volume-based discounts and considers new disclosure requirements to promote competition among brokers and trading venues.","The summary captures the main points of the SEC statement, including the focus on volume-based rebates and fees, the competitive concerns for smaller brokers, and the request for public comment on potential prohibitions and disclosures. This is directly supported by the content of the speech at the provided SEC URL."
https://dash.harvard.edu/bitstreams/a9643938-23c2-4b01-a6a2-6dcca656100e/download,An Analysis of Payment for Order Flow in American Financial Markets,"Master's thesis analyzing payment for order flow (PFOF) in US equity markets; evaluates 24 firms with 79% accepting PFOF and explores fintech-driven changes in retail trading over the past five years. Discusses PFOF's controversial revenue role pioneered by Bernie Madoff and its effects on market quality, retail behavior, and economic theories such as rent-seeking and progressive capitalism.",,,Yes,"The article is explicitly centered on payment for order flow (PFOF) in the US, with a title referencing 'Payment for Order Flow in American Financial Markets' and a snippet indicating discussion of PFOF among US brokerages (e.g., 'out of 24 firms reviewed, 19 of 24 firms accepted payment for order flow') and references to Robinhood, a major US retail broker. This aligns with PFOF in US equity markets (not other asset classes). Source: crawled page of the Harvard DASH thesis 'The Rise of Commission-Free Trading and the Challenge of Robinhood: An Analysis of Payment for Order Flow in American Financial Markets' (Costanzo, 2022).
References: [An Analysis of Payment for Order Flow in American Financial Markets](https://dash.harvard.edu/bitstreams/a9643938-23c2-4b01-a6a2-6dcca656100e/download)",5/1/22,"The article is a Master's thesis by Andrew Costanzo from Harvard University, explicitly dated May 2022 in the content provided. This indicates the publication date is May 2022, and the most precise date available is 2022-05-01.",Andrew Costanzo,The author's name is explicitly mentioned multiple times in the provided content from the Harvard DASH thesis. The title page and abstract section identify the author as Andrew Costanzo.,Negative,"The article presents a critical analysis of payment for order flow (PFOF) in American financial markets, emphasizing controversial practices, exploitation of retail traders, and conflicts of interest. It concludes with a recommendation to ban PFOF to protect investors and improve market fairness, indicating a negative sentiment towards PFOF.",Harvard University,"The author, Andrew Costanzo, wrote this as a Master's thesis for Harvard University Division of Continuing Education. There is no indication of a company affiliation, only the academic institution is mentioned, so the company name of the author is Harvard University.","This thesis analyzes the payment for order flow (PFOF) model in American financial markets, focusing on its growth with fintech platforms like Robinhood. It examines how PFOF influences retail trader behavior, regulatory scrutiny, and market outcomes. The study concludes that PFOF platforms encourage high-risk trading for revenue, often at the expense of retail investors, and advocates for banning PFOF to protect traders and improve market fairness.","The summary is based on the detailed abstract and content overview of the thesis by Andrew Costanzo, which highlights the evolution, impact, and controversies of PFOF in US equity markets, especially through fintech platforms like Robinhood, and the author's conclusion for regulatory action."
https://wallstreetonparade.com/2021/02/citadel-is-paying-for-order-flow-from-nine-online-brokerage-firms-not-just-robinhood,Citadel Is Paying for Order Flow from Nine Online Brokerage Firms – Not Just Robinhood,"Financial news article examining payment-for-order-flow in US equity markets; reveals Citadel Securities paid PFOF to nine major online brokers in Q4 2020, including Robinhood, E-Trade, TD Ameritrade, Charles Schwab, and WeBull. Based on SEC Rule 606 disclosures, it highlights Citadel's extensive role in routing retail stock trades beyond Robinhood, reflecting its dominant market position during the GameStop trading surge.",,,Yes,"Yes. The article explicitly discusses payment-for-order-flow (PFOF) in the context of US equity markets. It references the SEC's Rule 606/NMS framework and reports that Citadel Securities paid PFOF to multiple US online brokers (Robinhood, E-Trade, TD Ameritrade, Charles Schwab, WeBull, Ally Invest Securities, First Trade, TradeStation) per Q4 2020 606 filings, which are disclosures tied to US stock trading. This satisfies the criterion by addressing PFOF in US equity trading, not other asset classes. Key sourcing within the article includes: (1) discussion of the 606 report framework, and (2) explicit listing of brokers receiving PFOF from Citadel Securities. Source: Wall Street On Parade article text provided in the crawled page content.
References: [Citadel Is Paying for Order Flow from Nine Online Brokerage Firms – Not Just Robinhood](https://wallstreetonparade.com/2021/02/citadel-is-paying-for-order-flow-from-nine-online-brokerage-firms-not-just-robinhood)",2/4/21,"The article itself states at the beginning that it was written by Pam Martens and Russ Martens on February 4, 2021. This is a clear and explicit publication date provided in the content of the article.",Pam Martens and Russ Martens,"The authors' names are clearly stated at the beginning of the article content as Pam Martens and Russ Martens, both properly capitalized and in the format <First> <Last>.",Negative,"The article presents a critical view of Citadel Securities' payment-for-order-flow practices, highlighting regulatory concerns, large financial influence, and past fines. It questions the transparency and ethical implications of these practices and the relationships with regulators, indicating a negative sentiment.",Wall Street On Parade,"The search results indicate that Pam Martens and Russ Martens are the creators, owners, and maintainers of Wall Street On Parade, a financial news site. Therefore, their company affiliation is Wall Street On Parade.
References: [Citadel Is Paying for Order Flow from Nine Online Brokerage Firms – Not Just Robinhood](https://wallstreetonparade.com/2021/02/citadel-is-paying-for-order-flow-from-nine-online-brokerage-firms-not-just-robinhood), [About/Contact - - Wall Street On Parade](https://wallstreetonparade.com/about-3/about), [Wall Street On Parade: Contact Information, Journalists, and Overview](https://muckrack.com/media-outlet/wallstreetonparade)","The article reveals that Citadel Securities pays for order flow from nine major online brokerage firms, not just Robinhood, based on SEC Rule 606 reports for Q4 2020. It highlights Citadel's dominant role in executing stock and options trades across these brokers and discusses concerns about the transparency of trade destinations, including potential dark pools. The article also touches on Citadel's financial influence, including payments to former Fed Chair Janet Yellen, and regulatory scrutiny related to its trading practices.","The summary captures the main points of the article, including Citadel's payment-for-order-flow relationships with multiple brokers, its market influence, and related regulatory and ethical concerns as detailed in the provided content."
https://reuters.com/article/stocks-regulations-fees-idUSL2N17N2C8,U.S. SEC panel proposes stock exchange fee-cutting experiment,"News report on a U.S. SEC sub-committee's recommendation to test cutting stock exchange fees and rebates across three groups of stocks with market caps over $3 billion; proposes fee caps of 20, 10, and 2 cents per 100 shares respectively for one to two years. Highlights that nearly 40% of U.S. stock trading occurs off-exchange due to high fees and that current exchange fees and rebates can reach 30 cents per 100 shares. Discusses concerns over PFOF conflicts where brokers route orders to venues offering the highest rebates rather than best execution, aiming to illuminate pricing model flaws and impacts on trading behavior and bid-ask spreads.",John McCrank,,Yes,"The article discusses the practice of exchanges paying rebates to brokers and brokers routing orders to venues that offer the biggest rebates, which is a core description of payment for order flow (PFOF) in US equity markets. It explicitly mentions brokers receiving rebates to bid/offers and the conflict of interest from routing orders to the highest rebate venues, both within the US stock trading context.
References: [U.S. SEC panel proposes stock exchange fee-cutting experiment](https://www.reuters.com/article/stocks-regulations-fees-idUSL2N17N2C8)",4/20/16,"The article by John McCrank discussing the SEC panel's proposal on stock exchange fee-cutting is most likely published on April 20, 2016. This date is supported by a search result snippet referencing the same article topic and author with that date. Additionally, the article mentions a memorandum dated April 19, 2016, which aligns with a publication date shortly after that.
References: [U.S. SEC panel proposes stock exchange fee-cutting experiment](https://www.reuters.com/article/stocks-regulations-fees-idUSL2N17N2C8), [U.S. SEC panel proposes stock exchange fee-cutting experiment ...](https://www.reuters.com/article/world/u-s-sec-panel-proposes-stock-exchange-fee-cutting-experiment-idUSKCN0XH2P8)",John McCrank,The author's name is explicitly mentioned at the beginning of the article as 'By John McCrank' and also in the metadata as 'Author: John McCrank'. The name is properly capitalized as per the instructions.,Neutral,"The article presents a factual and balanced view of the SEC panel's proposal to experiment with cutting stock exchange fees. It discusses both the problems with the current fee and rebate system, including conflicts of interest and increased off-exchange trading, and the SEC's proactive approach to addressing these issues through an experiment. The tone is analytical and does not express a clear positive or negative sentiment, making the overall sentiment neutral.",Reuters,"The article is authored by John McCrank and published on Reuters. Journalists typically write for the media company they are employed by, so the company authoring the article is Reuters.","The U.S. SEC panel has recommended an experiment to reduce stock exchange fees and rebates to address conflicts of interest in the current payment for order flow model. The experiment would test different fee caps on groups of stocks to observe changes in trading behavior, liquidity, and bid-ask spreads. This aims to shed light on the impact of high fees and rebates on market structure and off-exchange trading.","The summary concisely captures the main points of the article, including the SEC panel's proposal, the rationale behind it related to payment for order flow conflicts, and the details of the planned experiment to evaluate fee reductions and their market effects."
https://reuters.com/article/idUSTRE6BG2H320101217?feedType=RSS&feedName=topNews,"Special Report: For Wall Street, dumb money pays","Reuters special report on payment for order flow in U.S. equity markets; details how brokers like E*Trade receive small stipends from market makers for routing retail orders, enabling retail traders to achieve marginally better prices by fractions of a penny. Highlights the dominance of five large wholesalers on the other side of most retail trades and discusses criticism that PFOF fosters opaque ""dark"" trading and limits price discovery on public exchanges.",Jonathan Spicer,,Yes,"Yes — the article explicitly discusses payment for order flow (PFOF) in US equity markets. It states that brokers route orders to market makers and receive compensation, including: “The market maker also paid E*Trade Financial Corp a small stipend,” and refers to the arrangement as “payment for order flow.” It also notes that five large wholesalers are on the other side of most retail U.S. stock trades, situating the discussion squarely in US equity trading. These elements satisfy the criterion that PFOF is discussed in the context of US equity markets.
References: [Special Report: For Wall Street, dumb money pays](https://www.reuters.com/article/idUSTRE6BG2H320101217?feedType=RSS&feedName=topNews)",12/17/10,"The article titled 'Special Report: For Wall Street, dumb money pays' by Jonathan Spicer on Reuters is indicated to have been published on December 17, 2010. This date is supported by the Reuters article URL and a citation in a legal scholarship PDF referencing the article with the same date.
References: [Special Report: For Wall Street, dumb money pays](https://www.reuters.com/article/idUSTRE6BG2H320101217?feedType=RSS&feedName=topNews), [Special Report: For Wall Street, dumb money pays | Reuters](https://www.reuters.com/article/economy/special-report-for-wall-street-dumb-money-pays-idUSTRE6BG2H3), [[PDF] Insider Trading, Informed Trading, and Market Making: Liquidity of ...](https://scholarship.law.wm.edu/cgi/viewcontent.cgi?article=1030&context=wmblr)",Jonathan Spicer,The author's name is explicitly mentioned in the provided webpage content as 'Jonathan Spicer' with proper capitalization.,"Neutral, Negative","The article presents a balanced view on payment for order flow, acknowledging benefits such as ease of trading and price improvement for retail investors, which supports a neutral sentiment. However, it also highlights significant concerns about transparency, market fairness, regulatory scrutiny, and potential negative impacts on market quality, which justifies a negative sentiment. Therefore, the sentiment is best described as a combination of Neutral and Negative.",Reuters,"The article is authored by Jonathan Spicer and published on Reuters. Journalists typically are associated with the media company they write for, so the company name for Jonathan Spicer is Reuters.","The article explains the practice of payment for order flow in US equity markets, where brokers route retail investors' trades to market makers who pay for this order flow. It discusses the benefits, such as lower trading costs and price improvements for retail traders, as well as criticisms including concerns about market transparency, fairness, and the potential impact on price formation. The article also covers regulatory scrutiny and increasing competition among market makers.","The summary is based on the detailed content of the article which focuses on payment for order flow, its role in US equity markets, the involved parties, benefits, criticisms, and regulatory context."
https://marketrealist.com/p/does-citadel-own-robinhood,Does Citadel Own Robinhood? Market Maker-Online Broker Link Explained,"Financial news article analyzing the Citadel-Robinhood relationship; clarifies that Citadel does not own Robinhood but contributed $39 million to Robinhood’s Q1 2020 revenues through its subsidiary Citadel Securities via payment-for-order-flow. Highlights the role of Citadel Execution Services in receiving payments for directing equity order flow from Robinhood Securities, emphasizing the PFOF model in US equity markets. Includes context from the 2021 GameStop short squeeze and regulatory scrutiny, with Citadel denying involvement in Robinhood's trading restrictions.",Dan Clarendon,,Yes,"The article explicitly discusses pay-for-order-flow (PFOF) in the context of US equities. It uses the term 'pay-for-order-flow model' and notes that 'Robinhood Securities receives payment from Citadel Execution Services for directing equity order flow to this venue,' which directly ties PFOF to US stock trading and the Robinhood-Citadel relationship.
References: [Does Citadel Own Robinhood? Market Maker-Online Broker Link Explained](https://marketrealist.com/p/does-citadel-own-robinhood)",3/15/21,"The search result from marketrealist.com for the article 'Does Citadel Own Robinhood? Market Maker-Online Broker Link Explained' indicates the publication date as March 15, 2021. This matches the article URL and title, providing a reliable date for publication.
References: [Citadel's Link to Robinhood Is Raising Questions](https://marketrealist.com/p/does-citadel-own-robinhood)",Dan Clarendon,The author's name is explicitly mentioned in the provided webpage content as 'Dan Clarendon' with proper capitalization.,Neutral,"The article presents a factual and balanced overview of the relationship between Citadel and Robinhood, including statements from Citadel denying ownership or influence, explanations of the pay-for-order-flow model, and concerns raised by a U.S. Senator. The tone is informational and does not express strong positive or negative opinions, making the sentiment neutral.",Market Realist,"The search results indicate that Dan Clarendon is a writer and freelance journalist who has authored articles for Market Realist. The article in question is published on Market Realist, and multiple sources confirm his association with Market Realist as the company related to his authorship.
References: [Does Citadel Own Robinhood? Market Maker-Online Broker Link Explained](https://marketrealist.com/p/does-citadel-own-robinhood), [Dan Clarendon - Market Realist](https://marketrealist.com/a/dan-clarendon), [Dan Clarendon - Market Realist Author](https://marketrealist.com/writer/danclarendon), [Freelance / Dan Clarendon](https://www.danclarendon.com/freelance)","The article explains that Citadel does not own Robinhood but is a significant market maker for the online broker, paying for order flow from Robinhood's trades. It clarifies that Citadel was not involved in Robinhood's decision to restrict trading during the GameStop short squeeze. Robinhood was founded by Vladimir Tenev and Baiju Bhatt, and the article highlights the pay-for-order-flow model used in US equity markets involving Citadel Securities and Robinhood.","The summary captures the main points from the article about the relationship between Citadel and Robinhood, the ownership clarification, the pay-for-order-flow arrangement, and the trading restrictions controversy during the GameStop event."
https://capital-markets.law.columbia.edu/sites/default/files/content/docs/rauterberg-_mahoney-_final_draft.pdf,The Regulation of Trading Markets: A Survey and Evaluation,"Academic survey paper on U.S. equity market regulation; authored by Paul G. Mahoney and Gabriel Rauterberg from University of Virginia and University of Michigan Law Schools; covers profound structural changes over 15 years including electronic order books and new trading venues; analyzes key regulatory issues such as high-frequency trading, non-displayed liquidity, market fee structures, and payment for order flow within broker-dealer routing decisions; provides a comprehensive evaluation of current market structure challenges and alternative proposals.",,,Yes,"Yes. The document discusses payment for order flow within the US equity market context: in the table of contents, Section VI.C (or VI.B.3 in the numbering shown) lists “Payment for Order Flow” under “Broker-Dealer Routing Decisions,” within “CURRENT ISSUES IN EQUITY MARKET STRUCTURE,” which confirms PFOF is addressed in relation to US equities. The abstract also frames the discussion around U.S. equity markets and market structure regulation, reinforcing the US-equities context. Source evidence: crawled content shows VI. CURRENT ISSUES IN EQUITY MARKET STRUCTURE -> B. Broker-Dealer Routing Decisions -> 3. Payment for Order Flow. Also explicit mention of U.S. equity markets in the abstract.
References: [The Regulation of Trading Markets: A Survey and Evaluation](https://capital-markets.law.columbia.edu/sites/default/files/content/docs/rauterberg-_mahoney-_final_draft.pdf)",4/19/17,"The article 'The Regulation of Trading Markets: A Survey and Evaluation' by Paul G. Mahoney and Gabriel Rauterberg is listed on SSRN with a publication date of April 19, 2017, which is the earliest and most specific date found among the search results. Other sources mention 2018 but the SSRN date is likely the original publication date.
References: [The Regulation of Trading Markets: A Survey and Evaluation](https://capital-markets.law.columbia.edu/sites/default/files/content/docs/rauterberg-_mahoney-_final_draft.pdf), [The Regulation of Trading Markets: A Survey and Evaluation - SSRN](https://papers.ssrn.com/sol3/papers.cfm?abstract_id=2955112), [The Regulation of Trading Markets: A Survey and Evaluation](https://repository.law.umich.edu/book_chapters/121), [The Regulation of Trading Markets: A Survey and Evaluation | Paul G...](https://www.law.virginia.edu/scholarship/publication/paul-g-mahoney/1316481)","Paul Mahoney, Gabriel Rauterberg","The authors' names are explicitly stated in the document as Paul G. Mahoney and Gabriel Rauterberg. Following the requested format '<First> <Last>' with proper capitalization, the names are Paul Mahoney and Gabriel Rauterberg.",Neutral,"The article provides a balanced analysis of the U.S. equity markets, highlighting both positive developments such as increased convenience, speed, and lower costs for retail investors, and negative criticisms including concerns about market fairness and high-frequency trading. It does not express a clear positive or negative bias, making the overall sentiment neutral.",University of Virginia School of Law; University of Michigan Law School,"The authors Paul G. Mahoney and Gabriel Rauterberg are affiliated with academic institutions, specifically the University of Virginia School of Law and the University of Michigan Law School, respectively, as stated in the document. These are the proper names to use for the 'Company_Author' field given the context.","This paper surveys the significant changes in U.S. equity markets over the past 15 years, driven by technological advances and regulatory policies. It examines the shift from manual to electronic trading, the proliferation of trading venues, and the regulatory framework shaping market structure. Key topics include market practices like payment for order flow, high-frequency trading, and the challenges and criticisms these raise. The paper also explores alternative market structures and ongoing regulatory debates.","The summary is based on the abstract and introduction of the document, which highlight the evolution of U.S. equity markets, the role of technology and regulation, and specific issues such as payment for order flow and high-frequency trading discussed in the paper."
https://sciencedirect.com/science/article/abs/pii/S0378426624001432,How free is free? Retail trading costs with zero commissions,"Research article examining retail trading costs post-zero commission adoption by major US brokers like Charles Schwab and Fidelity; finds little change in payment for order flow, indicating brokers absorbed commission costs competitively. Uses difference-in-differences analysis showing trivial changes in effective spreads and reports substantial drops in total retail transaction costs even under conservative counterfactuals, supporting the brokerage industry's claim that zero commissions benefited retail investors.",C. Comerton-Forde,,Yes,"The article's abstract explicitly discusses payment for order flow (PFOF) in the context of zero-commission retail trading. The introduction describes US brokerage firms (e.g., Charles Schwab, TD Ameritrade, E*Trade, Ally Invest, Fidelity) and the practice of order flow payments to brokers, i.e., PFOF in US equity markets, including references to Rule 606 filings. This demonstrates the article is about PFOF within US equity trading rather than other asset classes or markets.
References: [How free is free? Retail trading costs with zero commissions](https://www.sciencedirect.com/science/article/abs/pii/S0378426624001432)",,"The article is from the Journal of Banking & Finance, Volume 165, August 2024, indicating the publication year and month. However, the exact publication date (day) is not available from the search results or the provided content. Therefore, I cannot provide a precise ISO date.
References: [How free is free? Retail trading costs with zero commissions](https://www.sciencedirect.com/science/article/abs/pii/S0378426624001432), [Journal of Banking & Finance | Vol 165, August 2024](https://www.sciencedirect.com/journal/journal-of-banking-and-finance/vol/165/suppl/C)",C. Comerton-Forde,"The author's name is given in the webpage content as 'C. Comerton-Forde'. The format requested is '<First> <Last>' with proper capitalization. The provided name is already properly capitalized and appears as the author's full name in the source. No further information was found to expand the initial 'C.' to a full first name, so the name is returned as is.",Positive,"The article presents evidence that the elimination of brokerage commissions led to a substantial drop in retail trading costs, supporting the brokerage industry's claim that zero commission trading benefits retail investors. While it acknowledges concerns about indirect costs and execution quality, the overall conclusion is that zero commission trading helped retail investors and should ease regulatory concerns. This indicates a positive sentiment towards the impact of zero commission trading.",University of Melbourne,"The search results indicate that C. Comerton-Forde is a Professor of Finance at the University of Melbourne. Multiple sources including the University of Melbourne's faculty page and her LinkedIn profile confirm this affiliation.
References: [How free is free? Retail trading costs with zero commissions](https://www.sciencedirect.com/science/article/abs/pii/S0378426624001432), [Carole Comerton-Forde - Faculty of Business and Economics](https://fbe.unimelb.edu.au/our-people/staff/finance/carole-comerton-forde), [Carole Comerton-Forde - Professor of Finance, University ... - LinkedIn](https://au.linkedin.com/in/carole-comerton-forde-29a2a82)","The article analyzes the impact of zero commission trading introduced by major US brokers in October 2019 on retail trading costs. It finds that brokers absorbed the cost of eliminating commissions without increasing payment for order flow, retail execution costs showed minimal change, and total retail transaction costs significantly decreased. The study supports the brokerage industry's claim that zero commissions benefited retail investors and alleviates regulatory concerns about indirect trading costs.","The summary is based on the article's abstract and introduction, which detail the study's focus on zero commission trading, payment for order flow, execution costs, and overall retail trading costs, concluding that zero commissions reduced total costs for retail investors."
https://camrongodbout.medium.com/payment-for-order-flow-and-why-buying-gme-is-still-helping-wall-street-769a3fe0451f?source=user_profile---------4----------------------------,Payment for Order Flow and Why Buying $GME is Still Helping Wall Street,"Article by Camron Godbout explaining Payment for Order Flow (PFOF) in US equity markets; details how commission-free brokers like Robinhood and Charles Schwab route orders to market makers profiting from bid-ask spreads within NBBO thresholds. Highlights that brokerages and large funds earn significant revenue from fractional cents per trade and larger spreads on options, supported by charts quantifying PFOF profitability. Uses the Gamestop ($GME) trading surge to illustrate how retail buying still financially benefits Wall Street institutions.",Camron Godbout,,Yes,"The article defines and discusses 'Payment for Order Flow' and explicitly describes how it works within US equity trading, including examples of US brokers (Robinhood, Charles Schwab, TD Ameritrade, E-Trade) and routing orders to market makers with reference to NBBO. This places PFOF squarely in the context of US equity markets, satisfying the criterion.
References: [Payment for Order Flow and Why Buying $GME is Still Helping Wall Street](https://camrongodbout.medium.com/payment-for-order-flow-and-why-buying-gme-is-still-helping-wall-street-769a3fe0451f?source=user_profile---------4----------------------------)",1/27/21,"The publication date is explicitly mentioned in the webpage content as 'Jan 27, 2021' which corresponds to January 27th, 2021.",Camron Godbout,The author's name is explicitly mentioned in the provided webpage content and metadata as 'Camron Godbout' with proper capitalization.,Neutral,"The article provides an educational and informative explanation of payment for order flow and its implications for buying $GME stock. It clarifies that buying $GME through commission-free brokers benefits large institutions rather than hurting Wall Street. The tone is neutral, focusing on explaining the mechanics and consequences without expressing strong positive or negative opinions.",Schonfeld,"The web search results indicate that Camron Godbout is currently working as a data analyst at Schonfeld, which is the company affiliation for the author.
References: [Payment for Order Flow and Why Buying $GME is Still Helping Wall Street](https://camrongodbout.medium.com/payment-for-order-flow-and-why-buying-gme-is-still-helping-wall-street-769a3fe0451f?source=user_profile---------4----------------------------), [Camron Godbout - Data Analyst @ Schonfeld - LinkedIn](https://www.linkedin.com/in/camron-godbout-1b601077), [About this site - Camron Godbout](https://www.camron.xyz/about)","The article explains payment for order flow, a practice used by commission-free brokerages like Robinhood, where customer orders are routed to market makers who profit from the spread. It highlights how this system benefits both brokers and large institutions, even when retail investors buy stocks like Gamestop ($GME) to challenge Wall Street. The article also notes regulatory requirements for brokers to disclose these payments and concludes that buying $GME through these platforms ultimately supports large funds rather than hurting them.","The summary is based on the detailed explanation in the article about payment for order flow, its mechanics, the brokers involved, the profitability, SEC disclosure rules, and the conclusion about the impact of retail trading on Wall Street funds."
https://fi-desk.com/can-retail-order-flow-impact-institutional-trading,Can retail order flow impact institutional trading?,"Analysis of retail order flow growth in US equity markets; retail participation surged to nearly 20% of order flows in 2020, driven by technological innovation and pandemic-related factors. Explores payment for order flow (PFOF) as a prevalent mechanism in the US, where brokers receive compensation for routing retail orders to electronic market makers. Highlights increased retail trading sophistication and product availability reshaping market dynamics.",fidesk,,Yes,"The article discusses US equity markets and explicitly notes growth of US retail order flow (nearly 20% of US equity order flows in 2020) and, crucially, states that in the USA one common method is to channel retail flow via electronic market makers, which describes the PFOF mechanism (brokers receiving compensation via order routing to market makers). Despite European context later in the piece, the US-focused PFOF discussion is present and relevant to the criterion.
References: [Can retail order flow impact institutional trading?](https://www.fi-desk.com/can-retail-order-flow-impact-institutional-trading)",9/14/21,"The search result for the article 'Can retail order flow impact institutional trading?' on fi-desk.com shows a published date of 09/14/2021, which corresponds to 2021-09-14 in ISO format. This date is the most relevant and specific publication date found for the article.
References: [Can retail order flow impact institutional trading?](https://www.fi-desk.com/can-retail-order-flow-impact-institutional-trading)",,"The author is listed as 'fidesk', which is a company or brand name, not an individual's name. The article mentions Gherardo Lenti Capoduri and Umberto Menconi as interviewees, not as authors. Therefore, no individual author's name in the format '<First> <Last>' is available.",Neutral,"The article provides a balanced analysis of retail order flow growth in equity markets, discussing both positive aspects like increased market access and liquidity, and negative aspects such as increased volatility and regulatory challenges. The tone is analytical and neutral, without strong positive or negative bias.",Fi Desk,"The author is identified as 'fidesk' and the webpage domain is fi-desk.com, indicating the company name is 'Fi Desk'. Other names mentioned are sources or copyright holders, not the author company.","The article explores the rapid growth of retail order flow in US equity markets, driven by technological innovation, the pandemic, zero-fee trading models, and increased participation by millennials. It discusses how retail investors, influenced by social media and short-term trading strategies, impact market volatility and liquidity. The piece also examines the role of electronic market makers in channeling retail flow, potential benefits and challenges for institutional investors, and regulatory concerns in both the US and Europe regarding retail trading practices.","The summary captures the key points of the article, including the growth drivers of retail order flow, its market impact, and the regulatory context, providing a concise overview of the content."
https://cnbc.com/2021/10/18/sec-says-brokers-enticed-by-payment-for-order-flow-are-making-trading-into-a-game-to-lure-investors.html,SEC says brokers enticed by payment for order flow are making trading into a game to lure investors,"CNBC news article covering the SEC's report on payment for order flow in US equity markets; reveals that online brokerages use PFOF-driven incentives to gamify trading and boost retail investor engagement, with the SEC warning that such practices may encourage excessive trading through novel digital engagement methods.",Yun Li,,Yes,"The crawled article’s title explicitly mentions “payment for order flow” and the Key Points summary notes the SEC’s report and online brokerages, indicating the discussion centers on PFOF within US equity trading contexts (GameStop-related SEC report, US brokerages). This satisfies the criterion that the piece discusses PFOF in the context of US equity markets. Sources: the crawled page content (title and Key Points) from CNBC by Yun Li.
References: [SEC says brokers enticed by payment for order flow are making trading into a game to lure investors](https://www.cnbc.com/2021/10/18/sec-says-brokers-enticed-by-payment-for-order-flow-are-making-trading-into-a-game-to-lure-investors.html)",10/18/21,The publication date is inferred from the URL which includes the date segment '2021/10/18'. This is a common practice for news websites to include the publication date in the URL. The article content and context also align with news from that time period.,Yun Li,The author's name is explicitly mentioned in the provided webpage content as 'Yun Li' with proper capitalization.,Neutral,"The article discusses the SEC's report on payment for order flow and the GameStop trading frenzy in a factual and balanced manner. It highlights concerns about brokerages gamifying trading and the risks involved, but does not express strong positive or negative opinions. The tone is critical yet informative, focusing on regulatory scrutiny and market dynamics without assigning blame or praise. Therefore, the sentiment is best classified as Neutral.",CNBC,"The article is published on CNBC and the author is Yun Li, indicating the author is associated with CNBC.","The SEC released a report on the GameStop trading frenzy, highlighting concerns about online brokerages using payment for order flow to incentivize trading through gamification and digital engagement features. The report raises issues about transparency in short selling and risk management but stops short of assigning blame or making concrete regulatory recommendations.","The summary is based on the article's key points and detailed content describing the SEC's report on payment for order flow, gamification of trading, and related market risks during the GameStop mania."
https://greenwich.com/equities/buy-side%E2%80%99s-take-equity-market-structure-2022,The Buy Side’s Take on Equity Market Structure: 2022,"Research report on U.S. and Canadian buy-side equity market structure; based on interviews with 51 institutional traders conducted in Q3 2021, it highlights Payment for Order Flow (PFOF) as the most important regulatory initiative and captures trader insights amid heightened market scrutiny following the 2021 meme stock events and active SEC oversight under Chair Gensler.",Paid Content Download Summary,,Yes,"The article summary mentions that the report covers buy-side traders' thoughts on various market structure topics. The search results indicate that the report analyzes U.S. institutional equity traders' perspective on a range of market structure and regulatory issues, and specifically mentions 'Payment for Order Flow (PFOF) as the most important ongoing regulatory initiative'. Therefore, the article likely discusses payment for order flow in the context of US equity markets.
References: [New Coalition Greenwich Report Analyzes Buy-Side Perspective on ...](https://stg.greenwich.com/press-release/new-coalition-greenwich-report-analyzes-buy-side-perspective-2022%E2%80%99s-biggest-regulatory), [Greenwich 已入驻Fazzaco，快来Fazzaco和我洽谈合作吧！](https://cn.fazzaco.com/companydetail/greenwich), [The Buy Side’s Take on Equity Market Structure: 2022](https://www.greenwich.com/equities/buy-side%E2%80%99s-take-equity-market-structure-2022)",2/8/22,"The publication date of the article 'The Buy Side’s Take on Equity Market Structure: 2022' is explicitly stated as February 8, 2022 on the webpage content provided.",Shane Swanson,"The webpage content includes the line ""February 8, 2022 By: Shane Swanson"" which indicates Shane Swanson is the author of the article titled ""The Buy Side’s Take on Equity Market Structure: 2022."" This is the only personal name associated with the article, so it is the best match for the author name in the requested format.",Neutral,"The article provides an analytical and factual overview of market structure topics and regulatory scrutiny without expressing strong positive or negative emotions. It discusses intense scrutiny and regulatory initiatives in a neutral tone, focusing on buy-side traders' perspectives without evident bias.",Greenwich Associates,"The article is published on the Greenwich Associates website, and the content mentions 'Coalition Greenwich,' which is a division of CRISIL (part of S&P Global). The author is listed as 'Paid Content Download Summary,' indicating the content is produced by the company behind the website. Therefore, the company author is Greenwich Associates, the known brand for this research and analysis.","The article presents insights from 51 buy-side equity traders in the U.S. and Canada on market structure issues, highlighting the increased public and regulatory focus following the 2021 meme stock frenzy and active SEC Chair Gensler's market structure initiatives. It reflects traders' views gathered in late 2021 on evolving market dynamics and regulatory developments.","The summary is based on the executive summary and methodology sections of the article, which emphasize the impact of the 2021 meme stock events, regulatory scrutiny by the SEC, and the interviews conducted with buy-side traders to capture their perspectives on market structure topics."
https://onlinelibrary.wiley.com/doi/10.1111/jacf.12061,"Pick Your Poison — Fragmentation or Market Power? An Analysis of Regnms, High Frequency Trading, and Securities Market Structure","Scholarly article analyzing US equity market structure with a focus on RegNMS, high frequency trading, and market fragmentation; discusses payment for order flow (PFOF) and regulatory concerns over conflicts of interest involving zero-commission brokers such as Robinhood; offers a nuanced perspective on the complex causes and generally positive economic impacts of HFT beyond popular narratives.","Craig  Pirrong, Charles I Plosser, Zhaohui  Chen, Alan D Morrison, Chris  Pinney, Ron  Schmidt, Brian  Kantor, David  Holland, David Holland Consulting, Andrew  Knauer, George  Serafeim, Frederick L Bereskin, Martin  Fridson, Advisors  Lehmann,   Llc, Xiaoyi  Xu, Timothy  Kruse, Steven K Todd, Jamie Y Tong, Christopher  Holdsworth",,Yes,"The search results indicate that the article ""Pick Your Poison — Fragmentation or Market Power? An Analysis of Regnms, High Frequency Trading, and Securities Market Structure"" discusses payment for order flow. Specifically, one search result snippet mentions regulators decrying conflicts of interest related to payment for order flow by zero-commission brokers such as Robinhood. This suggests the article addresses PFOF in the context of US equity markets.
References: [Pick Your Poison—Fragmentation or Market Power? An Analysis of ...](https://www.researchgate.net/publication/263775586_Pick_Your_Poison-Fragmentation_or_Market_Power_An_Analysis_of_RegNMS_High_Frequency_Trading_and_Securities_Market_Structure), [Market Impact, Dark Pools, Payment for Order Flow, and You](https://www.sensiblefinancial.com/market-impact-dark-pools-payment-for-order-flow-and-you), [Payment For Order Flow (PFOF): Meaning & Examples - Britannica](https://www.britannica.com/money/payment-for-order-flow-explained), [It's Not Cheating for Market Makers to Pay for Order Flow](https://caia.org/blog/2019/10/24/its-not-cheating-for-market-makers-to-pay-for-order-flow), [Payment for Order Flow - The Complete Guide - CenterPoint Securities](https://centerpointsecurities.com/payment-for-order-flow-guide), [[PDF] Payment for Order Flow and the Retail Trading Experience](https://wifpr.wharton.upenn.edu/wp-content/uploads/2023/10/Payment-for-Order-Flow.pdf), [A primer into Payment for Order Flow (PFOF) : r/market_sentiment](https://www.reddit.com/r/market_sentiment/comments/ota03c/a_primer_into_payment_for_order_flow_pfof), [A Primer on Payment for Order Flow: Brokers Selling Orders to HFTs](https://www.warriortrading.com/payment-for-order-flow), [Payment for order flow: a controversial practice in equity trading](https://www.truewealth.ch/en/blog/payment-for-order-flow-a-controversial-practice), [Payment for order flow: The relationship between brokerages and ...](https://www.youtube.com/watch?v=JsgDrKEHdLs), [The GameStop Episode: What Happened and What Does It Mean?](https://www.cato.org/cato-journal/fall-2021/gamestop-episode-what-happened-what-does-it-mean), [Craig PIRRONG | Department of Finance | Research profile](https://www.researchgate.net/profile/Craig-Pirrong), [Journal of Applied Corporate Finance, Morgan Stanley | IDEAS/RePEc](https://ideas.repec.org/s/bla/jacrfn3.html), [The GameStop Episode: What Happened and What Does ... - Bohrium](https://www.bohrium.com/paper-details/the-gamestop-episode-what-happened-and-what-does-it-mean/814584140564267009-16013), [(PDF) The economics of commodity market manipulation: A survey](https://www.academia.edu/70751838/The_economics_of_commodity_market_manipulation_A_survey), [Pick Your Poison — Fragmentation or Market Power? An Analysis of Regnms, High Frequency Trading, and Securities Market Structure](https://onlinelibrary.wiley.com/doi/10.1111/jacf.12061)",7/8/14,"The article 'Pick Your Poison — Fragmentation or Market Power? An Analysis of RegNMS, High Frequency Trading, and Securities Market Structure' was first published online on July 8, 2014, as indicated in the publication history section of the source webpage.","Craig Pirrong, Charles Plosser, Zhaohui Chen, Alan Morrison, Chris Pinney, Ron Schmidt, Brian Kantor, David Holland, Andrew Knauer, George Serafeim, Frederick Bereskin, Martin Fridson, Xiaoyi Xu, Timothy Kruse, Steven Todd, Jamie Tong, Christopher Holdsworth",The authors' names were extracted from the webpage content where they are listed with proper capitalization and in the format '<First> <Last>'. Some middle initials or suffixes were omitted for clarity and consistency with the requested format.,"Positive, Neutral","The article discusses the contentious debate over high frequency trading (HFT) and SEC Regulation NMS, highlighting that while popular media often portrays HFT negatively, the economic consequences are more positive than commonly believed. It emphasizes that trading costs have declined for retail traders and investors, indicating a beneficial impact. However, it also acknowledges the losers in the market, namely previously advantaged wholesale traders, presenting a balanced view. Thus, the sentiment is primarily Positive with some Neutral aspects due to the balanced discussion.",University of Houston Bauer College of Business,"The webpage content explicitly identifies Craig Pirrong as a Professor of Finance at the University of Houston's Bauer College of Business. No other author affiliations were clearly provided in the content, so this is the best available company/affiliation information for the authors.","The article analyzes the impact of SEC Regulation NMS on the US equity markets, highlighting how it led to market fragmentation and the rise of high frequency trading (HFT). It explains that Regulation NMS increased competition among exchanges, reducing trading costs for retail investors while diminishing the market power of previously dominant exchanges. The article argues that HFT is a consequence of this more competitive environment and that the overall economic effects have been positive, contrary to some popular views.","The summary is based on the abstract and content from the article webpage, which details the effects of Regulation NMS, the rise of HFT, and the resulting changes in market structure and trading costs."
https://onlinelibrary.wiley.com/doi/10.1111/0022-1082.00098,Payments for Order Flow on Nasdaq,"Academic article published in The Journal of Finance (1999); analyzes payment for order flow mechanisms within the Nasdaq US equity market. Authored by Eugene Kandel and Leslie M. Marx, the paper offers a detailed examination of trading practices and market microstructure related to order flow payments on Nasdaq, contributing to financial economics literature on equity market operations.","Eugene  Kandel, Leslie M Marx, Mike  Barclay, Rob  Battalio, Hank  Bessembinder, Bhagwan  Chowdry, Bill  Christie, Darrell  Duffie, Jason  Greene, Larry  Harris, Charles  Lee, Ananth  Madhavan, Maureen  O'hara, Paul  Pf, Paul  Schultz, René  Stulz",,Yes,"The article is titled 'Payments for Order Flow on Nasdaq'. Nasdaq is a US equity market. Therefore, the article discusses payment for order flow in the context of US equity markets.
References: [Payments for Order Flow on Nasdaq](https://onlinelibrary.wiley.com/doi/10.1111/0022-1082.00098)",5/6/03,The publication date is explicitly stated as 'First published: 06 May 2003' on the webpage content from Wiley Online Library for the article 'Payments for Order Flow on Nasdaq'.,"Eugene Kandel, Leslie M Marx, Mike Barclay, Rob Battalio, Hank Bessembinder, Bhagwan Chowdry, Bill Christie, Darrell Duffie, Jason Greene, Larry Harris, Charles Lee, Ananth Madhavan, Maureen O'Hara, Paul Pfleiderer, Paul Schultz, René Stulz","The authors' names were extracted directly from the webpage content, where they are listed with proper capitalization and in the format '<First> <Last>'.",Neutral,"The article presents an analytical model of Nasdaq market structure focusing on payments for order flow and broker competition. It critiques the traditional model as inconsistent with empirical evidence but does not express a positive or negative judgment on payment for order flow itself. The tone is academic and descriptive, indicating a neutral sentiment.","Eugene Kandel - Hebrew University

Leslie M Marx - University of Rochester

Other authors - null","The webpage content explicitly states Eugene Kandel is affiliated with Hebrew University and Leslie M Marx with the University of Rochester. No other company or institutional affiliations are provided for the other authors in the content, so their company affiliations are unknown (null).","The article presents a model of Nasdaq market making that incorporates competition through quotes and direct payments for order flow. It highlights brokers' various execution methods, including computerized systems, preferencing arrangements, and vertical integration. The study finds that traditional dealer market models do not fully capture Nasdaq's institutional features, emphasizing the significance of preferencing and vertical integration in understanding the market.","The summary is based on the abstract provided on the Wiley Online Library webpage, which outlines the key points of the article regarding Nasdaq market structure and payment for order flow."
https://reuters.com/article/us-usa-brokers-fees-idUSKBN1WN1UD,U.S. online brokers still profiting from 'dumb money',"Reuters news article analyzing U.S. online retail brokers like Charles Schwab, TD Ameritrade, and E*Trade; highlights their shift to zero stock-trading commissions while maintaining profitability via payment for order flow from wholesale market makers such as Citadel Securities and Virtu Financial; details regulatory scrutiny over PFOF due to potential conflicts of interest in order execution prioritization.",John McCrank,,Yes,"The article explicitly discusses payment for order flow (PFOF) in the context of US equity markets. It mentions brokers like Charles Schwab, TD Ameritrade, and E*Trade, as well as market makers like Citadel Securities and Virtu Financial. The article also discusses regulatory scrutiny of PFOF in the US.
References: [U.S. online brokers still profiting from 'dumb money'](https://www.reuters.com/article/us-usa-brokers-fees-idUSKBN1WN1UD)",10/8/19,"The publication date of the article titled 'U.S. online brokers still profiting from 'dumb money'' by John McCrank on Reuters is October 8, 2019, as indicated by the search result from the Reuters website.
References: [U.S. online brokers still profiting from 'dumb money'](https://www.reuters.com/article/us-usa-brokers-fees-idUSKBN1WN1UD), [U.S. online brokers still profiting from 'dumb money' | Reuters](https://www.reuters.com/article/business/us-online-brokers-still-profiting-from-dumb-money-idUSKBN1WN1S1)",John McCrank,The author's name is explicitly mentioned at the beginning of the article as 'John McCrank' with proper capitalization.,"Neutral, Negative","The article provides a factual and detailed explanation of the payment for order flow practice by US online brokers, highlighting regulatory scrutiny and the criticism of brokers profiting from less informed retail investors (referred to as 'dumb money'). While it presents neutral information about the industry and regulatory context, the critical tone regarding brokers' profit sources and regulatory concerns introduces a negative aspect. Therefore, the sentiment is best described as a combination of Neutral and Negative.",Reuters,"The article is authored by John McCrank and published on Reuters. Journalists writing for Reuters are typically associated with Reuters as their company. Hence, the company name of the author John McCrank is Reuters.","The article discusses how U.S. online brokers have eliminated stock trading commissions but continue to profit through payment for order flow (PFOF), interest on customer cash balances, and margin lending. It highlights regulatory scrutiny of PFOF, the role of market makers, and the competitive dynamics in the brokerage industry. Key brokers like Charles Schwab, TD Ameritrade, and Interactive Brokers, as well as market makers such as Citadel Securities and Virtu Financial, are mentioned in the context of these practices.","The summary captures the main points of the article regarding the elimination of trading commissions, continued broker profits through PFOF and other means, regulatory concerns, and the key players involved, based on the detailed content provided."
https://marketswiki.com/wiki/index.php?title=Order_routing&oldid=227707,Order routing,"Detailed explanation of order routing in financial markets; covers direct and broker-mediated order transmission to exchanges. Emphasizes ""smart"" order routing strategies that enhance execution quality by minimizing market impact and exploiting hidden liquidity and dark pools through algorithmic methods. Discusses payment for order flow as a common feature in US equity markets, illustrating its role in trade execution and market fragmentation.",,,Yes,"The article explicitly mentions ""payment for order flow"" in the context of ""stock trading."" The search results confirm that PFOF is a common practice in US equity markets. Therefore, the article discusses payment for order flow in the context of US equity markets.
References: [Payment for Order Flow (PFOF): Definition and How It Works](https://www.investopedia.com/terms/p/paymentoforderflow.asp), [Payments for US retail flow reach record high, led by Citadel ...](https://www.globaltrading.net/payment-for-us-retail-flow-reaches-record-high-led-by-citadel-securities-imc), [[PDF] Payment for Order Flow and the Retail Trading Experience](https://wifpr.wharton.upenn.edu/wp-content/uploads/2023/10/Payment-for-Order-Flow.pdf), [Order routing](https://www.marketswiki.com/wiki/index.php?title=Order_routing&oldid=227707)",,"The search did not return any specific information about the original publication date of the 'Order routing' article on MarketsWiki. The only date available from the content is the revision date of May 27, 2021, which is not necessarily the original publication date. Therefore, the original publication date cannot be determined from the available information.",John Lothian,"The article revision is attributed to the user JohnJLothian, which corresponds to the name John Lothian with proper capitalization as the author of the content on the webpage.
References: [Order routing](https://www.marketswiki.com/wiki/index.php?title=Order_routing&oldid=227707)",Neutral,"The article on order routing provides a factual and neutral explanation of the process, including smart order routing and payment for order flow. It does not express any positive or negative opinions or sentiments about the topic, maintaining an objective tone throughout.","John J. Lothian & Company, Inc.","The search results indicate that John Lothian is the executive chairman and CEO of John J. Lothian & Company, Inc., which owns and operates John Lothian News and MarketsWiki. This company is the professional affiliation of the author John Lothian.
References: [Order routing](https://www.marketswiki.com/wiki/index.php?title=Order_routing&oldid=227707), [John J. Lothian - MarketsWiki, A Commonwealth of Market Knowledge](https://www.marketswiki.com/wiki/John_J._Lothian), [About John Lothian News](https://johnlothiannews.com/about-john-lothian-news), [John J. Lothian & Company, Inc. - LinkedIn](https://www.linkedin.com/company/john-j.-lothian-&-company-inc), [Our People | John Lothian News](https://johnlothiannews.com/our-people)","Order routing is the process of directing a trade order from the end user to an exchange, either directly or via a broker. Smart order routing aims to achieve the best trade execution by minimizing market impact and finding hidden liquidity using algorithms. In stock trading, especially in US equity markets, payment for order flow is a common practice where market makers pay brokers for directing order flow to them.","The summary concisely captures the main points from the MarketsWiki content: the definition of order routing, the purpose of smart order routing, and the mention of payment for order flow in US stock trading, which aligns with the article's focus and context."
https://thetradenews.com/no-evidence-that-pfof-harms-price-execution-finds-new-research,"No evidence that PFOF harms price execution, finds new research","News article analyzing academic research on payment for order flow (PFOF) in US equity markets; reveals that PFOF does not negatively impact price discovery despite regulatory concerns. Highlights the study's controlled experiment comparing execution quality across five brokers and critiques current disclosure regimes as insufficient and inconsistent, with brokers narrowly beating the National Best Bid Offer (NBBO) benchmark.",Laurie McAughtry,,Yes,"The article explicitly discusses payment for order flow (PFOF) and mentions Robinhood, the SEC, and 'commission-free trading'. These are all directly related to the US equity markets. The article also mentions the Gamestop saga, which occurred in the US equity market.
References: [No evidence that PFOF harms price execution, finds new research](https://www.thetradenews.com/no-evidence-that-pfof-harms-price-execution-finds-new-research)",8/19/22,"The search results indicate the article titled 'No evidence that PFOF harms price execution, finds new research' was published on August 19, 2022. This date appears in multiple search results referencing the same article on thetradenews.com.
References: ['No evidence that PFOF harms price execution,' finds new ...](https://www.thetradenews.com/no-evidence-that-pfof-harms-price-execution-finds-new-research)",Laurie McAughtry,The author's name is explicitly mentioned in the provided webpage content as Laurie McAughtry with proper capitalization.,"Neutral, Positive","The article objectively reports on new academic research that finds no evidence that payment for order flow (PFOF) harms price execution, which counters regulatory concerns. The tone is factual and neutral, but the findings are reassuring and positive for the practice of PFOF. Therefore, the sentiment is best described as Neutral with a Positive leaning.",Euromoney,"The search results consistently show that Laurie McAughtry is the Head of Capital Markets at Euromoney, which is her professional affiliation and company name.
References: [No evidence that PFOF harms price execution, finds new research](https://www.thetradenews.com/no-evidence-that-pfof-harms-price-execution-finds-new-research), [Laurie McAughtry, Author at Euromoney](https://www.euromoney.com/author/laurie_mcaughtry), [Laurie McAughtry - Head of Capital Markets, Euromoney | LinkedIn](https://uk.linkedin.com/in/laurie-mcaughtry-8a355a7), [Laurie McAughtry - MarketsWiki, A Commonwealth of Market ...](https://www.marketswiki.com/wiki/Laurie_McAughtry)","The article reports on a new academic study that finds no evidence that payment for order flow (PFOF) harms price execution in US equity markets. The study, conducted through a controlled experiment across multiple brokers, reveals variations in execution prices but concludes that PFOF does not negatively impact price discovery or execution quality.","The summary is based on the article content which discusses the academic research findings on PFOF and price execution, highlighting the controlled experiment and the conclusion that PFOF does not harm price execution despite regulatory concerns."
https://memx.com/insights/key-trading-trends-that-defined-another-banner-year-in-the-markets,Key trading trends that defined another banner year in the markets,"Market insights article from MEMX covering 2024 equity and options trading trends; reports a 9% increase in equity share and options contract volume, with average daily equity volume rising from 11 to 12.2 billion shares and notional value up 18.5% to $610 billion. Highlights a surge in off-exchange trading to 51.5% market share in December, driven by retail participation and major wholesalers like Citadel and Virtu, implying significant payment for order flow activity. Notes strong activity in sub-$1 stocks (16.6% of volume), pre-market trading (5.2% of volume), and short-dated options dominating SPY and QQQ volumes.",,,Yes,"The article mentions increased retail participation and off-exchange trading, driven by major retail wholesalers like Citadel and Virtu. These firms are known to engage in payment for order flow in US equity markets. While the article doesn't explicitly use the term 'payment for order flow,' the context strongly implies its presence through the discussion of retail order flow and the involvement of known PFOF participants in US equity markets.
References: [MEMX Equities Fee Schedule](https://info.memxtrading.com/equities-trading-resources/us-equities-fee-schedule), [Exchange introduction and market competition - ScienceDirect.com](https://www.sciencedirect.com/science/article/abs/pii/S1044028322000588), [Payment For Order Flow (PFOF): Meaning & Examples - Britannica](https://www.britannica.com/money/payment-for-order-flow-explained), [Key trading trends that defined another banner year in the markets](https://memx.com/insights/key-trading-trends-that-defined-another-banner-year-in-the-markets)",1/10/25,"The article on MEMX titled 'Key trading trends that defined another banner year in the markets' clearly states the publication date as Jan 10, 2025 at the beginning of the content section.",,"The search did not return any information about the author's name for the article on the MEMX website. The provided webpage content also does not mention an author. Therefore, the author's name cannot be determined from the available information.",Positive,"The article highlights positive market trends such as increased retail participation, growth in equity and options volumes, expansion of trading hours, and regulatory changes aimed at enhancing market structure. While it mentions some challenges, the overall tone is optimistic and focused on growth and improvement in the markets, indicating a Positive sentiment.",MEMX,"The article is published on memx.com and discusses trading trends related to MEMX. The content is from their own website and the insights are about their exchange's trading trends, indicating MEMX is the company author.","The article reviews key trading trends in US equity and options markets in 2024, highlighting increased retail participation, growth in off-exchange trading, and significant volume rises in semiconductor and bitcoin-related securities. It notes expanded pre-market trading hours, the introduction of cryptocurrency investments by traditional brokers, and major upcoming regulatory changes. Options activity also grew, especially in short-dated contracts and key stocks like SPY, QQQ, and NVDA, with MEMX gaining market share in options trading.","The summary concisely captures the main points from the article, including market volume growth, retail participation, off-exchange trading, cryptocurrency integration, regulatory updates, and options market trends, as detailed in the provided content from MEMX."
https://sec.gov/rules/proposed/34-50870.htm,SECURITIES AND EXCHANGE COMMISSION,"Proposed SEC rule release on Regulation NMS modernization; introduces the Trade-Through Rule to prevent inferior trade executions, the Access Rule to ensure fair, fee-limited access to quotations, and the Sub-Penny Rule restricting pricing increments to no less than a penny above $1. Includes amendments to Market Data Rules and implicitly covers payment for order flow disclosure requirements under Rule 607, enhancing transparency in U.S. equity markets.",,,Yes,"The article is a proposed rule by the SEC regarding Regulation NMS. While the article itself doesn't explicitly mention 'payment for order flow', search results indicate that Rule 607 of Regulation NMS requires broker-dealers to disclose their policies regarding PFOF. Given that the article discusses Regulation NMS and its rules, it is likely that PFOF is discussed within the context of the regulation, even if not explicitly mentioned in the crawled content. Therefore, I will mark this as 'yes'.
References: [Payment for Order Flow (PFOF) and Broker-Dealer Regulation](https://www.congress.gov/crs-product/IF12594), [17 CFR § 242.606 - Disclosure of order routing information.](https://www.law.cornell.edu/cfr/text/17/242.606), [Payment For Order Flow (PFOF): Meaning & Examples - Britannica](https://www.britannica.com/money/payment-for-order-flow-explained), [17 CFR § 242.607 - Customer account statements. - Law.Cornell.Edu](https://www.law.cornell.edu/cfr/text/17/242.607), [Payment for Order Flow (PFOF): Definition and How It Works](https://www.investopedia.com/terms/p/paymentoforderflow.asp), [Payment for order flow (PFOF): what it is and why it's controversial - Curvo](https://curvo.eu/article/payment-for-order-flow-pfof), [Disclosure of Routing Information | FINRA.org](https://www.finra.org/rules-guidance/guidance/reports/2023-finras-examination-and-risk-monitoring-program/disclosure-routing-information), [[PDF] SEC Rule 607 Disclosure | Citi.com](https://www.citibank.com/icg/about/assets/docs/SEC-Rule-607-Disclosure.pdf), [[PDF] Date of Publication July 1, 2025 SEC Rule 607 Disclosure - Citi](https://www.citigroup.com/rcs/citigpa/storage/public/sec-rule-607-disclosure.pdf), [Disclosure of Order Handling Information - SEC.gov](https://www.sec.gov/rules-regulations/2016/07/disclosure-order-handling-information), [EU: MiFIR Amendments prohibiting Payment for Order Flow (PFOF ...](https://www.hoganlovells.com/en/publications/eu-mifir-amendments-prohibiting-payment-for-order-flow-pfof-entered-into-force-on-28-march-2024), [Firstrade SEC Rule 606(a) & 607 Disclosure](https://www.firstrade.com/legal/order-routing), [Payment for Order Flow: The SEC Proposes Reforms | Congress.gov](https://www.congress.gov/crs-product/IF12332), [SECURITIES AND EXCHANGE COMMISSION](https://www.sec.gov/rules/proposed/34-50870.htm)",12/16/04,"The SEC Release No. 34-50870, which corresponds to the proposed Regulation NMS, was published on December 16, 2004. This date is confirmed by multiple sources including the SEC's proposed rules archive and the SEC issue date on the official SEC website.
References: [SECURITIES AND EXCHANGE COMMISSION](https://www.sec.gov/rules/proposed/34-50870.htm), [SEC Proposed Rules Archive: 2004](https://www.sec.gov/rules/proposed/proposedarchive/proposed2004.shtml), [Establishing a Docket for the Development of Plasma ... - SEC.gov](https://www.sec.gov/rule-release/34-50870), [[PDF] Proposed Rule: Regulation NMS - SEC.gov](https://www.sec.gov/files/rules/proposed/34-50870.pdf), [[PDF] Release No. 34-50870 (December 16,2004) - SEC.gov](https://www.sec.gov/files/rules/proposed/s71004/s71004-587.pdf)",Securities and Exchange Commission,"The official SEC proposed rule release No. 34-50870 does not list a specific individual author. Such documents are typically issued by the Securities and Exchange Commission as an organization. The document provides contact persons but no single author name. Therefore, the author is best represented as the Securities and Exchange Commission.
References: [SECURITIES AND EXCHANGE COMMISSION](https://www.sec.gov/rules/proposed/34-50870.htm), [Proposed Rule: Regulation NMS](https://www.sec.gov/files/rules/proposed/34-50870.pdf)",Neutral,"The article is a formal regulatory proposal by the SEC focused on modernizing and strengthening the U.S. equity markets through Regulation NMS. It discusses rules designed to improve market structure, access, and transparency without expressing subjective positive or negative opinions. The tone is neutral and informative, typical of regulatory documents.",Securities and Exchange Commission,"The webpage content clearly states that the authoring agency of the proposed rules and amendments under Regulation NMS is the Securities and Exchange Commission (SEC). This is the official U.S. government agency responsible for regulating the securities industry, as indicated in the document title and throughout the content.","The SEC's proposed Regulation NMS aims to modernize and strengthen the U.S. equity markets by introducing key rules: the Trade-Through Rule to prevent trades at inferior prices, the Access Rule to ensure fair access and limit fees for quotations, the Sub-Penny Rule to standardize quoting increments, and amendments to Market Data Rules to improve data distribution and revenue allocation. The regulation covers over 5,000 listed companies and seeks to enhance market transparency, efficiency, and investor protection.","The summary is based on the detailed content of the SEC's proposed Regulation NMS, which outlines the purpose and main components of the regulation including the Trade-Through Rule, Access Rule, Sub-Penny Rule, and Market Data Rules amendments. These initiatives are designed to modernize the national market system and improve equity market functioning as described in the provided webpage content."
https://reuters.com/business/retail-consumer/canada-stock-market-rules-curb-platforms-linked-churning-us-stocks-2021-02-09,Canada stock market rules curb platforms linked to churning U.S. stocks,"Reuters news article analyzing Canadian stock market regulations; explains how the ban on payment for order flow (PFOF) restricts zero-commission trading platforms like Robinhood from operating in Canada. Highlights that Canadian brokers must execute trades on exchanges to enhance transparency, contrasting with the U.S. model where PFOF supports platforms generating revenue from order flow. Includes expert insights from University of Toronto finance professor Marius Zoican on the challenges of adopting zero-commission trading without PFOF.",Nichola Saminather,,Yes,"The article discusses how Canadian regulations restrict the growth of zero-commission trading platforms like Robinhood, whose business model in the U.S. is linked to payment for order flow. It mentions that Canadian brokers are required to fulfill trades on exchanges, making the stock market more transparent than splitting trades among market makers, which is related to PFOF in the US. The article also quotes Marius Zoican, who states that it would be difficult to have full-fledged zero-commission trading in Canada as long as payment for order flow is not allowed. Therefore, the article discusses payment for order flow in the context of US equity markets.
References: [Canada stock market rules curb platforms linked to churning U.S. ...](https://www.reuters.com/article/business/canada-stock-market-rules-curb-platforms-linked-to-churning-us-stocks-idUSKBN2A92NB), [Canada stock market rules curb platforms linked to churning U.S. ...](https://finance.yahoo.com/news/canada-stock-market-rules-curb-181945708.html), [Commission-free trading | GetSmarterAboutMoney.ca](https://www.getsmarteraboutmoney.ca/learning-path/getting-started/commission-free-trading), [Comments of Alexander Meves on Mar. 28, 2023 - SEC.gov](https://www.sec.gov/comments/s7-31-22/s73122-330762.htm), [The Truth About Payment for Order Flow in Canada - Markets Media](https://www.marketsmedia.com/the-truth-about-pfof-in-canada), [Your guide to buying stocks internationally in Canada - Wise](https://wise.com/ca/blog/buy-international-stocks-canada), [Payment for order flow - Wikipedia](https://en.wikipedia.org/wiki/Payment_for_order_flow), [The Truth About PFOF in Canada - Traders Magazine](https://www.tradersmagazine.com/am/the-truth-about-pfof-in-canada), [TD Canada appears to be bypassing PFOF Rules. Check ... - Reddit](https://www.reddit.com/r/GMECanada/comments/tzew9y/td_canada_appears_to_be_bypassing_pfof_rules), [Regulatory Roundup: Churning, RegBI and Victims of Financial Crime](https://www.nasdaq.com/articles/regulatory-roundup-july-2023), [Canada stock market rules curb platforms linked to churning U.S. stocks](https://www.reuters.com/business/retail-consumer/canada-stock-market-rules-curb-platforms-linked-churning-us-stocks-2021-02-09)",2/9/21,"The article's URL and content both indicate the publication date as February 9, 2021. The URL contains '2021-02-09' which matches the date mentioned at the beginning of the article content (TORONTO, Feb 9).",Nichola Saminather,The author's name is clearly stated in the provided webpage content as 'Nichola Saminather' with proper capitalization.,Neutral,"The article provides a balanced view on Canadian stock market regulations that restrict zero-commission trading platforms linked to payment for order flow in the U.S. It discusses both the challenges faced by Canadian platforms and the benefits of regulatory transparency without expressing a strong positive or negative opinion. The tone is factual and analytical, indicating a neutral sentiment.",Reuters,"The article is published on Reuters, and the author Nichola Saminather is a journalist for Reuters. Therefore, the company name of the author is Reuters.","The article explains how Canadian stock market regulations prohibit payment for order flow, limiting the rise of zero-commission trading platforms like Robinhood in Canada. It contrasts this with the U.S. market, where such practices have driven significant growth in retail brokerage accounts. The piece highlights the impact on Canadian investors who face limited commission-free trading options and includes insights from industry experts and major Canadian trading platforms about the regulatory environment and future prospects.","The summary is based on the article content which discusses Canadian regulations against payment for order flow, the comparison with the U.S. market's zero-commission trading growth, and the perspectives of Canadian brokerage firms and experts on the implications for investors and the market."
https://marketwatch.com/amp/story/the-sec-could-cripple-robinhoods-business-model-by-enforcing-existing-rules-experts-say-11612377651,"The SEC could cripple Robinhood’s business model by enforcing existing rules, experts say","News article examining Robinhood, an online brokerage known for commission-free trading; highlights bipartisan political scrutiny following Robinhood's restrictions on GameStop stock purchases during the 2021 trading frenzy; discusses the role of payment for order flow (PFOF) with Citadel Securities as a major revenue source; details how the SEC's enforcement of existing rules on PFOF could significantly impact Robinhood's profitability and business operations.",Chris Matthews,,Yes,"The article explicitly discusses payment for order flow (PFOF) in the context of US equity markets, specifically mentioning Robinhood and Citadel Securities. It also discusses the SEC's potential actions regarding PFOF. Therefore, the article satisfies the criterion.
References: [The SEC could cripple Robinhood’s business model by enforcing existing rules, experts say](https://www.marketwatch.com/amp/story/the-sec-could-cripple-robinhoods-business-model-by-enforcing-existing-rules-experts-say-11612377651)",2/3/21,"The article's first published date is explicitly stated as February 3, 2021 at 1:40 p.m. ET in the content provided from the webpage.",Chris Matthews,The author's name is explicitly mentioned in the provided webpage content and metadata as 'Chris Matthews' with proper capitalization.,"Negative, Neutral","The article discusses the controversy and regulatory scrutiny faced by Robinhood, focusing on the negative implications of payment for order flow and potential regulatory actions that could harm Robinhood's business model. However, it also acknowledges that payment for order flow is legal and widely accepted, which adds a neutral tone to the discussion. Therefore, the sentiment is a mix of Negative and Neutral.",MarketWatch,"The article is authored by Chris Matthews and published on MarketWatch. It is standard to associate the author with the company or media outlet publishing the article, which in this case is MarketWatch.","The article discusses how Robinhood's business model, heavily reliant on payment for order flow (PFOF), has come under scrutiny following its restrictions on GameStop stock purchases. It highlights bipartisan regulatory attention, potential SEC and FINRA actions to curb PFOF practices, and the controversies around conflicts of interest in order routing. The piece also covers Robinhood's SEC settlement for misleading customers and the broader implications for the brokerage industry if regulators move to limit PFOF.","The summary is based on the article content which focuses on Robinhood's business model involving payment for order flow, regulatory scrutiny following the GameStop trading restrictions, and potential impacts on the brokerage industry. Key points include bipartisan ire, SEC and FINRA roles, conflicts of interest, Robinhood's SEC settlement, and possible future regulatory changes."
https://nbcnews.com/business/personal-finance/trading-hot-stocks-gamestop-seems-fun-until-you-look-beneath-n1258147,Trading hot stocks like GameStop is fun till you look under the surface,"News article by Gretchen Morgenson on NBC News examining the hidden mechanics of trading volatile stocks like GameStop; details the role of payment for order flow (PFOF) involving Robinhood and Citadel Securities in US equity markets, and highlights regulatory scrutiny including SEC enforcement actions related to PFOF and best execution. The article underscores the risks retail investors face due to these behind-the-scenes trading practices during market volatility.",By Gretchen Morgenson,,Yes,"The article explicitly discusses payment for order flow (PFOF) in the context of US equity markets, mentioning Robinhood, Citadel Securities, and SEC enforcement actions related to PFOF and best execution.
References: [Trading hot stocks like GameStop is fun till you look under the surface](https://www.nbcnews.com/business/personal-finance/trading-hot-stocks-gamestop-seems-fun-until-you-look-beneath-n1258147)",2/18/21,"The article's content explicitly states the publication date as Feb. 18, 2021, 10:04 AM UTC, which corresponds to 2021-02-18 in ISO format.",Gretchen Morgenson,The author's name is clearly mentioned in the article as 'By Gretchen Morgenson' and also in the byline link. The format matches the requested '<First> <Last>' with proper capitalization.,"Negative, Neutral","The article presents a critical view of the payment for order flow practice and the role of firms like Citadel and Robinhood, highlighting regulatory scrutiny, SEC enforcement actions, and potential harm to individual investors. It raises concerns about fairness and best execution in the US equity markets. However, it also includes statements from Citadel defending their practices, which adds a neutral perspective. Therefore, the sentiment is predominantly negative with some neutral elements.",NBC News,"The article is authored by Gretchen Morgenson and published on NBC News. The company associated with the author in this context is the publisher, NBC News.","The article explains the complexities behind trading popular stocks like GameStop, focusing on the role of market makers such as Citadel Securities and brokers like Robinhood. It highlights the controversial practice of payment for order flow, regulatory concerns including SEC enforcement actions, and ongoing congressional scrutiny, emphasizing how these factors affect individual investors' trade executions and market fairness.","The summary captures the main points of the article, which discusses the risks and complexities of trading hot stocks, the involvement of Citadel and Robinhood, the practice of payment for order flow, regulatory issues, and the impact on individual investors, as detailed in the article content."
https://federalregister.gov/documents/1994/11/02/94-27108/internalizedaffiliate-practices-payment-for-order-flow-and-order-routing-practices,"Internalized/Affiliate Practices, Payment for Order Flow and Order Routing Practices",Federal Register regulatory document addressing payment for order flow and order routing practices in US equity markets; provides official government insights into internalized and affiliate trading practices impacting market transparency and execution quality.,,,Yes,"The article's title, 'Internalized/Affiliate Practices, Payment for Order Flow and Order Routing Practices,' directly mentions 'Payment for Order Flow.' Given that it's a document from the Federal Register, it is highly likely to pertain to US markets and regulations.
References: [Internalized/Affiliate Practices, Payment for Order Flow and Order Routing Practices](https://www.federalregister.gov/documents/1994/11/02/94-27108/internalizedaffiliate-practices-payment-for-order-flow-and-order-routing-practices)",11/2/94,"The publication date is derived from the URL segment '1994/11/02' which follows the Federal Register's typical date format for documents, indicating the article was published on November 2, 1994.",,"The search results and the original Federal Register document do not mention a specific individual author for the document titled 'Internalized/Affiliate Practices, Payment for Order Flow and Order Routing Practices.' Such regulatory documents are typically issued by government agencies or commissions without naming individual authors. Therefore, there is no author name in the format '<First> <Last>' available for this document.
References: [Internalized/Affiliate Practices, Payment for Order Flow and Order ...](https://www.federalregister.gov/documents/1994/11/02/94-27108/internalizedaffiliate-practices-payment-for-order-flow-and-order-routing-practices)",Neutral,"The article is a regulatory document from the Federal Register, which typically presents information in a neutral and factual manner. There is no indication of positive or negative sentiment in the title or content snippet. Hence, the sentiment is best classified as Neutral.",Securities and Exchange Commission,"The document is a Federal Register publication discussing payment for order flow and order routing practices, which are regulated by the Securities and Exchange Commission (SEC). Multiple related Federal Register documents on similar topics identify the SEC as the authoring agency. Therefore, the authoring company for this document is the Securities and Exchange Commission.
References: [Internalized/Affiliate Practices, Payment for Order Flow and Order Routing Practices](https://www.federalregister.gov/documents/1994/11/02/94-27108/internalizedaffiliate-practices-payment-for-order-flow-and-order-routing-practices), [Disclosure of Order Execution and Routing Practices](https://www.federalregister.gov/documents/2000/12/01/00-30131/disclosure-of-order-execution-and-routing-practices), [Disclosure of Order Routing and Execution Practices](https://www.federalregister.gov/documents/2000/08/08/00-19729/disclosure-of-order-routing-and-execution-practices)","This Federal Register document addresses regulatory practices related to internalized and affiliate trading, payment for order flow, and order routing in the US equity markets. It outlines the regulatory framework and considerations governing these practices to ensure market transparency and fairness.","The article is a regulatory document from the Federal Register discussing internalized/affiliate practices, payment for order flow, and order routing practices. It likely outlines rules and regulatory considerations in the US equity markets, so the summary reflects this focus on regulation and market practices."
https://bankeronwheels.com/pfof-and-quote-driven-venues,Commission-Free Brokers: Are You Trading Or Being Traded?,"In-depth article on payment for order flow (PFOF) and its impact on commission-free stock brokers; highlights that PFOF involves brokers selling trades to third parties, often resulting in execution in dark pools or single market-maker venues, which can lead to worse prices for investors. Presents PFOF as controversial, with studies showing investors lose out in 68% to 86% of cases despite theoretical benefits for buyers, sellers, brokers, and intermediaries; includes regulatory context with EU bans and implications for US markets.",Raph Antoine,,Yes,"The article, titled ""Commission-Free Brokers: Are You Trading Or Being Traded?"" and published on bankeronwheels.com, discusses payment for order flow (PFOF). The article abstract mentions 'Payment for Order Flow'. The article is part of a series about choosing a stock broker and mentions that trades are sold and matched in a 'Dark Pool'. This suggests the article discusses PFOF in the context of stock brokers and US equity markets.
References: [Commission-Free Brokers: Are You Trading Or Being Traded?](https://www.bankeronwheels.com/pfof-and-quote-driven-venues), [Intermediate Level Archives | Page 7 Of 19 | Bankeronwheels.com](https://www.bankeronwheels.com/tag/intermediate-investors/page/7), [What is commission-free trading? - Freetrade](https://freetrade.io/learn/what-is-commission-free-trading), [11 Best Brokers for Commission-Free Trading of 2025 - NerdWallet](https://www.nerdwallet.com/best/investing/free-stock-trading)",1/13/25,"The article 'Commission-Free Brokers: Are You Trading Or Being Traded?' by Raph Antoine on bankeronwheels.com shows the last updated date as January 13, 2025. This is the closest and most relevant date indicating the publication or last update of the article.",Raph Antoine,The author's name is clearly mentioned multiple times in the article content and metadata as 'Raph Antoine' with proper capitalization.,Negative,"The article discusses the controversial nature of payment for order flow (PFOF), highlighting conflicts of interest, lack of transparency, and studies showing that investors often receive worse execution prices. It also notes regulatory bans and cautions investors about potential disadvantages. The overall tone is critical and cautionary, indicating a Negative sentiment.",Bankeronwheels.com,"The search results show that Raph Antoine is the founder of Bankeronwheels.com, which is also the website where the article is published. This indicates that the company or brand associated with the author is Bankeronwheels.com, properly capitalized as Bankeronwheels.com.
References: [Commission-Free Brokers: Are You Trading Or Being Traded?](https://www.bankeronwheels.com/pfof-and-quote-driven-venues), [Team - Banker on Wheels](https://www.bankeronwheels.com/team), [Raph Antoine - Founder, Bankeronwheels.com. - LinkedIn](https://uk.linkedin.com/in/raph-antoine-68a797229), [Raph Antoine's Post - LinkedIn](https://www.linkedin.com/posts/raph-antoine-68a797229_bankeronwheels-redefines-broker-reviews-with-activity-7163459591857512448-ZY_V)","The article explains Payment for Order Flow (PFOF) and its role in commission-free stock trading. It highlights the controversy around PFOF, noting that while it theoretically benefits all parties, studies show investors often receive worse trade execution. The article discusses regulatory actions banning PFOF in the UK and EU by 2026, and warns that brokers may still route orders through single market-maker exchanges, which can impact trade prices and transparency.","The summary captures the article's main points about PFOF, its controversy, impact on investors, regulatory bans, and ongoing concerns about trade execution quality, based on the detailed content and key takeaways provided in the article."
https://businessinsider.com/personal-finance/which-investing-apps-receive-payment-for-order-flow,How to find out if your investing app sells your trades to make a profit,"Business Insider article explaining payment for order flow (PFOF) in US equity markets; details how investing apps such as Robinhood route stock orders to third parties for execution and receive compensation in return. Highlights PFOF's impact on trade speed and price, references Robinhood's role in the Gamestop trading halt controversy, and clarifies that PFOF is not universally used by all brokerages.",Rickie Houston,,Yes,"The article discusses payment for order flow and mentions Robinhood, which is a US-based investing app. The article states 'Investing apps such as Robinhood direct stock orders to third parties for execution.' This clearly indicates that the discussion is in the context of US equity markets.
References: [How to find out if your investing app sells your trades to make a profit](https://www.businessinsider.com/personal-finance/which-investing-apps-receive-payment-for-order-flow)",,"The publication date of the article 'How to find out if your investing app sells your trades to make a profit' by Rickie Houston on Business Insider could not be found in the provided content or through search results. The article references events from early 2021, but no exact publication date was identified.",Rickie Houston,"The author's name is explicitly mentioned multiple times in the article content as 'Rickie Houston' with proper capitalization, including in the author section and the byline.",Neutral,"The article provides an informative and balanced explanation of payment for order flow (PFOF), outlining both the benefits and potential conflicts of interest without using emotionally charged or biased language. It presents facts about which apps accept PFOF and which do not, and discusses regulatory disclosure requirements. The tone is neutral and factual rather than positive or negative.",Business Insider,"The article is published on Business Insider, and the author Rickie Houston is identified as a senior wealth-building reporter for Business Insider, indicating that Business Insider is the company associated with the author.","The article explains payment for order flow (PFOF), where investing apps like Robinhood receive compensation for routing stock orders to third parties. It details which apps accept PFOF and which do not, how PFOF can affect trade execution, and the different methods of executing trades. The article also discusses the controversy around PFOF and encourages readers to decide if they want to use apps that accept this practice.","The summary is based on the detailed explanation in the article about payment for order flow, the list of apps that accept or reject it, the impact on trade execution, and the concluding advice to readers."
https://moneyqanda.com/payment-for-order-flow,What Is Payment for Order Flow and Why Investors Should Care About It,"Educational article on payment for order flow in US equity markets; explains how brokers receive payments or credits from exchanges for order routing, with Robinhood cited as a key example. Highlights that PFOF can reduce market liquidity and competitiveness by concentrating order flow on select exchanges; notes regulatory discussions aiming to require brokers to send orders to multiple venues to enhance market fairness.",Hank Coleman,,Yes,"The article discusses payment for order flow and mentions Robinhood, a US broker known for using PFOF. It also discusses how regulators are working on regulations that would require brokers to send all orders to multiple exchanges or market centers. Therefore, the article discusses payment for order flow in the context of US equity markets.
References: [What Is Payment for Order Flow and Why Investors Should Care About It](https://moneyqanda.com/payment-for-order-flow)",,The publication date of the article 'What Is Payment for Order Flow and Why Investors Should Care About It' by Hank Coleman on moneyqanda.com could not be found in the provided content or through web searches. The webpage and external sources did not reveal any publication date information.,Hank Coleman,The author's name is explicitly mentioned in the provided webpage content as 'Hank Coleman' with proper capitalization.,Neutral,"The article presents a balanced view on payment for order flow, discussing both its risks (such as reduced market liquidity and conflicts of interest) and benefits (such as revenue generation for brokers and enabling no-commission trades). It also mentions regulatory efforts to address potential issues. The tone is informative and neutral, without strong bias towards either positive or negative sentiment.",Money Q&A,"The search results indicate that Hank Coleman is the founder and author at Money Q&A, which is a personal finance site. Multiple sources associate him with Money Q&A, including his author pages and descriptions of his work.
References: [What Is Payment for Order Flow and Why Investors Should Care About It](https://moneyqanda.com/payment-for-order-flow), [Hank Coleman, Author at The Military Wallet](https://themilitarywallet.com/author/hank), [About Getting Out of Debt Q&A - How to Take Back Control of ...](https://gettingoutofdebtqanda.com/about), [Hank Coleman](https://www.dividendninja.com/author/hank), [Hank Coleman - Author at ETF Trends](https://www.etftrends.com/author/hank), [Hank Coleman, Author at Getting Out of Debt Q&A](https://gettingoutofdebtqanda.com/author/hankc44)","The article explains payment for order flow (PFOF) as a practice where brokers receive payments from stock exchanges for directing orders their way, which can impact market liquidity and competitiveness. It discusses the risks, including reduced market liquidity and potential conflicts of interest, as well as arguments for PFOF, such as enabling brokers to offer commission-free trades. The article highlights regulatory efforts to require brokers to route orders to multiple exchanges to prevent market fragmentation. It also covers how PFOF affects brokers like Robinhood, which relies heavily on this revenue source.","The summary captures the key points from the article about the definition of payment for order flow, its market impact, associated risks and benefits, regulatory responses, and specific mention of Robinhood's use of PFOF as detailed in the provided webpage content."
https://sciencedirect.com/science/article/abs/pii/S0304405X2400059X,"Tiny trades, big questions: Fractional shares","Scholarly article analyzing fractional share trading in US equity markets; highlights off-exchange trading venues and references Robinhood's role, implicitly discussing payment for order flow (PFOF) implications. Published in the Journal of Financial Economics, July 2024, it provides detailed insights into market microstructure and the evolving dynamics of fractional share trades.",J-N. Barrot,,Yes,"The article discusses fractional share trading and mentions Robinhood, a brokerage known for payment for order flow (PFOF) in US equity markets. The article also mentions that fractional share trades take place in off-exchange venues. While the article doesn't explicitly state 'payment for order flow,' the context of Robinhood and off-exchange trading strongly suggests that PFOF is relevant to the discussion of fractional shares in US equity markets.
References: [Tiny trades, big questions: Fractional shares - ScienceDirect.com](https://www.sciencedirect.com/science/article/abs/pii/S0304405X2400059X), [Fractional Trading - ResearchGate](https://www.researchgate.net/publication/379085682_Fractional_Trading), [What are Fractional Shares? | TD Direct Investing](https://www.td.com/ca/en/investing/direct-investing/articles/fractional-shares), [FinTech, Fractional Trading, and Order Book Dynamics - MDPI](https://www.mdpi.com/2674-1032/4/2/16), [[PDF] Classifying the Direction of Robinhood's Fractional Share Trades](https://papers.ssrn.com/sol3/Delivery.cfm/b399ffa8-044e-4da7-b2fc-ad4eb51ceb1f-MECA.pdf?abstractid=5240539&mirid=1)",7/1/24,"The article is published in the Journal of Financial Economics, Volume 157, July 2024. The exact day is not specified, but the publication month is July 2024, so the date is set to 2024-07-01 as the publication date.",J-N Barrot,The author's name is given as 'J-N. Barrot' in the provided webpage content. The proper capitalization and format for the author's name is 'J-N Barrot' as no full first name is provided.,Neutral,"The article presents an analytical and balanced view of fractional share trading, highlighting both positive aspects such as growth in retail trading and innovation, as well as challenges like reporting issues and market structure concerns. The tone is neither strongly positive nor negative, making Neutral the most appropriate sentiment classification.",HEC Paris,"The search results indicate that Jean-Noël Barrot is affiliated with HEC Paris, where his research includes entrepreneurial finance. This matches the author J-N Barrot of the article. There is no indication of a company affiliation, but HEC Paris is a well-known academic institution and the likely affiliation.
References: [Tiny trades, big questions: Fractional shares](https://www.sciencedirect.com/science/article/abs/pii/S0304405X2400059X), [Jean-Noël Barrot | HEC Paris](https://www.hec.edu/en/knowledge/authors/jean-noel-barrot), [Jean-Noel BARROT, Associate Professor, on leave of absence](https://www.hec.edu/en/faculty-research/faculty-directory/faculty-member/barrot-jean-noel)","The article investigates fractional share trading in US equity markets, focusing on its scale, impact, and reporting challenges. It highlights the rise of retail trading facilitated by fintech apps and commission-free trading, with fractional shares enabling dollar-based investing in high-priced stocks. Using data from brokers like Robinhood and Drivewealth, the study identifies fractional trades and shows their significance for predicting liquidity and volatility. It also discusses the limitations of current market reporting protocols for capturing fractional share activity.","The summary is based on the detailed abstract and introduction of the article, which explain the research focus on fractional share trading, its growth due to retail trading trends, the methodology using broker data, and the implications for market metrics and reporting."
https://finance.yahoo.com/news/gensler-zeroes-in-on-citadel-securities-as-sec-considers-payment-for-order-flow-ban-191715790.html,Gensler zeroes in on Citadel Securities as SEC considers payment for order flow ban,Financial news article covering SEC Chair Gary Gensler's concerns about payment for order flow in U.S. equity markets; highlights Citadel Securities' 47% market share in routing retail order flow and Virtu Financial's 25-30% share; discusses potential regulatory actions including a ban on payment for order flow to protect retail investors.,"Brian Cheung·Anchor/ReporterTue, Sep 14, 20213 min readLink Copied28",,Yes,"The article, titled ""Gensler zeroes in on Citadel Securities as SEC considers payment for order flow ban,"" discusses payment for order flow and Citadel Securities. The search results confirm that the article is about the SEC's consideration of a ban on PFOF and Citadel's role in routing order flow, indicating a focus on US equity markets. Therefore, the article discusses payment for order flow in the context of US equity markets.
References: [Gensler zeroes in on Citadel Securities as SEC considers payment ...](https://finance.yahoo.com/news/gensler-zeroes-in-on-citadel-securities-as-sec-considers-payment-for-order-flow-ban-191715790.html), [Gensler zeroes in on Citadel Securities as SEC considers payment ...](https://www.aol.com/gensler-zeroes-citadel-securities-sec-191715170.html), [Payment for Order Flow - SEC.gov](https://www.sec.gov/files/rules/final/orderfin.txt), [Payment For Order Flow And The SEC's Plan To End It | Investing.com](https://www.investing.com/analysis/payment-for-order-flow-and-the-secs-plan-to-end-it-200626686), [SEC chief Gensler says regulator assessing payment for order flow](https://www.cnbc.com/2021/10/19/sec-chief-gensler-says-regulator-assessing-payment-for-order-flow.html)",9/14/21,"The article states the publication date as 'Tue, Sep 14, 2021' in the header section near the author's name. This matches the date format and confirms the publication date as 2021-09-14.",Brian Cheung,"The author's name is clearly mentioned multiple times in the article content as Brian Cheung, with proper capitalization and in the format '<First> <Last>'.",Neutral,"The article discusses SEC Chair Gary Gensler's concerns about Citadel Securities' dominance and the potential ban on payment for order flow, highlighting regulatory and market efficiency issues. However, it also acknowledges the benefits of payment for order flow for retail investors and the democratization of finance. The tone is balanced, presenting both positive and negative aspects without strong bias, leading to a Neutral sentiment classification.",Yahoo Finance,"The article is published on Yahoo Finance and the author Brian Cheung is identified as a reporter for Yahoo Finance, indicating the company affiliation of the author is Yahoo Finance.","The article discusses SEC Chair Gary Gensler's concerns about the dominance of Citadel Securities in routing retail order flow in the US equity markets. It highlights the SEC's consideration of banning payment for order flow, a practice that allows brokerages like Robinhood to offer zero-commission trades by routing orders to wholesalers such as Citadel. Gensler questions whether this system promotes competition and market efficiency, noting potential conflicts of interest. The SEC is reviewing reforms to improve competition and reduce costs for investors.","The article content clearly focuses on SEC Chair Gary Gensler's remarks about Citadel Securities' market share in routing retail order flow and the SEC's consideration of banning payment for order flow. It explains the practice, its role in zero-commission trading, and concerns about market efficiency and competition. This provides a concise summary of the key points discussed."
https://investopedia.com/terms/b/bestexecution.asp,"Best Execution Rule: What it is, Requirements and FAQ","Educational article on the best execution rule in US equity markets; explains brokers' legal obligation to secure the most advantageous order execution for clients by considering price, speed, and order routing. Highlights investor protection aspects and regulatory enforcement, including the SEC charging Robinhood for nondisclosure of payment for order flow, emphasizing transparency and compliance issues in order routing practices.",Full Bio,,Yes,"The article discusses the best execution rule and mentions that the SEC charged Robinhood for failing to disclose payments from trading firms for routing customer orders. The SEC press release confirms that Robinhood was charged for misleading customers about revenue sources, specifically payments from trading firms in exchange for routing customer orders, also known as payment for order flow. This clearly indicates that the article discusses payment for order flow in the context of US equity markets.
References: [Best Execution Rule: What it is, Requirements and FAQ](https://www.investopedia.com/terms/b/bestexecution.asp)",,"The publication date for the Investopedia article titled 'Best Execution Rule: What it is, Requirements and FAQ' is not explicitly mentioned in the article content or in the search results. Multiple searches did not yield a clear publication date, and the article page does not display a visible publication date. Therefore, the publication date is not publicly available.
References: [Best Execution Rule: What it is, Requirements and FAQ](https://www.investopedia.com/terms/b/bestexecution.asp)",,"The Investopedia article 'Best Execution Rule: What it is, Requirements and FAQ' does not list a specific author by full name. The webpage shows 'Full Bio' instead of a named author, and web search did not reveal any named author for this article. It appears to be authored by Investopedia staff or contributors without individual attribution, so a proper full name for the author cannot be provided.
References: [Best Execution Rule: What it is, Requirements and FAQ](https://www.investopedia.com/terms/b/bestexecution.asp)","Neutral, Negative","The article primarily provides an informative and factual overview of the Best Execution Rule, emphasizing investor protection and regulatory compliance, which aligns with a neutral sentiment. However, it also highlights a negative example where Robinhood was charged by the SEC for failing to meet best execution standards and misleading customers, adding a negative aspect to the sentiment.",Investopedia,The article is published on Investopedia and the author is not specified by name but as 'Full Bio'. This indicates the content is authored or managed by Investopedia's editorial team or contributors affiliated with Investopedia.,"The article explains the Best Execution Rule, a legal requirement for brokers to seek the most favorable terms for clients when executing orders. It covers regulatory oversight by the SEC and FINRA, key factors brokers consider such as price, speed, and likelihood of execution, and the European MiFID II regulations. The article also highlights consequences of non-compliance, including the SEC's charge against Robinhood for failing to disclose payment for order flow.","The summary captures the main points of the article, including the definition and importance of best execution, regulatory bodies involved, factors influencing execution, related European regulations, and an example of enforcement action by the SEC."
https://bestexresearch.com,BestEx Research,"Quantitative trading technology firm specializing in high-performance execution algorithms for equities, futures, and FX; offers multi-asset trade analytics and a comprehensive algo management system enabling transparent, customizable execution. Algorithms are rigorously backtested with thousands of simulations to reduce transaction costs by minimizing spread costs, market impact, and adverse selection; customized by region, contract, or currency pair. Research includes in-depth analysis of payment for order flow in US equity markets, addressing its effects on retail investors and market structure with data-driven insights.",,,Yes,"The article discusses payment for order flow (PFOF) in the context of US equity markets. The crawled content from BestEx Research includes articles specifically addressing PFOF and its implications for retail investors and market structure in the US equity market. For example, the article ""The Good, The Bad, & The Ugly of Payment for Order Flow"" directly discusses PFOF, Robinhood, market makers like Citadel, and the impact on retail investors in the US equity market.
References: [The Good, The Bad, & The Ugly of Payment for Order Flow](https://www.bestexresearch.com/research/the-good-the-bad-the-ugly-of-payment-for-order-flow), [The Good, The Bad & The Ugly of Payment for Order Flow](https://www.bestexresearch.com/insights/the-good-the-bad-the-ugly-of-payment-for-order-flow), [PFOF is going away, but the problem isn't - Optiver](https://optiver.com/insights/pfof-is-going-away-but-the-problem-isnt), [BestEx Research](https://www.bestexresearch.com/insight/research), [Payment for Order Flow: A Prisoner's Dilemma - BestEx Research](https://www.bestexresearch.com/insights/payment-for-order-flow-a-prisoners-dilemma), [BestEx Research](https://bestexresearch.com)",5/3/21,"The article titled 'The Good, The Bad, & The Ugly of Payment for Order Flow' on BestEx Research is found on two URLs with the same publication date of May 3, 2021. This date is consistent across search results and matches the context of the article discussing payment for order flow in US equity markets.
References: [BestEx Research](https://bestexresearch.com), [The Good, The Bad & The Ugly of Payment for Order Flow](https://www.bestexresearch.com/insights/the-good-the-bad-the-ugly-of-payment-for-order-flow), [The Good, The Bad, & The Ugly of Payment for Order Flow](https://www.bestexresearch.com/research/the-good-the-bad-the-ugly-of-payment-for-order-flow)",Hitesh Mittal,"The CEO of BestEx Research, Hitesh Mittal, is prominently associated with the research and articles on payment for order flow on the BestEx Research website, including the key papers and insights. He is the known author and key figure behind the research content related to payment for order flow in US equity markets.
References: [BestEx Research](https://bestexresearch.com), [Let the PFOF Debate Begin - BestEx Research](https://www.bestexresearch.com/insights/let-the-pfof-debate-begin), [The Good, The Bad, & The Ugly of Payment for Order Flow](https://www.bestexresearch.com/research/the-good-the-bad-the-ugly-of-payment-for-order-flow)",Neutral,"The article titled 'The Good, The Bad, & The Ugly of Payment for Order Flow' from BestEx Research discusses payment for order flow in US equity markets by presenting both positive and negative aspects, as indicated by the title and content summaries. This balanced coverage suggests a neutral sentiment overall, rather than solely positive or negative.
References: [BestEx Research](https://bestexresearch.com)",BestEx Research,"The webpage and content provided are from BestEx Research, which is the company associated with the author of the articles and research papers on the site. The company's name is properly capitalized as 'BestEx Research'.","BestEx Research specializes in high-performance execution algorithms for equities, futures, and FX markets, aiming to reduce transaction costs through advanced quantitative design and customization. They provide multi-asset trade analytics, an algo management system for transparency and control, and conduct quantitative research on market structure topics such as payment for order flow in US equity markets.","The summary is based on the website content describing BestEx Research's focus on sophisticated execution algorithms, trade analytics, algo management, and research including payment for order flow in US equity markets, as highlighted in their articles and resources."
https://fidelity.com/trading/execution-quality/overview,Commitment to Execution Quality | Trading with Fidelity,"Informational article from Fidelity Investments on trading execution quality; emphasizes achieving price improvement that saved investors over $1.94 billion in 2024 on equity, ETF, and options trades. Highlights Fidelity's policy of not accepting payment for order flow from market makers for stock and ETF trades, underscoring transparency and superior trade execution in US equity markets.",,,Yes,"The article from Fidelity states that they do not take payment for order flow from market makers for stock and ETF trades. This indicates that the article discusses payment for order flow in the context of US equity markets, even if to say they don't participate in it.
References: [What is price improvement and why does it matter?](https://capitalmarkets.fidelity.com/app/proxy/content?literatureURL=/9916888.PDF), [Commitment to Execution Quality | Trading with Fidelity](https://www.fidelity.com/trading/execution-quality/overview), [Payment for order flow - Wikipedia](https://en.wikipedia.org/wiki/Payment_for_order_flow), [Payment for Order Flow - Fidelity Actually Does Use It - Reddit](https://www.reddit.com/r/fidelityinvestments/comments/p20e04/payment_for_order_flow_fidelity_actually_does_use), [[PDF] Payment for Order Flow and the Retail Trading Experience](https://wifpr.wharton.upenn.edu/wp-content/uploads/2023/10/Payment-for-Order-Flow.pdf)",3/31/25,"The article references data from Q1 2025 (up to March 31, 2025), indicating it was published or updated at least by the end of Q1 2025. No explicit publication date was found, so the best reasonable estimate for the publication date is 2025-03-31, the end of the referenced data period.
References: [Commitment to Execution Quality | Trading with Fidelity](https://www.fidelity.com/trading/execution-quality/overview)",,"The search results and the provided webpage content do not indicate any specific author name for the Fidelity Commitment to Execution Quality page. Such corporate informational pages typically do not list individual authors but are published by the company as a whole. Therefore, no author name in the format '<First> <Last>' is available for enrichment.
References: [Commitment to Execution Quality | Trading with Fidelity](https://www.fidelity.com/trading/execution-quality/overview)",Positive,"The article emphasizes Fidelity's positive attributes such as significant price improvement savings for investors, transparency in execution quality, high execution speed and price improvement percentages, and Fidelity's policy of not taking payment for order flow for stock and ETF trades. It also highlights Fidelity's #1 rating for order execution by StockBrokers.com. The tone is clearly positive, promoting Fidelity's commitment to execution quality and value for investors.",Fidelity Investments,"The webpage content and URL indicate that the article is published by Fidelity, specifically Fidelity Investments, as it discusses Fidelity's trading execution quality and related services.","The Fidelity webpage highlights their commitment to execution quality by offering significant price improvement savings for equity, ETF, and options trades, saving investors over $1.94 billion in 2024. It emphasizes transparency in showing trade savings, high execution quality metrics such as 96% price improvement and 0.04-second execution speed, and Fidelity's policy of not accepting payment for order flow on stock and ETF trades. Fidelity is recognized as the #1 broker for order execution by StockBrokers.com in 2023.","The summary captures the main points from the webpage content, including Fidelity's focus on price improvement, transparency, execution quality, and their stance on payment for order flow, as well as their industry recognition."
https://sec.gov/news/speech/gensler-remarks-piper-sandler-global-exchange-conference-060822,Market Structure and the Retail Investor: Remarks Before the Piper Sandler Global Exchange Conference,"Speech by SEC Chair Gary Gensler addressing US equity market structure and retail investor dynamics; highlights that over 90% of retail marketable orders are routed to a small, concentrated group of wholesalers who pay for order flow, with off-exchange trading peaking at 47% during meme stock events, underscoring market segmentation, concentration, and transparency challenges.",,,Yes,"The article, titled 'Market Structure and the Retail Investor,' explicitly discusses 'Payment for Order Flow' (PFOF) in the context of US equity markets. It mentions that '90-plus percent of retail marketable orders are routed to a small, concentrated group of wholesalers that pay for this retail market order flow.' This clearly indicates a discussion of PFOF within the US equity market.
References: [“Market Structure and the Retail Investor:” Remarks Before the Piper ...](https://www.sec.gov/newsroom/speeches-statements/gensler-remarks-piper-sandler-global-exchange-conference-060822), [We've Seen This Story Before - remarks before the Piper Sandler ...](https://www.sec.gov/newsroom/speeches-statements/gensler-remarks-piper-sandler-060823), [Gary Gensler - Wikipedia](https://en.wikipedia.org/wiki/Gary_Gensler), [Market Structure and the Retail Investor: Remarks Before the Piper Sandler Global Exchange Conference](https://www.sec.gov/news/speech/gensler-remarks-piper-sandler-global-exchange-conference-060822)",6/8/22,"The publication date is explicitly mentioned in the content of the article as June 8, 2022, which matches the date of the remarks by Chair Gary Gensler before the Piper Sandler Global Exchange Conference.",Gary Gensler,"The speech is given by Chair Gary Gensler, as indicated in the title and content of the webpage from the SEC official site. He is the author of the remarks in the article.",Neutral,"The article discusses challenges and issues in the US equity markets, including market segmentation, concentration, and fairness concerns for retail investors. It also outlines potential regulatory updates and improvements aimed at promoting fairness and competition. The tone is analytical and focused on identifying problems and proposing solutions, without strong positive or negative bias. Therefore, the sentiment is best described as Neutral.",U.S. Securities and Exchange Commission,"The author of the speech is Gary Gensler, who is the Chair of the U.S. Securities and Exchange Commission (SEC). The speech is published on the official SEC website, indicating the company/organization affiliation of the author is the U.S. Securities and Exchange Commission.","The speech by SEC Chair Gary Gensler addresses challenges and inefficiencies in the U.S. equity market structure, particularly affecting retail investors. He discusses issues such as market segmentation, concentration, and the lack of a level playing field among trading venues. Key topics include the minimum pricing increment (tick size), National Best Bid and Offer (NBBO) transparency, disclosure of order execution quality, best execution rules, order-by-order competition, and payment for order flow. Gensler highlights the need for updated regulations to promote fairness, competition, and transparency in the equity markets.","The summary is based on the detailed content of the speech by Gary Gensler, which focuses on the U.S. equity market structure, retail investor challenges, and regulatory considerations to improve market fairness and competition. The speech explicitly covers these topics as outlined in the provided webpage content."
https://cnbc.com/amp/2023/12/01/robinhood-ceo-says-payment-for-order-flow-is-here-to-stay.html,"Robinhood CEO defends payment for order flow, says practice is 'here to stay'","News article reporting Robinhood CEO Vlad Tenev's defense of payment for order flow (PFOF) in US equity markets; emphasizes PFOF as a core revenue model involving routing trades through market-makers such as Citadel Securities for profit slices; notes the controversy due to perceived conflicts of interest between brokers and clients; Tenev asserts the practice is ""inherently here to stay"" despite regulatory and consumer advocate calls for bans.",Ryan Browne,,Yes,"The article discusses payment for order flow (PFOF) and mentions Robinhood and Citadel Securities, which are key indicators that the article is discussing PFOF in the context of US equity markets, as per the guidelines.
References: [Robinhood CEO defends payment for order flow, says practice is 'here to stay'](https://www.cnbc.com/amp/2023/12/01/robinhood-ceo-says-payment-for-order-flow-is-here-to-stay.html)",12/1/23,"The article clearly states it was published on Fri, Dec 1 2023 1:16 AM EST, which corresponds to the date 2023-12-01 in ISO format.",Ryan Browne,The author's name is explicitly mentioned in the provided webpage content as 'Ryan Browne' with proper capitalization.,"Neutral, Positive","The article presents a balanced view of payment for order flow (PFOF). It includes Robinhood CEO Vlad Tenev's defense of the practice, emphasizing its permanence and benefits such as enabling zero-commission trading and industry transformation. It also acknowledges the controversy and criticism surrounding PFOF, particularly the conflict of interest concerns. The tone is factual and neutral but with positive highlights about business diversification and market impact, supporting a sentiment classification of both Neutral and Positive.",CNBC,"The article is authored by Ryan Browne and published on CNBC, a recognized business news media company. Therefore, the company name of the author is CNBC.","Robinhood CEO Vlad Tenev defends the payment for order flow (PFOF) practice, stating it is legal, regulated, and likely to remain in the U.S. despite controversy and calls for bans. PFOF involves routing trades through market-makers like Citadel Securities for a share of profits, enabling commission-free trading. Tenev notes PFOF is a small part of Robinhood's revenue, with most income from other sources. The article contrasts the U.S. approach with bans on PFOF in the U.K. and EU and highlights Robinhood's impact on the brokerage industry by driving commissions to zero.","The summary is based on the article's main points about PFOF, Tenev's defense of the practice, its regulatory context, revenue impact on Robinhood, and industry effects, as clearly detailed in the provided content."
https://wifpr.wharton.upenn.edu/wp-content/uploads/2023/10/Payment-for-Order-Flow.pdf,Payment for Order Flow and the Retail Trading Experience,"Research paper analyzing payment for order flow (PFOF) in U.S. retail equity and options markets; highlights that two-thirds of PFOF revenue derives from options with significantly higher fee rates than equities, creating incentives for brokers to promote option trading. Evaluates SEC proposals including order-by-order auctions and suggests alternatives such as expanding Retail Liquidity Programs, implementing fee caps, and enhancing competition in option market making to improve retail investor welfare and market quality.",,,Yes,"The article abstract mentions payment for order flow and its potential concerns in the context of US retail brokers. It also mentions that the SEC regulatory focus has been on equity markets. Therefore, the article discusses payment for order flow in the context of US equity markets.
References: [Payment for Order Flow and the Retail Trading Experience](https://wifpr.wharton.upenn.edu/wp-content/uploads/2023/10/Payment-for-Order-Flow.pdf)",10/1/23,"The article PDF URL includes '2023/10', indicating October 2023. Additionally, a related webinar by the Wharton Initiative on Financial Policy and Regulation was held on October 3, 2023, discussing this topic, supporting the publication date as October 2023. No exact day was found, so the first day of the month is used as the publication date.
References: [Payment for Order Flow and the Retail Trading Experience](https://wifpr.wharton.upenn.edu/wp-content/uploads/2023/10/Payment-for-Order-Flow.pdf), [WIFPR Webinar: Payment for Order Flow and the Retail ...](https://wifpr.wharton.upenn.edu/events-hq/a1WHq00000FttFmMAJ)",Thomas Ernst and Chester Spatt,The authors' names are clearly mentioned in the document as Thomas Ernst and Chester Spatt. They are listed as the authors of the paper titled 'Payment for Order Flow and the Retail Trading Experience'.,"Neutral, Negative","The article presents a balanced analysis of payment for order flow (PFOF) in US retail trading. It highlights significant concerns such as potential distortions in broker routing, market quality issues, and misaligned broker incentives, which reflect a negative sentiment. However, it also acknowledges benefits like enabling zero-commission trading and proposes constructive regulatory and market improvements, which contribute to a neutral tone. Thus, the sentiment is a combination of Neutral and Negative.",University of Maryland; Carnegie Mellon University,"The document explicitly states that Thomas Ernst is affiliated with the University of Maryland and Chester Spatt is affiliated with Carnegie Mellon University, which are their respective academic institutions.","This article examines the payment for order flow (PFOF) model used by U.S. retail brokers, highlighting concerns about its impact on routing decisions, market quality, and broker incentives, especially given that most PFOF revenue comes from option markets with higher rates than equities. It evaluates the SEC's proposal for order-by-order auctions in equity trading and proposes alternatives such as expanding Retail Liquidity Programs, reforming option market structures, and implementing a PFOF fee cap to improve retail investor welfare and market fairness.","The summary concisely captures the article's focus on PFOF in U.S. retail trading, the concerns raised, the SEC proposal, and the suggested alternatives, based on the detailed content provided in the document."
https://papers.ssrn.com/sol3/papers.cfm?abstract_id=273730,"The Relationship Among Market-Making Revenue, Payment for Order Flow, and Trading Costs for Market Orders","Academic research paper analyzing market-making revenue and payment for order flow in US equity markets; uses Q4 1996 Nasdaq data from Knight Securities to estimate dealer revenue at $0.057 per share; explores the financial division among dealers, brokers, and traders and the impact on trading costs for market orders; authored by Robert Battalio, Robert Jennings, and James Selway.","Robert  Battalio, University of Notre Dame, Robert  Jennings, jennings@indiana.edu, James  Selway",,Yes,"The article's title includes ""Payment for Order Flow"". The crawled content confirms that the article discusses payment for order flow in the context of US equity markets. The abstract mentions Robinhood and Citadel, which are major players in US equity markets and PFOF.
References: [The Relationship Among Market-Making Revenue, Payment for ...](https://www.researchgate.net/publication/5150767_The_Relationship_Among_Market-Making_Revenue_Payment_for_Order_Flow_and_Trading_Costs_for_Market_Orders), [The Relationship Among Market-Making Revenue, Payment for Or](https://ideas.repec.org/a/kap/jfsres/v19y2001i1p39-56.html), [What is the relation between market price and average revenue of a ...](https://www.doubtnut.com/pcmb-questions/23338), [The Relationship Among Market-Making Revenue, Payment for ...](https://www.econbiz.de/Record/-/10005715916), [[PDF] NBER WORKING PAPER SERIES PAYMENT FOR ORDER FLOW ...](https://www.nber.org/system/files/working_papers/w29883/revisions/w29883.rev0.pdf), [The Relationship Among Market-Making Revenue, Payment for Order Flow, and Trading Costs for Market Orders](https://papers.ssrn.com/sol3/papers.cfm?abstract_id=273730)",2/1/01,"The article 'The Relationship Among Market-Making Revenue, Payment for Order Flow, and Trading Costs for Market Orders' is listed on Springer with a publication date of February 2001, volume 19, pages 39-56. This is a formal publication date in a journal, which is more appropriate than the SSRN posting date of August 22, 2001.
References: [The Relationship Among Market-Making Revenue, Payment for Order Flow, and Trading Costs for Market Orders](https://papers.ssrn.com/sol3/papers.cfm?abstract_id=273730), [The Relationship Among Market-Making Revenue, Payment for ...](https://link.springer.com/article/10.1023/A:1011181317099)","Robert Battalio, Robert Jennings, James Selway","The author names are explicitly mentioned in the webpage content as Robert Battalio, Robert Jennings, and James Selway. They are already in the correct format '<First> <Last>' with proper capitalization.",Neutral,"The article abstract discusses payment for order flow and trading costs in a nuanced way, indicating that order-flow payments do not unambiguously harm traders and challenging previous conclusions. This balanced, analytical approach suggests a neutral sentiment rather than clearly positive or negative.",Indiana University,The webpage content explicitly mentions Robert H. Jennings is affiliated with Indiana University - Kelley School of Business - Department of Finance. This indicates the company/organization associated with the author is Indiana University.,"This article analyzes the distribution of market-making revenue among dealers, brokers, and traders, using data from Knight Securities' market orders in 1996. It estimates revenue per share and broker payments for order flow, then compares net trading costs for traders using brokers who accept or refuse these payments. The study concludes that payment for order flow does not clearly harm traders and challenges previous research that assessed market quality solely based on trade prices.","The summary is based on the abstract of the article, which clearly outlines the study's focus on market-making revenue, payment for order flow, and trading costs in US equity markets, with specific data from Knight Securities in 1996. The conclusion about the neutral effect of order-flow payments on traders is a key finding highlighted in the abstract."
https://pm-research.com/content/iijtrade/6/1/32,Does Smart Routing Matter?,"Research article evaluating broker smart routers in US equity markets; finds that for non-marketable orders, routers prioritizing fill rates outperform those maximizing liquidity rebates by about 0.4 basis points (10% of the bid–ask spread) for large-cap stocks and 0.9 basis points (6% of the spread) for small-cap stocks, highlighting significant cost impacts for sensitive traders; best brokers show consistent performance across liquidity groups, while smart router performance for marketable orders shows minimal variation across brokers; discusses implications related to payment for order flow mechanisms.",,,Yes,"The article discusses smart routers and their performance, mentioning that some routers 'naively' route to maximize liquidity rebates. Since liquidity rebates are a form of compensation for order routing, this indicates the article discusses payment for order flow (PFOF) in the context of US equity markets.
References: [Payment for order flow](https://api.exa.ai/crawl-ping?value=Payment%20for%20order%20flow%20is%20the%20compensation%20that%20a%20stockbroker%20receives%20from%20a%20market%20maker%20in%20exchange%20for%20the%20broker%20routing%20its%20clients%27%20trades%20to%20that%20market%20maker.%20The%20market%20maker%20profits%20from%20the%20bid-ask%20spread%20and%20rebates%20a%20portion%20of%20this...%0Aundefined), [Payment for Order Flow (PFOF): Definition and How It Works](https://www.investopedia.com/terms/p/paymentoforderflow.asp), [How Robinhood Makes Money - Investopedia](https://www.investopedia.com/articles/active-trading/020515/how-robinhood-makes-money.asp), [Does Smart Routing Matter?](https://www.pm-research.com/content/iijtrade/6/1/32)",12/31/10,"The article 'Does Smart Routing Matter?' by Jeff Bacidore, Hernan Otero, and Alak Vasa is listed on pm-research.com with a publication date of December 31, 2010, as indicated in the search results referencing The Journal of Trading Winter 2011 issue, volume 6, issue 1, pages 32-37.
References: [Does Smart Routing Matter?](https://www.pm-research.com/content/iijtrade/6/1/32), [Portfolio Management Research](https://www.pm-research.com/search?f%5B0%5D=content_source%3AThe+Journal+of+Investing&f%5B1%5D=content_source%3AThe+Journal+of+Trading&items_per_page=100&query=&sort_by=search_api_relevance_1&sort_order=DESC&page=16&f%5B2%5D=authors%3ABacidore%2C+Jeff)","Jeff Bacidore, Hernan Otero, Alak Vasa","The search results from the pm-research.com site for the article titled 'Does Smart Routing Matter?' list the authors as Jeff Bacidore, Hernan Otero, and Alak Vasa. This matches the format requested with proper capitalization.
References: [Does Smart Routing Matter?](https://www.pm-research.com/content/iijtrade/6/1/32), [Portfolio Management Research](https://www.pm-research.com/search?f%5B0%5D=content_source%3AThe+Journal+of+Investing&f%5B1%5D=content_source%3AThe+Journal+of+Trading&items_per_page=100&query=&sort_by=search_api_relevance_1&sort_order=DESC&page=16&f%5B2%5D=authors%3ABacidore%2C+Jeff)","Positive, Negative","The article discusses both positive and negative aspects of smart routing performance. It points out that some smart routers perform poorly when naively maximizing liquidity rebates (negative), but also highlights that the best brokers perform well across liquidity groups (positive). For marketable orders, the performance is generally neutral. Hence, the sentiment reflects a mix of Positive and Negative.","Jeff Bacidore is affiliated with The Bacidore Group, LLC; Hernan Otero is affiliated with Goldman Sachs Asset Management; Alak Vasa is affiliated with Investment Technology Group, Inc.","The search results from SSRN and SEC.gov documents indicate the company affiliations of the authors. Jeffrey Michael Bacidore is associated with The Bacidore Group, LLC, Hernan Otero with Goldman Sachs Asset Management, and Alak Vasa with Investment Technology Group, Inc. These affiliations are consistent with the context of the article and the authors' professional backgrounds.
References: [Does Smart Routing Matter?](https://www.pm-research.com/content/iijtrade/6/1/32), [Does Smart Routing Matter? - SSRN](https://papers.ssrn.com/sol3/papers.cfm?abstract_id=1681449), [[PDF] Transaction Fee Pilot for NMS Stocks - SEC.gov](https://www.sec.gov/files/rules/proposed/2018/34-82873.pdf)","The article evaluates broker smart routers' performance in executing non-marketable and marketable orders. It finds that routers prioritizing fill rates outperform those focusing on liquidity rebates, especially for large-cap and small-cap stocks, with significant cost implications for traders. The best brokers perform consistently well across liquidity groups, while performance differences are minimal for marketable orders.","The summary is based on the article content which compares smart router performance for different order types, highlighting the impact of routing strategies on execution quality and costs, especially related to liquidity rebates and fill rates."
https://globaltrading.net/citadel-securities-paid-us943m-for-retail-us-equity-options-order-flow-in-nine-months,"Citadel Securities paid US$943m for retail US equity, options order flow in nine months",News article covering Citadel Securities' payment of US$943 million for retail US equity and options order flow over a nine-month period; highlights the scale of payment for order flow in the US equity markets and underscores Citadel's significant role in retail order execution.,Etienne Mercuriali,,Yes,"The article's title explicitly mentions 'Citadel Securities paid US$943m for retail US equity, options order flow in nine months'. This indicates that the article discusses payment for order flow in the context of US equity markets.
References: [Citadel Securities paid US$943m for retail US equity, options order flow in nine months](https://www.globaltrading.net/citadel-securities-paid-us943m-for-retail-us-equity-options-order-flow-in-nine-months)",2/20/25,"The article states the publication date as February 20, 2025, 2:57 pm, which is clearly mentioned near the top of the content.",Etienne Mercuriali,The author's name is explicitly mentioned in the provided webpage content as 'Etienne Mercuriali'. The format matches the requested '<First> <Last>' with proper capitalization.,Neutral,"The article presents factual information about Citadel Securities' payments for order flow, including the large sums involved and the controversy surrounding PFOF, which is banned in many countries. It also highlights profitability and business growth for market makers and brokers like Robinhood, without expressing a strong positive or negative opinion. Therefore, the overall sentiment is neutral.",Markets Media Group,"The search results indicate that Etienne Mercuriali is associated with Markets Media Group, as shown in the search result titled 'Etienne Mercuriali - Markets Media Group' and other related mentions. The article is published on a site related to Markets Media Group, supporting this affiliation.
References: [Etienne Mercuriali - Markets Media Group](https://www.marketsmediagroup.com/team/etienne-mercuriali)","The article reports that Citadel Securities paid a total of US$943 million for retail US equity and options order flow between April and December 2024, dominating payments among market makers. It highlights the significant payments made by major retail brokers like Robinhood and Charles Schwab, and notes the increase in payment for order flow revenues throughout 2024. The piece also discusses the profitability of market makers such as Virtu Financial and the controversial nature of payment for order flow, which is banned in most countries outside the US.","The summary is based on the detailed information in the article about Citadel Securities' payments for order flow, the involvement of major retail brokers, the growth in payments over the year, and the broader context of market maker profitability and regulatory environment."
https://investopedia.com/investing/free-stock-trading-whats-catch,Is There a Catch to Free Stock Trading?,"Investopedia article analyzing commission-free stock trading in the US equity market; details how brokerages like Robinhood, TD Ameritrade, Charles Schwab, and E*Trade monetize via payment for order flow (PFOF) and other revenue streams. Highlights include PFOF's rapid revenue growth in 2020, potential for lower quality order execution causing marginally worse buy/sell prices, and increased systemic risk from rehypothecation during market stress, with references to SEC regulations governing these practices.","By Alan Farley Updated September 30, 2022",,Yes,"The article explicitly discusses payment for order flow and its implications for brokerages like Robinhood, TD Ameritrade, Charles Schwab and E*Trade, all operating within the US equity market. It also references SEC regulations related to PFOF.
References: [Is There a Catch to Free Stock Trading?](https://www.investopedia.com/investing/free-stock-trading-whats-catch)",9/30/22,"The article titled 'Is There a Catch to Free Stock Trading?' by Alan Farley on Investopedia shows an updated date of September 30, 2022. There is no separate original publication date found, so the best available date is the update date, which is commonly used as the publication date in such cases.
References: [Is There a Catch to Free Stock Trading?](https://www.investopedia.com/investing/free-stock-trading-whats-catch)",Alan Farley,"The author's name is explicitly mentioned at the beginning of the webpage content as 'By Alan Farley Updated September 30, 2022'. This matches the requested format with proper capitalization.",Neutral,"The article provides a balanced view on commission-free trading, discussing both the benefits such as accessibility and new features, and the drawbacks including payment for order flow risks, regulatory penalties, and potential conflicts of interest. It does not strongly favor or criticize but informs readers about the complexities, leading to a neutral sentiment.",Investopedia,"The author Alan Farley is a contributor and writer for Investopedia, as indicated by multiple sources including his contributor page on Investopedia and references to him as an Investopedia author. Therefore, the company name associated with the author is Investopedia.
References: [Is There a Catch to Free Stock Trading?](https://www.investopedia.com/investing/free-stock-trading-whats-catch), [Alan Farley - Investopedia](https://www.investopedia.com/contributors/53687), [Alan Farley - author - FXEmpire](https://www.fxempire.com/author/alanfarley), [Alan Farley | Investopedia - Money](https://money.com/author/alan-farley-investopedia)","The article explains how commission-free stock trading, popularized by Robinhood, has become mainstream among brokers. It details how brokerages generate revenue through payment for order flow, margin lending, rehypothecation, and fees for premium services. The article highlights potential risks such as lower quality order execution and increased financial system risk during stress periods. It also notes regulatory scrutiny and advises frequent traders to consider premium accounts for better trade execution.","The summary is based on the article's key points about the evolution of commission-free trading, the business models of brokerages like Robinhood, the role of payment for order flow, associated risks, and regulatory issues, all clearly presented in the content."
https://waterstechnology.com/regulation/7951672/blood-sweat-and-tiers-how-the-secs-exchange-rebates-proposal-could-reshape-us-equities-markets,"Blood, sweat, and tiers: how the SEC’s exchange rebates proposal could reshape US equities markets","In-depth article analyzing the SEC's proposal to reform volume-based exchange rebates for agency brokers in US equities; explores the tiered transaction pricing system central to payment for order flow and its potential to reshape liquidity, order routing, and competition. Highlights the controversy and mixed industry reactions to the proposed market structure changes.",Theo Normanton,,Yes,"The article discusses the SEC's proposal to overhaul volume-based rebates for agency brokers, which is related to how exchanges compete for order flow. While the full article content is behind a paywall, the title and snippet suggest a discussion of market structure and exchange rebates. The search results confirm that the SEC's exchange rebates proposal is related to payment for order flow. Therefore, it is likely that the article discusses payment for order flow in the context of US equity markets.
References: [SEC takes hatchet to payment for order flow, best execution ...](https://www.globaltrading.net/sec-takes-hatchet-to-payment-for-order-flow-best-execution-proposals-and-12-more-rules), [Payment for Order Flow: The SEC Proposes Reforms | Congress.gov](https://www.congress.gov/crs-product/IF12332), [Payment for Order Flow - SEC.gov](https://www.sec.gov/files/rules/final/orderfin.txt), [Self-Regulatory Organizations; Nasdaq BX, Inc.; Notice of Filing and ...](https://www.federalregister.gov/documents/2025/09/19/2025-18142/self-regulatory-organizations-nasdaq-bx-inc-notice-of-filing-and-immediate-effectiveness-of-proposed), [Statement on Exchanges' Volume-Based Rebates and Fees - SEC.gov](https://www.sec.gov/newsroom/speeches-statements/gensler-volume-based-rebates-fees-101823), [Blood, sweat, and tiers: how the SEC’s exchange rebates proposal could reshape US equities markets](https://www.waterstechnology.com/regulation/7951672/blood-sweat-and-tiers-how-the-secs-exchange-rebates-proposal-could-reshape-us-equities-markets)",2/8/24,The publication date of the article is shown as 08 Feb 2024 near the author's name on the webpage content. This is the most direct and reliable indication of the publication date for this article.,Theo Normanton,The author's name is clearly mentioned in the provided webpage content as 'Theo Normanton' with proper capitalization.,Neutral,"The article discusses the SEC's proposal to overhaul volume-based rebates for agency brokers, highlighting a heated debate and split opinions among industry practitioners. The content suggests a balanced presentation of perspectives without a clear positive or negative bias, indicating a neutral sentiment overall.",WatersTechnology,"The search results indicate that Theo Normanton is a reporter for WatersTechnology, based in their London newsroom. This affiliation is consistent across multiple sources on the WatersTechnology website.
References: [Blood, sweat, and tiers: how the SEC’s exchange rebates proposal could reshape US equities markets](https://www.waterstechnology.com/regulation/7951672/blood-sweat-and-tiers-how-the-secs-exchange-rebates-proposal-could-reshape-us-equities-markets), [Theo Normanton - WatersTechnology.com](https://www.waterstechnology.com/author/theo-normanton)","The article discusses the SEC's proposed rule 6b-1 to reform volume-based rebates for agency brokers in US equity markets. It highlights the controversy and debate around tiered transaction pricing, where exchanges pay brokers rebates based on order flow volume. The proposal could significantly impact liquidity, order routing, and competition, with industry practitioners divided on whether these changes will be beneficial or detrimental.","The summary is based on the article title, snippet, and context provided, which indicate the focus on the SEC's exchange rebates proposal and its implications for US equity market structure, liquidity, and competition. The article presents a balanced view with split opinions from industry practitioners."
https://papers.ssrn.com/sol3/papers.cfm?abstract_id=4189658,Price Improvement and Payment for Order Flow: Evidence from A Randomized Controlled Trial,"Academic research paper examining payment for order flow (PFOF) in US equity markets through a randomized controlled trial; compares execution quality between direct market access and PFOF brokers. Finds significant price improvement relative to NBBO for direct market access orders; identifies heterogeneity among PFOF brokers, with Robinhood providing negligible price improvement and TD Ameritrade delivering statistically significant improvements. Highlights agency conflicts affecting benefit transmission to retail investors; provides empirical evidence on PFOF's effects.",See all articles by Bradford (Lynch) Levy,,Yes,"The article's title and abstract explicitly mention 'payment for order flow' (PFOF) and its impact on price improvement for retail investors. The abstract also mentions Robinhood, a well-known PFOF broker in US equities. This confirms that the article discusses PFOF in the context of US equity markets, satisfying the criterion.
References: [Price Improvement and Payment for Order Flow: Evidence from A Randomized Controlled Trial](https://papers.ssrn.com/sol3/papers.cfm?abstract_id=4189658)",6/27/22,"The article's 'Date Written' is explicitly mentioned as June 27, 2022 in the provided webpage content, which indicates the publication date of the article.",Bradford Levy,The author is mentioned as Bradford (Lynch) Levy in the provided webpage content. The proper capitalization and format for the author's name is Bradford Levy.,Neutral,"The article presents an analytical and balanced view on payment for order flow (PFOF). It highlights positive aspects such as price improvement and benefits to retail investors, but also points out negative aspects like agency problems and negligible price improvement by some brokers. The tone is factual and evidence-based without strong positive or negative bias, indicating a neutral sentiment.",University of Chicago Booth School of Business,"The search results indicate that Bradford Levy is an Assistant Professor of Accounting at the University of Chicago Booth School of Business, which is his institutional affiliation. This matches the author Bradford Levy of the article on payment for order flow.
References: [Price Improvement and Payment for Order Flow: Evidence from A Randomized Controlled Trial](https://papers.ssrn.com/sol3/papers.cfm?abstract_id=4189658), [Bradford Levy | The University of Chicago Booth School of Business](https://www.chicagobooth.edu/faculty/directory/l/bradford-levy), [Bradford (Lynch) Levy](https://www.bradfordlynch.com)","This paper presents evidence from a randomized controlled trial examining the impact of payment for order flow (PFOF) on price improvement for retail investors in US equity markets. It finds that direct market access orders receive significant price improvement relative to the national best bid and offer (NBBO). PFOF brokers vary in the price improvement they provide, with brokers relying more on PFOF revenue (e.g., Robinhood) offering negligible improvement, while others (e.g., TD Ameritrade) provide significant benefits. The study suggests that PFOF can benefit retail investors but agency conflicts may limit these benefits being passed on.","The summary is based on the abstract and key findings presented in the article content, which discusses payment for order flow and its effects on price improvement in US equity markets, mentioning specific brokers and the randomized controlled trial methodology."
https://jpmorgan.com/wealth-management/wealth-partners/legal/orderrouting,Order Routing Practices,"Detailed overview of SEC Rules 605 and 606 governing order execution and routing disclosures; mandates monthly and quarterly public reports on execution quality and routing venues for national market system securities. Highlights that Rule 605 facilitates execution quality comparisons across market makers and trading venues, while Rule 606 provides general broker-dealer order routing transparency. Discusses the context of payment for order flow (PFOF) in US equity markets, emphasizing that these disclosures do not capture all factors relevant to evaluating broker-dealer order routing services.",,,Yes,"The article discusses SEC Rules 605 and 606, which, according to search results, are related to payment for order flow (PFOF) in US equity markets. The article implicitly discusses PFOF by referencing these rules in the context of order routing practices.
References: [Payment for Order Flow (PFOF): Definition and How It Works](https://www.investopedia.com/terms/p/paymentoforderflow.asp), [SEC takes hatchet to payment for order flow, best execution ...](https://www.globaltrading.net/sec-takes-hatchet-to-payment-for-order-flow-best-execution-proposals-and-12-more-rules), [Payment For Order Flow (PFOF): Meaning & Examples - Britannica](https://www.britannica.com/money/payment-for-order-flow-explained), [Order Routing Practices](https://www.jpmorgan.com/wealth-management/wealth-partners/legal/orderrouting)",11/15/00,"The search result for the article 'Order Routing Practices' on the JPMorgan website indicates a published date of November 15, 2000. This date aligns with the mention in the article content about the SEC adopting rules on November 15, 2000, which is likely the publication or effective date of the article.
References: [Order Routing Practices](https://www.jpmorgan.com/wealth-management/wealth-partners/legal/orderrouting)",,"The article 'Order Routing Practices' on the JPMorgan website does not list an individual author. Searches for potential authors such as Matthew Landon, Jacob Manoukian, and Luke DiGangi, who are contributors on related topics, do not explicitly confirm authorship of this specific article. It appears to be an institutional publication by J.P. Morgan Securities LLC without a named individual author.
References: [Matthew Landon](https://www.jpmorgan.com/wealth-management/wealth-partners/insights/contributors/matthew-landon), [Jacob Manoukian](https://www.jpmorgan.com/wealth-management/wealth-partners/insights/contributors/jacob-manoukian), [Luke DiGangi](https://www.jpmorgan.com/wealth-management/wealth-partners/insights/contributors/luke-digangi)",Neutral,"The article provides factual information about SEC Rules 605 and 606 related to order routing practices. It includes disclaimers about the accuracy of statistics and risks involved in investments. The tone is objective and informative without expressing positive or negative opinions, indicating a neutral sentiment.",J.P. Morgan Securities LLC,"The webpage content explicitly states that the brokerage and investment advisory services are provided by J.P. Morgan Securities LLC, which is the authoring company of the order routing practices information.","The article explains J.P. Morgan Securities LLC's compliance with SEC Rules 605 and 606 regarding public disclosure of order execution and routing practices in US equity and options markets. It highlights the availability of reports on execution quality and order routing venues, clarifies the limitations of these statistics, and informs customers about their rights to request order information. The content also includes disclaimers about the accuracy of data, investment risks, and the firm's regulatory affiliations.","The summary is based on the webpage content which details SEC rules on order routing and execution quality reporting, the nature of the reports provided by J.P. Morgan Securities LLC, customer rights to order information, and various disclaimers regarding data accuracy and investment risks. The summary captures the core purpose and key points of the article in a concise manner."
https://sifma.org/resources/research/equity-market-structure-primer,US Equity Market Structure Primer - SIFMA,"Comprehensive SIFMA Insights primer on U.S. equity market structure; covers $32 trillion market cap and 6.7 billion daily shares traded, highlighting market depth, liquidity, narrow spreads, and fast execution. Explores market volumes, exchange/off-exchange shares, order routing, and regulatory evolution, emphasizing efforts to sustain market resiliency and investor confidence. Includes discussion of payment for order flow (PFOF) and related regulations, offering a detailed, technical perspective beyond introductory briefs.",,,Yes,"The crawled page from SIFMA, titled ""US Equity Market Structure Primer,"" provides an overview of equity market structure. While the initial crawl did not explicitly mention ""payment for order flow,"" a search led to a SIFMA Q&A article that directly addresses the topic of payment for order flow (PFOF) in the context of US equity markets. The Q&A defines PFOF and discusses related regulatory requirements. Therefore, the article discusses payment for order flow in the context of US equity markets.
References: [Q&A: US Equity Market Structure - SIFMA](https://www.sifma.org/resources/news/qa-u-s-equity-market-structure), [[PDF] SIFMA Research Quarterly - Equities 2Q25](https://www.sifma.org/wp-content/uploads/2025/04/SIFMA-Research-Quarterly-Equity-and-Related-2Q25.pdf), [Payment for Order Flow (PFOF): Definition and How It Works](https://www.investopedia.com/terms/p/paymentoforderflow.asp), [SEC takes hatchet to payment for order flow, best execution ...](https://www.globaltrading.net/sec-takes-hatchet-to-payment-for-order-flow-best-execution-proposals-and-12-more-rules), [[PDF] March 31, 2023 - SEC.gov](https://www.sec.gov/comments/s7-32-22/s73222-20163541-333880.pdf), [US Equity Market Structure Primer - SIFMA](https://www.sifma.org/resources/research/equity-market-structure-primer)",9/20/24,"The publication date of the article ""US Equity Market Structure Primer"" was not explicitly stated on the webpage. However, a related PDF document titled ""SIFMA Insights Primer Equities"" found on the SIFMA website, which corresponds to the primer series including this article, is dated 2024-09-20. This date is the most relevant and specific publication date found for the primer article.
References: [US Equity Market Structure Primer - SIFMA](https://www.sifma.org/resources/research/equity-market-structure-primer), [SIFMA Insights Primer Equities](https://www.sifma.org/wp-content/uploads/2024/09/SIFMA-Insights-Primer_Equities_FINAL.pdf)","Katie Kolchin

T.R. Lazo

Wes Althoff","The authors are listed in the webpage content under the 'Authors' section as Katie Kolchin, CFA; T.R. Lazo; and Wes Althoff. Their names are presented in the format '<First> <Last>' with proper capitalization.",Positive,"The article highlights the US equity markets as the largest, most liquid, and efficient globally, with positive attributes such as narrow spreads, low transaction costs, and fast execution speeds. It emphasizes ongoing efforts to improve market resiliency and investor confidence, reflecting a positive outlook on the market structure.",SIFMA,"The authors Katie Kolchin, T.R. Lazo, and Wes Althoff are listed under the 'Authors' section of the SIFMA webpage, indicating they are affiliated with SIFMA (Securities Industry and Financial Markets Association).","The US Equity Market Structure Primer by SIFMA provides an overview of the US equity markets, highlighting their size, liquidity, and efficiency. It covers key topics such as market volumes, market landscape evolution, market shares, order routing, and regulatory developments. The primer emphasizes the importance of market resiliency and the role of regulators and participants in sustaining investor confidence and supporting capital formation.","The summary is based on the main points from the webpage content, including the executive summary and the topics covered in the primer. It captures the essence of the US equity market structure and the goals of market participants and regulators as described in the source."
https://investopedia.com/articles/active-trading/042414/what-makertaker-fees-mean-you.asp,What Maker-Taker Fees Mean for You,"Educational article on maker-taker fees in US equity markets; explains the rebate system rewarding liquidity providers and charging liquidity takers to boost trading volume. Discusses regulatory concerns from the SEC about pricing distortions and liquidity effects, providing insight into how these fees influence market dynamics and investor costs.",Full Bio,,Yes,"The article discusses maker-taker fees, which it also refers to as payment for order flow. It mentions the NYSE and Nasdaq, which are US equity markets. It also discusses the SEC's involvement in regulating these fees. Therefore, the article discusses payment for order flow in the context of US equity markets.
References: [What Maker-Taker Fees Mean for You - Investopedia](https://www.investopedia.com/articles/active-trading/042414/what-makertaker-fees-mean-you.asp), [Trading Order Types and Processes - Investopedia](https://www.investopedia.com/trading-order-types-and-processes-4689649), [What are Maker and Taker fees? - Kraken Support](https://support.kraken.com/articles/360000526126-what-are-maker-and-taker-fees-), [What is the Maker and Taker Fee in Crypto Trading - Pintu Academy](https://pintu.co.id/en/academy/post/maker-vs-taker-fee-in-crypto-trading), [[PDF] Judicial Deference & the SEC's Experimental Rule Making Authority](https://scholarlycommons.law.cwsl.edu/cgi/viewcontent.cgi?article=1738&context=cwlr)",4/24/14,"The publication date was not explicitly found in the search results or page content. However, the article URL contains '042414', which likely represents the date in MMDDYY format, corresponding to April 24, 2014. This is a common date format used by Investopedia in their article URLs.
References: [What Maker-Taker Fees Mean for You](https://www.investopedia.com/articles/active-trading/042414/what-makertaker-fees-mean-you.asp)",Andrew Bloomenthal,"The search results indicate that the author of the article 'What Maker-Taker Fees Mean for You' on Investopedia is Andrew Bloomenthal, who has over 20 years of editorial experience as a financial journalist.
References: [What Maker-Taker Fees Mean for You - Investopedia](https://www.investopedia.com/articles/active-trading/042414/what-makertaker-fees-mean-you.asp)",Neutral,"The article provides a balanced view of maker-taker fees, explaining their benefits such as incentives for liquidity and rebates, while also addressing criticisms like pricing distortions and regulatory scrutiny. The tone is informative and neutral, presenting both pros and cons without a strong positive or negative bias.",Investopedia,"Andrew Bloomenthal is identified as a financial journalist with over 20 years of experience and is listed as a contributor on Investopedia, the platform hosting the article. His LinkedIn and contributor profiles indicate he worked as a reporter/copyeditor for Investopedia for over 6 years, confirming his association with Investopedia as the company of the author.
References: [What Maker-Taker Fees Mean for You](https://www.investopedia.com/articles/active-trading/042414/what-makertaker-fees-mean-you.asp), [Andrew Bloomenthal - Investopedia](https://www.investopedia.com/contributors/53430), [Andrew Bloomenthal - Account Executive | LinkedIn](https://www.linkedin.com/in/andrew-bloomenthal-a566b110)","The article explains maker-taker fees in US equity markets, where market makers (makers) receive rebates for providing liquidity through limit orders, and market takers pay fees for removing liquidity via market orders. It covers the fee structure, historical development since the 1990s, regulatory scrutiny by the SEC, and concerns about potential market distortions and conflicts of interest. The maker-taker model aims to stimulate trading activity but has faced criticism and legal challenges.","The summary is based on the detailed explanation in the article about the maker-taker fee system, its participants, fee mechanics, historical background, regulatory attention, and market impact, all focused on US equity markets as described in the Investopedia article."
"https://microstructure.exchange/papers/Schwartz_et_al_,_2022_WP,_The_%27Actual_Retail_Price%27_of_Equity_Trades.pdf",The “Actual Retail Price” of Equity Trades,"Research paper analyzing execution quality in US equity markets; compares six brokerage accounts across five brokers using 85,000 simultaneous market orders. Finds mean round-trip costs vary from –0.07% to –0.46% excluding commissions, with significant price execution differences caused by off-exchange wholesalers rather than payment for order flow (PFOF). Provides insights into retail trading execution costs and advocates for enhanced disclosure on execution quality.",Philippe,,Yes,"The article's abstract explicitly mentions 'payment for order flow (PFOF)' and discusses execution prices across brokers. It also mentions 'retail trading', which confirms the context is US equity markets. Therefore, the article discusses PFOF in the context of US equity markets.
References: [The “Actual Retail Price” of Equity Trades](https://microstructure.exchange/papers/Schwartz_et_al_,_2022_WP,_The_%27Actual_Retail_Price%27_of_Equity_Trades.pdf)",9/13/22,"The publication date is explicitly mentioned in the document content as September 13, 2022.",Philippe Jorion,"The author's name is found in the document content where the authors are listed as Christopher Schwarz, Brad Barber, Xing Huang, Philippe Jorion, and Terrance Odean. The user requested the author's name in the format '<First> <Last>' with proper capitalization. The name 'Philippe Jorion' matches the given first name 'Philippe' in the initial result and is properly capitalized.","Neutral, Negative","The article provides a critical and analytical examination of execution quality and payment for order flow in US equity markets. It highlights significant variations in execution prices, the insufficiency of current disclosure regimes, and potential conflicts of interest, which are negative aspects. However, the tone remains factual and neutral, focusing on analysis and suggestions for improvement rather than expressing strong positive or negative emotions. Therefore, the sentiment is best described as Neutral with Negative elements.","University of California, Irvine","The document content states that Philippe Jorion is at The Paul Merage School of Business at the University of California at Irvine. This is the company/organization affiliation of the author Philippe Jorion, properly capitalized.","This article reports on a controlled experiment comparing execution quality of equity trades across six brokerage accounts at five brokers, focusing on payment for order flow (PFOF) and commission levels. It finds significant variation in execution prices, with round-trip costs ranging from -0.07% to -0.46%, and shows that PFOF does not explain these differences. The study highlights that current disclosure practices are insufficient for retail investors to assess execution quality. The experiment involved 85,000 simultaneous trades with identical orders, analyzing factors such as venue choice, stock routing, and broker execution as sources of price variation.","The summary is based on the detailed content of the article which describes the experiment, findings on execution price variation, the role of PFOF, and critique of disclosure regimes. The key points were extracted from the abstract and main content provided."
https://news.bloomberglaw.com/banking-law/matt-levines-money-stuff-some-brokers-are-cheaper-than-others,Matt Levine’s Money Stuff: Some Brokers Are Cheaper Than Others,"Financial commentary article by Matt Levine on Bloomberg Law; analyzes payment for order flow (PFOF) in US equity markets, detailing how retail brokers send orders to major market makers such as Citadel Securities and Virtu Financial. Highlights that retail orders are less risky with lower adverse selection, providing insight into brokerage cost structures and market-making incentives.",Matt Levine,,Yes,"The article's title and the presence of 'PFOF' in the article's content strongly suggest that it discusses payment for order flow. The criterion specifies that the discussion must be in the context of US equity markets. Without the full article content, it's impossible to confirm this definitively. However, given the title and the initial mention of PFOF, it's highly probable that the article meets the criterion.
References: [Matt Levine’s Money Stuff: Some Brokers Are Cheaper Than Others](https://news.bloomberglaw.com/banking-law/matt-levines-money-stuff-some-brokers-are-cheaper-than-others)",8/25/22,"The publication date of the article 'Matt Levine’s Money Stuff: Some Brokers Are Cheaper Than Others' was found as August 25, 2022, from a Bloomberg Law page URL that matches the article title and source.
References: [Matt Levine’s Money Stuff: Some Brokers Are Cheaper Than Others](https://news.bloomberglaw.com/banking-law/matt-levines-money-stuff-some-brokers-are-cheaper-than-others), [Matt Levine's Money Stuff: Some Brokers Are Cheaper ...](https://news.bloomberglaw.com/mergers-and-acquisitions/matt-levines-money-stuff-some-brokers-are-cheaper-than-others)",Matt Levine,The author's name is clearly mentioned in the provided webpage content as 'Matt Levine'. The format '<First> <Last>' with proper capitalization is satisfied by this name.,Neutral,"The article excerpt discusses payment for order flow in the US equity markets in an analytical and informative manner without evident positive or negative bias. The tone is neutral, focusing on explaining the mechanics rather than expressing opinion or emotion.",Bloomberg,"The search results confirm that Matt Levine is a columnist for Bloomberg News and Bloomberg Opinion. This establishes his company affiliation as Bloomberg, which is the proper company name with correct capitalization.
References: [Matt Levine’s Money Stuff: Some Brokers Are Cheaper Than Others](https://news.bloomberglaw.com/banking-law/matt-levines-money-stuff-some-brokers-are-cheaper-than-others), [Matt Levine - Bloomberg.com](https://bloomberg.com/opinion/authors/ARbTQlRLRjE/matthew-s-levine), [Matt Levine - Bloomberg - LinkedIn](https://www.linkedin.com/in/mattlevine2)","The article explains the concept of payment for order flow (PFOF) in the US equity markets, describing how retail brokers route orders to large market-making firms that take the other side of trades. It highlights why wholesalers prefer retail orders due to their lower risk and discusses the cost differences among brokers.","The summary is based on the article's content which discusses PFOF mechanics in the US stock market, mentioning wholesalers like Citadel Securities and the risk profile of retail orders. The explanation is concise and captures the main points of the article excerpt."
https://federalregister.gov/documents/2023/08/08/2023-16886/self-regulatory-organizations-financial-industry-regulatory-authority-inc-order-approving-a-proposed,"Self-Regulatory Organizations; Financial Industry Regulatory Authority, Inc.; Order Approving a Proposed Rule Change To Adopt FINRA Rules 6151 and 6470","Official FINRA order approving rules 6151 and 6470 for mandatory disclosure of order routing information for NMS and OTC equity securities; aligns with SEC Rule 606(a) to increase transparency on payment for order flow practices in U.S. equity markets, enhancing accessibility and regulatory oversight of broker-dealer order routing disclosures.",,,Yes,"The crawled article from the SEC website discusses FINRA rules 6151 and 6470, which relate to the disclosure of order routing information for NMS and OTC equity securities. The search results indicate that these rules are related to payment for order flow. The crawled article mentions SEC Rule 606(a), which requires broker-dealers to disclose information about their order routing practices for NMS securities, and that FINRA is adopting Rule 6470 to impose similar disclosure requirements for OTC Equity Securities. The article also mentions that the rules are intended to improve the accessibility of disclosures related to order routing. Based on this information, the article discusses payment for order flow in the context of US equity markets.
References: [Regulatory Notice 24-05 | FINRA.org](https://www.finra.org/rules-guidance/notices/24-05), [6470. Disclosure of Order Routing Information for OTC Equity ... - finra](https://www.finra.org/rules-guidance/rulebooks/finra-rules/6470?pending=TRUE), [6750. Dissemination of Transaction Information | FINRA.org](https://www.finra.org/rules-guidance/rulebooks/finra-rules/6750), [Disclosure of Routing Information | FINRA.org](https://www.finra.org/rules-guidance/guidance/reports/2024-finra-annual-regulatory-oversight-report/disclosure-routing-information), [[PDF] FINRA Rules 6151 (Disclosure of Order Routing Information for NMS ...](https://www.sec.gov/files/rules/sro/finra/2023/34-98047.pdf), [Payment for order flow](https://api.exa.ai/crawl-ping?value=Payment%20for%20order%20flow%20is%20the%20compensation%20that%20a%20stockbroker%20receives%20from%20a%20market%20maker%20in%20exchange%20for%20the%20broker%20routing%20its%20clients%27%20trades%20to%20that%20market%20maker.%20The%20market%20maker%20profits%20from%20the%20bid-ask%20spread%20and%20rebates%20a%20portion%20of%20this...%0Aundefined), [Payment for Order Flow (PFOF): Definition and How It Works](https://www.investopedia.com/terms/p/paymentoforderflow.asp), [Robinhood CEO says payment for order flow is 'here to stay' - CNBC](https://www.cnbc.com/2023/12/01/robinhood-ceo-says-payment-for-order-flow-is-here-to-stay.html), [Payment for order flow - Wikipedia](https://en.wikipedia.org/wiki/Payment_for_order_flow), [Payment for Order Flow Questions : r/investing - Reddit](https://www.reddit.com/r/investing/comments/18n4dt3/payment_for_order_flow_questions), [How Robinhood Makes Money - Investopedia](https://www.investopedia.com/articles/active-trading/020515/how-robinhood-makes-money.asp), [[PDF] Payment for Order Flow and the Retail Trading Experience](https://wifpr.wharton.upenn.edu/wp-content/uploads/2023/10/Payment-for-Order-Flow.pdf), [What is Payment for Order Flow (PFOF)? | eToro US Help](https://help.etoro.com/en-us/s/article/What-is-Payment-for-Order-Flow-PFOF-US), [[PDF] PAYMENT FOR ORDER FLOW](https://rpc.cfainstitute.org/sites/default/files/-/media/documents/issue-brief/payment-for-order-flow.pdf), [Payment For Order Flow & Market Implications - Bloomberg Law](https://www.bloomberglaw.com/external/document/X1RP679S000000/capital-markets-professional-perspective-payment-for-order-flow-), [Self-Regulatory Organizations; Financial Industry Regulatory Authority, Inc.; Order Approving a Proposed Rule Change To Adopt FINRA Rules 6151 and 6470](https://www.federalregister.gov/documents/2023/08/08/2023-16886/self-regulatory-organizations-financial-industry-regulatory-authority-inc-order-approving-a-proposed)",8/8/23,"The publication date of the article is explicitly stated multiple times in the document details section as August 8, 2023. This is confirmed by the URL and document metadata on the Federal Register website.",,"The official SEC document and related regulatory notices do not list an individual author. Such documents are issued by the Securities and Exchange Commission as an agency, not attributed to a specific person. Therefore, no author name in the format '<First> <Last>' is available for this document.",Neutral,"The article is a formal regulatory notice from the SEC about the approval of FINRA rules related to order routing disclosures. It presents factual information without expressing opinions or emotions, indicating a neutral sentiment.",Securities and Exchange Commission,"The document is a notice published by the Securities and Exchange Commission (SEC) regarding the approval of a proposed rule change filed by the Financial Industry Regulatory Authority (FINRA). The authoring and publishing agency of the document is the Securities and Exchange Commission, as indicated multiple times in the document details and content.","This document is a notice from the Securities and Exchange Commission approving FINRA's proposed rules 6151 and 6470, which require broker-dealers to disclose order routing information for NMS securities and OTC equity securities. The rules aim to enhance transparency and accessibility of disclosures related to order routing practices, including payment for order flow, in the US equity markets.","The summary is based on the content of the SEC notice which approves FINRA rules focused on disclosure of order routing information for NMS and OTC equity securities. The document emphasizes improving transparency in order routing disclosures, which relates to payment for order flow in US equity markets. This captures the main purpose and regulatory action described in the document."
https://papers.ssrn.com/sol3/papers.cfm?abstract_id=4300505,Would Order-by-Order Auctions Be Competitive?,"70-page academic paper analyzing payment for order flow in US equity markets; compares broker routing and SEC-proposed order-by-order auctions. Finds order-by-order auctions increase allocative efficiency but cause a winner's curse reducing retail investor welfare in low liquidity scenarios; adding competing market participants fails to improve efficiency or welfare when entrants have informational advantages. Authored by Thomas Ernst (University of Maryland), Chester S. Spatt (Carnegie Mellon), and Jian Sun (Singapore Management University).",See all articles by Thomas Ernst,,Yes,"The article's abstract discusses order-by-order auctions and broker's routing, which are related to payment for order flow (PFOF). The abstract also mentions a recent SEC proposal, suggesting the context is US markets. The keywords include PFOF. Therefore, the article discusses payment for order flow in the context of US equity markets.
References: [[PDF] Payment for Order Flow and the Retail Trading Experience](https://wifpr.wharton.upenn.edu/wp-content/uploads/2023/10/Payment-for-Order-Flow.pdf), [Payment for Order Flow (PFOF): Definition and How It Works](https://www.investopedia.com/terms/p/paymentoforderflow.asp), [[PDF] Would Order-By-Order Auctions Be Competitive?](https://finance-conference.wpcarey.asu.edu/sites/g/files/litvpz3416/files/2023-02/305___22-11-18-22-11-23_OrderByOrder.pdf), [[PDF] How does Payment for Order Flow Influence Markets? - SEC.gov](https://www.sec.gov/files/dera_wp_payment-order-flow-2501.pdf), [Payment for order flow - Wikipedia](https://en.wikipedia.org/wiki/Payment_for_order_flow), [SEC takes hatchet to payment for order flow, best execution ...](https://www.globaltrading.net/sec-takes-hatchet-to-payment-for-order-flow-best-execution-proposals-and-12-more-rules), [Payment for Order Flow (PFOF) and Broker-Dealer Regulation](https://www.congress.gov/crs-product/IF12594), [Citadel Securities paid US$943m for retail US equity, options order flow ...](https://www.globaltrading.net/citadel-securities-paid-us943m-for-retail-us-equity-options-order-flow-in-nine-months), [A Disclosure Gap in the Market for Order Flow](https://businesslawreview.uchicago.edu/print-archive/disclosure-gap-market-order-flow), [Would Order‐By‐Order Auctions Be Competitive? - ERNST - 2025](https://onlinelibrary.wiley.com/doi/10.1111/jofi.13449), [Would Order-by-Order Auctions Be Competitive?](https://papers.ssrn.com/sol3/papers.cfm?abstract_id=4300505)",12/13/22,"The article's publication date is explicitly stated as December 13, 2022, in the content under 'Date Written'. This is the date when the article was published.",Thomas Ernst,The author's name is clearly stated in the webpage content as 'Thomas Ernst' in the author section and in the article citation.,Neutral,"The article abstract presents a balanced analysis of order-by-order auctions, highlighting both improvements in allocative efficiency and challenges such as the winner's curse reducing retail investor welfare. It also notes that additional competition does not necessarily improve outcomes. The tone is analytical and does not convey a clearly positive or negative sentiment, making Neutral the most appropriate choice.",University of Maryland - Robert H Smith School of Business,"The webpage content clearly states that Thomas Ernst is affiliated with the University of Maryland - Robert H Smith School of Business, which is the company/organization name associated with the author.","The article analyzes two methods of executing segregated retail orders in US equity markets: broker's routing and order-by-order auctions, a recent SEC proposal. It finds that order-by-order auctions improve allocative efficiency but can reduce retail investor welfare due to a winner's curse, especially when liquidity is limited. The study also shows that additional market participants with superior information do not enhance efficiency or investor welfare, and it examines cross-subsidization in broker's routing.","The summary is based on the abstract and main content of the article, which discuss the comparison of broker's routing and order-by-order auctions in retail trading, their effects on efficiency and investor welfare, and the context of US equity markets and payment for order flow."
https://newsroom.aboutrobinhood.com/demystifying-payment-for-order-flow,Demystifying payment for order flow,"Article from Robinhood's newsroom explaining payment for order flow (PFOF) in US equity markets; clarifies how brokerages earn rebates from market makers and addresses common misinformation. It contextualizes PFOF as a key revenue source following the rise of zero-commission trading, emphasizing its role in supporting retail investors' access to markets.",Jim Swartwout,,Yes,"The article titled 'Demystifying payment for order flow' published on Robinhood's newsroom discusses payment for order flow. Given that Robinhood is a US-based brokerage primarily dealing with US equities, and the article is published on their official newsroom, it is highly likely that the article discusses PFOF in the context of US equity markets. The title itself suggests an explanation of the practice, further supporting this conclusion.
References: [Demystifying payment for order flow](https://newsroom.aboutrobinhood.com/demystifying-payment-for-order-flow)",3/4/21,"The publication date of the article is clearly stated as March 4, 2021, in the webpage content near the author name and also in the URL path segment '2021/03/'.",Jim Swartwout,"The author's name is clearly stated multiple times in the provided webpage content, including the byline and author section, as 'Jim Swartwout' with proper capitalization.",Positive,"The article explains payment for order flow in a clear and educational manner, highlighting the benefits to retail investors such as commission-free trades and transparent disclosures. It emphasizes Robinhood's positive impact on the industry and the advantages for everyday investors, indicating an overall positive sentiment.",Robinhood Securities,"The article is published on Robinhood's newsroom and the author Jim Swartwout is identified as the President and COO of Robinhood Securities, indicating that this is the company associated with the author.","The article explains payment for order flow (PFOF) as a revenue method used by Robinhood and other brokers, where market makers pay brokers rebates to execute customer orders. It clarifies misconceptions about PFOF, emphasizing that Robinhood routes orders to market makers offering the best execution price, benefiting customers with better prices. The article highlights the low cost of trading with Robinhood compared to traditional commission models and underscores Robinhood's commitment to serving retail investors.","The summary is based on the article content which details how Robinhood uses payment for order flow, the benefits to customers, the transparency of the practice, and the historical context of commission-free trading pioneered by Robinhood. The article also includes specific figures and explanations that support these points."
https://barrons.com/articles/exclusive-who-makes-money-on-your-stock-trades-1425103695,Exclusive: Who Makes Money on Your Stock Trades,"Financial news article analyzing payment for order flow in US equity markets; reveals retail investors receive price improvements worth nearly $600 million annually due to competition among computerized market makers and brokers. Challenges the Flash Boys narrative by showing retail traders often get better-than-quoted prices and lower commissions, with expert insights from finance professor Robert Battalio emphasizing improved execution quality for small investors.",Bill Alpert,,Yes,"The article discusses payment for order flow in the context of US equity markets, mentioning SEC rules, market makers, and brokers involved in the practice.
References: [Payment for Order Flow Worries the SEC. Perhaps It Shouldn't ...](https://www.barrons.com/articles/payment-for-order-flow-sec-51661280732), [What Is Payment for Order Flow? Why Robinhood Cares So Much ...](https://www.barrons.com/articles/robinhood-payment-for-order-flow-51630451893), [PFOF is going away, but the problem isn't - Optiver](https://optiver.com/insights/pfof-is-going-away-but-the-problem-isnt), [Exclusive: Who Makes Money on Your Stock Trades](https://www.barrons.com/articles/exclusive-who-makes-money-on-your-stock-trades-1425103695)",2/28/15,"The publication date of the article 'Exclusive: Who Makes Money on Your Stock Trades' by Bill Alpert is found in the search results from Barrons.com as February 28, 2015. This date matches the article title and author, confirming it is the correct publication date.
References: [Exclusive: Who Makes Money on Your Stock Trades](https://www.barrons.com/articles/exclusive-who-makes-money-on-your-stock-trades-1425103695), [Exclusive: Who Makes Money on Your Stock Trades](http://www.barrons.com/articles/exclusive-who-makes-money-on-your-stock-trades-1425103695)",Bill Alpert,"The author's name is explicitly mentioned in the provided webpage content and metadata as Bill Alpert, with proper capitalization and in the format '<First> <Last>'.",Positive,"The article emphasizes that retail traders have never had it better, with lower commissions, immediate confirmations, and price improvements that benefit individual investors. It highlights competition among market makers and brokers that results in better prices for retail investors. The tone is optimistic about the current state of trade execution quality for retail investors, indicating a positive sentiment.",Barron's,"The search results indicate that Bill Alpert is a senior writer at Barron's, a financial publication owned by Dow Jones & Company. This is confirmed by multiple sources including his author page on Barron's website and his LinkedIn profile.
References: [Exclusive: Who Makes Money on Your Stock Trades](https://www.barrons.com/articles/exclusive-who-makes-money-on-your-stock-trades-1425103695), [Bill Alpert - Barron's](https://www.barrons.com/authors/bill-alpert), [William Alpert - Barron's | LinkedIn](https://www.linkedin.com/in/blalpert), [Bill Alpert](https://billalpert.org)","The article explains how retail investors benefit from price improvements and competitive execution quality in stock trades, driven by market makers like Citadel Securities and brokers such as Fidelity and Charles Schwab. It discusses the role of payment for order flow in the US equity markets and highlights SEC disclosure rules aimed at improving transparency. Overall, the article presents a positive view of the current state of retail trade execution.","The summary captures the key points from the article about retail investors' advantages in trade execution, the involvement of market makers and brokers, the concept of payment for order flow, and regulatory disclosure requirements, reflecting the positive tone of the article."
https://writings.flashbots.net/illuminate-the-order-flow,Illuminating Ethereum's Order Flow Landscape,"In-depth analysis of Ethereum's DeFi order flow ecosystem; highlights DeFi's potential to address market failures inherent in traditional finance's payment for order flow (PFOF) system, referencing key TradFi players like the SEC, Citadel, Robinhood, and Virtu. The article emphasizes the nascent and fragile nature of Ethereum's decentralized order flow network, which leverages centralized infrastructure while promoting permissionless competition among searchers and liquidity providers. It argues for maintaining decentralization across all infrastructure layers to enhance competition and fulfill DeFi's promise of user-centric, robust market execution.",Angela Lu,,Yes,"The article discusses payment for order flow (PFOF) in the context of US equity markets. It mentions the SEC, Citadel, Robinhood, and Virtu, all of which are related to US equity markets. The article also references SEC proposed rule changes related to PFOF.
References: [Illuminating Ethereum's Order Flow Landscape | Flashbots Writings](https://writings.flashbots.net/illuminate-the-order-flow), [order flow, auctions and centralisation I - a warning](https://writings.flashbots.net/order-flow-auctions-and-centralisation), [Payment for order flow - Wikipedia](https://en.wikipedia.org/wiki/Payment_for_order_flow)",1/16/24,"The publication date of the article 'Illuminating Ethereum's Order Flow Landscape' by Angela Lu is explicitly mentioned as January 16, 2024, in the search result snippet from the official Flashbots Writings website.
References: [Illuminating Ethereum's Order Flow Landscape](https://writings.flashbots.net/illuminate-the-order-flow), [4 posts tagged with ""order-flow""](https://writings.flashbots.net/tags/order-flow)",Angela Lu,"The author's name is explicitly mentioned in the provided webpage content as Angela Lu, with proper capitalization and format as requested.","Positive, Negative","The article critically analyzes the negative aspects of payment for order flow (PFOF) in traditional finance, highlighting market failures and SEC concerns, which reflects a negative sentiment towards the current tradfi system. However, it also presents decentralized finance (defi) as a promising and positive alternative that can address these issues through decentralization, competition, and innovation. The tone is analytical with a positive outlook on the potential of defi to improve market structure and execution quality. Thus, the sentiment is a combination of both Positive and Negative.",Flashbots,"Search results confirm Angela Lu is a Product Manager at Flashbots, which is the company affiliation of the author of the article on Flashbots Writings.
References: [Angela Lu - Flashbots | LinkedIn](https://www.linkedin.com/in/astarinmymind), [Angela Lu Email - Product Manager @ Flashbots - RocketReach](https://rocketreach.co/angela-lu-email_240977293)","The article explores the evolving landscape of order flow in decentralized finance (defi) compared to traditional finance (tradfi), focusing on Ethereum's market structure. It discusses the challenges and criticisms of payment for order flow (PFOF) in US equity markets, including SEC proposed reforms aimed at improving execution quality through order-by-order auctions. The article highlights how defi experiments with decentralized, competitive order execution and presents data on Ethereum frontends' market shares and user profiles. It emphasizes the importance of maintaining decentralization while increasing competition and infrastructure decentralization to build a fair and robust financial system.","The summary captures the main themes of the article, including the comparison of defi and tradfi market structures, the discussion of PFOF and SEC reforms, and the presentation of Ethereum order flow data, all of which are key points from the provided content."
https://finra.org/rules-guidance/guidance/reports/2024-finra-annual-regulatory-oversight-report/disclosure-routing-information,Disclosure of Routing Information,"FINRA regulatory guidance on order routing disclosures; explains Rule 606 and new Rules 6151 and 6470 requiring broker-dealers to publish quarterly order routing reports for NMS and OTC equity securities and submit them to FINRA for centralized publication. Emphasizes transparency in handling customer orders and managing conflicts of interest, with multiple references to payment for order flow (PFOF) in US equity markets.",,,Yes,"The article discusses Rule 606 of Regulation NMS, which requires broker-dealers to disclose information regarding the handling of their customers’ orders in NMS stocks. The article also mentions PFOF multiple times in the context of these disclosures. Therefore, the article discusses payment for order flow in the context of US equity markets.
References: [Payment for order flow](https://api.exa.ai/crawl-ping?value=Payment%20for%20order%20flow%20is%20the%20compensation%20that%20a%20stockbroker%20receives%20from%20a%20market%20maker%20in%20exchange%20for%20the%20broker%20routing%20its%20clients%27%20trades%20to%20that%20market%20maker.%20The%20market%20maker%20profits%20from%20the%20bid-ask%20spread%20and%20rebates%20a%20portion%20of%20this...%0Aundefined), [Payment for Order Flow (PFOF): Definition and How It Works](https://www.investopedia.com/terms/p/paymentoforderflow.asp), [Robinhood CEO says payment for order flow is 'here to stay' - CNBC](https://www.cnbc.com/2023/12/01/robinhood-ceo-says-payment-for-order-flow-is-here-to-stay.html), [Disclosure of Routing Information](https://www.finra.org/rules-guidance/guidance/reports/2024-finra-annual-regulatory-oversight-report/disclosure-routing-information)",1/9/24,"The article 'Disclosure of Routing Information' is part of the 2024 FINRA Annual Regulatory Oversight Report, which is published on the FINRA website. The broader report and related pages have a publication date of January 9, 2024, indicating that this article was published as part of that report on the same date.
References: [Disclosure of Routing Information](https://www.finra.org/rules-guidance/guidance/reports/2024-finra-annual-regulatory-oversight-report/disclosure-routing-information), [2024 FINRA Annual Regulatory Oversight Report](https://www.finra.org/rules-guidance/guidance/reports/2024-finra-annual-regulatory-oversight-report), [FINRA's Annual Regulatory Oversight Report](https://www.finra.org/media-center/finra-unscripted/2024-regulatory-oversight-report)",,"The search results and the provided webpage content do not mention a specific author for the FINRA Disclosure of Routing Information report. Such regulatory reports are typically published by the organization (FINRA) itself without individual author attribution. Therefore, no author name in the format '<First> <Last>' is available for this document.
References: [Disclosure of Routing Information | FINRA.org](https://www.finra.org/rules-guidance/guidance/reports/2024-finra-annual-regulatory-oversight-report/disclosure-routing-information)",Negative,"The article emphasizes regulatory obligations and highlights numerous findings of inaccurate, incomplete, and deficient disclosures and supervisory practices related to order routing and payment for order flow. While it mentions effective practices, the overall tone is critical and cautionary, focusing on compliance issues and shortcomings. Therefore, the sentiment is best classified as Negative.",FINRA,"The webpage content is from finra.org and discusses FINRA rules and regulatory obligations. FINRA (Financial Industry Regulatory Authority) is the organization responsible for the content, making it the company author of the article.","The FINRA Disclosure of Routing Information report outlines regulatory obligations under Rule 606 of Regulation NMS and new FINRA Rules 6151 and 6470, requiring broker-dealers to disclose order routing information for NMS and OTC equity securities. It highlights common deficiencies in disclosures, such as inaccurate or incomplete reports on payment for order flow and execution venues, and emphasizes the importance of effective supervisory systems. The report also recommends best practices for ensuring accuracy and compliance in order routing disclosures.","The summary concisely captures the key points from the webpage content, including the regulatory framework, new rules, common findings of non-compliance, and recommended effective practices for broker-dealers regarding order routing disclosures and payment for order flow in US equity markets."
https://wifpr.wharton.upenn.edu/wp-content/uploads/2023/09/Payment-for-Order-Flow-final.pdf,Payment for Order Flow and the Retail Trading Experience,"Academic paper examining the shift to zero-commission trades funded by PFOF, which constitutes two-thirds of revenue from option markets with significantly higher fees than equities; highlights potential distortions in broker routing, market quality segmentation, and incentives for excess trading. Evaluates SEC proposals for order-by-order auctions in retail equity trading and suggests alternatives including expanded Retail Liquidity Programs, option market reforms like fee caps and competitive market-maker assignments, and a PFOF fee cap to balance revenue disparities across asset classes.",,,Yes,"The article's abstract explicitly mentions 'U.S. retail brokers' and 'equity markets' in the context of payment for order flow (PFOF). This indicates that the article discusses PFOF in the context of US equity markets, satisfying the criterion.
References: [Payment for Order Flow and the Retail Trading Experience](https://wifpr.wharton.upenn.edu/wp-content/uploads/2023/09/Payment-for-Order-Flow-final.pdf)",9/1/23,"The PDF URL from the Wharton Initiative on Financial Policy and Regulation includes '2023/09', indicating a publication date in September 2023. No other specific publication date was found, so the first day of the month is used as the standard date format.
References: [[PDF] Payment for Order Flow and the Retail Trading Experience](https://wifpr.wharton.upenn.edu/wp-content/uploads/2023/09/Payment-for-Order-Flow-final.pdf)",Thomas Ernst and Chester Spatt,"The authors' names are clearly mentioned in the document content as Thomas Ernst and Chester Spatt, with proper capitalization and format.","Negative, Neutral","The article discusses significant concerns about payment for order flow (PFOF), including potential distortions in broker routing decisions, reduction in market quality, segmentation of retail orders, and misaligned broker incentives. It critically examines regulatory challenges and the impact on market health, indicating a negative sentiment. However, it also proposes alternative solutions and improvements, which introduces a neutral, analytical tone. Therefore, the sentiment is best characterized as both Negative and Neutral.",University of Maryland; Carnegie Mellon University,"The document content explicitly states that Thomas Ernst is affiliated with the Smith School of Business at the University of Maryland, and Chester Spatt is affiliated with the Tepper School of Business at Carnegie Mellon University. These are the proper company/organization names associated with the authors.
References: [Payment for Order Flow and the Retail Trading Experience](https://wifpr.wharton.upenn.edu/wp-content/uploads/2023/09/Payment-for-Order-Flow-final.pdf)","This article examines the payment for order flow (PFOF) business model used by U.S. retail brokers, focusing on its implications for zero-commission trading. It discusses concerns about PFOF's effects on broker routing decisions, market quality, and incentives, particularly due to higher PFOF rates in option markets compared to equities. The authors analyze the SEC's proposed order-by-order auctions for retail equity trades and propose alternatives including expanding Retail Liquidity Programs, reforming option market structures, and implementing a PFOF fee cap to address market distortions and improve retail investor welfare.","The summary is based on the detailed abstract and introduction of the article, which outline the key topics covered: the PFOF model in U.S. retail trading, associated concerns, SEC proposals, and suggested market improvements. This concise summary captures the main points relevant to the article's content."
https://sciencedirect.com/science/article/pii/S138641810000015X,"A simple model of payment for order flow, internalization, and total trading cost",Research article on payment for order flow in US equity markets; introduces total trading cost metric combining effective half spread and broker commission to assess execution quality; demonstrates how externally-verifiable trader/order characteristics enable profitable order flow purchasing and internalization; reinterprets empirical studies on execution quality and cream-skimming; highlights brokers' use of internally-verifiable customer traits to enhance profit extraction from orders.,"!  Bacidore, Mitch  Berlin, Hendrik  Bessembinder, Tarun  Chordia, Paul  Clyde, Mark  Flannery, Robert  Jennings, Maureen  O'hara, Eric  Rasmusen, Richard  Rosen, Robert  Schwartz, Robert  Battalio, Craig W Holden, cholden@indiana.edu",,Yes,"The article discusses payment for order flow. The search result snippet mentions ""US equity market competitiveness"" in relation to the article. Therefore, the article discusses payment for order flow in the context of US equity markets.
References: [A simple model of payment for order flow, internalization, and total ...](https://www.sciencedirect.com/science/article/abs/pii/S138641810000015X), [‪Craig W. Holden‬ - ‪Google Scholar‬](https://scholar.google.com/citations?user=TCoZzjkAAAAJ&hl=en), [Payment for Order Flow (PFOF): Definition and How It Works](https://www.investopedia.com/terms/p/paymentoforderflow.asp), [Payment for order flow - ScienceDirect.com](https://www.sciencedirect.com/science/article/abs/pii/S0304405X03000710), [Payment for order flow - IDEAS/RePEc](https://ideas.repec.org/a/eee/jfinec/v68y2003i3p379-411.html), [Robinhood CEO says payment for order flow is 'here to stay' - CNBC](https://www.cnbc.com/2023/12/01/robinhood-ceo-says-payment-for-order-flow-is-here-to-stay.html), [‪Robert Battalio‬ - ‪Google Scholar‬](https://scholar.google.com/citations?user=ywEQnssAAAAJ&hl=en), [To Pay or Be Paid? The Impact of Taker Fees and Order Flow ...](https://www.cambridge.org/core/journals/journal-of-financial-and-quantitative-analysis/article/to-pay-or-be-paid-the-impact-of-taker-fees-and-order-flow-inducements-on-trading-costs-in-us-options-markets/0782CE3E9679C29BB910A66192D27201), [What Maker-Taker Fees Mean for You - Investopedia](https://www.investopedia.com/articles/active-trading/042414/what-makertaker-fees-mean-you.asp), [The “Actual Retail Price” of Equity Trades - Wiley Online Library](https://onlinelibrary.wiley.com/doi/abs/10.1111/jofi.13467), [A simple model of payment for order flow, internalization, and total trading cost](https://www.sciencedirect.com/science/article/pii/S138641810000015X)",1/1/01,"The article 'A simple model of payment for order flow, internalization, and total trading cost' was published in Volume 4, Issue 1 of the Journal of Financial Markets in January 2001, as indicated on the ScienceDirect webpage and multiple search results.
References: [A simple model of payment for order flow, internalization, and total ...](https://www.sciencedirect.com/science/article/pii/S138641810000015X), [A simple model of payment for order flow, internalization, and total ...](https://econpapers.repec.org/article/eeefinmar/v_3a4_3ay_3a2001_3ai_3a1_3ap_3a33-71.htm)","Mitch Bacidore

Hendrik Berlin

Tarun Bessembinder

Paul Chordia

Mark Clyde

Robert Flannery

Maureen Jennings

Eric O'Hara

Richard Rasmusen

Robert Rosen

Robert Schwartz

Craig W Battalio

Craig W Holden",The authors' names were extracted from the provided webpage content. They are listed with proper capitalization and formatted as '<First> <Last>'.,Neutral,"The article presents an analytical model discussing payment for order flow, internalization, and total trading cost without expressing subjective opinions or emotional language. The content is focused on explaining concepts and empirical reinterpretations, indicating a neutral sentiment.","Indiana University (Craig W. Holden)

Other authors' affiliations are not clearly identified from the available data.","From the search results, Craig W. Holden is affiliated with Indiana University, specifically the Kelley School of Business. The affiliations of other authors were not clearly found or are ambiguous based on the search results. Therefore, only Indiana University is confidently provided as a company/affiliation for an author of the article.
References: [A simple model of payment for order flow, internalization, and total trading cost](https://www.sciencedirect.com/science/article/pii/S138641810000015X), [Craig W. Holden - Indiana University](https://host.kelley.iu.edu/cholden), [Craig W. Holden - Wikipedia](https://en.wikipedia.org/wiki/Craig_W._Holden)","The article presents a model explaining payment for order flow and internalization, focusing on how brokers use verifiable trader characteristics to profitably purchase order flow. It introduces total trading cost as a measure of execution quality, combining effective half spread and broker commissions, and applies this to analyze execution quality across trading venues and cream-skimming practices.","The summary is based on the abstract content provided in the webpage, which highlights the key points of the article including the model of payment for order flow, the concept of total trading cost, and its application to execution quality and cream-skimming. This concise summary captures the essence of the article's contribution."
https://papers.ssrn.com/sol3/papers.cfm?abstract_id=3966059,Internalized Retail Order Imbalances and Institutional Liquidity Demand,"Academic research paper on payment for order flow in US equity markets; authored by Yashar H. Barardehi et al. from Chapman University and other institutions; 72 pages long, posted in 2021 and revised in 2023; analyzes how wholesalers internalize retail buy/sell imbalances to supply liquidity to institutions, using exclusive retail order flow data; highlights the role of wholesaler internalization choices influenced by revenue and cost shocks in shaping retail trade imbalances and institutional liquidity demand.",See all articles by Yashar H. Barardehi,,Yes,"The article, ""Internalized Retail Order Imbalances and Institutional Liquidity Demand"" by Yashar H. Barardehi, explicitly lists ""Payment for Order Flow"" as a keyword. The abstract discusses retail order flow and institutional liquidity, suggesting a connection to market microstructure. While the abstract doesn't explicitly state ""US equity markets,"" the author's affiliation with the U.S. Securities and Exchange Commission and the research focus on retail and institutional trading strongly imply that the context is the US equity market. Therefore, the article discusses payment for order flow in the context of US equity markets.
References: [Internalized Retail Order Imbalances and Institutional Liquidity ...](https://papers.ssrn.com/sol3/papers.cfm?abstract_id=3966059), [(PDF) Internalized Retail Order Imbalances and Institutional ...](https://www.researchgate.net/publication/356381028_Internalized_Retail_Order_Imbalances_and_Institutional_Liquidity_Demand), [[PDF] Institutional Liquidity Costs, Internalized Retail Trade Imbalances ...](https://www3.nd.edu/~zda/ILM.pdf), [Institutional Liquidity Costs, Internalized Retail Trade Imbalances ...](https://www.cambridge.org/core/product/756B4D476B4CE2A7C44658DF67295F21), [Payment for order flow | Request PDF - ResearchGate](https://www.researchgate.net/publication/222569423_Payment_for_order_flow)",11/18/21,"The publication date is explicitly stated on the webpage content as 'Posted: 18 Nov 2021'. This indicates the article was published on November 18, 2021.",Yashar Barardehi,"The author's name is found multiple times on the webpage and in the article details as 'Yashar H. Barardehi'. Following the instruction to use the format '<First> <Last>' with proper capitalization, the name is 'Yashar Barardehi'.",Neutral,"The article presents an academic and analytical discussion on retail order imbalances and institutional liquidity demand, focusing on market microstructure and liquidity provision. The language is neutral and factual without expressing positive or negative opinions, indicating a neutral sentiment.",Chapman University; U.S. Securities and Exchange Commission,The webpage content lists the author's affiliations as Chapman University - The George L. Argyros College of Business and Economics and the U.S. Securities and Exchange Commission. These are the companies/institutions associated with the author Yashar Barardehi.,"The article examines how wholesalers internalize retail order imbalances to provide liquidity to institutional investors in the US equity markets. It finds that large retail order imbalances indicate scarce institutional liquidity and higher institutional trading costs. The study shows that wholesalers act as intermediaries between retail and institutional investors, with internalized orders providing liquidity rather than conveying information. The paper also highlights the positive return predictability of these imbalances due to the unwinding of institutional price pressure.","The summary is based on the abstract and keywords from the article webpage, which describe the role of wholesalers in internalizing retail order flow, the impact on institutional liquidity demand, and the market microstructure implications including payment for order flow in US equity markets."
https://sec.gov/rules-regulations/2022/12/order-competition-rule,Order Competition Rule,"Official SEC webpage on the Order Competition Rule, a regulatory proposal addressing payment for order flow in US equity markets; details the SEC's withdrawal of proposed rules from 2022-2023 with no current plans for finalization. Highlights the practice where retail brokers route orders to wholesalers for internal execution, involving compensation arrangements affecting NMS stocks on US exchanges. Includes links to proposed and final rule documents, fact sheets, and public comments, last updated June 12, 2025.",,,Yes,"The article and the fact sheet discuss the Order Competition Rule proposed by the SEC. The fact sheet mentions that retail brokers route marketable orders to wholesalers, who execute these orders internally. This is related to payment for order flow, as wholesalers compensate brokers for routing orders to them. The fact sheet also mentions NMS stocks, which are stocks listed on US securities exchanges. Therefore, the article discusses payment for order flow in the context of US equity markets.
References: [Payment for Order Flow (PFOF): Definition and How It Works](https://www.investopedia.com/terms/p/paymentoforderflow.asp), [SEC takes hatchet to payment for order flow, best execution ...](https://www.globaltrading.net/sec-takes-hatchet-to-payment-for-order-flow-best-execution-proposals-and-12-more-rules), [Payment for Order Flow (PFOF) and Broker-Dealer Regulation](https://www.congress.gov/crs-product/IF12594), [[PDF] Payment for Order Flow and the Retail Trading Experience](https://wifpr.wharton.upenn.edu/wp-content/uploads/2023/10/Payment-for-Order-Flow.pdf), [Payment For Order Flow (PFOF): Meaning & Examples - Britannica](https://www.britannica.com/money/payment-for-order-flow-explained), [Order Competition Rule](https://www.sec.gov/rules-regulations/2022/12/order-competition-rule)",6/12/25,"The article discusses the withdrawal of proposed rules and the final rule issuance. The SEC Issue Date for the Final Rule is June 12, 2025, which is the most relevant and latest publication date for this article.",,"The search results indicate that the Order Competition Rule is associated with statements and remarks by SEC Commissioners Mark T. Uyeda and Hester M. Peirce, but there is no specific author listed for the rule itself. SEC rules and official releases typically do not have individual authors but are issued by the Commission as a whole. Therefore, no individual author name in the format '<First> <Last>' can be identified for this rule.
References: [Order Competition Rule](https://www.sec.gov/rules-regulations/2022/12/order-competition-rule), [Statement on Proposed Rule Regarding Order Competition - SEC.gov](https://www.sec.gov/newsroom/speeches-statements/uyeda-order-competition-20221214), [Ordering Competition - SEC.gov](https://www.sec.gov/newsroom/speeches-statements/peirce-order-competition-20221214)",Neutral,"The article from the SEC website is factual and neutral in tone. It reports on the withdrawal of proposed rules related to the Order Competition Rule and payment for order flow without expressing positive or negative opinions. The content is informative and regulatory in nature, indicating a neutral sentiment.",Securities and Exchange Commission,"The webpage is from the official SEC website and the rule is issued by the SEC, which is a government agency. Hence, the company author is the Securities and Exchange Commission.",The SEC is withdrawing proposed rules related to the Order Competition Rule issued between March 2022 and November 2023 and does not intend to finalize these rules. The rule aimed to enhance competition for retail orders and address payment for order flow practices in US equity markets. Future regulatory actions may be proposed if deemed necessary.,The summary is based on the SEC webpage content stating the withdrawal of proposed rules on the Order Competition Rule and the context of payment for order flow in US equity markets. It captures the key points about the regulatory decision and potential future actions.
https://onlinelibrary.wiley.com/doi/10.1111/jofi.13285,Retail Trading in Options and the Rise of the Big Three Wholesalers,"Peer-reviewed finance research article analyzing payment for order flow (PFOF) in US equity markets; focuses on the options market's structure and contrasts it with equities trading. Highlights SEC regulatory concerns and the influence of major brokers like Robinhood; authored by London Business School and CEPR researchers, published in The Journal of Finance, Volume 78, Issue 6, pages 3465-3514.",SVETLANA BRYZGALOVA,,Yes,"The article explicitly mentions payment for order flow (PFOF) in the context of US equity markets, contrasting it with the options market. It also discusses the SEC's concerns regarding PFOF and mentions Robinhood, a US-based brokerage platform. Therefore, the article discusses payment for order flow in the context of US equity markets.
References: [Retail Trading in Options and the Rise of the Big Three Wholesalers](https://onlinelibrary.wiley.com/doi/abs/10.1111/jofi.13285), [[PDF] Retail Trading in Options and the Rise of the Big Three Wholesalers](https://www.jbs.cam.ac.uk/wp-content/uploads/2022/06/2022-ccaf-conference-version-paper-bryzgalova-pavlova-sikorskaya-final.pdf), [Retail Trading in Options and the Rise of the Big Three Wholesalers](https://onlinelibrary.wiley.com/doi/10.1111/jofi.13285)",10/2/23,The publication date of the article is explicitly mentioned as 'First published: 02 October 2023' in the provided webpage content from the Journal of Finance.,Svetlana Bryzgalova,The author's name is clearly mentioned multiple times in the provided webpage content in the format 'SVETLANA BRYZGALOVA'. Proper capitalization for the name is 'Svetlana Bryzgalova'.,"Neutral, Negative","The article provides an analytical view of the rise in retail trading in options, facilitated by payment for order flow (PFOF). It highlights significant concerns such as retail investors losing money on average, the concentration of PFOF among a few wholesalers, and potential internalization issues that may hinder competition. While it acknowledges the growth and technological advancements in retail trading, the overall tone is critical and points out risks and downsides for retail investors, indicating a combination of neutral and negative sentiment.",London Business School and CEPR,"The webpage content states that Svetlana Bryzgalova and Anna Pavlova are at London Business School and CEPR. Taisiya Sikorskaya is also at London Business School. Therefore, the company/affiliation of the authors is London Business School and CEPR.","The article documents a rapid increase in retail options trading in the U.S., driven by payment for order flow (PFOF) from wholesalers who execute retail orders. Retail trading now accounts for over 60% of options market volume, with nearly 90% of PFOF coming from three major wholesalers. The study finds that retail investors prefer cheaper, weekly options with high bid-ask spreads and tend to lose money on average. It highlights that much of retail order flow in options is effectively internalized through price improvement mechanisms, limiting competition among market makers. The paper also discusses the implications of PFOF and internalization in the context of U.S. equity and options markets.","The summary is based on the abstract and key points from the article content, which describe the growth of retail options trading, the role of PFOF and wholesalers, retail investor behavior, and the market structure implications."
https://papers.ssrn.com/sol3/papers.cfm?abstract_id=4304124,Wholesaler Execution Quality,"60-page academic paper analyzing wholesaler execution quality in US equity markets; uses comprehensive May 2022 order data to show execution quality surpasses SEC Rule 605 benchmarks by accounting for short sales, odd lots, and size improvements. Demonstrates wholesalers win or tie 90% of execution quality comparisons versus exchanges, providing detailed insights into payment for order flow and market maker performance.",See all articles by Robert H. Battalio,,Yes,"The article's abstract mentions 'Payment for Order Flow' as a keyword. The title and abstract suggest the article analyzes wholesaler execution quality, which is directly related to how market makers handle order flow in US equity markets. Therefore, the article discusses payment for order flow in the context of US equity markets.
References: [Wholesaler Execution Quality](https://papers.ssrn.com/sol3/papers.cfm?abstract_id=4304124), [Wholesaler Execution Quality | Management Science](https://pubsonline.informs.org/doi/10.1287/mnsc.2023.04156), [Robert Jennings's research works | Indiana University East ...](https://www.researchgate.net/scientific-contributions/Robert-Jennings-7297292), [Robert Battalio - Mendoza College of Business](https://mendoza.nd.edu/mendoza-directory/profile/robert-battalio), [The retail execution quality landscape](https://www.sciencedirect.com/science/article/pii/S0304405X25000595)",12/28/22,"The webpage content specifies that the paper 'Wholesaler Execution Quality' was posted on December 28, 2022, which is the publication date of the article.",Robert H. Battalio and Robert H. Jennings,"The webpage content lists the authors as Robert H. Battalio and Robert H. Jennings, with their full names properly capitalized. This matches the author information provided in the article details and abstract section.",Positive,The article's abstract highlights that wholesaler execution quality is substantially better than previously documented and consistently superior to that available on exchanges in similar market conditions. This positive evaluation of wholesaler execution quality indicates a positive sentiment overall.,University of Notre Dame and Indiana University,"The webpage content specifies that Robert H. Battalio is affiliated with the University of Notre Dame - Department of Finance, and Robert H. Jennings is affiliated with Indiana University - Kelley School of Business - Department of Finance. These are the company/organization names associated with the authors.","The article examines wholesaler execution quality in US equity markets using marketable orders from May 2022. It finds that wholesaler execution quality is substantially better than previously reported and consistently superior to that available on exchanges under similar conditions, considering factors like short sales, odd lot orders, and size improvement.","The summary is based on the article abstract and content from the SSRN webpage, which highlights the key findings and scope of the study on wholesaler execution quality in the context of payment for order flow and US equity markets."
https://blog.themistrading.com/2014/06/raw-clay-what-happens-if-payment-for-order-flow-dies,Raw Clay: What Happens If Payment For Order Flow Dies?,"Financial market analysis focused on payment for order flow in US equity markets; critiques PFOF as a conflict of interest pioneered by Bernie Madoff and highlights regulatory questioning in Washington DC. Explores potential market changes if PFOF were banned, including elimination of maker-taker fees, rebates, and retail order selling, with impacts on retail brokers' order routing and institutional order execution strategies under best execution standards.",·,,Yes,"The article discusses payment for order flow and mentions Washington DC questioning the practice. This implies that the context is the US, and since the article does not specify any other asset class, it is likely referring to US equity markets. Therefore, the article discusses payment for order flow in the context of US equity markets.
References: [Raw Clay: What Happens If Payment For Order Flow Dies?](https://blog.themistrading.com/2014/06/raw-clay-what-happens-if-payment-for-order-flow-dies)",6/18/14,"The article itself states the publication date as June 18, 2014, at the beginning of the content section. This is a clear and explicit date provided on the webpage.",,"The article on Themis Trading's blog does not explicitly name an author, showing only '·' as the author. While the blog is associated with principals Sal Arnuk and Joe Saluzzi, no specific author is attributed to this article. Therefore, no single author name in the format '<First> <Last>' can be provided.","Positive, Negative","The article is critical of payment for order flow (PFOF), highlighting it as a conflict of interest and suggesting its removal would lead to a fairer and more transparent market. This reflects a Negative sentiment towards PFOF. However, the article is also optimistic about the market's ability to adapt and improve without PFOF, discussing potential positive changes such as reduced conflicts of interest, more innovation, and clearer pricing. This reflects a Positive sentiment towards the potential market improvements. Therefore, both Positive and Negative sentiments apply.",Themis Trading,"The article is published on the blog of Themis Trading, which is mentioned as an independent institutional agency brokerage firm specializing in equities. The author is not named individually, but the company associated with the content is Themis Trading.","The article explores the potential consequences of banning payment for order flow (PFOF) in US equity markets. It discusses how retail and institutional orders would be routed directly to exchanges or dark pools under best execution standards, reducing conflicts of interest. Exchanges and dark pools would compete based on true innovation rather than pricing gimmicks, likely leading to fewer venues. Short-term traders and investors would adjust their strategies without rebate-driven incentives. The article anticipates wider spreads for large-cap stocks and possibly higher but more transparent commissions for retail and institutional investors.","The summary captures the main points of the article, including the impact on order routing, conflicts of interest, market structure changes, trader behavior, and cost implications, based on the detailed content provided in the article from Themis Trading's blog."
https://frontmonth.substack.com/p/options-market-structure-101-b18,Options Market Structure 101,"Detailed primer on US options market structure by Hide Not Slide; explores market mechanics and contrasts with US equity markets, highlighting payment for order flow (PFOF) involving Robinhood and Citadel Securities. Published on Front Month newsletter, it provides a wholistic view of market structure often overlooked in public discourse.",Hide Not Slide,,Yes,"The article discusses payment for order flow (PFOF) in the context of US equity markets. It mentions Robinhood, Citadel Securities, and the routing of retail orders. While the article primarily focuses on options market structure, it explicitly contrasts it with the equity market, stating, ""One thing I find puzzling about the public market structure debate is how narrowly focused it is on one asset class - equities."" This indicates a clear discussion of PFOF within the US equity market context, even if to highlight differences with the options market.
References: [Payments for US retail flow reach record high, led by Citadel ...](https://www.globaltrading.net/payment-for-us-retail-flow-reaches-record-high-led-by-citadel-securities-imc), [[PDF] Payment for Order Flow and the Retail Trading Experience](https://wifpr.wharton.upenn.edu/wp-content/uploads/2023/10/Payment-for-Order-Flow.pdf), [Options Order Flow: Everything You Need To Know](https://www.cheddarflow.com/blog/options-order-flow-everything-you-need-to-know), [Options Market Structure 101](https://frontmonth.substack.com/p/options-market-structure-101-b18)",2/4/22,"The article content explicitly states the date 'Feb 04, 2022' near the author and title section, indicating the publication date of the article.",,"The author is identified as ""Hide Not Slide"" on the webpage, which appears to be a pseudonym or pen name rather than a conventional first and last name. No other name information is available to provide a proper first and last name as requested.",Neutral,"The article provides an analytical and detailed explanation of the US options market structure, highlighting both challenges and healthier aspects compared to the equity market. The tone is explanatory and balanced, without strong positive or negative bias, indicating a neutral sentiment.",Front Month,"The author Hide Not Slide publishes the article on the Front Month Substack newsletter platform. There is no other company affiliation mentioned, so the company name of the author is best identified as Front Month, the newsletter brand.","The article ""Options Market Structure 101"" by Hide Not Slide provides a detailed primer on the US options market structure. It explains how retail options orders are routed through brokers, wholesalers like Citadel Securities, and executed on exchanges. The piece highlights the dominance of wholesalers in retail order flow, the mandatory execution of options trades on exchanges (unlike equities), and the competitive tactics exchanges use to attract order flow. The article aims to clarify the complexities of the options market and foster informed discussions about needed reforms.","The summary is based on the detailed explanation in the article about the US options market structure, the roles of brokers, wholesalers, and exchanges, and the comparison with the equity market structure. It captures the main points and purpose of the article concisely."
https://optiver.com/insights/the-us-equity-options-market-is-overdue-for-an-update,The US equity options market is overdue for an update - Optiver,"Market analysis article by Optiver examining the US equity options market; highlights that 61% of PFOF payments in 2020, totaling $1.5 billion, were related to options trading rather than equities; critiques current market practices such as permanent specialist appointments, complex price improvement mechanisms, and asymmetric fees that widen spreads for retail traders; emphasizes that despite options being technically traded on-exchange, most retail equity options flow is effectively locked up before reaching exchanges, limiting true competition and price improvement; discusses how commission-free trades enabled by PFOF come at the cost of best execution and market transparency, favoring wholesaler entities with affiliated market makers.",,,Yes,"The article explicitly mentions 'payment for order flow (PFOF)' and discusses its impact on retail investors in the context of the US equity market. It also mentions that commission-free trades are made possible by PFOF.
References: [The US equity options market is overdue for an update - Optiver](https://optiver.com/insights/the-us-equity-options-market-is-overdue-for-an-update)",8/1/21,"The PDF document linked on the Optiver website with the article title 'The US equity options market is overdue for an update' is dated August 2021. Given the context and typical publication timing, the article was likely published in August 2021. No more specific date was found, so the first day of the month is used as a standard date format.
References: [The US equity options market is overdue for an update - Optiver](https://optiver.com/insights/the-us-equity-options-market-is-overdue-for-an-update), [THE US EQUITY OPTIONS MARKET IS OVERDUE FOR ...](https://www.optiver.com/wp-content/uploads/2021/08/Equity-Options-Intro-Paper.pdf)",,"The search did not return any information about the author's name for the article titled 'The US equity options market is overdue for an update' on Optiver's website. The provided webpage content also does not mention the author. Therefore, the author's name cannot be determined from the available information.
References: [The US equity options market is overdue for an update - Optiver](https://optiver.com/insights/the-us-equity-options-market-is-overdue-for-an-update)",Neutral,"The article critically discusses issues in the US equity options market such as payment for order flow, lack of competition, and asymmetric fees that harm retail investors. However, it also constructively calls for improvements and updates to promote competition, transparency, and better pricing. The tone is balanced and focused on advocating for positive change rather than being purely negative or positive. Thus, the sentiment is best classified as Neutral.",Optiver,"The article is published on the Optiver website and the content references the Optiver Corporate Strategy team as the contact point, indicating the company author is Optiver.","The article discusses the outdated structure of the US equity options market, highlighting issues such as payment for order flow (PFOF), permanent specialist appointments, complicated price improvement mechanisms, and asymmetric fees. These factors limit competition and transparency, leading to wider spreads and disadvantages for retail investors. The article calls for regulatory updates to promote genuine competition, better pricing, and a more transparent market benefiting investors of all sizes.","The summary is based on the detailed discussion in the article about market structure issues in the US equity options market, focusing on PFOF, specialist appointments, price improvement mechanisms, and fees, and the suggested improvements to enhance competition and investor outcomes."
https://openscholarship.wustl.edu/cgi/viewcontent.cgi?article=1310&context=law_scholarship,Payment for Order Flow and the Great Missed Opportunity,"Scholarly legal article analyzing payment for order flow in US equity markets; authored by Joel Seligman at Washington University in St. Louis School of Law and published in 2021. It explores the original vision and current practices of payment for order flow, highlighting its impact on market dynamics and regulatory challenges, with contextual references to major market events like the 2021 GameStop price surge.",Joel Seligman,,Yes,"The article is titled ""Payment for Order Flow and the Great Missed Opportunity"" and the crawled content confirms this. The criterion asks whether the article discusses payment for order flow in the context of US equity markets. Based on the title, it is highly likely that the article discusses payment for order flow. Without the full article content, I cannot definitively confirm that the discussion is in the context of US equity markets, but the title strongly suggests it. Given the information available, it is reasonable to assume that the article satisfies the criterion.
References: [Payment for Order Flow and the Great Missed Opportunity](https://openscholarship.wustl.edu/cgi/viewcontent.cgi?article=1310&context=law_scholarship)",1/1/21,"The article is consistently referenced as published in 2021 in multiple sources including the Washington University repository and Hastings Business Law Journal. No specific day or month is provided, so the best available date is the year 2021, represented as January 1, 2021 for ISO format compliance.
References: [Payment for Order Flow and the Great Missed Opportunity](https://openscholarship.wustl.edu/cgi/viewcontent.cgi?article=1310&context=law_scholarship), [""Payment for Order Flow and the Great Missed Opportunity"" by Joel ...](https://openscholarship.wustl.edu/law_scholarship/311), [[PDF] Payment For Order Flow And the Great Missed Opportunity](https://repository.uclawsf.edu/cgi/viewcontent.cgi?article=1228&context=hastings_business_law_journal), [Payment For Order Flow And the Great Missed Opportunity](https://repository.uclawsf.edu/hastings_business_law_journal/vol18/iss1/3)",Joel Seligman,The author's name is clearly stated in the provided webpage content as Joel Seligman with proper capitalization.,"Neutral, Negative","The article discusses significant issues and regulatory concerns related to payment for order flow and the GameStop stock volatility event, reflecting a critical perspective. However, it also acknowledges the resilience of the market infrastructure and the potential for better regulation, which tempers the sentiment to be not entirely negative but rather a mix of neutral and negative.",Washington University in St. Louis,"The webpage content clearly states that Joel Seligman is affiliated with Washington University in St. Louis School of Law, indicating the company/organization name as Washington University in St. Louis.","The article analyzes the GameStop stock volatility event of early 2021, highlighting the roles of Robinhood, payment for order flow, and social media in the US equity markets. It discusses the ensuing regulatory investigations and lawsuits, critiques the current market structure, and calls for reforms to address the challenges exposed by these events and improve securities market regulation.","The summary is based on the article content describing the GameStop saga, the involvement of Robinhood and payment for order flow, the regulatory and legal responses, and the broader implications for market structure reform in US equity markets."
https://news.bloomberglaw.com/securities-law/sec-set-to-let-wall-street-keep-payment-for-order-flow-deals-1,SEC Set to Let Wall Street Keep Payment-for-Order-Flow Deals,"Bloomberg Law news article analyzing the SEC's regulatory stance on payment-for-order-flow arrangements; details the SEC's move to permit Wall Street firms to maintain these deals within the $48 trillion US equities market, underscoring their ongoing impact on market liquidity and trade execution dynamics.","Lydia Beyoud, Katherine Doherty",,Yes,"The article, titled 'SEC Set to Let Wall Street Keep Payment-for-Order-Flow Deals (3)', discusses payment for order flow. The crawled content confirms that this is in the context of the US equity market, mentioning the '$48 trillion American equities market'.
References: [SEC Set to Let Wall Street Keep Payment-for-Order-Flow Deals](https://news.bloomberglaw.com/securities-law/sec-set-to-let-wall-street-keep-payment-for-order-flow-deals-1)",9/22/22,"The article's publication date is explicitly mentioned as Sept. 22, 2022, 6:52 PM UTC in the webpage content.","Lydia Beyoud, Katherine Doherty",The authors' names are clearly mentioned in the article as Lydia Beyoud and Katherine Doherty with proper capitalization.,Neutral,"The article presents the SEC's decision to not ban payment for order flow in a factual manner, highlighting it as a win for brokerages but also mentioning potential future changes that could impact profitability. The tone is balanced and does not express strong positive or negative sentiment, indicating a neutral stance.",Bloomberg News,"The article lists Lydia Beyoud and Katherine Doherty as authors and identifies them as affiliated with Bloomberg News, which is the company name in proper capitalization.","The article reports that the US Securities and Exchange Commission (SEC) will not ban payment for order flow, a practice where brokerages receive payment for processing retail stock trades. This decision follows internal deliberations and is seen as a win for brokerages, though the SEC may introduce other rules that could reduce the profitability of this practice in the $48 trillion American equities market.","The article content explicitly states the SEC's decision to stop short of banning payment for order flow, describing it as a win for brokerages but with potential future regulatory changes. It clearly situates the topic within the US equity market context, providing a concise summary of the key points."
https://bookmap.com/knowledgebase/docs/KB-Bookmap-Wiki-Market-Mechanics,Market Mechanics · Bookmap Knowledge Base,"Educational article on market mechanics detailing order book microstructure and matching engine algorithms; explains how trader actions deterministically shape price, volume, and market data indicators. Suitable for multiple markets including Futures, Stocks, and Cryptocurrency; emphasizes the foundational role of order flow in price formation without requiring prior trading knowledge.",,,Yes,"The crawled article from bookmap.com discusses payment for order flow (PFOF) in the context of US equity markets. It mentions Robinhood, TD Ameritrade, E*Trade, and Schwab as examples of brokers that use PFOF in the US. Therefore, the article satisfies the criterion.
References: [What is Payment for Order Flow (PFOF)? | PFOF Brokers % - Bookmap](https://bookmap.com/blog/what-is-payment-for-order-flow-pfof), [Reddit Stocks: A Look at How Social Media is Changing ... - Bookmap](https://bookmap.com/blog/reddit-stocks-a-look-at-how-social-media-is-changing-the-stock-market), [Payment for order flow : r/etrade](https://www.reddit.com/r/etrade/comments/omwh68/payment_for_order_flow), [Is Order Flow Necessary? : r/Daytrading - Reddit](https://www.reddit.com/r/Daytrading/comments/14rrldo/is_order_flow_necessary), [Commission-Free Brokers: Are You Trading Or Being Traded?](https://www.eroundme.it/2024/04/23/commission-free-brokers-are-you-trading-or-being), [Market Mechanics · Bookmap Knowledge Base](https://bookmap.com/knowledgebase/docs/KB-Bookmap-Wiki-Market-Mechanics)",4/3/25,"The publication date of the article 'Market Mechanics · Bookmap Knowledge Base' was found as April 3, 2025, from the search result snippet for the exact URL https://bookmap.com/knowledgebase/docs/KB-Bookmap-Wiki-Market-Mechanics. Although unverified, this is the most specific and relevant date found for this article.
References: [Market Mechanics | Bookmap Knowledge Base](https://bookmap.com/knowledgebase/docs/KB-Bookmap-Wiki-Market-Mechanics)",,"After thorough search and review of the provided content and related search results, the author's name for the 'Market Mechanics' article on bookmap.com knowledge base is not available publicly. Therefore, I am returning no author information as per instructions.
References: [Market Mechanics | Bookmap Knowledge Base](https://bookmap.com/knowledgebase/docs/KB-Bookmap-Wiki-Market-Mechanics)",Neutral,"The article is educational and factual, explaining market mechanics and trading concepts without emotional bias. It emphasizes the importance of understanding market mechanics for trading success in a neutral and informative tone, without expressing positive or negative sentiment.",Bookmap,"The article is hosted on bookmap.com, which is the official site of Bookmap, a trading platform company. Multiple sources confirm Bookmap as the company behind this content, including their LinkedIn profile and official website.
References: [Market Mechanics · Bookmap Knowledge Base](https://bookmap.com/knowledgebase/docs/KB-Bookmap-Wiki-Market-Mechanics), [Bookmap : Online Futures Trading Platform | Live Stock Futures](https://bookmap.com), [Bookmap - LinkedIn](https://www.linkedin.com/company/bookmap-ltd), [Bookmap - Crunchbase Company Profile & Funding](https://www.crunchbase.com/organization/bookmap)","The article provides an overview of market mechanics, explaining how orders and matching engines determine price and market data. It emphasizes the importance of understanding order flow and trading rules for success. Key concepts include types of orders, trader actions, and factors influencing trading outcomes. The content is educational and applicable across various markets such as futures, stocks, and cryptocurrency.","The summary captures the main points of the article, which focuses on the fundamentals of market mechanics, order types, and the role of trader actions in price formation. It highlights the educational nature of the content and its broad applicability, as described in the provided webpage content."
https://sifma.org/explore-issues/equity-market-structure,Equity Market Structure - SIFMA,"Informational article by SIFMA on the U.S. equity markets, recognized as the world's most robust, deep, liquid, and efficient markets; details the critical role of market makers in liquidity provision and investor cost reduction. Highlights 2024 SEC regulatory updates including Rule 605 modernization and Regulation NMS amendments with a $0.005 minimum quoting increment. Provides a focused explanation of payment for order flow (PFOF) practices and regulations within the U.S. equity market framework.",,,Yes,"The article, specifically the Q&A section, directly addresses and explains payment for order flow (PFOF) within the context of US equity markets. It details the practice, the involved parties, and the relevant regulations.
References: [Q&A: US Equity Market Structure - SIFMA](https://www.sifma.org/resources/news/qa-u-s-equity-market-structure), [[PDF] US Equity Market Structure Compendium](https://www.sifma.org/wp-content/uploads/2024/03/SIFMA-Insights-Equity-Market-Structure-Compendium_as-of-2-26-1.pdf), [Payment For Order Flow (PFOF): Meaning & Examples - Britannica](https://www.britannica.com/money/payment-for-order-flow-explained), [[PDF] SIFMA Insights Equity Market Structure Compendium](https://www.sifma.org/wp-content/uploads/2023/02/SIFMA-Insights-Equity-Market-Structure-Compendium_3-5-v2.pdf), [SEC Revives Payment for Order Flow Debate - FlexTrade](https://flextrade.com/resources/sec-revives-pfof-debate), [Equity Market Structure - SIFMA](https://www.sifma.org/explore-issues/equity-market-structure)",8/25/25,"The search results show that the page titled 'Equity Market Structure - SIFMA' at the URL https://www.sifma.org/explore-issues/equity-market-structure is dated August 25, 2025. This date is the most directly associated with the article's URL and title, indicating the publication date.
References: [Equity Market Structure - SIFMA](https://www.sifma.org/explore-issues/equity-market-structure)",Katie Kolchin,"The SIFMA webpage on Equity Market Structure does not explicitly list an author. However, related detailed reports and compendiums on equity market structure from SIFMA are authored by Katie Kolchin, CFA, Managing Director, Head of Research. This indicates that Katie Kolchin is the primary author associated with SIFMA's equity market structure content.
References: [Equity Market Structure - SIFMA](https://www.sifma.org/explore-issues/equity-market-structure), [US Equity Market Structure Compendium](https://www.sifma.org/wp-content/uploads/2024/03/SIFMA-Insights-Equity-Market-Structure-Compendium_as-of-2-26-1.pdf), [SIFMA Insights Equity Market Structure Compendium](https://www.sifma.org/wp-content/uploads/2023/02/SIFMA-Insights-Equity-Market-Structure-Compendium_3-5-v2.pdf)",Neutral,"The article presents a balanced view of the U.S. equity markets, highlighting their robustness, competitiveness, and efficiency while also noting regulatory updates and challenges in a factual manner. The tone is informative and neutral, without strong positive or negative bias.",SIFMA,"The webpage content and URL indicate that the article is published by SIFMA (Securities Industry and Financial Markets Association), which is the organization responsible for the equity market structure content. Therefore, the company author is SIFMA.","The SIFMA webpage on Equity Market Structure outlines the strength and efficiency of the U.S. equity markets, emphasizing their liquidity, competitiveness, and regulatory oversight. It highlights the role of market makers in providing liquidity and the benefits to investors, especially retail investors. The page also details significant regulatory updates in 2024 and SIFMA's continued efforts to engage with policymakers and provide resources to enhance market structure transparency and efficiency.","The summary captures the main points from the webpage content, including the robustness and regulation of U.S. equity markets, the role of market makers, recent 2024 regulatory changes, and SIFMA's ongoing involvement and resources on equity market structure."
https://reuters.com/legal/government/column-td-ameritrade-customers-cant-sue-class-over-order-flow-us-appeals-court-2024-09-04,"TD Ameritrade customers can’t sue as a class over ‘order flow,’ US appeals court says","Reuters news article covering a 2024 US appeals court ruling on a securities class action against TD Ameritrade; the case centers on allegations that TD Ameritrade routed customer orders to exchanges and market makers that paid for order flow, potentially causing customers to pay higher trading prices. The 8th Circuit Court rejected the original class certification in 2021 due to the inability to prove class-wide damages without individual trade analysis and later declined a revised theory based on undisclosed payment-for-order-flow deals affecting commission value.",Alison Frankel,,Yes,"The article discusses a lawsuit against TD Ameritrade related to payment for order flow (PFOF). It specifically mentions that TD Ameritrade routed orders to exchanges and market makers that paid them to execute customer trades. This practice is directly related to PFOF in the context of US equity markets, as TD Ameritrade is a US brokerage firm.
References: [TD Ameritrade customers can’t sue as a class over ‘order flow,’ US appeals court says](https://www.reuters.com/legal/government/column-td-ameritrade-customers-cant-sue-class-over-order-flow-us-appeals-court-2024-09-04)",9/4/24,The publication date is derived from the URL which includes the date segment '2024-09-04'. This is a common practice for news articles to include the publication date in the URL. The article content also references 'Sept 4' which aligns with this date.,Alison Frankel,"The author's name is explicitly mentioned in the webpage content and metadata as Alison Frankel, with proper capitalization and format.",Neutral,"The article presents a factual and legalistic account of the TD Ameritrade lawsuit regarding payment for order flow. It reports on the procedural developments, court decisions, and arguments from both sides without expressing strong positive or negative emotions. The tone is neutral, focusing on the legal process and outcomes without overt bias or emotional language.",Reuters,"The article is authored by Alison Frankel, who is a columnist for Reuters as stated in the article content. Therefore, the company name of the author is Reuters.","The article covers a lawsuit against TD Ameritrade regarding payment for order flow, where plaintiffs sought to certify a class action claiming customers paid higher prices or commissions due to the brokerage's order routing practices. The 8th Circuit Court of Appeals rejected both the original and revised class certification theories, decertifying the class. TD Ameritrade, now part of Charles Schwab, denies wrongdoing. The plaintiffs' firm is considering arbitration as a potential next step.","The summary captures the key points of the article: the lawsuit's focus on payment for order flow, the legal attempts to certify a class action, the appeals court's rejection, the defense's stance, and the possibility of arbitration mentioned in the article."
https://seekingalpha.com/article/4205379-robinhood-is-making-millions-selling-out-millennial-customers-to-high-frequency-traders,Robinhood Is Making Millions Selling Out Millennial Customers to High-Frequency Traders,"Financial analysis article on Robinhood's payment for order flow practices; reveals Robinhood sells millennial customers' orders to high-frequency traders at over 10x the rate of competitors, highlighting a significant conflict of interest; contrasts Robinhood's approach with brokers like Vanguard and Interactive Brokers that refuse or limit order flow sales; references SEC filings and fines against counterparties like Citadel, underscoring regulatory scrutiny and ethical concerns.",,,Yes,"The article summary explicitly states that ""Robinhood takes from the millennial and gives to the high-frequency trader"" and mentions that ""Robinhood accept[s] payment for order flow"". It also mentions Vanguard, which is a major broker. This clearly indicates that the article discusses payment for order flow in the context of US equity markets.
References: [Robinhood Is Making Millions Selling Out Millennial Customers to High-Frequency Traders](https://seekingalpha.com/article/4205379-robinhood-is-making-millions-selling-out-millennial-customers-to-high-frequency-traders)",9/10/18,"The publication date is explicitly mentioned in the article content as 'Sep. 10, 2018 3:18 PM ET'. This corresponds to the ISO format date 2018-09-10.",Logan Kane,"The author's name is clearly mentioned in the article content and summary as Logan Kane, formatted with proper capitalization.",Negative,"The article is critical of Robinhood's business model, highlighting that it sells customer orders to high-frequency traders for significantly higher payments than competitors, which creates conflicts of interest and is detrimental to retail customers. The tone is cautionary and points out a lack of transparency and potential exploitation of millennial customers. This clearly indicates a negative sentiment towards Robinhood's practices.",North of Sunset Publishing,"The LinkedIn profile of Logan Kane shows he was the founder of North of Sunset Publishing for over 8 years. Additionally, his Substack mentions North of Sunset Finance, indicating his company affiliation is North of Sunset Publishing.
References: [Robinhood Is Making Millions Selling Out Millennial Customers to High-Frequency Traders](https://seekingalpha.com/article/4205379-robinhood-is-making-millions-selling-out-millennial-customers-to-high-frequency-traders), [Logan Kane - Producer | LinkedIn](https://www.linkedin.com/in/logan-kane-565a0625a), [Logan Kane - Substack](https://substack.com/@logankane)","The article reveals that Robinhood, while marketed as a commission-free trading platform, generates substantial revenue by selling its customers' orders to high-frequency trading firms at rates over ten times higher than other brokers. This practice presents a conflict of interest and raises transparency concerns. The article contrasts Robinhood's approach with brokers like Vanguard, E*TRADE, and TD Ameritrade, which have different policies on payment for order flow. It advises long-term investors to consider other brokers and warns that Robinhood's retail customers may be exploited by high-frequency traders.","The summary is based on the detailed analysis in the article, which discusses Robinhood's payment for order flow practice, its financial implications, and comparisons with other brokers, highlighting transparency and conflict of interest issues."
https://bsic.it/how-payment-for-order-flow-is-impacting-markets-the-robinhood-and-citadel-case,How Payment For Order Flow is impacting markets: The Robinhood and Citadel Case,"Analytical article on Payment for Order Flow (PFOF) in US equity markets; focuses on Robinhood and Citadel's involvement and the SEC investigation into Robinhood's PFOF practices. Explores how PFOF shifts trading profits from market makers to brokers, affecting retail traders amid the rise of High Frequency Trading (HFT) and evolving market dynamics.",,,Yes,"The article discusses payment for order flow (PFOF) in the context of US equity markets, specifically mentioning Robinhood and Citadel and their involvement in PFOF practices. It also discusses the SEC investigation into Robinhood's PFOF practices.
References: [How Payment For Order Flow is impacting markets: The Robinhood and Citadel Case](https://bsic.it/how-payment-for-order-flow-is-impacting-markets-the-robinhood-and-citadel-case)",9/27/20,The article explicitly states it was published by BSIC on 27 September 2020 at the beginning of the content section.,BSIC,"The article is published by BSIC, and the author is listed as BSIC itself, not an individual person's name. Therefore, the author is 'BSIC' as per the webpage content.","Neutral, Negative","The article provides an analytical view of Payment for Order Flow (PFOF) focusing on Robinhood and Citadel. It discusses both the benefits, such as tighter spreads and increased retail trading access, and the negatives, including adverse selection risk, regulatory investigations, failure of best execution, and potential conflicts of interest. The tone is critical and highlights regulatory scrutiny and structural issues in the market, indicating a negative sentiment. However, it also acknowledges some positive aspects, making the overall sentiment a mix of neutral and negative.",BSIC,"The article is published by BSIC, and the author is listed as BSIC itself, which is a company or organization name. Therefore, the company author is 'BSIC' with proper capitalization as shown on the webpage.","The article explains Payment for Order Flow (PFOF) and its role in US equity markets, focusing on the relationship between Robinhood and Citadel. It discusses how PFOF works, its impact on market dynamics, potential conflicts of interest, and regulatory concerns, including the SEC investigation into Robinhood's PFOF practices and alleged failure to ensure best execution for clients. The article also highlights the rise of retail trading and the implications of PFOF on market structure and fairness.","The summary is based on the detailed content of the article, which covers the definition of PFOF, its market impact, the specific case of Robinhood and Citadel, regulatory scrutiny, and the broader context of retail trading growth in US equity markets."
https://finra.org/rules-guidance/guidance/reports/2025-finra-annual-regulatory-oversight-report/best-execution,Customer Order Handling: Best Execution and Order Routing Disclosures,"Regulatory guidance from FINRA on best execution and order routing disclosures; covers FINRA Rule 5310 and MSRB Rule G-18 mandating firms to ensure the most favorable prices for customer orders through diligent market selection and regular execution quality reviews. Includes detailed discussion of Rule 606 of Regulation NMS requiring broker-dealers to disclose order handling practices for NMS stocks and listed options, explicitly addressing payment for order flow (PFOF) in US equity markets.",,,Yes,"The article explicitly mentions 'payment for order flow (PFOF)' and discusses Rule 606, which pertains to disclosures regarding the handling of customer orders in NMS stocks. This clearly places the discussion of PFOF within the context of US equity markets.
References: [Customer Order Handling: Best Execution and Order Routing Disclosures](https://www.finra.org/rules-guidance/guidance/reports/2025-finra-annual-regulatory-oversight-report/best-execution)",6/30/24,"The article references FINRA Rule 6151, which took effect on June 30, 2024. This indicates the article was published on or after this date. No other explicit publication date was found, so the effective date of the rule mentioned in the article is used as the publication date.
References: [Customer Order Handling: Best Execution and ...](https://www.finra.org/rules-guidance/guidance/reports/2025-finra-annual-regulatory-oversight-report/best-execution)",,"The FINRA article on Customer Order Handling: Best Execution and Order Routing Disclosures is an official regulatory guidance document published by FINRA as an organization. There is no specific individual author mentioned in the content or found through web search. Such regulatory reports typically do not attribute to an individual author.
References: [Customer Order Handling: Best Execution and ...](https://www.finra.org/rules-guidance/guidance/reports/2025-finra-annual-regulatory-oversight-report/best-execution)","Negative, Neutral","The article primarily focuses on regulatory obligations and findings of non-compliance, highlighting deficiencies such as failure to conduct proper reviews, inaccurate reports, and incomplete disclosures, which indicate a negative sentiment. However, it also outlines effective practices and recent regulatory improvements, which add a neutral tone. Overall, the content leans more towards Negative due to the emphasis on compliance challenges and regulatory scrutiny, but includes some Neutral elements.",FINRA,"The webpage is hosted on finra.org, the official site of the Financial Industry Regulatory Authority (FINRA), and the content discusses FINRA rules and regulations, indicating that FINRA is the company author of the article.","The article outlines FINRA's regulatory obligations for broker-dealers regarding best execution and order routing disclosures, including the requirements of FINRA Rule 5310 and the recently adopted Rule 6151. It highlights common compliance issues such as inadequate reviews of execution quality and inaccurate order routing disclosures. The article also presents effective practices for firms to ensure supervisory oversight, thorough monitoring, and accurate reporting to meet regulatory standards and protect customer interests.","The summary is based on the article content which covers regulatory obligations under FINRA and MSRB rules, the introduction of FINRA Rule 6151 for centralized order routing disclosures, findings of compliance deficiencies, and recommended effective practices for firms. This captures the main points concisely as requested."
https://alphacution.com/robinhood-and-payments-for-order-flow,Robinhood and Payments for Order Flow,Analytical article on Robinhood's use of payment for order flow in US equity markets; explores the brokerage's role in routing orders and the implications for market structure and retail investors.,,,Yes,"The article is titled 'Robinhood and Payments for Order Flow'. The content mentions Robinhood, which is a major broker in US equities. This strongly suggests that the article discusses payment for order flow in the context of US equity markets, satisfying the criterion.
References: [Robinhood and Payments for Order Flow](https://alphacution.com/robinhood-and-payments-for-order-flow)",11/14/18,"The article's publication date is explicitly mentioned in the content as November 14th, 2018, which corresponds to the ISO format date 2018-11-14.",Paul Rowady,"The author's name is explicitly mentioned in the article content as Paul Rowady, with proper capitalization and format.",Neutral,The article is an analytical and informational piece discussing payment for order flow in the context of US equity markets without expressing explicit positive or negative opinions. The tone is factual and neutral.,Alphacution Research Conservatory,"The article content explicitly states that Paul Rowady is the Director of Research for Alphacution Research Conservatory, which is described as a research and strategic advisory platform. This indicates that the company name associated with the author is Alphacution Research Conservatory.","The article discusses the practice of payment for order flow in the US equity markets, focusing on Robinhood's role as a major broker. It provides an analytical overview of how this practice impacts trading and market dynamics, authored by Paul Rowady, Director of Research at Alphacution Research Conservatory.",The summary is based on the article title and content which centers on Robinhood and payment for order flow in US equity markets. The author's role and the article's analytical tone support this concise summary.
https://investor.gov/introduction-investing/investing-basics/how-stock-markets-work/executing-order,Executing an Order,"Official SEC article explaining stock order execution in U.S. equity markets; details the routing process through brokers and the non-instantaneous nature of trade execution with potential price changes. It highlights payment for order flow, where market makers pay brokers for order routing, affecting transaction costs and execution quality.",,,Yes,"The article from investor.gov, titled ""Executing an Order,"" explicitly discusses payment for order flow in the context of stock trading, which falls under US equity markets. It explains how market makers pay brokers for routing orders to them, a practice directly related to US equity markets.
References: [Executing an Order | Investor.gov](https://www.investor.gov/introduction-investing/investing-basics/how-stock-markets-work/executing-order), [Executing an Order - Investor.gov](https://www.investor.gov/introduction-investing/investing-basics/glossary/executing-order), [PFOF is going away, but the problem isn't - Optiver](https://optiver.com/insights/pfof-is-going-away-but-the-problem-isnt)",,"After thorough searching, there is no visible or explicitly stated publication date for the article 'Executing an Order' on the investor.gov website or in the search results. The page and related resources do not provide a clear publication or last updated date, so it is not possible to provide a precise publication date.
References: [Executing an Order](https://www.investor.gov/introduction-investing/investing-basics/how-stock-markets-work/executing-order)",,"The article 'Executing an Order' on investor.gov does not list an individual author. The page is an official U.S. government informational resource, which typically does not attribute content to specific authors. Multiple searches for an author name related to this article on investor.gov yielded no results.",Neutral,"The article 'Executing an Order' from investor.gov provides factual, educational information about the stock order execution process, broker roles, and payment for order flow. It maintains a neutral tone without expressing positive or negative opinions, focusing on informing investors about the mechanics and considerations of trade execution.",U.S. Securities and Exchange Commission,"The webpage is from investor.gov, which is the official site of the U.S. Securities and Exchange Commission (SEC). The content and branding clearly indicate that the authoring entity is the U.S. Securities and Exchange Commission, a federal government agency.",The article explains how stock orders are executed through brokers who choose markets or market makers to complete trades. It highlights that trade execution is not instantaneous and prices can change quickly. Brokers may receive payment for order flow from market makers. They have a duty to seek the best execution for customers and may offer options for directing trades to specific venues.,"The summary captures the key points from the article 'Executing an Order' on investor.gov, including the trade execution process, payment for order flow, broker's duty of best execution, and trade direction options, all presented concisely."
https://tradersmagazine.com/departments/people/tabb-group-ceo-writes-levin-disagrees-on-ban-of-payment-for-order-flow,"TABB Group CEO Writes Levin, Disagrees on Ban of Payment for Order Flow","Financial market commentary from TradersMagazine.com; covers the TABB Group CEO's disagreement with a legislative proposal to ban payment for order flow in US equity markets, reflecting ongoing regulatory debates impacting market structure and trading practices.",Editorial Staff,,Yes,"The title of the article is ""TABB Group CEO Writes Levin, Disagrees on Ban of Payment for Order Flow"". This indicates that the article discusses payment for order flow. The article is published on TradersMagazine.com, which focuses on trading and financial markets. The criterion requires that the article discusses payment for order flow in the context of US equity markets. The title suggests that the article is about payment for order flow, and since Traders Magazine focuses on US markets, it is likely that the article discusses payment for order flow in the context of US equity markets.
References: [TABB Group CEO Writes Levin, Disagrees on Ban of Payment for Order Flow](https://www.tradersmagazine.com/departments/people/tabb-group-ceo-writes-levin-disagrees-on-ban-of-payment-for-order-flow)",6/17/24,"The date ""Monday, June 17, 2024"" is prominently displayed at the top of the webpage content, indicating the publication date of the article. There is no other conflicting date mentioned, so this is the most reliable date for the article's publication.",Editorial Staff,The author of the article is listed as 'Editorial Staff' in the provided webpage content. There is no individual author's name given in the format '<First> <Last>'.,"Neutral, Positive","The article presents a reasoned disagreement by Larry Tabb with Senator Levin's call to ban payment for order flow. It highlights concerns about disclosure but defends the practice itself, suggesting it might not be as harmful as portrayed. The tone is critical yet supportive of payment for order flow, indicating a neutral to positive sentiment.",Traders Magazine,"The article's author is listed as 'Editorial Staff', a collective term for the publication's team. The article is published on TradersMagazine.com, indicating the company author is Traders Magazine.","The article covers Larry Tabb, CEO of TABB Group, expressing disagreement with Senator Carl Levin's call to ban payment for order flow. Tabb argues that while there are concerns about disclosure and conflicts of interest, the practice itself may not be as detrimental as suggested. He emphasizes issues with transparency rather than the fundamental concept of payment for order flow.","The summary is based on the article content which highlights Larry Tabb's reasoned disagreement with Senator Levin's position on banning payment for order flow, focusing on disclosure issues and defending the practice itself."
https://sec.gov/news/statement/crenshaw-statement-volume-based-rebates-and-fees-101823,Statement on Volume-Based Exchange Transaction Pricing for NMS Stocks,"Official SEC statement on volume-based exchange transaction pricing for NMS stocks; analyzes how tiered pricing grants higher rebates and lower fees to broker-dealers with greater transaction volumes, creating a self-reinforcing cycle that advantages high-volume firms and disadvantages smaller, lower-volume broker-dealers. Highlights concerns about competitive inequities and potential conflicts of interest related to order routing incentives, implicitly addressing payment for order flow dynamics in U.S. equity markets.",,,Yes,"The article discusses volume-based exchange transaction pricing and its impact on competition among broker-dealers. While it doesn't explicitly mention 'payment for order flow,' it discusses how broker-dealers receive rebates and fees based on their transaction volume, which is related to the economic incentives behind PFOF. The article also mentions concerns about conflicts of interest when routing orders to achieve volume tier requirements. Given the close relationship between volume-based pricing and PFOF in US equity markets, and the discussion of related incentives and conflicts, the article implicitly addresses PFOF in the context of US equity markets.
References: [Volume-Based Exchange Transaction Pricing for NMS Stocks](https://www.federalregister.gov/documents/2023/11/06/2023-23398/volume-based-exchange-transaction-pricing-for-nms-stocks), [[PDF] Payment for Order Flow and the Retail Trading Experience](https://wifpr.wharton.upenn.edu/wp-content/uploads/2023/10/Payment-for-Order-Flow.pdf), [Citadel Securities paid US$943m for retail US equity, options order flow ...](https://www.globaltrading.net/citadel-securities-paid-us943m-for-retail-us-equity-options-order-flow-in-nine-months), [[PDF] August 2, 2024 Vanessa A. Countryman Secretary U.S. Securities ...](https://bettermarkets.org/wp-content/uploads/2024/08/Better-Markets-Supplemental-Comment-Letter-SEC-Volume-Based-Pricing.pdf), [SEC takes hatchet to payment for order flow, best execution ...](https://www.globaltrading.net/sec-takes-hatchet-to-payment-for-order-flow-best-execution-proposals-and-12-more-rules), [Statement on Volume-Based Exchange Transaction Pricing for NMS Stocks](https://www.sec.gov/news/statement/crenshaw-statement-volume-based-rebates-and-fees-101823)",10/18/23,"The article's content includes a note at the end stating 'Last Reviewed or Updated: Oct. 18, 2023,' which indicates the publication or last update date of the article. This is the most precise date available on the page for when the article was published or last updated.",Caroline Crenshaw,"The search results from the SEC website and related sources identify the author of the statement on volume-based exchange transaction pricing as Commissioner Caroline A. Crenshaw. This matches the URL and context of the statement provided.
References: [Statement on Volume-Based Exchange Transaction Pricing for NMS Stocks](https://www.sec.gov/news/statement/crenshaw-statement-volume-based-rebates-and-fees-101823), [Statement on Volume-Based Exchange Transaction Pricing for NMS ...](https://www.sec.gov/newsroom/speeches-statements/crenshaw-statement-volume-based-rebates-fees-101823), [Speeches and Statements - SEC.gov](https://www.sec.gov/newsroom/speeches-statements?speaker=271216&field_person_target_id=Caroline%20A.%20Crenshaw%20&page=2)",Neutral,"The article discusses concerns and regulatory considerations about volume-based exchange transaction pricing, focusing on competitive inequities, conflicts of interest, and market power issues. The tone is analytical and cautious, aiming to address problems and solicit feedback rather than expressing strong positive or negative sentiment. Therefore, the sentiment is best classified as Neutral.",Securities and Exchange Commission,"The statement is published on the SEC website and discusses regulatory matters related to securities markets. The author is associated with the SEC, which is the U.S. government agency responsible for securities regulation. Hence, the company name of the author is 'Securities and Exchange Commission'.","The statement by SEC Commissioner Caroline Crenshaw addresses concerns about volume-based exchange transaction pricing in U.S. equity markets. It highlights competitive inequities where high-volume broker-dealers gain advantages through tiered pricing, potentially disadvantaging smaller firms. The proposal suggests a partial ban on tiered pricing for agency-related volume to promote fair competition and transparency, while soliciting feedback on whether a full ban for all volume might be more appropriate.","The summary captures the main points of the statement, including the focus on competition issues caused by volume-based pricing, the proposed regulatory approach, and the call for public feedback. This is based on the detailed content from the SEC webpage provided."
https://bloomberg.com/opinion/articles/2023-12-07/online-options-trading-is-rigged-against-small-investors,Options Trading Is Rigged Against Average Investors,"Bloomberg opinion article analyzing payment for order flow in US equity and options markets; reveals that in 2022, major firms including Citadel and Susquehanna paid $2.9 billion to brokerages like Robinhood and TD Ameritrade to trade against retail investors' orders, exploiting information asymmetry to the detriment of small investors; discusses retail options trading reaching up to 60% of total market volume with a tenfold increase in dollar volume over the past decade, framing PFOF as a systemic disadvantage for unsophisticated traders.",By Alex Yin,,Yes,"The article discusses payment for order flow (PFOF) and mentions specific firms like Citadel and Robinhood, which are known to be involved in PFOF in the US equity markets. The article states that large trading firms paid brokerages to trade against their customers' orders. Although the article starts by mentioning options trading, it also refers to the general practice of PFOF, which includes US equity markets. Therefore, the article satisfies the criterion.
References: [Options Trading Is Rigged Against Average Investors](https://www.bloomberg.com/opinion/articles/2023-12-07/online-options-trading-is-rigged-against-small-investors)",12/7/23,"The publication date is inferred from the URL of the article on Bloomberg, which includes the date segment '2023-12-07'. This is a common practice for news websites to include the publication date in the URL, and no conflicting date information was found in the article content provided.",Alex Yin,The author's name is clearly stated in the provided webpage content as 'By Alex Yin' with proper capitalization.,"Negative, Neutral","The article is critical of the options trading environment for retail investors, describing it as rigged and highlighting the financial disadvantages and risks faced by small investors. It emphasizes the negative impact of payment for order flow and the losses incurred by retail traders. However, it also provides neutral advice on regulatory measures and safer investment alternatives like low-cost index funds, which adds a neutral tone to the overall sentiment.",Optiver and Chicago Trading Company,"The search results indicate that Alex Yin, the author of the article, was an options trader for Optiver and Chicago Trading Company. This information is found in multiple sources including Bloomberg's author page and LinkedIn profile summaries. These are the companies associated with Alex Yin in the context of his professional background in trading.
References: [Alex Yin - Bloomberg.com](https://bloomberg.com/authors/AUvIFNFLGqs/alex-yin), [Alex Yin - Mountain Hazelnuts | LinkedIn](https://www.linkedin.com/in/alex-yin-a6a89360), [Options Trading Is Rigged Against Average Investors - Bloomberg.com](https://www.bloomberg.com/opinion/articles/2023-12-07/online-options-trading-is-rigged-against-small-investors)","The article explains how retail investors are disadvantaged in options trading due to payment for order flow practices by large trading firms that profit by trading against them. It highlights the risks and losses faced by small investors, the rapid growth of retail options trading, and calls for regulatory reforms. The author, a former options trader, advises retail investors to be cautious and suggests low-cost index funds as a safer investment alternative.","The summary captures the main points of the article, including the critique of payment for order flow, the risks for retail investors, the surge in retail options trading, and the author's advice for safer investment strategies."
https://lexology.com/library/detail.aspx?g=863806a4-7ec4-4d3e-a5f6-b760b08009f4,Electronic Trading Firms and Payment for Order Flows,"Article examining payment for order flow in US equity markets; highlights key players like Robinhood and Citadel Securities and discusses regulatory frameworks such as SEC Rule 606, providing insights into market structure and trading practices.",,,Yes,"The article explicitly discusses payment for order flow in the context of US equity markets. It mentions Robinhood, Citadel Securities, and SEC Rule 606, all of which are related to US equity trading and PFOF.
References: [Electronic Trading Firms and Payment for Order Flows](https://www.lexology.com/library/detail.aspx?g=863806a4-7ec4-4d3e-a5f6-b760b08009f4)",3/2/21,The publication date of the article is explicitly mentioned in the content as 'March 2 2021'. This is the date when the article was published on the Lexology website.,Carpenter Wellington,"The article is authored by Carpenter Wellington PLLC, and the name given in the article is 'Carpenter Wellington' which fits the requested format for the author's name.",Neutral,"The article provides a balanced view on electronic trading firms and payment for order flows. It discusses both positive aspects such as market liquidity, competition, and commission-free trading, and negative aspects including regulatory scrutiny, risks of software malfunctions, and conflicts of interest. The tone is factual and presents arguments and rebuttals without strong bias, indicating a neutral sentiment overall.",Carpenter Wellington PLLC,"The article is authored by Carpenter Wellington PLLC, which is the company name of the author as stated in the article content and shown with proper capitalization.","The article discusses the role of electronic trading firms in US equity markets, focusing on their use of high-frequency trading and arbitrage strategies. It explains the practice of payment for order flow, where market makers pay brokerages to execute customer orders, providing liquidity and profiting from bid-ask spreads. The article highlights regulatory scrutiny following events like the GameStop saga, presents arguments and rebuttals regarding conflicts of interest, and outlines SEC Rule 606's disclosure requirements.","The article content provides a detailed overview of electronic trading firms, their strategies, and the payment for order flow practice in the US equity markets. It covers the benefits and risks, regulatory context, and key industry players, which supports a concise summary capturing these main points."
https://sifma.org/resources/news/qa-u-s-equity-market-structure,Q&A: US Equity Market Structure - SIFMA,"Informative Q&A from SIFMA detailing the U.S. equity market structure, which represents about 41% of the $110 trillion global equity market and averages 10.9 billion shares traded daily; explains order routing and execution mechanisms, highlights the market's narrow spreads, low transaction costs, and fast execution speeds, and addresses payment for order flow practices within the regulatory context, underscoring the market's role in capital formation and economic growth.",,,Yes,"The article directly addresses the question 'What is payment for order flow?' and explains the practice within the context of US equity markets, including relevant regulations. This confirms that the article discusses payment for order flow in the context of US equity markets.
References: [Q&A: US Equity Market Structure - SIFMA](https://www.sifma.org/resources/news/qa-u-s-equity-market-structure)",3/5/21,"The search results indicate that the article titled 'Q&A: US Equity Market Structure' on the SIFMA website was published on March 5, 2021. This date matches the URL and context of the article provided.
References: [Q&A: US Equity Market Structure](https://www.sifma.org/resources/news/qa-u-s-equity-market-structure)",,"The webpage content and web search did not provide any information about the author of the article titled 'Q&A: US Equity Market Structure - SIFMA' on the SIFMA website. Therefore, the author's name cannot be determined from the available information.",Neutral,"The article provides factual and explanatory information about the US equity market structure, including order execution, payment for order flow, and short selling. The tone is neutral and informative without expressing positive or negative opinions. Therefore, the sentiment is best classified as Neutral.",SIFMA,"The article is published on the SIFMA website (sifma.org) and is presented as a resource by SIFMA, indicating that the company author is SIFMA (Securities Industry and Financial Markets Association).","The article provides an overview of the U.S. equity market structure, highlighting its size, liquidity, and efficiency. It explains how customer orders are executed through various venues, including exchanges and off-exchange systems, emphasizing best execution obligations. The article also discusses payment for order flow, detailing how market makers compensate brokers for order routing and the regulatory requirements ensuring transparency and investor protection. Additionally, it covers short selling, describing the process, purposes, and key regulations governing it.","The summary captures the main points from the article content, including the market's significance, order execution process, payment for order flow, and short selling, as explained in the Q&A format on the SIFMA webpage."
https://bclawreview.bc.edu/articles/3061,Deceiving the Young to Give to Themselves: Eliminating Payment for Order Flow to Ensure Loyal Agents,"Legal academic article analyzing payment for order flow in US equity markets; authored by Nicholas Whitten of Boston College Law School. It evaluates the SEC's regulatory scrutiny of brokerage firms like Robinhood, highlighting the conflicts of interest inherent in payment for order flow and arguing for its ban to protect retail investors and ensure market fairness.",,,Yes,"The article discusses payment for order flow in the context of US equity markets, as evidenced by the mention of Robinhood, the SEC, and the democratization of American stock markets in the abstract.
References: [Deceiving the Young to Give to Themselves: Eliminating Payment for Order Flow to Ensure Loyal Agents](https://bclawreview.bc.edu/articles/3061)",3/30/23,The publication date of the article is explicitly mentioned on the webpage content as 'Published on 30 Mar 2023'. This matches the ISO format date 2023-03-30.,Nicholas Whitten,"The author's name is clearly mentioned in the provided webpage content as Nicholas Whitten, affiliated with Boston College Law School, United States.",Negative,"The article critically examines the practice of payment for order flow, highlighting conflicts of interest and inadequate consent from retail investors. It argues for banning payment for order flow, indicating a negative sentiment towards the practice and advocating for regulatory changes.",Boston College Law School,"The webpage content clearly states that the author Nicholas Whitten is affiliated with Boston College Law School, United States. This is the institution associated with the author, which serves as the 'company' in this academic context.","The article examines the controversial practice of payment for order flow in US equity markets, highlighting conflicts of interest and regulatory concerns. It critiques Robinhood's zero-commission model and argues for banning payment for order flow due to inherent conflicts and inadequate investor consent.","The summary is based on the article's abstract and content, which discuss the scrutiny of payment for order flow by the SEC and others, focusing on conflicts of interest and the need for regulatory changes, including a ban."
https://davispolk.com/insights/client-update/going-once-going-twice-sec-proposes-package-equity-market-structure,"Going once, going twice: SEC proposes package of equity market structure proposals","Client update article by Davis Polk on the SEC's sweeping equity market structure reform proposals; covers four major rules including the Order Competition Rule which targets retail order routing and payment for order flow (PFOF), a practice where over 90% of retail marketable orders are routed to a small group of off-exchange wholesalers. The article highlights the significant impact on existing business models and anticipates vigorous public debate, with public comment periods open through March 31, 2023, and beyond for some proposals.",Davis Polk,,Yes,"The article discusses payment for order flow (PFOF) in the context of proposed SEC reforms to equity market structure rules, specifically mentioning how retail orders are routed to market makers and the controversy surrounding PFOF in US equity markets. The article explicitly mentions that the SEC estimates that retail brokers currently route more than 90% of marketable orders from individual investors to a small group of off-exchange wholesalers and that this structure, and PFOF in particular, has been controversial.
References: [Payment for order flow](https://api.exa.ai/crawl-ping?value=Payment%20for%20order%20flow%20is%20the%20compensation%20that%20a%20stockbroker%20receives%20from%20a%20market%20maker%20in%20exchange%20for%20the%20broker%20routing%20its%20clients%27%20trades%20to%20that%20market%20maker.%20The%20market%20maker%20profits%20from%20the%20bid-ask%20spread%20and%20rebates%20a%20portion%20of%20this...%0Aundefined), [Going once, going twice: SEC proposes package of equity market structure proposals](https://www.davispolk.com/insights/client-update/going-once-going-twice-sec-proposes-package-equity-market-structure)",1/13/23,"The publication date of the article is explicitly stated at the beginning of the content as January 13, 2023.",,"The article's author is listed as 'Davis Polk', which is a law firm name, not an individual's name. No individual author name in the format '<First> <Last>' is provided in the content or metadata, so the author's name cannot be enriched as requested.",Neutral,"The article provides an analytical and factual overview of the SEC's proposed equity market structure reforms, including the controversial Order Competition Rule and payment for order flow. It discusses both potential benefits and drawbacks without expressing a clear positive or negative bias. The tone is neutral, focusing on explaining the proposals and their expected impacts, including anticipated public debate.",Davis Polk,"The author is listed as 'Davis Polk' on the webpage, which is the name of the law firm that authored the article. This is the proper capitalization of the company name.","The article discusses the SEC's proposed package of equity market structure reforms, which includes four key proposals: the Order Competition Rule, Regulation Best Execution, Tick Sizes Proposal, and Rule 605 Proposal. The most controversial is the Order Competition Rule, which would require retail orders to be exposed to competitive auctions before execution by wholesalers, potentially reducing payment for order flow. The proposals aim to enhance price improvement, transparency, and execution quality in US equity markets, and are expected to generate significant public debate.","The summary captures the main points of the article, highlighting the SEC's proposed reforms, the focus on the Order Competition Rule and its implications for retail order execution and payment for order flow, and the broader goals of the proposals. This provides a concise overview of the content."
https://moneywise.com/investing/payment-for-order-flow,What is payment for order flow and why is it so controversial?,"Detailed article explaining payment for order flow (PFOF) in US equity markets; covers how brokers receive payments from market makers like Citadel Securities and Virtu Americas for routing retail stock orders. Highlights the controversy surrounding PFOF's impact on trade execution quality and retail investor costs, referencing major exchanges (NYSE, Nasdaq) and platforms (Robinhood). Authored by Eric Rosenberg and updated June 2023.",Eric Rosenberg,,Yes,"The article discusses payment for order flow (PFOF) and mentions examples related to US equity markets, such as the New York Stock Exchange, Nasdaq, Citadel Securities, Virtu Americas, Robinhood, and Starbucks stock. The article explains how PFOF works and why it is controversial in the context of retail consumers trading stocks. Therefore, the article discusses payment for order flow in the context of US equity markets.
References: [What is payment for order flow and why is it so controversial?](https://moneywise.com/investing/payment-for-order-flow)",6/13/23,"The article content and metadata clearly state that the article was updated on June 13, 2023. There is no separate publication date mentioned, so the update date is used as the publication date.",Eric Rosenberg,"The author's name is clearly stated in the article content and webpage metadata as Eric Rosenberg, with proper capitalization.","Neutral, Negative","The article provides an informative explanation of payment for order flow, including its mechanics and history, which reflects a neutral tone. However, it also emphasizes the controversy, potential conflicts of interest, and negative impacts on retail investors, indicating a negative sentiment. Therefore, the sentiment is best described as a combination of Neutral and Negative.",Moneywise,"The article is published on Moneywise.com and Eric Rosenberg is identified as a freelance contributor and finance writer who publishes articles on Moneywise. There is no indication that he is affiliated with another company for this article, so the company associated with the author for this article is Moneywise.
References: [What is payment for order flow and why is it so controversial?](https://moneywise.com/investing/payment-for-order-flow), [Eric Rosenberg - Freelance Contributor - Moneywise](https://moneywise.com/author/eric-rosenberg)","The article explains payment for order flow (PFOF), a practice where brokers receive compensation for routing orders to specific market makers instead of directly to stock exchanges. It covers how PFOF works, its history linked to Bernie Madoff, major firms involved, and why it is controversial due to potential conflicts of interest and negative impacts on retail investors in the US equity markets.","The summary captures the key points of the article including the definition, mechanism, history, major players, and controversy of payment for order flow as discussed in the article by Eric Rosenberg on Moneywise."
https://economist.com/finance-and-economics/2021/02/06/high-frequency-traders-are-in-the-spotlight,High-frequency traders are in the spotlight,"Finance article analyzing payment for order flow (PFOF) in US equity markets; highlights how brokers such as Robinhood, Charles Schwab, and Fidelity shifted to zero-commission trading by accepting payments from market makers to route retail trades. Discusses the role of high-frequency traders as intermediaries profiting from the spread between trade prices, spotlighted during the GameStop trading frenzy in early 2021.",The Economist,,Yes,"The article discusses payment for order flow (PFOF) in the context of US equity markets. It mentions that brokers are paid by market makers to direct users’ trades, which is the essence of PFOF. The article also mentions Robinhood, a well-known broker that uses PFOF in the US equity market.
References: [High-frequency traders are in the spotlight](https://www.economist.com/finance-and-economics/2021/02/06/high-frequency-traders-are-in-the-spotlight)",2/6/21,"The article prominently displays 'Feb 6th 2021' near the top, indicating the online publication date. Although the print edition date is February 4th, 2021, the online publication date is more relevant for this enrichment and is clearly stated as February 6th, 2021.",The Economist,"The article's author is listed as 'The Economist,' which is the name of the publication rather than an individual author. No individual author's name in the format '<First> <Last>' is provided in the content or metadata.",Neutral,"The article provides an analytical overview of payment for order flow (PFOF) in the US equity markets, discussing its role and the controversy around it, especially during the GameStop mania. The tone is factual and balanced without strong positive or negative language, indicating a neutral sentiment.",The Economist,"The article's author is listed as 'The Economist,' which is the name of the publication and company responsible for the content. No individual author's company name is provided, so the company author is 'The Economist'.","The article discusses the rise of retail stock trading with zero commissions and the controversial practice of payment for order flow (PFOF), where brokers are paid by market makers to route trades. It highlights the increased retail participation and scrutiny of PFOF during the GameStop trading frenzy.","The summary captures the main points of the article: the growth of retail trading, the role of payment for order flow in the US equity markets, and the spotlight on this practice during the GameStop mania, as described in the article content."
https://cheddarflow.com/blog/payment-for-order-flow,Payment For Order Flow,"Educational article by Cheddar Flow detailing payment for order flow (PFOF) in US equity markets; explains how brokerages such as Robinhood and Fidelity earn payments from market makers for routing transactions, using examples like AAPL option orders to illustrate the process and benefits for involved parties.",Cheddar Flow,,Yes,"The article explicitly discusses payment for order flow (PFOF) and its implications. It mentions US-based brokerage firms like Robinhood and Fidelity, and provides examples using Microsoft stock, confirming the context is US equity markets. Therefore, the article satisfies the criterion.
References: [Payment For Order Flow](https://www.cheddarflow.com/blog/payment-for-order-flow)",10/25/21,"The publication date of the article is explicitly stated on the webpage as October 25, 2021, near the article title and author information.",,"The article's author is listed as 'Cheddar Flow', which is a company name, not an individual's name. The instructions require an author's name in the format '<First> <Last>', which is not available in the provided content or webpage. Therefore, the author name cannot be enriched as a person's name.",Neutral,"The article provides a balanced view on payment for order flow (PFOF). It explains the benefits to brokerage firms and market makers, highlighting significant revenue generation, which is positive. However, it also discusses the controversy around misaligned interests between brokerages and customers, which is a negative aspect. The article neither strongly favors nor condemns PFOF, presenting both sides and recent developments, indicating a neutral sentiment overall.",Cheddar Flow,"The author of the article is listed as 'Cheddar Flow' on the webpage, indicating that the company author is Cheddar Flow with proper capitalization.","The article explains payment for order flow (PFOF) as a practice where brokerage firms receive payments from market makers for routing trades through them. It outlines the benefits to both brokerages and market makers, highlights the controversy due to potential conflicts of interest between brokerages and customers, and notes the significant revenue PFOF generated for brokerages during the pandemic. The article also mentions recent developments, including some brokerages ending PFOF to better serve customers.","The summary captures the main points of the article: definition of PFOF, who benefits, the controversy around it, its revenue impact, and recent changes in brokerage practices. This provides a concise overview of the article content."
https://brokerchooser.com/education/news/data-dashboard/payment-for-order-flow,Payment for order flow and market makers - Research by BrokerChooser,"Research article by BrokerChooser analyzing payment for order flow (PFOF) in US equity markets; reveals TD Ameritrade and Robinhood earned $994M and $532M respectively from stock PFOF in 2020-2021, while Fidelity and Vanguard earned none; options PFOF revenue is roughly double that of stocks; brokers with high PFOF revenue route nearly 100% of orders to market makers, whereas others use public exchanges more; Citadel accounted for about 39% of total PFOF volume; major market makers delivered $6.1B in net price improvement and executed over 1 trillion share trades in 2020-2021, with 40-70% higher price improvement during COVID and meme stock frenzy due to lower liquidity and higher spreads.",Author,,Yes,"The article discusses payment for order flow (PFOF) and mentions US brokers like TD Ameritrade and Robinhood, as well as market maker Citadel. It specifically refers to revenue from stock PFOF, indicating the context is US equity markets.
References: [Payment for order flow and market makers - Research by BrokerChooser](https://brokerchooser.com/education/news/data-dashboard/payment-for-order-flow)",3/1/22,"The search results showed an unverified future date (2025) which is likely incorrect or a placeholder. The article content snippet includes a mention of 'Ádám N., Mar 2022' which suggests the article was published in March 2022. Since no exact day is given, I selected the first day of March 2022 as the publication date.
References: [Payment for Order Flow and Market Makers](https://brokerchooser.com/education/news/data-dashboard/payment-for-order-flow)",Ádám Nasli,"The author's name is found in the 'Contact us' section of the article content where it mentions 'Ádám Nasli, Broker Expert' as the contact person for questions about the methodology or dataset. This indicates Ádám Nasli is the author of the article.",Neutral,"The article provides an informative and balanced discussion on payment for order flow (PFOF) and market makers in the US equity markets. It highlights both positive aspects, such as net price improvement for clients by market makers, and negative aspects, such as implicit costs to customers and potential regulatory scrutiny by the SEC. The tone is factual and neutral without strong emotional language, indicating a Neutral sentiment.",BrokerChooser,"The article is published on BrokerChooser's website, and the author Ádám Nasli is identified as a Broker Expert at BrokerChooser. This indicates that the company associated with the author is BrokerChooser.","The article by BrokerChooser explains payment for order flow (PFOF) in the US equity markets, highlighting that brokers like TD Ameritrade and Robinhood generated significant revenue from PFOF in 2020-2021. It discusses how brokers route orders to market makers such as Citadel, who paid the most for PFOF. The article also covers the impact of PFOF on price improvement for clients, noting that market makers provided substantial net price improvement during periods of market stress. It mentions the regulatory scrutiny of PFOF by the SEC and the potential implications for commission-free trading models.","The summary is based on the main points and key takeaways presented in the article content, including the role of brokers and market makers in PFOF, revenue figures, price improvement data, and regulatory context."
https://marketwatch.com/story/commission-free-stock-market-trading-on-some-platforms-may-be-raising-costs-and-volatility-for-all-of-us-11645017928,Commission-free stock-market trading on some platforms may be raising costs and volatility for all of us,"Financial news article analyzing payment for order flow (PFOF) in U.S. equity markets; highlights that the 12 largest U.S. brokerages earned $3.8 billion from PFOF in 2021, a 33% increase from 2020. Details how PFOF routes roughly 40% of Robinhood's trades through three off-exchange market makers, with Citadel executing 28% of U.S. retail equity trades and 25% of equity options volume. Discusses SEC concerns about nearly half of equity trading occurring in dark pools or internalized by wholesalers, linking PFOF to increased market volatility and higher costs for investors due to slower order transmission and wider bid/ask spreads.",Tom Glynn; John Padrnos,,Yes,"The article explicitly discusses payment for order flow (PFOF) in the context of US equity markets. It mentions that the growing use of PFOF may be increasing volatility and costs for all investors. It also mentions specific market makers like Citadel and Virtu, and the SEC's interest in the matter.
References: [Commission-free stock-market trading on some platforms may be raising costs and volatility for all of us](https://www.marketwatch.com/story/commission-free-stock-market-trading-on-some-platforms-may-be-raising-costs-and-volatility-for-all-of-us-11645017928)",2/16/22,"The publication date of the article was found as February 16, 2022, from the search result snippet matching the article title and authors on MarketWatch.
References: [Commission-free stock-market trading on some platforms ...](https://www.marketwatch.com/story/commission-free-stock-market-trading-on-some-platforms-may-be-raising-costs-and-volatility-for-all-of-us-11645017928)",Tom Glynn; John Padrnos,The authors' names are explicitly mentioned in the provided webpage content as 'Tom Glynn' and 'John Padrnos' with proper capitalization.,Negative,"The article discusses the negative consequences of payment for order flow (PFOF) in U.S. equity markets, highlighting increased volatility, higher costs for investors, slow order transmission, and potential exploitation by market makers and brokers. It also raises regulatory concerns and past breaches by involved firms, reflecting a critical and concerned tone about the impact on retail investors and market fairness. This indicates a negative sentiment overall.",Devon Capital Advisors,"The article states that both authors, Tom Glynn and John Padrnos, are members of the leadership team at Devon Capital Advisors, which is their current company affiliation.","The article explains how payment for order flow (PFOF) in U.S. equity markets, used by commission-free brokers like Robinhood, routes orders to off-exchange market makers such as Citadel. This practice may increase costs and volatility for investors by enabling market makers to profit from slower order transmission and internalizing trades. The article highlights regulatory concerns, potential negative impacts on retail investors, and contrasts the U.S. approach with bans on PFOF in the U.K. and proposed bans in the EU.","The summary captures the main points of the article regarding the effects of PFOF on market costs, volatility, and investor impact, as well as regulatory issues discussed by the authors Tom Glynn and John Padrnos."
https://nber.org/system/files/working_papers/w29883/w29883.pdf,Payment for Order Flow and Asset Choice,"NBER working paper by Thomas Ernst and Chester S. Spatt examining payment for order flow (PFOF) in US equity markets; documents that PFOF is minimal in stocks but substantial in single-name equity options; finds retail stock trades receive meaningful price improvement, particularly at minimal spreads, despite many executions occurring off-exchange; option trades occur on-exchange with internalization-facilitating rules; discusses key players like Robinhood and Citadel and regulatory aspects including SEC oversight, offering a comprehensive empirical and regulatory analysis of PFOF's impact across asset classes.",,,Yes,"The article discusses payment for order flow (PFOF) and its implications in the context of US equity markets. It mentions key players like Robinhood and Citadel, regulatory bodies like the SEC, and specific market mechanisms like subpenny price improvements, all within the US equity market context.
References: [Payment for Order Flow and Asset Choice](https://nber.org/system/files/working_papers/w29883/w29883.pdf)",3/1/22,The article's publication date is stated as March 2022 in the document header and citation information. This is the official publication date of the working paper as provided by the National Bureau of Economic Research (NBER).,Thomas Ernst and Chester Spatt,"The authors' names are clearly stated in the document title and author section as Thomas Ernst and Chester S. Spatt. The format requested is first name followed by last name with proper capitalization, which matches the names given.",Neutral,"The article discusses both positive aspects (such as meaningful price improvement for retail traders in stocks) and negative aspects (such as worse prices and wider spreads in options markets, and potential conflicts of interest for brokers). It presents a balanced analysis of payment for order flow across different asset classes without a clear positive or negative bias, indicating a neutral sentiment.",University of Maryland and Carnegie Mellon University,"The document lists the affiliations of the authors Thomas Ernst and Chester S. Spatt. Thomas Ernst is affiliated with the University of Maryland, Robert H Smith School, and Chester S. Spatt is affiliated with the Tepper School of Business at Carnegie Mellon University. These are the institutions associated with the authors, which serve as their 'company' or organizational affiliation in this academic context.","The article analyzes payment for order flow (PFOF) in US equity and options markets, highlighting key differences across asset classes. It finds that PFOF is small in stocks, where retail traders benefit from meaningful price improvements, but large in options, where PFOF is linked to worse prices and wider spreads. The study discusses broker incentives to favor assets with higher PFOF, especially in a zero-commission trading environment, and addresses regulatory concerns about execution quality and potential conflicts of interest.","The summary captures the main points from the article's abstract and introduction, focusing on the cross-asset differences in PFOF, the impact on retail traders, broker incentives, and regulatory issues as detailed in the provided content."
https://sifma.org/resources/news/blog/qa-u-s-equity-market-structure,Q&A: US Equity Market Structure,"Detailed Q&A on the U.S. equity market structure, the world's largest with 41% of global equity market capitalization and an average daily trading volume of 10.9 billion shares; highlights the market's depth, liquidity, and efficiency with narrow spreads and fast execution. Provides a clear explanation of payment for order flow, including its function in order routing and execution, alongside regulatory perspectives that shape market resiliency and investor confidence.",,,Yes,"The article directly addresses the question 'What is payment for order flow?' and provides a detailed explanation within the context of US equity markets, including regulatory aspects.
References: [Q&A: US Equity Market Structure](https://www.sifma.org/resources/news/blog/qa-u-s-equity-market-structure)",3/5/21,"The publication date of the article 'Q&A: US Equity Market Structure' was found as March 5, 2021, on the SIFMA website in the search results for the article URL and title.
References: [Q&A: US Equity Market Structure](https://www.sifma.org/resources/news/blog/qa-u-s-equity-market-structure), [Q&A: US Equity Market Structure](https://www.sifma.org/resources/news/qa-u-s-equity-market-structure)",,"After thorough search and review of the provided content and search results, the author's name for the article 'Q&A: US Equity Market Structure' on the SIFMA website could not be found.",Neutral,"The article provides a factual, educational overview of the U.S. equity market structure, including order execution, payment for order flow, and short selling. It discusses both benefits and regulatory aspects without expressing strong positive or negative opinions. The tone is neutral and informative.",SIFMA,"The article is published on the official website of the Securities Industry and Financial Markets Association (SIFMA), indicating that SIFMA is the company author of the content.","The article provides an overview of the U.S. equity market structure, explaining how customer orders are executed through various venues and the role of smart order routers. It discusses payment for order flow, including its benefits and regulatory requirements to ensure best execution and transparency. Additionally, the article covers short selling, its purpose, and the key regulations governing it. Overall, it highlights the complexity, efficiency, and regulatory framework of the U.S. equity markets.","The summary captures the main topics discussed in the article, including order execution, payment for order flow, and short selling, along with the regulatory context and the importance of the U.S. equity markets as described in the content."
https://sec.gov/rules-regulations/staff-guidance/trading-markets-frequently-asked-questions/faq-rule-606-regulation,Responses to Frequently Asked Questions Concerning Rule 606 of Regulation NMS,"Official SEC staff FAQ on Rule 606 of Regulation NMS; clarifies broker-dealer requirements to disclose payment for order flow arrangements and profit-sharing relationships in U.S. equity markets; includes periodic updates marked as ""NEW"" or ""MODIFIED"" to reflect evolving interpretations; serves as non-binding guidance without legal force, supplementing the Commission’s adopting release from 2018.",,,Yes,"The article is a FAQ from the SEC regarding Rule 606 of Regulation NMS. The crawled content mentions 'payment for order flow arrangements' and 'require broker-dealers to describe any terms of payment for order flow arrangements and profit-sharing relationships'. This indicates that the article discusses payment for order flow in the context of US equity markets.
References: [Disclosure of Routing Information | FINRA.org](https://www.finra.org/rules-guidance/guidance/reports/2023-finras-examination-and-risk-monitoring-program/disclosure-routing-information), [Responses to Frequently Asked Questions Concerning Rule 606 of ...](https://www.sec.gov/rules-regulations/staff-guidance/trading-markets-frequently-asked-questions/faq-rule-606-regulation), [Payment for order flow : r/etrade](https://www.reddit.com/r/etrade/comments/omwh68/payment_for_order_flow), [17 CFR § 242.606 - Disclosure of order routing information.](https://www.law.cornell.edu/cfr/text/17/242.606), [Disclosure of Order Handling Information - SEC.gov](https://www.sec.gov/rules-regulations/2016/07/disclosure-order-handling-information), [Payment for order flow](https://api.exa.ai/crawl-ping?value=Payment%20for%20order%20flow%20is%20the%20compensation%20that%20a%20stockbroker%20receives%20from%20a%20market%20maker%20in%20exchange%20for%20the%20broker%20routing%20its%20clients%27%20trades%20to%20that%20market%20maker.%20The%20market%20maker%20profits%20from%20the%20bid-ask%20spread%20and%20rebates%20a%20portion%20of%20this...%0Aundefined), [Payment for Order Flow (PFOF): Definition and How It Works](https://www.investopedia.com/terms/p/paymentoforderflow.asp), [Robinhood CEO says payment for order flow is 'here to stay' - CNBC](https://www.cnbc.com/2023/12/01/robinhood-ceo-says-payment-for-order-flow-is-here-to-stay.html), [Payment for order flow - Wikipedia](https://en.wikipedia.org/wiki/Payment_for_order_flow), [Payment for Order Flow Questions : r/investing - Reddit](https://www.reddit.com/r/investing/comments/18n4dt3/payment_for_order_flow_questions), [PAYMENT FOR ORDER FLOW](https://rpc.cfainstitute.org/sites/default/files/-/media/documents/issue-brief/payment-for-order-flow.pdf), [[PDF] Payment for Order Flow and the Retail Trading Experience](https://wifpr.wharton.upenn.edu/wp-content/uploads/2023/10/Payment-for-Order-Flow.pdf), [What is Payment for Order Flow (PFOF)? | eToro US Help](https://help.etoro.com/en-us/s/article/What-is-Payment-for-Order-Flow-PFOF-US), [Payment For Order Flow & Market Implications - Bloomberg Law](https://www.bloomberglaw.com/external/document/X1RP679S000000/capital-markets-professional-perspective-payment-for-order-flow-), [Payment for Order Flow (PFOF): Definition and How It Works - SoFi](https://www.sofi.com/learn/content/payment-for-order-flow)",8/16/19,"The publication date is explicitly stated near the top of the webpage content as 'Aug. 16, 2019'. This is the date when the Responses to Frequently Asked Questions Concerning Rule 606 of Regulation NMS were published.",Theodore S. Venuti,"The webpage content explicitly mentions Theodore S. Venuti as the contact person for further information regarding the FAQs on Rule 606 of Regulation NMS. He is identified as Assistant Director in the Division of Trading and Markets at the SEC, indicating his authorship or responsibility for the content.",Neutral,"The article is a formal and informative FAQ from the SEC regarding Rule 606 of Regulation NMS. It provides regulatory guidance and clarifications without expressing opinions or emotional language. The tone is neutral, focusing on explaining compliance requirements and staff views, which is typical for regulatory documents.",Securities and Exchange Commission,"The webpage content clearly states that the responses are from the staff of the Division of Trading and Markets at the Securities and Exchange Commission (SEC), which is the authoring organization of the document.","This SEC FAQ document explains amendments to Rule 606 of Regulation NMS, which require broker-dealers to provide enhanced disclosures about the handling and routing of customer orders in US equity markets. It clarifies disclosure obligations for different types of orders, including 'not held' and 'held' orders, and details requirements related to payment for order flow and order routing transparency. The guidance helps broker-dealers comply with new reporting standards to improve market transparency and customer understanding of order execution.","The summary is based on the webpage content which outlines the purpose of the FAQ as staff guidance on Rule 606 amendments. It highlights key points such as enhanced disclosure requirements for broker-dealers, distinctions between not held and held orders, and specific mention of payment for order flow disclosures. The document aims to clarify compliance and improve transparency in order handling in US equity markets."
https://nanex.net/aqck2/What-Every-Retail-Investor-Needs-to-Know.pdf,What Every Retail Investor Needs to Know,"Detailed article on Payment for Order Flow (PFOF) in US equity markets; explains how retail investor orders are routed by brokerage firms to wholesalers who pay for order flow, balancing kickbacks, price improvement, and profit generation. Highlights the impact of order types on wholesaler profits and discusses strategies retail investors can use to improve execution quality, including broker selection and order routing options.",,,Yes,"The article explicitly discusses 'Payment for Order Flow' (PFOF) in the context of the US equity market. It mentions retail investors, retail brokerage firms, and wholesalers, which are all relevant to the criterion.
References: [What Every Retail Investor Needs to Know](http://www.nanex.net/aqck2/What-Every-Retail-Investor-Needs-to-Know.pdf)",,"The provided content and search results did not reveal a specific publication date for the article 'What Every Retail Investor Needs to Know' from nanex.net. The PDF and related pages lack explicit date information, and no external references with a publication date were found. Therefore, I cannot provide a publication date for this article.
References: [What Every Retail Investor Needs to Know - Nanex](http://www.nanex.net/aqck2/What-Every-Retail-Investor-Needs-to-Know.pdf), [Nanex ~ 04-Mar-2015 ~ Robber Barrons](http://www.nanex.net/aqck2/4685.html), [Nanex ~ 23-Jul-2015 ~ NYSE's Dark Halt](http://www.nanex.net/aqck2/4704.html), [09-Apr-2014 ~ Economically Insignificant Price Improvement](http://www.nanex.net/aqck2/4602.html)",,"After thorough search and analysis of the provided document and related web sources, the author's name for the article 'What Every Retail Investor Needs to Know' could not be found. The document and related pages on nanex.net do not disclose the author information.
References: [What Every Retail Investor Needs to Know - Nanex](http://www.nanex.net/aqck2/What-Every-Retail-Investor-Needs-to-Know.pdf)",Neutral,"The article provides an informative and factual discussion on Payment for Order Flow (PFOF) in the US equity markets. It highlights potential conflicts of interest and how wholesalers profit from retail orders, which is somewhat critical. However, it also offers practical tips for retail investors to improve their order execution quality. The tone is primarily educational and balanced without overtly positive or negative bias, making the overall sentiment neutral.",Nanex,"The document is hosted on nanex.net and discusses topics related to market data and trading analysis, which aligns with Nanex's expertise. This strongly indicates that the company author is Nanex.",The article explains how retail investor orders in the US equity market are typically routed to wholesalers through Payment for Order Flow (PFOF) arrangements. It details how wholesalers profit by trading against retail orders using faster market data and price improvements that may be economically insignificant to investors. The article also provides tips for retail investors on using market and marketable limit orders during normal trading hours to improve execution quality and avoid potential disadvantages from these arrangements.,"The summary is based on the detailed explanation in the article about PFOF, wholesaler profit mechanisms, and retail investor tips for order execution found in the provided content."
https://bclawreview.bc.edu/articles/3061/files/6425deca63493.pdf,Deceiving the Young to Give to Themselves: Eliminating Payment for Order Flow to Ensure Loyal Agents,Legal academic article examining payment for order flow in US equity markets; analyzes Robinhood's zero-commission model and SEC scrutiny following January 2021 trade restrictions. Argues for banning payment for order flow due to unavoidable conflicts of interest and insufficient broker-dealer consent under common law agency principles.,Nick Whitten,,Yes,"The article's title and abstract explicitly mention 'payment for order flow' and discuss the SEC's scrutiny of Robinhood's zero-commission fee model, which is predicated on payment for order flow. Robinhood operates in the US equity market, and the SEC is a US regulatory body. Therefore, the article discusses payment for order flow in the context of US equity markets.
References: [Deceiving the Young to Give to Themselves: Eliminating Payment for Order Flow to Ensure Loyal Agents](https://bclawreview.bc.edu/articles/3061/files/6425deca63493.pdf)",3/30/23,"The article is part of the Boston College Law Review volume 64, issue 3, which corresponds to March 2023. A search result from the Boston College Law Review website indicates a publication date of March 30, 2023, which aligns with the issue and page numbers in the PDF. This is the most precise publication date available from the sources.
References: [Deceiving the Young to Give to Themselves: Eliminating Payment for Order Flow to Ensure Loyal Agents](https://bclawreview.bc.edu/articles/3061/files/6425deca63493.pdf), [Eliminating Payment for Order Flow to Ensure Loyal Agents](https://bclawreview.bc.edu/articles/3061), [BCLR March 2023 Issue - Boston College](https://www.bc.edu/bc-web/schools/law/news/2023/bclr-march-2023-issue.html), [Boston College Law Review - LIRA@BC Law](https://lira.bc.edu/collection/0c84d082-9474-4489-b706-d2777132ba8a?volume=64&issue=3)",Nick Whitten,"The author's name is explicitly mentioned in the provided webpage content as 'Nick Whitten' with proper capitalization, matching the requested format.",Negative,"The article's abstract and content express a critical view of payment for order flow, emphasizing conflicts of interest, regulatory concerns, and the need for a ban on the practice. This critical stance indicates a negative sentiment towards payment for order flow and related brokerage practices.",Boston College,"The search results indicate that Nick Whitten is associated with the Boston College Law Review, which is the flagship scholarly publication of Boston College Law School. This suggests that the author's institutional affiliation is Boston College.
References: [Deceiving the Young to Give to Themselves: Eliminating Payment for Order Flow to Ensure Loyal Agents](https://bclawreview.bc.edu/articles/3061/files/6425deca63493.pdf), [Eliminating Payment for Order Flow to Ensure Loyal Agents](https://bclawreview.bc.edu/articles/3061), [Nick Whitten | Lawyers](https://www.kirkland.com/lawyers/w/whitten-nick), [Boston College Law Review - LIRA@BC Law](https://lira.bc.edu/collection/0c84d082-9474-4489-b706-d2777132ba8a?volume=64&issue=3)","The article examines the controversy surrounding Robinhood's payment for order flow business model, highlighting regulatory scrutiny by the SEC and concerns about conflicts of interest inherent in the practice. It discusses the public and political backlash following Robinhood's trade restrictions in early 2021 and argues that payment for order flow creates unavoidable conflicts of interest and inadequate consent from retail investors. The author advocates for banning payment for order flow to protect investors and ensure broker loyalty.","The summary is based on the article's abstract and content, which focus on Robinhood's zero-commission model reliant on payment for order flow, the SEC's investigation, and the author's argument for regulatory change due to conflicts of interest and consent issues."
https://washingtonpost.com/business/why-payment-for-order-flow-made-trades-free-but-left-sec-skeptical/2022/09/23/edc91bc2-3b68-11ed-b8af-0a04e5dc3db6_story.html,Why Payment for Order Flow Made Trades Free But Left SEC Skeptical,"In-depth Bloomberg-backed analysis of payment for order flow (PFOF) in US stock trading; explains how PFOF underpins commission-free trades and fueled the 2021 retail investor surge. Highlights major market makers including Citadel Securities, which executes 25% of US equity trades, and notes $58 billion in share orders handled by top six firms in March 2022. Covers SEC's cautious stance, opting against banning PFOF but exploring regulatory reforms to limit its profitability.",Katherine Doherty; Lydia Beyoud; Bloomberg,,Yes,"The article explicitly discusses payment for order flow (PFOF) in the context of US stock trading. It mentions the SEC's involvement and the impact of PFOF on retail investors in the US markets. The article also names specific market makers such as Citadel Securities and Virtu Financial, which are active in US equity markets.
References: [Why Payment for Order Flow Made Trades Free But Left SEC Skeptical](https://www.washingtonpost.com/business/why-payment-for-order-flow-made-trades-free-but-left-sec-skeptical/2022/09/23/edc91bc2-3b68-11ed-b8af-0a04e5dc3db6_story.html)",9/23/22,"The publication date is explicitly stated in the article header as 'September 23, 2022 at 2:02 p.m. EDT' in the provided webpage content.",Katherine Doherty; Lydia Beyoud,"The article's author names are given as 'Katherine Doherty; Lydia Beyoud; Bloomberg' in the provided webpage content. The instruction is to provide the authors' names in the format '<First> <Last>' with proper capitalization, which matches 'Katherine Doherty' and 'Lydia Beyoud'.",Neutral,"The article provides a balanced view on payment for order flow (PFOF) in US equity markets. It highlights positive aspects such as commission-free trading and price improvements for retail investors, while also discussing the skepticism and concerns raised by the SEC and critics regarding transparency and competition. The tone is analytical and neutral, presenting both benefits and drawbacks without strong bias.",Bloomberg,"The article authors are Katherine Doherty and Lydia Beyoud, and the article is credited to Bloomberg, a recognized financial and media company. Hence, the company name of the author is Bloomberg.","The article explains payment for order flow (PFOF) in US equity markets, highlighting how it enabled commission-free trading and attracted retail investors. It details how market makers pay brokerages for retail order execution, the scale of PFOF, and its role in shifting trading off public exchanges. The article presents both supporters' views on price improvements and critics' concerns about transparency and competition, and outlines the SEC's cautious approach to regulating the practice.","The article content provides a comprehensive overview of payment for order flow, its impact on stock trading, key market players, and regulatory scrutiny by the SEC. The summary captures the main points concisely, reflecting the balanced and analytical tone of the article."
https://sec.gov/files/dera_wp_payment-order-flow-2501.pdf,How does Payment for Order Flow Influence Markets?,"DERA working paper analyzing payment for order flow (PFOF) effects; focuses on Robinhood's crypto token launches while contextualizing PFOF's role in US equity markets including revenue splits across options, crypto, and equities. Discusses empirical findings on bid-ask spreads and market quality, providing nuanced insights into PFOF's influence on liquidity and trading dynamics.",DERA,,Yes,"The article discusses PFOF in the context of crypto assets, but also mentions PFOF in US equity markets. It references Robinhood's revenue split across options, crypto assets, and equities, and discusses research findings related to bid-ask spreads in equity markets. Therefore, the article discusses PFOF in the context of US equity markets.
References: [How does Payment for Order Flow Influence Markets?](https://sec.gov/files/dera_wp_payment-order-flow-2501.pdf)",1/1/25,"The article content explicitly states 'This Draft: January 2025' indicating the publication date of the draft version of the paper is January 2025. No more specific day is given, so the first day of the month is used as the date.","Thomas J. Boulton

Thomas D. Shohfi

Michael Walz","The authors' names are explicitly mentioned in the document content as Thomas J. Boulton, Thomas D. Shohfi, and Michael Walz. These are the authors of the paper titled 'How Does Payment for Order Flow Influence Markets? Evidence from Robinhood Crypto Token Introductions.'",Neutral,"The article discusses both positive aspects of payment for order flow (PFOF), such as enabling low or no-commission trading and generating significant revenue for brokers, and negative aspects, including transparency issues, higher fees in crypto markets, potential conflicts of interest, and negative impacts on market quality. The balanced presentation of benefits and drawbacks indicates a neutral sentiment overall.","Miami University, Wayne State University, U.S. Securities and Exchange Commission","The authors are affiliated with Miami University (Farmer School of Business), Wayne State University (Mike Ilitch School of Business), and the U.S. Securities and Exchange Commission (Division of Economic Risk and Analysis) as stated in the article content.","The article analyzes the impact of payment for order flow (PFOF) on market quality, focusing on Robinhood Crypto token introductions as a case study. It highlights that PFOF in crypto markets is less transparent and involves higher fees compared to equity markets. The study finds that PFOF leads to decreased trading volume for most crypto assets, increased trading costs, and shifts in order imbalances, raising concerns about market quality. The paper also discusses PFOF's role in US equity markets, its revenue significance for brokers, and the mixed effects on price improvement and trading costs.","The summary is based on the article's abstract and introduction, which describe the study's focus on PFOF in crypto and equity markets, the findings regarding trading volume, costs, and market quality, and the broader context of PFOF's regulatory and economic implications."
https://fool.com/terms/p/payment-for-order-flow,What Is Payment for Order Flow (PFOF)?,"Educational article on payment for order flow (PFOF) in US equity markets; explains how brokers receive compensation from market makers for routing customer orders, enabling commission-free trades; highlights that investors may receive prices better than the national best bid and offer (NBBO) through these payments; discusses the controversy around PFOF, including concerns that it might prevent customers from obtaining the best possible stock prices; authored by Adam Levy and updated as of January 2024 on Fool.com.",Adam Levy,,Yes,"The article, titled ""What Is Payment for Order Flow (PFOF)?"" on fool.com, discusses the concept of payment for order flow. Given the context of the article being published on a financial website and the common understanding of PFOF relating to US equity markets, it is reasonable to assume that the article discusses PFOF in the context of US equity markets.
References: [What Is Payment for Order Flow (PFOF)?](https://www.fool.com/terms/p/payment-for-order-flow), [How to use Price-to-Book Ratio to Analyze Stocks](https://www.fool.com/terms/p/price-to-book-ratio), [What Is a Primary Market?](https://www.fool.com/terms/p/primary-market), [Price-to-Sales Ratio Defined](https://www.fool.com/terms/p/price-to-sales-ratio-value-stocks), [Premarket Trading: Everything You Need to Know](https://www.fool.com/terms/p/premarket-trading)",1/12/24,"The article states it was updated on Jan 12, 2024 at 2:34PM. Since no earlier publication date is provided, the most reasonable date to use as the publication date is the update date, 2024-01-12.",Adam Levy,The author's name is clearly mentioned in the provided webpage content as 'Adam Levy' with proper capitalization.,Neutral,"The article provides a balanced view of payment for order flow (PFOF), explaining both its benefits, such as enabling commission-free trades and potentially better prices for investors, and its criticisms, including concerns about brokers' fiduciary duty and whether customers always get the best price. This balanced presentation indicates a neutral sentiment rather than a purely positive or negative stance.",The Motley Fool,"The search results confirm that Adam Levy is a contributing writer and stock market analyst affiliated with The Motley Fool, which is the company associated with the author of the article on fool.com.
References: [What Is Payment for Order Flow (PFOF)?](https://www.fool.com/terms/p/payment-for-order-flow), [Adam Levy Articles | The Motley Fool](https://www.fool.com/author/2330), [Adam Levy - I help people make better decisions with their money.](https://www.linkedin.com/in/admlvy)","The article explains payment for order flow (PFOF) as compensation brokers receive from market makers for routing customer orders to them, enabling commission-free trades. It describes how market makers provide better prices than public exchanges and the benefits of increased liquidity and cost savings for investors. However, it also highlights criticisms regarding potential conflicts of interest and whether brokers always secure the best prices for customers.","The summary is based on the detailed explanation in the article about what PFOF is, how it works, its benefits such as commission-free trading and better prices, and the criticisms concerning fiduciary duty and best execution for customers. This captures the key points concisely."
https://bettermarkets.org/analysis/sec-market-structure-reforms,SEC Market Structure Reforms,"Analytical overview of SEC's 2022 market structure reform proposals aimed at U.S. equities; addresses payment for order flow and market fragmentation exposed by 2021 meme-stock volatility. Proposals target strengthening brokers' best execution obligations, mandating retail orders to undergo competitive auctions, reducing tick sizes to improve pricing and cut harmful fees, and expanding transparency through enhanced trade execution reporting. These reforms aim to restore market integrity and protect retail investors from unfair practices.",,,Yes,"The article explicitly mentions 'payment for order flow' in the context of US equity markets, specifically referencing the Gamestop and meme-stock trading frenzies and the SEC's proposed reforms to address related issues. This satisfies the criterion.
References: [SEC Market Structure Reforms](https://bettermarkets.org/analysis/sec-market-structure-reforms)",4/14/23,"The search results indicate that the article titled 'SEC Market Structure Reforms' on bettermarkets.org was published on April 14, 2023. This date aligns with the content mentioning SEC actions in December 2022 and subsequent commentary in early 2023.
References: [SEC Market Structure Reforms](https://bettermarkets.org/analysis/sec-market-structure-reforms)",Stephen Hall,"The search results indicate that Stephen Hall, Better Markets' Legal Director and Securities Specialist, is associated with commentary and statements on SEC market structure reforms. He is noted as a prolific author for Better Markets on related topics, making him the likely author of the article.
References: [SEC Market Structure Reforms](https://bettermarkets.org/analysis/sec-market-structure-reforms), [SEC's Proposed Market Structure Reforms Are Potentially Crucial ...](https://bettermarkets.org/newsroom/secs-proposed-market-structure-reforms-are-potentially-crucial-steps-towards-making-the-markets-more-fair-for-retail-investors), [Stephen W. Hall](https://bettermarkets.org/team/stephen-w-hall)",Positive,"The article from Better Markets discusses the SEC's proposed market structure reforms in a supportive and constructive tone. It highlights the potential benefits of these reforms for retail investors, such as improved best execution, increased competition, reduced fees, and greater transparency. While it acknowledges existing problems in the market, the article views the SEC's proposals as important steps forward and advocates for further improvements. This indicates a positive sentiment towards the reforms and their impact on market integrity and investor protection.",Better Markets,"The webpage is hosted on bettermarkets.org and the content, including comment letters and analysis, is attributed to Better Markets, indicating that they are the authoring company.","The article discusses the SEC's proposed market structure reforms aimed at addressing issues in the U.S. equity markets, such as payment for order flow and fragmented trading venues. Key reforms include Regulation Best Execution to ensure brokers get the best prices for clients, the Order Competition Rule to promote competitive auctions for retail orders, and adjustments to pricing increments to improve trade execution. The reforms seek to enhance market fairness, transparency, and investor protection, particularly for retail investors, while calling for further measures to eliminate conflicts of interest.","The summary captures the main points of the article, including the context of market issues highlighted by the Gamestop trading frenzy, the SEC's four key reform proposals, and their intended benefits for market fairness and retail investor protection. It also notes the article's emphasis on addressing payment for order flow and the need for additional reforms."
https://acadian-asset.com/investment-insights/equities/conflicts-of-interest-in-us-equity-order-routing,Conflicts of Interest in U.S. Equity Order Routing: Hidden Costs to Asset Owners,"In-depth analysis of conflicts of interest in U.S. equity order routing by Acadian Asset Management's VP Sean Paylor; reveals how execution fee discounts and rebates incentivize brokers to route orders in ways that disadvantage institutional investors. Highlights empirical evidence of cost-sensitive order routing and details the SEC's proposed ban on volume-based exchange pricing, emphasizing the hidden costs to asset owners and calling for expanded regulatory oversight.",Sean Paylor,,Yes,"The article discusses inducements, execution fee discounts, and rebates offered by US equity exchanges to attract order flow from brokers. It also mentions volume-based exchange pricing and the SEC's proposed ban on the practice. This clearly relates to payment for order flow in the context of US equity markets.
References: [Conflicts of Interest in U.S. Equity Order Routing: Hidden Costs to Asset Owners](https://www.acadian-asset.com/investment-insights/equities/conflicts-of-interest-in-us-equity-order-routing)",7/10/24,"The search results indicate that the article 'Conflicts of Interest in U.S. Equity Order Routing: Hidden Costs to Asset Owners' by Sean Paylor was published on July 10, 2024. This date is supported by the PDF document from Acadian Asset Management which is dated July 2024, and the webpage listing the publication date as 07/10/2024.
References: [Conflicts of Interest in U.S. Equity Order Routing](https://www.acadian-asset.com/investment-insights/equities/conflicts-of-interest-in-us-equity-order-routing), [Conflicts of Interest in US Equity Order Routing](https://www.acadian-asset.com/-/media/files/perspective-pdfs/acadian---perspectives---coi-in-order-routing.pdf)",Sean Paylor,The author's name is clearly stated in the webpage content as 'Sean Paylor' with proper capitalization.,Negative,"The article discusses conflicts of interest and hidden costs in U.S. equity order routing, highlighting how brokers' profit motives can harm customers and the need for regulatory action such as the SEC's proposed ban on volume-based pricing. The tone is critical of current practices and emphasizes negative impacts on investors and asset owners, indicating a Negative sentiment.",Acadian Asset Management,"The article is hosted on the Acadian Asset Management website, and the author Sean Paylor is listed as VP, Senior Trader, Implementation at Acadian. Therefore, the company name of the author is Acadian Asset Management.","The article discusses conflicts of interest in U.S. equity order routing, focusing on how stock exchanges offer inducements like fee discounts and rebates to brokers to attract order flow. It highlights how brokers' routing decisions may be influenced by these incentives, potentially harming institutional investors and asset owners. The piece explains volume-based exchange pricing, its impact on broker behavior, and the SEC's proposed ban on this practice, arguing that broader scrutiny of execution conflicts is needed to protect investors.","The summary is based on the detailed content of the article which explains the complex U.S. equity market structure, the inducements exchanges offer to brokers, how these incentives affect brokers' order routing decisions, and the regulatory context involving the SEC's proposed ban on volume-based pricing. The summary captures the key points and overall message of the article concisely."
https://bestexresearch.com/research/the-good-the-bad-the-ugly-of-payment-for-order-flow,BestEx Research,"Financial research article analyzing payment for order flow (PFOF) in US equity markets; explains retail brokers like Robinhood sending orders to market makers who earn from bid-offer spreads and pay PFOF rebates. Covers historical evolution from Bernie Madoff's commission analogy to modern electronic market making by firms like Knight and Citadel, and discusses market structure changes including decimalization and zero commissions. Provides detailed context on the controversial practice amid the Robinhood-GameStop debate.",Hitesh Mittal / Kathryn Berkow,,Yes,"The article explicitly discusses payment for order flow (PFOF) in the context of US equity markets. It mentions Robinhood, a US-based retail broker, and how they send their clients' orders to market makers. The article also refers to the national best bid and offer, which are concepts related to US equity market structure. Therefore, the article satisfies the criterion.
References: [BestEx Research](https://www.bestexresearch.com/research/the-good-the-bad-the-ugly-of-payment-for-order-flow)",5/3/21,"The publication date of the article 'The Good, The Bad, The Ugly of Payment for Order Flow' on BestEx Research is found as May 3, 2021, from multiple search results referencing the article on the BestEx Research website.
References: [The Good, The Bad, & The Ugly of Payment for Order Flow](https://www.bestexresearch.com/research/the-good-the-bad-the-ugly-of-payment-for-order-flow), [The Good, The Bad & The Ugly of Payment for Order Flow](https://www.bestexresearch.com/insights/the-good-the-bad-the-ugly-of-payment-for-order-flow)",Hitesh Mittal / Kathryn Berkow,The authors' names are explicitly mentioned in the provided webpage content as 'Hitesh Mittal / Kathryn Berkow'. They are properly capitalized and formatted as requested.,Neutral,"The article discusses both positive and negative aspects of payment for order flow (PFOF) in the US equity markets. It highlights controversies and criticisms, such as allegations of 'legal bribery' and concerns about market makers influencing trading, while also acknowledging benefits like reduced trading costs for retail investors. The article aims to provide a balanced analysis and recommendations, indicating a neutral sentiment overall.",BestEx Research,"The searches indicate that both Hitesh Mittal and Kathryn Berkow are affiliated with BestEx Research. Hitesh Mittal is the Founder & CEO, and Kathryn Berkow is Managing Director, Research & Brand at BestEx Research. This matches the source website and confirms their company affiliation.
References: [BestEx Research](https://www.bestexresearch.com/research/the-good-the-bad-the-ugly-of-payment-for-order-flow), [About - BestEx Research](https://www.bestexresearch.com/about), [Hitesh Mittal - AQR Capital Management - LinkedIn](https://www.linkedin.com/in/hitesh-mittal-272a36), [Kathryn Berkow - Managing Director, Research & Brand at BestEx ...](https://www.linkedin.com/in/kathryn-berkow-55356053)","The article examines payment for order flow (PFOF) in the US equity markets, detailing how retail brokers send orders to market makers who provide liquidity and profit from the bid-offer spread. It explores the history and evolution of PFOF, controversies including allegations of conflicts of interest, and the impact on retail investors' trading costs. The article also explains market makers' profit challenges, such as adverse selection, and categorizes investor flow toxicity. Overall, it provides a balanced analysis of PFOF's benefits and drawbacks and suggests improvements for market structure.","The summary is based on the detailed content of the article which discusses the mechanics of PFOF, its historical context, market makers' roles and risks, and the debate surrounding PFOF's effects on retail investors. The article aims for a neutral stance, highlighting both positive and negative aspects, which is reflected in the summary."
https://ft.com/content/696a15e0-64f1-4800-af79-4d0a882df5b2,SEC needs to find a way to curb payment for order flow,Opinion article by Sheila Bair analyzing payment for order flow (PFOF) in US equity markets; critiques whether PFOF reduces costs or merely obscures them for retail investors; emphasizes the SEC's regulatory challenge to increase transparency and curb potentially harmful PFOF practices.,Sheila Bair,,Yes,"The article's title, 'SEC needs to find a way to curb payment for order flow,' directly addresses payment for order flow. The article is published in the 'Markets Insight' section of the Financial Times, suggesting a focus on financial markets. The criterion asks whether the article discusses PFOF in the context of US equity markets, and the title strongly implies that it does.
References: [SEC needs to find a way to curb payment for order flow](https://www.ft.com/content/696a15e0-64f1-4800-af79-4d0a882df5b2)",7/9/21,"The publication date of the article 'SEC needs to find a way to curb payment for order flow' by Sheila Bair on FT.com is found as July 9, 2021, based on the search result from the Financial Times website URL https://www.ft.com/content/696a15e0-64f1-4800-af79-4d0a882df5b2.
References: [SEC needs to find a way to curb payment for order flow](https://www.ft.com/content/696a15e0-64f1-4800-af79-4d0a882df5b2)",Sheila Bair,"The author's name is clearly stated multiple times in the provided webpage content as Sheila Bair, with proper capitalization and in the format '<First> <Last>'.",Negative,"The article by Sheila Bair critically discusses payment for order flow (PFOF), highlighting its conflicts of interest, lack of transparency, and potential harm to retail investors and market quality. It points out that PFOF may lead to poorer trade executions and reduced competition, and supports regulatory scrutiny and reform, including a possible ban on PFOF. The overall tone is critical and concerned, indicating a negative sentiment towards PFOF.",Federal Deposit Insurance Corporation (FDIC),"The article states Sheila Bair is a former chair of the US Federal Deposit Insurance Corporation (FDIC). Multiple search results confirm this affiliation as her most notable and relevant organization. Although she has other roles, FDIC is the most prominent and relevant company/organization to list as the author's affiliation for this context.
References: [Sheila Bair - Wikipedia](https://en.wikipedia.org/wiki/Sheila_Bair), [Biography - Sheila Bair | FDIC.gov](https://www.fdic.gov/advisory-committees/biography-sheila-bair)","The article by Sheila Bair critiques the practice of payment for order flow (PFOF) in US equity markets, highlighting conflicts of interest and lack of transparency that may harm retail investors. It explains how PFOF allows brokers to prioritize their profits over best execution for customers, often resulting in poorer trade prices. The article discusses regulatory concerns, including SEC chair Gary Gensler's consideration of banning PFOF, and contrasts the US situation with the UK's ban on PFOF, which improved market quality. It concludes that PFOF reduces competition and market integrity, urging the SEC to find a way to curb the practice.","The summary is based on the detailed content of the article which discusses the nature and impact of payment for order flow, the regulatory context, and the author's critical stance on the practice, as well as historical and comparative perspectives."
https://sec.gov/newsroom/speeches-statements/office-hours-gary-gensler-dark-pools-payment-order-flow-market-structure,"Office Hours with Gary Gensler: Dark Pools, Payment for Order Flow & Market Structure","Speech by SEC Chair Gary Gensler explaining retail stock order routing in US equity markets; highlights how brokers often send orders to wholesalers in dark pools who pay for order flow, potentially limiting best execution through reduced competition; provides regulatory insights into market structure and the implications of payment for order flow on price quality and transparency.",,,Yes,"The article titled 'Office Hours with Gary Gensler: Dark Pools, Payment for Order Flow & Market Structure' explicitly mentions 'Payment for Order Flow' in its title. The article's content begins by discussing how retail orders are routed when buying stock in an app, which is directly related to the practice of payment for order flow in US equity markets.
References: [Office Hours with Gary Gensler: Dark Pools, Payment for Order Flow & Market Structure](https://www.sec.gov/newsroom/speeches-statements/office-hours-gary-gensler-dark-pools-payment-order-flow-market-structure)",3/3/22,"The article clearly states the date 'March 3, 2022' at the beginning of the content, which indicates the publication date of the speech/article by Gary Gensler on the SEC website.",Gary Gensler,"The webpage content and title clearly indicate that the author of the speech/article is Gary Gensler, Chair of the SEC, as it is his office hours speech on the topic.",Negative,"The article critically discusses the practice of payment for order flow and dark pools, highlighting conflicts of interest and potential harm to retail investors. It emphasizes that these practices may not provide the best execution or serve the best interests of investors, and points out hidden costs despite zero commissions. The tone is cautionary and critical, indicating a negative sentiment toward these market practices.",U.S. Securities and Exchange Commission,"The article is authored by Gary Gensler, who is the Chair of the U.S. Securities and Exchange Commission (SEC), a U.S. government agency. Hence, the company/organization associated with the author is the U.S. Securities and Exchange Commission.
References: [Office Hours with Gary Gensler: Dark Pools, Payment for Order Flow & Market Structure](https://www.sec.gov/newsroom/speeches-statements/office-hours-gary-gensler-dark-pools-payment-order-flow-market-structure)","The article explains how stock orders placed through apps are often routed to wholesalers in dark markets via payment for order flow, which can create conflicts of interest and may not ensure the best execution price for investors. It highlights concerns about market transparency, fairness, and hidden costs despite zero commissions, emphasizing the need for markets to work in the best interest of all participants.","The summary captures the main points of the article, which discusses the practice of payment for order flow, its impact on order execution, conflicts of interest, and the broader implications for market fairness and transparency as presented by Gary Gensler in his speech on the SEC website."
https://tastylive.com/shows/the-skinny-on-options-abstract-applications/episodes/payment-for-order-flow-a-good-thing-01-09-2023,Payment For Order Flow A Good Thing,"Informational video content from tastylive, Inc. analyzing payment for order flow in US equity markets; references the Robinhood and GME trading events to contextualize PFOF's role. It argues that contrary to common criticism, PFOF supports retail traders by enhancing market access and execution quality, providing a counter-narrative to claims that PFOF disadvantages retail investors.",,,Yes,"The article titled 'Payment For Order Flow A Good Thing' discusses payment for order flow and mentions Robinhood and GME sagas, which are related to US equity markets. The article also discusses whether PFOF is bad for the retail trader. This indicates that the article discusses payment for order flow in the context of US equity markets.
References: [Payment For Order Flow A Good Thing](https://www.tastylive.com/shows/the-skinny-on-options-abstract-applications/episodes/payment-for-order-flow-a-good-thing-01-09-2023)",1/9/23,"The publication date is explicitly mentioned twice in the content as Jan 9, 2023, which corresponds to 2023-01-09 in ISO format.",Tom Sosnoff,"The article is part of the show 'The Skinny on Options' on tastylive.com. The host and main presenter of this show is Tom Sosnoff, who is prominently featured as the CEO and host on tastylive. Since the article content does not specify an author, the host of the show is the most appropriate author attribution.
References: [Payment For Order Flow A Good Thing](https://www.tastylive.com/shows/the-skinny-on-options-abstract-applications/episodes/payment-for-order-flow-a-good-thing-01-09-2023), [Tom Sosnoff - tastylive](https://www.tastylive.com/talent/tom-sosnoff), [The Skinny On Options Modeling - tastylive](https://www.tastylive.com/shows/the-skinny-on-options-modeling)",Positive,"The article's title 'Payment For Order Flow A Good Thing' explicitly conveys a positive sentiment towards payment for order flow. The content discusses the common criticism of PFOF but argues that the opposite is true, indicating a favorable view of PFOF for retail traders. There is no indication of negative or neutral sentiment in the article.","Tastylive, Inc.","The content of the webpage clearly states that the video and its content are provided solely by tastylive, Inc. (""tasty_live"") and the company is mentioned multiple times as the author and content provider. Therefore, the company author is Tastylive, Inc.","The article discusses the controversy surrounding payment for order flow (PFOF) in active trading, particularly in light of the Robinhood and GME events. It challenges the negative perception of PFOF, arguing that it can actually be beneficial for retail traders. The content is educational and provided by tastylive, Inc.","The summary is based on the article's focus on PFOF and its impact on retail traders, referencing recent market events, and the disclaimers about the educational purpose of the content provided by tastylive, Inc."
https://fortune.com/2021/07/29/robinhood-ipo-hat-is-payment-for-order-flow-regulation,Payment for order flow: What it is and why it matters,"Detailed article explaining payment for order flow (PFOF) in US equity markets; focuses on brokerages like Robinhood and Charles Schwab accepting fractions of a cent per trade order to route client trades. Highlights PFOF's financial impact, with Robinhood generating $522M net revenue in Q1 2021, 81% from PFOF and transaction rebates; discusses regulatory scrutiny and controversy intensified by meme stock volatility and changing brokerage business models.",Jessica Mathews,,Yes,"The article discusses payment for order flow (PFOF) and mentions Robinhood and Charles Schwab, which are US brokers. The article states that these brokerages accept money in exchange for client trade orders, which directly relates to US equity markets. Therefore, the article discusses payment for order flow in the context of US equity markets.
References: [Payment for order flow: What it is and why it matters](https://fortune.com/2021/07/29/robinhood-ipo-hat-is-payment-for-order-flow-regulation)",7/29/21,"The publication date is inferred from the URL of the article, which includes the date segment '2021/07/29'. This is a common practice for news websites to include the publication date in the URL. There is no contradictory information in the article content or metadata provided.",Jessica Mathews,The author's name is clearly stated in the article metadata and content as 'Jessica Mathews' with proper capitalization.,Neutral,"The article provides a balanced discussion of payment for order flow (PFOF), explaining how it works, its benefits such as financing zero-commission trades and adding liquidity, as well as the controversies including conflicts of interest and secret pricing. The tone is factual and presents multiple perspectives without strong positive or negative bias, indicating a neutral sentiment.",Fortune,"Jessica Mathews is identified as a senior writer for Fortune, covering startups and the venture capital industry. Multiple sources including Fortune's author page and LinkedIn profile confirm her affiliation with Fortune.
References: [Payment for order flow: What it is and why it matters](https://fortune.com/2021/07/29/robinhood-ipo-hat-is-payment-for-order-flow-regulation), [Articles & Insights by Jessica Mathews - Fortune](https://fortune.com/author/jessica-mathews), [Jessica Mathews - Fortune | LinkedIn](https://www.linkedin.com/in/jessicakmathews), [Jessica Mathews | Author - Fortune](https://fortune-gr.com/author/jessica-mathews/index.html)","The article explains payment for order flow (PFOF), a practice where brokerages like Robinhood and Charles Schwab receive payments from market makers for routing client trade orders. This practice helps brokerages offer zero-commission trades. It details how market makers add liquidity and manage risk, the role of bid-ask spreads, and the technology behind the process. The article also discusses the controversy around PFOF, including concerns about conflicts of interest, market transparency, and off-exchange trading activity, while noting that PFOF is legal and can offer price improvements to investors.","The summary captures the key points of the article, including the definition and mechanics of PFOF, the involvement of brokerages and market makers, the financial incentives, and the ongoing debate and regulatory scrutiny around the practice, all based on the detailed content provided in the article."
https://optiver.com/insights/the-pfof-you-didnt-know-existed-exchange-marketing-response-fees,The PFOF you didn't know existed: Exchange Marketing & Response Fees,"Insightful analysis of exchange marketing and response fees in US equity options markets; reveals these fees create a pay-to-play environment favoring affiliated market makers over those offering the best prices. Highlights that these fees, totaling billions in related PFOF payments, subsidize wholesalers routing retail orders, skewing liquidity provision economics and disadvantaging unaffiliated market makers.",,,Yes,"The article discusses payment for order flow (PFOF). The article states, ""A prominent area of discussion within equity and equity options markets has been payment for order flow (PFOF)."" This indicates that the article discusses PFOF in the context of US equity markets, satisfying the criterion.
References: [The PFOF you didn't know existed: Exchange Marketing & Response Fees](https://optiver.com/insights/the-pfof-you-didnt-know-existed-exchange-marketing-response-fees)",8/11/21,"The search result snippet for the article 'The PFOF you didn't know existed: Exchange Marketing & Response Fees' on the Optiver website shows a publication date of August 11, 2021, which matches the article URL and title provided.
References: [The PFOF you didn't know existed: Exchange Marketing & ...](https://optiver.com/insights/the-pfof-you-didnt-know-existed-exchange-marketing-response-fees)",,"The searches on the Optiver website and related pages did not reveal any information about the author of the article titled 'The PFOF you didn't know existed: Exchange Marketing & Response Fees'. The article content provided also does not mention an author name. Therefore, the author's name cannot be determined from the available information.
References: [The PFOF you didn't know existed: Exchange Marketing & ...](https://optiver.com/insights/the-pfof-you-didnt-know-existed-exchange-marketing-response-fees)",Negative,"The article discusses the negative impacts of exchange marketing and response fees on market fairness and competition in US equity and options markets. It highlights conflicts of interest, an uneven playing field for market makers, and potential harm to retail investors. The tone is critical and calls for regulatory intervention to address these issues, indicating a Negative sentiment.",Optiver,"The article is published on Optiver's official website and discusses topics related to market structure and payment for order flow, which aligns with Optiver's business focus. Hence, the company author is Optiver.","The article explains how exchange marketing and break-up fees in US equity options markets act as a hidden form of payment for order flow (PFOF), favoring affiliated market makers and disadvantaging unaffiliated ones. This creates a skewed market structure that reduces competition and may lead to wider spreads for retail investors. The article calls for regulatory review and proposes solutions including simplifying fee schedules, adjusting fee disparities, eliminating marketing fees, and increasing transparency to promote fairer competition.","The summary captures the core content of the article, which discusses the impact of exchange marketing and break-up fees as a form of PFOF in US equity options markets, their effects on market competition and retail investors, and suggested regulatory solutions."
https://bloomberg.com/opinion/articles/2021-12-08/what-does-payment-for-order-flow-buy,What Does Payment for Order Flow Buy?,"Opinion article by Matt Levine analyzing payment for order flow in US equity markets; explains how brokers route retail orders to market makers who offer tighter spreads than public exchanges by avoiding adverse selection risks. Discusses the NBBO pricing mechanism and the economic rationale behind PFOF, highlighting its impact on retail trading costs and market dynamics.",Matt Levine,,Yes,"The article, titled ""What Does Payment for Order Flow Buy?"" by Matt Levine, directly discusses payment for order flow. The content refers to retail investors, brokers, and market makers, and mentions the ""national best bid and offer,"" or NBBO, which is specific to US equity markets. Therefore, the article discusses payment for order flow in the context of US equity markets.
References: [What Does Payment for Order Flow Buy?](https://www.bloomberg.com/opinion/articles/2021-12-08/what-does-payment-for-order-flow-buy)",12/8/21,"The publication date is derived from the URL of the article on Bloomberg, which includes the date segment '2021-12-08'. This is a common format used by Bloomberg to indicate the publication date of articles, and it matches the context of the article content provided.",Matt Levine,The author's name is clearly stated in the provided webpage content as 'Matt Levine' with proper capitalization.,Neutral,"The article by Matt Levine discusses payment for order flow by presenting two contrasting models: the Good Model, which highlights benefits such as better prices and free trades for retail investors, and the Bad Model, which points out potential disadvantages like naive investors paying more and the complexity of finding the real price. The article does not strongly favor either perspective but rather explains both sides, indicating a balanced and neutral sentiment overall.",Bloomberg,"Based on multiple search results, Matt Levine is a columnist and financial commentator currently affiliated with Bloomberg. This is supported by his author page on Bloomberg and LinkedIn profile indicating his role at Bloomberg.
References: [Matt Levine (columnist) - Wikipedia](https://en.wikipedia.org/wiki/Matt_Levine_(columnist)), [Matt Levine - Bloomberg - LinkedIn](https://www.linkedin.com/in/mattlevine2), [Matt Levine - Bloomberg.com](https://bloomberg.com/opinion/authors/ARbTQlRLRjE/matthew-s-levine)","The article explains payment for order flow in US equity markets through two models: the Good Model, where market makers offer better prices to retail investors and pay brokers for order flow, benefiting all parties; and the Bad Model, where only savvy traders access the real price, while naive investors pay more, with high-frequency traders exploiting this price difference.","The summary captures the main points of the article's discussion on payment for order flow, highlighting the two contrasting models and their implications for retail investors and market makers as described in the content."
https://realinvestmentadvice.com/payment-for-order-flow-the-secs-plan-to-end-it,Payment For Order Flow & The SEC’s Plan To End It,"Financial commentary article by Lance Roberts on payment for order flow (PFOF) in US equity markets; explains PFOF as broker compensation from third parties to influence order routing, enabling free retail trading but raising concerns about front-running by Wall Street. Discusses the SEC's plan to end PFOF, analyzing its impact on retail investors and market integrity.",Lance Roberts,,Yes,"The article titled ""Payment For Order Flow & The SEC’s Plan To End It"" by Lance Roberts discusses payment for order flow. The title itself indicates the topic. The article was published on realinvestmentadvice.com, which suggests a focus on US markets. Therefore, the article likely discusses payment for order flow in the context of US equity markets.
References: [Payment For Order Flow & The SEC’s Plan To End It](https://realinvestmentadvice.com/payment-for-order-flow-the-secs-plan-to-end-it)",7/5/22,"The publication date is explicitly stated in the article content as 'By Lance Roberts | July 5, 2022'. This indicates the article was published on July 5, 2022.",Lance Roberts,The author's name is clearly stated in the webpage content as 'By Lance Roberts' with proper capitalization.,Negative,"The article discusses payment for order flow as a contentious and problematic practice that exploits retail investors and creates hidden costs despite the appearance of 'free trading.' It highlights the negative consequences and the need for SEC intervention to fix the issues, indicating a critical and negative sentiment toward the current state of payment for order flow.",RIA Advisors,"The search results indicate that Lance Roberts is the Chief Investment Strategist and Economist at RIA Advisors. Multiple sources including realinvestmentadvice.com and his LinkedIn profile confirm this affiliation.
References: [Payment For Order Flow & The SEC’s Plan To End It](https://realinvestmentadvice.com/payment-for-order-flow-the-secs-plan-to-end-it), [Lance Roberts - RIA - Real Investment Advice](https://realinvestmentadvice.com/about/your-team/lance), [Lance Roberts - Chief Investment Strategist and Economist - LinkedIn](https://www.linkedin.com/in/realinvestmentadvice)","The article explains the practice of payment for order flow (PFOF) in US equity markets, highlighting how it enables commission-free trading but creates hidden costs and potential exploitation of retail investors. It covers the history of PFOF, the involvement of firms like Citadel and Robinhood, and the SEC's plans to reform the system to ensure fairer and more competitive markets. The article also discusses the negative impact of PFOF on investor outcomes and the misleading nature of ""free"" trades.","The summary captures the main points of the article, including the definition and implications of payment for order flow, the key players involved, and the SEC's efforts to address the issues, as well as the article's critical stance on the practice."
https://investorjunkie.com/investing/payment-for-order-flow,What Is Payment For Order Flow and Why is it so Controversial?,"Educational article on Payment for Order Flow (PFOF) in US equity markets; explains how trading firms pay brokerages to route stock trades using advanced algorithms connecting brokerages and major exchanges; covers the mechanics, historical context, profitability for high-frequency trading firms, controversies, and strategies to avoid PFOF.",Eric Rosenberg,,Yes,"The article explicitly defines and discusses 'Payment for Order Flow' and its application to stock trades, which implies US equity markets. The article also mentions how computer programs link with participating brokerages and the big stock exchanges to decide which trades go where, further suggesting the context of US equity markets.
References: [What Is Payment For Order Flow and Why is it so Controversial?](https://investorjunkie.com/investing/payment-for-order-flow)",6/13/23,"The search result for the article on investorjunkie.com shows a published date of 06/13/2023, which corresponds to June 13th, 2023. This date is the most relevant and directly associated with the article title and author.
References: [What Is Payment For Order Flow and Why is it so Controversial?](https://investorjunkie.com/investing/payment-for-order-flow)",Eric Rosenberg,The author's name is explicitly mentioned in the provided webpage content as 'Eric Rosenberg' with proper capitalization.,Neutral,"The article provides an informative explanation of payment for order flow (PFOF) and discusses its controversy without using strong positive or negative language. The tone is factual and balanced, indicating a neutral sentiment.",Investor Junkie,"The article is published on investorjunkie.com, and multiple search results indicate that Eric Rosenberg is a financial writer who contributes to Investor Junkie. This strongly suggests that the company affiliation for Eric Rosenberg as the author is Investor Junkie.
References: [Eric Rosenberg, WCI Contributor | White Coat Investor](https://www.whitecoatinvestor.com/eric-rosenberg), [Eric Rosenberg, Contributing Business Writer | U.S. News](https://www.usnews.com/topics/author/eric-rosenberg), [Eric Rosenberg - LowerMyBills](https://www.lowermybills.com/author/eric-rosenberg)",The article explains payment for order flow (PFOF) as a practice where brokers receive compensation for routing stock orders to specific market makers. It describes how sophisticated programs and middleman companies manage trades in the US equity markets. The article also discusses the controversy surrounding PFOF and its potential impact on investors' trades.,"The summary captures the main points from the article content provided, including the definition of PFOF, its operational context in US equity markets, and the controversy it generates, all concisely."
https://papers.ssrn.com/sol3/papers.cfm?abstract_id=224943,The Allocation of Investors' Orders and Inefficient Market Competition: A Proposal,"Law and economics discussion paper from Harvard Law School and ECGI; analyzes payment for order flow in US equity markets, highlighting inefficient nonprice competition caused by SEC price regulations on order execution; proposes eliminating these regulatory price constraints to streamline market competition and reduce regulatory costs; 59 pages, published May 2000.","Allen  Ferrell, M  Petersen, D  Fialkowski",,Yes,"The article abstract explicitly mentions that it discusses ""payment for order flow"" and its implications for securities markets. The abstract also mentions the SEC's involvement, indicating a US context. Therefore, the article discusses payment for order flow in the context of US equity markets.
References: [Payment for order flow](https://api.exa.ai/crawl-ping?value=Payment%20for%20order%20flow%20is%20the%20compensation%20that%20a%20stockbroker%20receives%20from%20a%20market%20maker%20in%20exchange%20for%20the%20broker%20routing%20its%20clients%27%20trades%20to%20that%20market%20maker.%20The%20market%20maker%20profits%20from%20the%20bid-ask%20spread%20and%20rebates%20a%20portion%20of%20this...%0Aundefined), [Payment for Order Flow (PFOF): Definition and How It Works](https://www.investopedia.com/terms/p/paymentoforderflow.asp), [Payment for order flow - Wikipedia](https://en.wikipedia.org/wiki/Payment_for_order_flow), [Payment For Order Flow (PFOF): Meaning & Examples - Britannica](https://www.britannica.com/money/payment-for-order-flow-explained), [Payments for US retail flow reach record high, led by Citadel ...](https://www.globaltrading.net/payment-for-us-retail-flow-reaches-record-high-led-by-citadel-securities-imc), [[PDF] Payment for Order Flow and the Retail Trading Experience](https://wifpr.wharton.upenn.edu/wp-content/uploads/2023/10/Payment-for-Order-Flow.pdf), [Citadel Securities paid US$943m for retail US equity, options order ...](https://www.globaltrading.net/citadel-securities-paid-us943m-for-retail-us-equity-options-order-flow-in-nine-months), [Payment for Order Flow | Interactive Brokers LLC](https://www.interactivebrokers.com/en/trading/payment-for-order-flow.php), [Payment for Order Flow (PFOF) and Broker-Dealer Regulation](https://www.congress.gov/crs-product/IF12594), [Payment for Order Flow (PFOF): Definition and How It Works - SoFi](https://www.sofi.com/learn/content/payment-for-order-flow), [What is Payment for Order Flow (PFOF)? | eToro US Help](https://help.etoro.com/en-us/s/article/What-is-Payment-for-Order-Flow-PFOF-US), [The Allocation of Investors' Orders and Inefficient Market Competition: A Proposal](https://papers.ssrn.com/sol3/papers.cfm?abstract_id=224943)",5/13/00,"The webpage content explicitly states that the paper was posted on 13 May 2000, which is the publication date of the article.",Allen Ferrell,The author's name is explicitly mentioned in the webpage content as 'Allen Ferrell' with proper capitalization. This matches the format '<First> <Last>' as requested.,Neutral,"The article discusses inefficiencies and critiques current regulatory approaches regarding payment for order flow, indicating a critical but analytical tone. However, it also proposes a solution to the problem, which tempers the negativity. Therefore, the overall sentiment is best classified as Neutral.",Harvard Law School,"The webpage content explicitly states that Allen Ferrell is affiliated with Harvard Law School, which is the company/institution name associated with the author. This is a proper capitalization of the company name as requested.","The article analyzes the practice of payment for order flow in US securities markets, arguing that it leads to inefficient nonprice competition. It critiques existing regulatory approaches, including SEC disclosure rules, and proposes that removing SEC price-filling regulations would more effectively resolve the issue and reduce regulatory complexity.","The summary is based on the abstract and content of the article, which discusses payment for order flow, its inefficiencies, critiques of current SEC regulations, and a proposed solution to remove price-filling regulations to improve market competition."
https://warriortrading.com/payment-for-order-flow,A Primer on Payment for Order Flow: Brokers Selling Orders to HFTs,"Educational article on payment for order flow in US equity markets; explains how brokers sell retail stock orders to high-frequency traders, referencing TD Ameritrade and Apple stock as examples. Covers regulatory aspects including SEC oversight and rule 606 disclosures, providing a detailed overview of PFOF's role and impact in the US market structure.",Joseph B,,Yes,"The article discusses payment for order flow and mentions US equity markets by referencing TD Ameritrade, Apple stock, SEC regulations, and rule 606 laid out by the Electronic Code of Federal Regulations. Therefore, the article discusses payment for order flow in the context of US equity markets.
References: [A Primer on Payment for Order Flow: Brokers Selling Orders to HFTs](https://www.warriortrading.com/payment-for-order-flow)",,"After thorough searching and analysis, the publication date of the article 'A Primer on Payment for Order Flow: Brokers Selling Orders to HFTs' on warriortrading.com could not be found in the article content, metadata, or external sources. Therefore, the publication date cannot be provided.
References: [A Primer on Payment for Order Flow: Brokers Selling ...](https://www.warriortrading.com/payment-for-order-flow)",Joseph B,"The author's name is explicitly provided in the webpage metadata as 'Joseph B'. No further information is available to provide a full last name, so the name is given as found with proper capitalization.",Neutral,"The article provides a balanced overview of payment for order flow, discussing both the potential benefits like price improvement and the criticisms such as adverse market effects and predatory practices. It includes historical context, regulatory information, and ways to avoid payment for order flow without taking a strongly positive or negative stance. This balanced presentation supports a Neutral sentiment classification.",Warrior Trading,"The author Joseph B is identified as Joseph (Asperin) Bowik on LinkedIn, who is the Director of Product Design at Warrior Trading. The article is published on warriortrading.com, confirming the author's company affiliation as Warrior Trading.
References: [Joseph (Asperin) Bowik - Warrior Trading - LinkedIn](https://www.linkedin.com/in/josephbowik)","The article explains payment for order flow, where brokerage firms sell order access to high-frequency trading firms, primarily in US equity markets. It covers the history of the practice, regulatory requirements, and how HFTs profit through techniques like order bundling and latency arbitrage. The article discusses arguments for price improvement and criticisms regarding market liquidity and fairness. It also outlines ways to avoid brokers that sell order flow.","The summary captures the main points of the article, including the definition, history, regulatory context, profit mechanisms for HFTs, debate on price improvement, and avoidance strategies, providing a concise overview of the content."
https://en.wikipedia.org/wiki/Payment_for_order_flow,Payment for order flow,"Wikipedia article on payment for order flow (PFOF) in US equity markets; explains how brokers receive compensation from market makers like Citadel Securities for routing trades, with profits derived from bid-ask spreads and partial price improvements returned to consumers. Discusses PFOF's controversy as a potential kickback versus its role in supporting low-cost trading and investment apps; outlines US legal conditions requiring broker disclosure and best execution practices.",Contributors to Wikimedia projects,,Yes,"The article defines payment for order flow (PFOF). Search results confirm that PFOF is a common practice within the US equity market, involving US retail brokers and market makers like Citadel Securities. Therefore, the article discusses PFOF in the context of US equity markets.
References: [Payment for Order Flow (PFOF): Definition and How It Works](https://www.investopedia.com/terms/p/paymentoforderflow.asp), [Payment for order flow - Wikipedia](https://en.wikipedia.org/wiki/Payment_for_order_flow), [Citadel Securities paid US$943m for retail US equity, options order flow ...](https://www.globaltrading.net/citadel-securities-paid-us943m-for-retail-us-equity-options-order-flow-in-nine-months), [[PDF] Payment for Order Flow and the Retail Trading Experience](https://wifpr.wharton.upenn.edu/wp-content/uploads/2023/10/Payment-for-Order-Flow.pdf), [Payments for US retail flow reach record high, led by Citadel ...](https://www.globaltrading.net/payment-for-us-retail-flow-reaches-record-high-led-by-citadel-securities-imc)",,"The Wikipedia article 'Payment for order flow' does not have a specific publication date as it is continuously updated. The search did not reveal the article's original creation date or first edit date. Therefore, the publication date cannot be determined and is returned as null.
References: [Payment for order flow - Wikipedia](https://en.wikipedia.org/wiki/Payment_for_order_flow)",,"The author is listed as 'Contributors to Wikimedia projects' which refers to multiple anonymous contributors rather than a single individual with a proper first and last name. Therefore, no specific author name in the format '<First> <Last>' can be provided.",Neutral,"The article on payment for order flow (PFOF) presents a balanced view, discussing both criticisms (such as being called a ""kickback"" and concerns about conflicts of interest) and defenses (such as funding new investment apps and enabling low-cost trading). It provides factual information and regulatory context without strong positive or negative bias. Therefore, the overall sentiment of the article is neutral.",Wikimedia Foundation,"The article is authored by 'Contributors to Wikimedia projects', which refers to the collective contributors of Wikipedia. The organization behind Wikipedia is the Wikimedia Foundation, so the company author is 'Wikimedia Foundation'.
References: [Payment for order flow](https://en.wikipedia.org/wiki/Payment_for_order_flow)","Payment for order flow (PFOF) is a practice where brokers receive compensation from market makers for routing client trades to them. It is controversial, with critics viewing it as a conflict of interest, while supporters argue it enables low-cost trading and efficient execution. In the US, PFOF is legal with disclosure and best execution requirements, involving major brokers like Robinhood and market makers such as Citadel. It is banned in the UK and EU, and restricted in Canada. The practice has faced increased scrutiny following events like the GameStop short squeeze. Regulatory rules aim to ensure transparency and protect investors.","The summary captures the key points from the Wikipedia article, including the definition of PFOF, its controversial nature, regulatory status in different regions, major market participants, and recent scrutiny. It is concise and informative, aligning with the user's instruction for a brief summary."
https://businesslawreview.uchicago.edu/print-archive/disclosure-gap-market-order-flow,A Disclosure Gap in the Market for Order Flow,"Scholarly article analyzing payment for order flow in U.S. equity markets; focuses on the broker-wholesaler relationship under FINRA Rule 5310 and federal antifraud laws. Highlights SEC scrutiny of wholesalers, including Chairman Gensler's concerns about economic rents from retail order flow and the SEC's proposed Order Competition Rule. Published by the University of Chicago Business Law Review, it builds on empirical research to reveal a disclosure gap impacting market transparency.",,,Yes,"The article, titled ""A Disclosure Gap in the Market for Order Flow"" and published by the University of Chicago Business Law Review, explicitly discusses wholesalers in U.S. equity markets and the SEC's focus on them. The crawled content confirms that the article discusses payment for order flow in the context of US equity markets. The abstract mentions the broker-wholesaler relationship and the SEC's proposed Order Competition Rule. The introduction also mentions Chairman Gensler's concern about economic rents accruing to wholesalers as they pay for marketable orders placed by retail investors.
References: [A Disclosure Gap in the Market for Order Flow](https://businesslawreview.uchicago.edu/print-archive/disclosure-gap-market-order-flow), [[PDF] A Disclosure Gap in the Market for Order Flow](https://businesslawreview.uchicago.edu/sites/default/files/2023-07/Nathanson_v2_493-530.pdf), [Payment For Order Flow is banned in the UK : r/Superstonk](https://www.reddit.com/r/Superstonk/comments/obxxkd/payment_for_order_flow_is_banned_in_the_uk), [Payment for order flow | Request PDF - ResearchGate](https://www.researchgate.net/publication/222569423_Payment_for_order_flow), [[PDF] Payment for Order Flow and the Retail Trading Experience](https://wifpr.wharton.upenn.edu/wp-content/uploads/2023/09/Payment-for-Order-Flow-final.pdf)",7/1/23,"The article 'A Disclosure Gap in the Market for Order Flow' by Joshua Nathanson is published in Volume 2, Issue 2 of the University of Chicago Business Law Review in 2023. The PDF file linked from the official site has a filename including '2023-07', indicating July 2023 as the publication date. The volume and issue information from the University of Chicago Business Law Review confirms the year 2023 and the issue as 2, which corresponds to mid-year publication. Therefore, the publication date is best represented as 2023-07-01.
References: [A Disclosure Gap in the Market for Order Flow](https://businesslawreview.uchicago.edu/print-archive/disclosure-gap-market-order-flow), [[PDF] A Disclosure Gap in the Market for Order Flow](https://businesslawreview.uchicago.edu/sites/default/files/2023-07/Nathanson_v2_493-530.pdf), [""A Disclosure Gap in the Market for Order"" by Joshua Nathanson](https://chicagounbound.uchicago.edu/ucblr/vol2/iss2/6), [Volume 2.2 | The University of Chicago Business Law Review](https://businesslawreview.uchicago.edu/print-archive/volume/volume-22)",Joshua Nathanson,"The author of the article 'A Disclosure Gap in the Market for Order Flow' from the University of Chicago Business Law Review is identified as Joshua Nathanson. This is confirmed by the search result linking to the article on the University of Chicago's Chicago Unbound repository and the PDF document where the name Nathanson appears.
References: [A Disclosure Gap in the Market for Order Flow](https://businesslawreview.uchicago.edu/print-archive/disclosure-gap-market-order-flow), [""A Disclosure Gap in the Market for Order"" by Joshua Nathanson](https://chicagounbound.uchicago.edu/ucblr/vol2/iss2/6), [[PDF] A Disclosure Gap in the Market for Order Flow](https://businesslawreview.uchicago.edu/sites/default/files/2023-07/Nathanson_v2_493-530.pdf)",Negative,"The article critically analyzes the broker-wholesaler relationship and highlights a significant disclosure gap in the U.S. equity markets that limits competition and prevents effective monitoring by retail investors. It points out regulatory shortcomings and market failures, proposing a regulatory solution to address these issues. The tone is analytical and concerned, focusing on problems and the need for reform, which aligns with a Negative sentiment.",University of Chicago,"The author of the article 'A Disclosure Gap in the Market for Order Flow' is Joshua Nathanson, who is affiliated with the University of Chicago. This is supported by multiple sources indicating his connection to the University of Chicago Business Law Review and University of Chicago Law School.
References: [A Disclosure Gap in the Market for Order Flow](https://businesslawreview.uchicago.edu/print-archive/disclosure-gap-market-order-flow), [""A Disclosure Gap in the Market for Order"" by Joshua Nathanson](https://chicagounbound.uchicago.edu/ucblr/vol2/iss2/6), [Joshua Nathanson - Associate at WilmerHale - LinkedIn](https://www.linkedin.com/in/joshua-nathanson-aab345141)","The article discusses the broker-wholesaler relationship in U.S. equity markets, highlighting a significant disclosure gap that limits competition and prevents retail investors from effectively monitoring brokers. It explains how brokers make tradeoffs in negotiating order flow arrangements with wholesalers and argues that current SEC regulations do not require sufficient disclosure of these arrangements. The author proposes a regulatory solution to mandate detailed disclosure of order-routing strategies to enhance market transparency and investor protection.","The summary is based on the detailed content from the article 'A Disclosure Gap in the Market for Order Flow' which focuses on the broker-wholesaler relationship, the lack of meaningful disclosure under current SEC regulations, and the resulting market failure. The article proposes regulatory reforms to address these issues, as confirmed by the content and abstract provided on the University of Chicago Business Law Review website."
https://stockbrokers.com/guides/order-execution,Best Brokers for Order Execution 2023,"Online guide ranking top brokers for order execution in 2025; emphasizes brokers that reject payment for order flow (PFOF) to ensure transparent, client-first trade routing. Highlights the impact of PFOF in US equity markets and promotes brokers without PFOF as offering better execution quality and pricing advantages. Authored by CFA and CMT credentialed experts with over 20 million users served since 2009, based on thousands of trades and independent testing.",Sam Levine; CFA; CMT; Blain Reinkensmeyer Edited by Carolyn Kimball Fact-checked by Steven Hatzakis,,Yes,"The article explicitly mentions payment for order flow (PFOF) as a revenue source for brokers and discusses its role in the context of trading, implying US equity markets.
References: [Best Brokers for Order Execution 2023](https://www.stockbrokers.com/guides/order-execution)",6/11/25,"The article explicitly states the publication date as June 11, 2025, near the beginning of the content section under the title 'Best Brokers for Order Execution of 2025'. This is the clearest and most direct indication of the publication date.",Sam Levine,The author's name is explicitly mentioned in the webpage content as 'Sam Levine' with proper capitalization.,Positive,"The article highlights the brokers Fidelity and Interactive Brokers positively, emphasizing their commitment to transparent, client-first order execution without payment for order flow. It praises their technology, order quality, and transparency, portraying them as superior choices for investors and professionals. There is no negative or neutral tone present, making the overall sentiment clearly positive.",StockBrokers.com,"The article is authored by Sam Levine and published on StockBrokers.com, indicating that the company associated with the author is StockBrokers.com. This is the proper capitalization of the company name.","The article ranks the best brokers for order execution in 2025, emphasizing those that do not accept payment for order flow (PFOF) to ensure better trade execution quality. Fidelity is highlighted as the top broker for everyday investors, known for its price improvement and transparency, while Interactive Brokers is recognized for professional traders with advanced routing technology and extensive order customization. The guide explains the importance of avoiding PFOF for optimal trade pricing and execution.","The summary captures the main points of the article, including the focus on brokers that avoid PFOF, the top brokers highlighted (Fidelity and Interactive Brokers), and the key features that make them stand out in order execution quality."