url,title,name,company,company_type,date,pfof_summary,pfof_stance,sentiment_evidence,article summary
https://fool.com/terms/p/payment-for-order-flow,What Is Payment for Order Flow (PFOF)?,Adam Levy,The Motley Fool,Media,1/12/24,"The article, titled ""What Is Payment for Order Flow (PFOF)?"" on fool.com, discusses the concept of payment for order flow. Given the context of the article being published on a financial website and the common understanding of PFOF relating to US equity markets, it is reasonable to assume that the article discusses PFOF in the context of US equity markets.
References: [What Is Payment for Order Flow (PFOF)?](https://www.fool.com/terms/p/payment-for-order-flow), [How to use Price-to-Book Ratio to Analyze Stocks](https://www.fool.com/terms/p/price-to-book-ratio), [What Is a Primary Market?](https://www.fool.com/terms/p/primary-market), [Price-to-Sales Ratio Defined](https://www.fool.com/terms/p/price-to-sales-ratio-value-stocks), [Premarket Trading: Everything You Need to Know](https://www.fool.com/terms/p/premarket-trading)",Neutral,"The article provides a balanced view of payment for order flow (PFOF), explaining both its benefits, such as enabling commission-free trades and potentially better prices for investors, and its criticisms, including concerns about brokers' fiduciary duty and whether customers always get the best price. This balanced presentation indicates a neutral sentiment rather than a purely positive or negative stance.","The article explains payment for order flow (PFOF) as compensation brokers receive from market makers for routing customer orders to them, enabling commission-free trades. It describes how market makers provide better prices than public exchanges and the benefits of increased liquidity and cost savings for investors. However, it also highlights criticisms regarding potential conflicts of interest and whether brokers always secure the best prices for customers."
https://investopedia.com/investing/free-stock-trading-whats-catch,Is There a Catch to Free Stock Trading?,Alan Farley,Investopedia,Media,9/30/22,"The article explicitly discusses payment for order flow and its implications for brokerages like Robinhood, TD Ameritrade, Charles Schwab and E*Trade, all operating within the US equity market. It also references SEC regulations related to PFOF.
References: [Is There a Catch to Free Stock Trading?](https://www.investopedia.com/investing/free-stock-trading-whats-catch)",Neutral,"The article provides a balanced view on commission-free trading, discussing both the benefits such as accessibility and new features, and the drawbacks including payment for order flow risks, regulatory penalties, and potential conflicts of interest. It does not strongly favor or criticize but informs readers about the complexities, leading to a neutral sentiment.","The article explains how commission-free stock trading, popularized Robinhood, has become mainstream among brokers. It details how brokerages generate revenue through payment for order flow, margin lending, rehypothecation, and fees for premium services. The article highlights potential risks such as lower quality order execution and increased financial system risk during stress periods. It also notes regulatory scrutiny and advises frequent traders to consider premium accounts for better trade execution."
https://slate.com/business/2022/09/robinhood-payment-order-flow-securities-exchange-commission.html,There’s Officially No Going Back From the World Robinhood Built,Alex Kirshner,Slate,Media,9/23/22,"The Slate article explicitly discusses payment for order flow (PFOF) in the context of US equity markets, describing how Robinhood routes stock orders to market-makers, the revenue from PFOF, and references to 'trades', 'market-makers', and 'US stock trading' in the article text. For example, it states: 'What Robinhood settled on was a practice called payment for order flow... Robinhood connects a person who wants to trade stocks with a market-maker...' and 'The market-makers need trades for this to work, and Robinhood provides them en masse... The companies pay Robinhood to fill those trades—for that order flow—and that makes up most of Robinhood’s revenue.' It also notes second-quarter 2022 PFOF revenue share and SEC context, confirming US equities context.
References: [There's Officially No Going Back From the World Robinhood Built](https://slate.com/business/2022/09/robinhood-payment-order-flow-securities-exchange-commission.html), [What Everyone Who's Mad at Robinhood Got Wrong](https://slate.com/technology/2021/02/robinhood-gamestop-stock-business-model.html), [Robinhood CEO says payment for order flow is 'here to stay' - CNBC](https://www.cnbc.com/2023/12/01/robinhood-ceo-says-payment-for-order-flow-is-here-to-stay.html), [Stock Market](https://slate.com/tag/stock-market/2), [Investing](https://slate.com/tag/investing), [How Robinhood Makes Money - Investopedia](https://www.investopedia.com/articles/active-trading/020515/how-robinhood-makes-money.asp)",Neutral,"The article provides a balanced discussion of Robinhood's payment for order flow business model, highlighting both positive aspects such as democratizing finance and making trading accessible and cheap, as well as negative aspects including conflicts of interest and potential risks. The tone is nuanced and does not lean strongly positive or negative, indicating a neutral sentiment overall.","The article discusses how Robinhood transformed stock trading popularizing commission-free trades funded primarily through payment for order flow (PFOF). It explains the mechanics of PFOF, where Robinhood routes trades to market-makers who pay for order flow, making up most of Robinhood's revenue. The article also covers the SEC's consideration of banning PFOF, which was ultimately rejected, solidifying this model for retail trading in the US. It highlights both the benefits of accessible, low-cost trading and the inherent conflicts and risks in this system."
https://businessinsider.com/hft-pay-how-much-do-market-makers-pay-traders-engineers-researchers-citadel,"HFT pay revealed: Salaries from Citadel Securities, Jump, HRT and more",Alex Morrell,Business Insider,Media,3/31/22,"The article explicitly discusses payment-for-order-flow (PFOF) in the context of US equities, noting that high-frequency trading firms pay retail brokers like Robinhood for customer stock orders and referencing US equity market share (Citadel Securities handling about one-quarter of US equities). This directly satisfies the criterion that the article discusses PFOF in US equity markets.
References: [US Stock Brokers Made $3.8 Billion From PFOF Amid GameStop ...](https://markets.businessinsider.com/news/stocks/stock-brokers-made-billions-pfof-gamestop-craze-robinhood-charles-schwab-2022-2), [Robinhood's Payment for Order Flow Is Focus of Congressional ...](https://www.businessinsider.com/robinhood-payment-for-order-flow-gamestop-regulation-revenue-2021-2), [Citadel Securities paid US$943m for retail US equity, options order ...](https://www.globaltrading.net/citadel-securities-paid-us943m-for-retail-us-equity-options-order-flow-in-nine-months), [[PDF] How does Payment for Order Flow Influence Markets? - SEC.gov](https://www.sec.gov/files/dera_wp_payment-order-flow-2501.pdf), [Payment For Order Flow is banned in the UK : r/Superstonk](https://www.reddit.com/r/Superstonk/comments/obxxkd/payment_for_order_flow_is_banned_in_the_uk), [HFT Pay Revealed: Salaries From Citadel Securities, Jump, HRT ...](https://www.businessinsider.com/hft-pay-how-much-do-market-makers-pay-traders-engineers-researchers-citadel), [Payment for order flow - Wikipedia](https://en.wikipedia.org/wiki/Payment_for_order_flow), [Robinhood, Schwab led US$340m retail order flow payment bonanza ...](https://www.globaltrading.net/robinhood-schwab-led-us461m-retail-order-flow-payment-bonanza-in-may), [Payment for Order Flow Worries the SEC. Perhaps It Shouldn't ...](https://www.barrons.com/articles/payment-for-order-flow-sec-51661280732), [[PDF] FACT SHEET – Payment for Order Flow - Better Markets](https://bettermarkets.org/wp-content/uploads/2022/03/Better_Markets_Payment_for_Order_Flow_Long_02-21-2021.pdf), [U.S. mulls shaking up stock trading rules to aid small investors](https://www.reuters.com/legal/litigation/us-mulls-shaking-up-stock-trading-rules-aid-small-investors-2022-03-28), [Exclusive: U.S. investigates market-making operations of Citadel, KCG](https://www.reuters.com/article/business/exclusive-us-investigates-market-making-operations-of-citadel-kcg-idUSKCN0Y11CJ), [What is Payment for Order Flow (PFOF)? | PFOF Brokers % - Bookmap](https://bookmap.com/blog/what-is-payment-for-order-flow-pfof), [U.S. online brokers still profiting from 'dumb money' | Reuters](https://www.reuters.com/article/business/us-online-brokers-still-profiting-from-dumb-money-idUSKBN1WN1S1), [Payment for Order Flow (PFOF) and Broker-Dealer Regulation](https://www.congress.gov/crs-product/IF12594), [[PDF] Eliminating Payment for Order Flow to Ensure Loyal Agents](https://bclawreview.bc.edu/articles/3061/files/6425deca63493.pdf), [Robinhood CEO says payment for order flow is 'here to stay' - CNBC](https://www.cnbc.com/2023/12/01/robinhood-ceo-says-payment-for-order-flow-is-here-to-stay.html), [[PDF] Payment for Order Flow and the Retail Trading Experience](https://wifpr.wharton.upenn.edu/wp-content/uploads/2023/09/Payment-for-Order-Flow-final.pdf), [Goodbye, PFOF? What to Know About SEC ... - Markets Insider](https://markets.businessinsider.com/news/stocks/goodbye-pfof-what-to-know-about-sec-changes-as-hood-virtu-stock-fall-1031972709), [Sam Bankman-Fried's FTX US just launched a no-fee stock ...](https://www.businessinsider.com/how-ftx-us-and-public-plan-to-make-money-without-payment-for-order-flow-2022-7), [A high-frequency trading firm that executes crypto trades for ...](https://markets.businessinsider.com/news/stocks/jump-trading-group-equity-stock-trading-robinhood-crypto-retail-investors-2021-08), [Retail Investors Sold the Stocks They Bought During COVID ...](https://markets.businessinsider.com/news/stocks/retail-investors-sold-stocks-from-covid-trading-boom-goldman-sachs-2023-1), [How Robinhood Conditioned a Generation to Obsessively ...](https://www.businessinsider.com/how-robinhood-conditioned-generation-trade-obsessive-investing-reddit-gamestop-wallstreetbets-2021-2), [Trading Frenzy in Meme Stocks Reflects a Broken Part of the ...](https://markets.businessinsider.com/news/stocks/meme-stocks-retail-trading-frenzy-gamestop-broken-market-alex-gerko-2021-6-1030502767), [Ken Griffin's Citadel, Citadel Securities' Profiles Are on the ...](https://www.businessinsider.com/ken-griffin-citadel-citadel-securities-gamestop-reddit-trading-wallstreetbets-2021-2), [Public.com: US Trading App Expanding to Europe, Plans ...](https://www.businessinsider.com/publiccom-us-trading-app-expanding-to-europe-plans-acquisitions-2022-11), [Report Details Robinhood's Internal Reaction to GameStop ...](https://www.businessinsider.com/report-details-robinhood-internal-communications-to-gamestop-amc-meme-stocks-2022-6)",Neutral,"The article provides a factual and balanced overview of high-frequency trading firms, their salaries, and the practice of payment-for-order-flow in US equity markets. It includes both positive aspects, such as the firms' growth and importance, and negative aspects, such as controversies and criticism. The tone is informative and neutral without strong emotional bias.","The article reveals salary ranges for traders, engineers, and researchers at top high-frequency trading firms like Citadel Securities, highlighting their competitive pay and hiring practices including H-1B visa usage. It also discusses the controversial payment-for-order-flow practice in US equity markets, where firms such as Citadel pay retail brokers like Robinhood for customer trade orders, underscoring the firms' significant role in market making and trading across various asset classes."
https://bloomberg.com/opinion/articles/2023-12-07/online-options-trading-is-rigged-against-small-investors,Options Trading Is Rigged Against Average Investors,Alex Yin,Optiver and Chicago Trading Company,Market maker,12/7/23,"The article discusses payment for order flow (PFOF) and mentions specific firms like Citadel and Robinhood, which are known to be involved in PFOF in the US equity markets. The article states that large trading firms paid brokerages to trade against their customers' orders. Although the article starts mentioning options trading, it also refers to the general practice of PFOF, which includes US equity markets. Therefore, the article satisfies the criterion.
References: [Options Trading Is Rigged Against Average Investors](https://www.bloomberg.com/opinion/articles/2023-12-07/online-options-trading-is-rigged-against-small-investors)","Negative, Neutral","The article is critical of the options trading environment for retail investors, describing it as rigged and highlighting the financial disadvantages and risks faced small investors. It emphasizes the negative impact of payment for order flow and the losses incurred retail traders. However, it also provides neutral advice on regulatory measures and safer investment alternatives like low-cost index funds, which adds a neutral tone to the overall sentiment.","The article explains how retail investors are disadvantaged in options trading due to payment for order flow practices large trading firms that profit trading against them. It highlights the risks and losses faced small investors, the rapid growth of retail options trading, and calls for regulatory reforms. The author, a former options trader, advises retail investors to be cautious and suggests low-cost index funds as a safer investment alternative."
https://prospect.org/power/republicans-want-robinhood-to-keep-ripping-off-day-traders,Republicans Want Robinhood to Keep Ripping Off Day Traders,Alexander Sammon,The American Prospect,Media,12/8/21,"The article discusses payment for order flow in the context of US equity markets. The article mentions 'payment for order flow' and refers to Robinhood and Citadel Securities, which are major players in US equity markets.
References: [Republicans Want Robinhood to Keep Ripping Off Day Traders](https://prospect.org/power/republicans-want-robinhood-to-keep-ripping-off-day-traders)",Negative,"The article predominantly criticizes the practice of payment for order flow, describing it as a conflict of interest that exploits traders and benefits Wall Street firms at the expense of everyday investors. It highlights the financial contributions from Wall Street to Sen. Pat Toomey, who defends the practice, framing this as a negative influence. The tone is critical of the practice and those supporting it, indicating a negative sentiment overall.","The article discusses the controversial practice of payment for order flow in US equity markets, highlighting its profitability for brokerage firms like Robinhood and Charles Schwab. It explains the criticism from regulators and investors about conflicts of interest and potential harm to traders. The article also covers Republican Senator Pat Toomey's defense of the practice, his introduction of legislation to protect it, and his financial ties to Wall Street firms benefiting from the system."
https://benzinga.com/fintech/21/05/20971201/top-5-brokers-raked-in-over-1-billion-payment-for-order-flow-during-the-first-quarter-of-2021,Top 5 Brokers Raked In Over $1 Billion Payment For Order Flow During The First Quarter Of 2021,Alexander Voigt,Benzinga,Media,5/6/21,"The Benzinga article's title explicitly mentions 'Payment For Order Flow' and the search snippet lists US broker names (TD Ameritrade, Robinhood, E*Trade, Charles Schwab, Webull) and states $1.02B in payment for order flow in the first quarter, indicating PFOF in US equity markets. This confirms the article discusses PFOF within the context of US equities. Sources: crawled page metadata (title) and search result snippet listing the brokers and PFOF amount.
References: [Top 5 Brokers Raked In Over $1 Billion Payment For Order Flow ...](https://www.benzinga.com/fintech/21/05/20971201/top-5-brokers-raked-in-over-1-billion-payment-for-order-flow-during-the-first-quarter-of-2021), [[PDF] article hooked and hustled: the predatory allure of gamblified finance](https://journals.library.columbia.edu/index.php/CBLR/article/download/14252/7833/40762), [Payment for order flow - Wikipedia](https://en.wikipedia.org/wiki/Payment_for_order_flow), [In the news archives - RSM US](https://rsmus.com/newsroom/rsm-us-in-the-news/in-the-news-archives.html), [Payment for Order Flow and Market Makers - BrokerChooser](https://brokerchooser.com/education/news/data-dashboard/payment-for-order-flow), [Payment for Order Flow (PFOF) and Broker-Dealer Regulation](https://www.congress.gov/crs-product/IF12594), [[XML] https://www.hinshawlaw.com/sitemap.xml](https://www.hinshawlaw.com/sitemap.xml), [[PDF] Essays on Empirical Asset Pricing - mediaTUM](https://mediatum.ub.tum.de/doc/1702048/1702048.pdf), [Payment for Order Flow (PFOF): Definition and How It Works](https://www.investopedia.com/terms/p/paymentoforderflow.asp), [[XLS] Kansas_State_University_OR_K-St - Kansas State University](https://www.k-state.edu/media/newsreleases/newsclips/21/Aug21clips.xls), [Citadel Paying Over $1B a Year for Order Flow - Tremendous](https://tremendous.blog/2022/04/14/citadel-paying-over-1b-a-year-for-order-flow), [What is Payment for Order Flow (PFOF)? | PFOF Brokers % - Bookmap](https://bookmap.com/blog/what-is-payment-for-order-flow-pfof), [How Robinhood makes money on customer trades despite ... - CNBC](https://www.cnbc.com/2020/08/13/how-robinhood-makes-money-on-customer-trades-despite-making-it-free.html), [Best Stock Brokers for 2025 - Benzinga](https://www.benzinga.com/money/best-stock-brokers-in-the-us), [BrokerChooser in the Media](https://brokerchooser.com/education/news/media-mentions), [Citadel Securities would buy Robinhood if regulators crack down on ...](https://finance.yahoo.com/news/payment-for-order-flow-thomas-peterffy-171129702.html), [US Stock Brokers Made $3.8 Billion From PFOF Amid GameStop ...](https://markets.businessinsider.com/news/stocks/stock-brokers-made-billions-pfof-gamestop-craze-robinhood-charles-schwab-2022-2), [Barrons 24 Marzo 28 | PDF | Sustainable Energy - Scribd](https://www.scribd.com/document/714213428/Barrons-24-marzo-28)",Neutral,The article presents factual information about the payment for order flow revenue earned top US brokers in the first quarter of 2021. There is no explicit positive or negative language or opinion expressed in the title or content snippet. It is a neutral report on financial data.,"The article reports that the top 5 US brokers—TD Ameritrade, Robinhood, E*Trade, Charles Schwab, and Webull—collected over $1 billion in payment for order flow during the first quarter of 2021, highlighting the significant revenue generated from this practice in the equity markets."
https://futuresmag.com/2020/12/07/retail-brokers-vs-direct-access-brokers-how-do-they-compare,Retail Brokers vs Direct Access Brokers: How Do They Compare,Alexander Voigt,Daytradingz,Media,12/7/20,"The article discusses order routing differences between retail and direct-access brokers in US equities and explicitly mentions that exchanges/ECNs provide rebates of about $0.002 per share to traders who provide liquidity, which is a form of payment for order flow (PFOF) context in US equity markets. This aligns with PFOF discussions within the US stock trading framework. Source: content excerpt under Order Routing section stating rebates for liquidity provision (US venues).
References: [Retail Brokers vs Direct Access Brokers: How Do They Compare](http://www.futuresmag.com/2020/12/07/retail-brokers-vs-direct-access-brokers-how-do-they-compare)",Neutral,"The article provides a balanced comparison of retail brokers and direct access brokers, discussing pros and cons of each without expressing a strong positive or negative bias. The tone is informative and neutral, aiming to help readers understand the differences and make an informed choice based on their trading style.","The article compares retail brokers and direct access brokers across six key areas: commissions, speed, order routing, trading software, market data, and customer support. Retail brokers offer commission-free trading, reliable execution, and user-friendly platforms suited for long-term investors and low-volume traders. Direct access brokers charge commissions, provide faster trade execution, direct order routing, advanced trading software, and responsive support, catering to active day traders and high-frequency traders. The choice depends on the trader's style and needs."
https://reuters.com/legal/government/column-td-ameritrade-customers-cant-sue-class-over-order-flow-us-appeals-court-2024-09-04,"TD Ameritrade customers can’t sue as a class over ‘order flow,’ US appeals court says",Alison Frankel,Reuters,Media,9/4/24,"The article discusses a lawsuit against TD Ameritrade related to payment for order flow (PFOF). It specifically mentions that TD Ameritrade routed orders to exchanges and market makers that paid them to execute customer trades. This practice is directly related to PFOF in the context of US equity markets, as TD Ameritrade is a US brokerage firm.
References: [TD Ameritrade customers can’t sue as a class over ‘order flow,’ US appeals court says](https://www.reuters.com/legal/government/column-td-ameritrade-customers-cant-sue-class-over-order-flow-us-appeals-court-2024-09-04)",Neutral,"The article presents a factual and legalistic account of the TD Ameritrade lawsuit regarding payment for order flow. It reports on the procedural developments, court decisions, and arguments from both sides without expressing strong positive or negative emotions. The tone is neutral, focusing on the legal process and outcomes without overt bias or emotional language.","The article covers a lawsuit against TD Ameritrade regarding payment for order flow, where plaintiffs sought to certify a class action claiming customers paid higher prices or commissions due to the brokerage's order routing practices. The 8th Circuit Court of Appeals rejected both the original and revised class certification theories, decertifying the class. TD Ameritrade, now part of Charles Schwab, denies wrongdoing. The plaintiffs' firm is considering arbitration as a potential next step."
https://papers.ssrn.com/sol3/papers.cfm?abstract_id=224943,The Allocation of Investors' Orders and Inefficient Market Competition: A Proposal,Allen  Ferrell,Harvard Law School,Academic / Law,5/13/00,"The article abstract explicitly mentions that it discusses ""payment for order flow"" and its implications for securities markets. The abstract also mentions the SEC's involvement, indicating a US context. Therefore, the article discusses payment for order flow in the context of US equity markets.
References: [Payment for order flow](https://api.exa.ai/crawl-ping?value=Payment%20for%20order%20flow%20is%20the%20compensation%20that%20a%20stockbroker%20receives%20from%20a%20market%20maker%20in%20exchange%20for%20the%20broker%20routing%20its%20clients%27%20trades%20to%20that%20market%20maker.%20The%20market%20maker%20profits%20from%20the%20bid-ask%20spread%20and%20rebates%20a%20portion%20of%20this...%0Aundefined), [Payment for Order Flow (PFOF): Definition and How It Works](https://www.investopedia.com/terms/p/paymentoforderflow.asp), [Payment for order flow - Wikipedia](https://en.wikipedia.org/wiki/Payment_for_order_flow), [Payment For Order Flow (PFOF): Meaning & Examples - Britannica](https://www.britannica.com/money/payment-for-order-flow-explained), [Payments for US retail flow reach record high, led Citadel ...](https://www.globaltrading.net/payment-for-us-retail-flow-reaches-record-high-led-by-citadel-securities-imc), [[PDF] Payment for Order Flow and the Retail Trading Experience](https://wifpr.wharton.upenn.edu/wp-content/uploads/2023/10/Payment-for-Order-Flow.pdf), [Citadel Securities paid US$943m for retail US equity, options order ...](https://www.globaltrading.net/citadel-securities-paid-us943m-for-retail-us-equity-options-order-flow-in-nine-months), [Payment for Order Flow | Interactive Brokers LLC](https://www.interactivebrokers.com/en/trading/payment-for-order-flow.php), [Payment for Order Flow (PFOF) and Broker-Dealer Regulation](https://www.congress.gov/crs-product/IF12594), [Payment for Order Flow (PFOF): Definition and How It Works - SoFi](https://www.sofi.com/learn/content/payment-for-order-flow), [What is Payment for Order Flow (PFOF)? | eToro US Help](https://help.etoro.com/en-us/s/article/What-is-Payment-for-Order-Flow-PFOF-US), [The Allocation of Investors' Orders and Inefficient Market Competition: A Proposal](https://papers.ssrn.com/sol3/papers.cfm?abstract_id=224943)",Neutral,"The article discusses inefficiencies and critiques current regulatory approaches regarding payment for order flow, indicating a critical but analytical tone. However, it also proposes a solution to the problem, which tempers the negativity. Therefore, the overall sentiment is best classified as Neutral.","The article analyzes the practice of payment for order flow in US securities markets, arguing that it leads to inefficient nonprice competition. It critiques existing regulatory approaches, including SEC disclosure rules, and proposes that removing SEC price-filling regulations would more effectively resolve the issue and reduce regulatory complexity."
https://writings.flashbots.net/illuminate-the-order-flow,Illuminating Ethereum's Order Flow Landscape,Angela Lu,Flashbots,Blog,1/16/24,"The article discusses payment for order flow (PFOF) in the context of US equity markets. It mentions the SEC, Citadel, Robinhood, and Virtu, all of which are related to US equity markets. The article also references SEC proposed rule changes related to PFOF.
References: [Illuminating Ethereum's Order Flow Landscape | Flashbots Writings](https://writings.flashbots.net/illuminate-the-order-flow), [order flow, auctions and centralisation I - a warning](https://writings.flashbots.net/order-flow-auctions-and-centralisation), [Payment for order flow - Wikipedia](https://en.wikipedia.org/wiki/Payment_for_order_flow)","Positive, Negative","The article critically analyzes the negative aspects of payment for order flow (PFOF) in traditional finance, highlighting market failures and SEC concerns, which reflects a negative sentiment towards the current tradfi system. However, it also presents decentralized finance (defi) as a promising and positive alternative that can address these issues through decentralization, competition, and innovation. The tone is analytical with a positive outlook on the potential of defi to improve market structure and execution quality. Thus, the sentiment is a combination of both Positive and Negative.","The article explores the evolving landscape of order flow in decentralized finance (defi) compared to traditional finance (tradfi), focusing on Ethereum's market structure. It discusses the challenges and criticisms of payment for order flow (PFOF) in US equity markets, including SEC proposed reforms aimed at improving execution quality through order-by-order auctions. The article highlights how defi experiments with decentralized, competitive order execution and presents data on Ethereum frontends' market shares and user profiles. It emphasizes the importance of maintaining decentralization while increasing competition and infrastructure decentralization to build a fair and robust financial system."
https://barrons.com/amp/articles/sec-chairman-says-banning-payment-for-order-is-on-the-table-51630350595,Gensler: Ban on Payments for Order Flow Is 'On the Table',Avi Salzman,Barron's,Media,8/30/21,"The article explicitly discusses payment for order flow (PFOF) and frames it around US equity markets. It includes a definition of PFOF as brokers routing orders to market makers in exchange for profits and describes SEC Chairman Gensler considering banning PFOF, all in the context of US stock trading (equities). This satisfies the criterion: discussion of PFOF in the context of US equity markets. Key supporting snippets: (1) “A controversial practice ... could be eliminated entirely.” (2) “Payment for order flow is a practice where brokers send trade orders to market makers that execute those trades in return for a portion of the profits.” (3) The article centers on the SEC and US equity trading dynamics. Source: Barron’s article Avi Salzman (Aug 30, 2021).
References: [Gensler: Ban on Payments for Order Flow Is 'On the Table'](https://www.barrons.com/amp/articles/sec-chairman-says-banning-payment-for-order-is-on-the-table-51630350595)","Negative, Neutral","The article discusses the potential banning of payment for order flow SEC Chairman Gary Gensler, highlighting inherent conflicts of interest and market inefficiencies, which conveys a negative sentiment towards the practice. However, it also neutrally presents facts, regulatory considerations, and arguments from both sides, including benefits like zero commissions for investors. Therefore, the sentiment is a combination of Negative and Neutral.","The article discusses SEC Chairman Gary Gensler's consideration of banning payment for order flow, a practice where brokers route trade orders to market makers in exchange for profits. Gensler highlights conflicts of interest and market inefficiencies caused this practice. The SEC is reviewing potential regulatory changes to increase market transparency and fairness, particularly in the US equity markets. Robinhood, heavily reliant on payment for order flow revenue, faces risks from possible regulatory changes."
https://protocol.com/newsletters/protocol-fintech/robinhood-florida-lawsuits,Robinhood’s Florida short-squeeze lawsuits raise fresh outrage,Benjamin Pimentel,Benjamin Pimentel is currently affiliated with Investor's Business Daily. Tomio Geron is currently affiliated with Bospar.,Blog,2/6/23,"The article explicitly discusses payment for order flow (PFOF) in the context of US equity markets. It states Robinhood's business model is built around taking tiny slices from every transaction through a system called payment for order flow, and it references US-listed meme stocks (e.g., GameStop) and market-makers (Citadel Securities), indicating the US equity trading context rather than other asset classes.
References: [Robinhood’s Florida short-squeeze lawsuits raise fresh outrage](https://www.protocol.com/newsletters/protocol-fintech/robinhood-florida-lawsuits)",Negative,"The article discusses Robinhood's involvement in controversial trading restrictions during the GameStop short squeeze, highlighting lawsuits, accusations of collusion with Citadel Securities, and criticism of Robinhood's business model. The tone is critical, emphasizing public outrage, legal scrutiny, and governance failures, despite Robinhood's denials. This indicates a predominantly negative sentiment towards Robinhood's actions and the situation.","The article covers Robinhood's blocking of GameStop and other meme stock trades during the January 2021 trading frenzy, leading to lawsuits alleging collusion with Citadel Securities. Internal communications suggest pressure from Citadel on Robinhood, raising questions about Robinhood's business model based on payment for order flow and its commitment to users. Both companies deny wrongdoing, but the controversy has damaged Robinhood's reputation and attracted regulatory scrutiny."
https://barrons.com/articles/exclusive-who-makes-money-on-your-stock-trades-1425103695,Exclusive: Who Makes Money on Your Stock Trades,Bill Alpert,Barron's,Media,2/28/15,"The article discusses payment for order flow in the context of US equity markets, mentioning SEC rules, market makers, and brokers involved in the practice.
References: [Payment for Order Flow Worries the SEC. Perhaps It Shouldn't ...](https://www.barrons.com/articles/payment-for-order-flow-sec-51661280732), [What Is Payment for Order Flow? Why Robinhood Cares So Much ...](https://www.barrons.com/articles/robinhood-payment-for-order-flow-51630451893), [PFOF is going away, but the problem isn't - Optiver](https://optiver.com/insights/pfof-is-going-away-but-the-problem-isnt), [Exclusive: Who Makes Money on Your Stock Trades](https://www.barrons.com/articles/exclusive-who-makes-money-on-your-stock-trades-1425103695)",Positive,"The article emphasizes that retail traders have never had it better, with lower commissions, immediate confirmations, and price improvements that benefit individual investors. It highlights competition among market makers and brokers that results in better prices for retail investors. The tone is optimistic about the current state of trade execution quality for retail investors, indicating a positive sentiment.","The article explains how retail investors benefit from price improvements and competitive execution quality in stock trades, driven market makers like Citadel Securities and brokers such as Fidelity and Charles Schwab. It discusses the role of payment for order flow in the US equity markets and highlights SEC disclosure rules aimed at improving transparency. Overall, the article presents a positive view of the current state of retail trade execution."
https://cnbc.com/2021/09/23/investors-await-sec-chair-genslers-report-on-gamestop-and-how-brokerages-get-paid.html,Investors brace for SEC Chair Gensler’s report on GameStop and how brokerages get paid,Bob Pisani,CNBC,Media,9/23/21,"The CNBC article explicitly discusses payment for order flow (PFOF) in the US equity markets, including statements that brokers such as Charles Schwab route orders to market makers in exchange for payments, enabling zero-commission trading; it also lists major PFOF participants (Schwab, Robinhood, E-Trade) and mentions market makers (Citadel, Virtu). The content centers on the U.S. trading system and GameStop context, satisfying the criterion about PFOF in US equities.
References: [Investors brace for SEC Chair Gensler’s report on GameStop and how brokerages get paid](https://www.cnbc.com/2021/09/23/investors-await-sec-chair-genslers-report-on-gamestop-and-how-brokerages-get-paid.html)",Neutral,"The article provides a balanced view on payment for order flow, presenting both the benefits to retail investors and the concerns raised SEC Chair Gary Gensler. It includes expert opinions explaining the mechanics and implications without taking a strongly positive or negative stance. Therefore, the sentiment is best classified as Neutral.","The article discusses SEC Chair Gary Gensler's upcoming report on the GameStop trading saga and the U.S. trading system, focusing on payment for order flow (PFOF). It explains how PFOF works, its impact on retail investors, and concerns about market competition and transparency. Experts argue that retail investors benefit from PFOF through better pricing and zero commissions, but there are calls for updated regulations and increased disclosure to ensure fair competition and market efficiency."
https://npr.org/2021/07/28/1021904271/exploitative-or-revolutionary-questions-swirl-as-robinhood-makes-wall-street-deb,The Robinhood IPO Is Here. But There Are Doubts About Its Future,BobAllyn,NPR,Media,7/28/21,"The NPR article explicitly discusses payment for order flow (PFOF) in the context of US equities: it states that Robinhood’s zero-commission trades rely on PFOF and that 81% of its revenue comes from it, including routing orders to market makers such as Citadel Securities. This directly satisfies the criterion that the article discusses PFOF within US equity markets.
References: [The Robinhood IPO Is Here. But There Are Doubts About Its Future](https://www.npr.org/2021/07/28/1021904271/exploitative-or-revolutionary-questions-swirl-as-robinhood-makes-wall-street-deb)",Negative,"The article discusses Robinhood's IPO but emphasizes significant doubts about its future, regulatory scrutiny, controversies over payment for order flow, and negative incidents such as a user suicide and losses inexperienced investors. The tone is cautious and critical, highlighting risks and controversies, which aligns with a negative sentiment.","The article discusses Robinhood's IPO debut amid regulatory scrutiny and controversies. It highlights Robinhood's reliance on payment for order flow for most of its revenue, regulatory probes into its practices, and concerns about the sustainability of its user growth. The piece also covers the app's role in democratizing stock trading, the gamification of trading, and the impact of the GameStop trading frenzy."
https://finance.yahoo.com/news/gensler-zeroes-in-on-citadel-securities-as-sec-considers-payment-for-order-flow-ban-191715790.html,Gensler zeroes in on Citadel Securities as SEC considers payment for order flow ban,Brian Cheung,Yahoo Finance,Media,9/14/21,"The article, titled ""Gensler zeroes in on Citadel Securities as SEC considers payment for order flow ban,"" discusses payment for order flow and Citadel Securities. The search results confirm that the article is about the SEC's consideration of a ban on PFOF and Citadel's role in routing order flow, indicating a focus on US equity markets. Therefore, the article discusses payment for order flow in the context of US equity markets.
References: [Gensler zeroes in on Citadel Securities as SEC considers payment ...](https://finance.yahoo.com/news/gensler-zeroes-in-on-citadel-securities-as-sec-considers-payment-for-order-flow-ban-191715790.html), [Gensler zeroes in on Citadel Securities as SEC considers payment ...](https://www.aol.com/gensler-zeroes-citadel-securities-sec-191715170.html), [Payment for Order Flow - SEC.gov](https://www.sec.gov/files/rules/final/orderfin.txt), [Payment For Order Flow And The SEC's Plan To End It | Investing.com](https://www.investing.com/analysis/payment-for-order-flow-and-the-secs-plan-to-end-it-200626686), [SEC chief Gensler says regulator assessing payment for order flow](https://www.cnbc.com/2021/10/19/sec-chief-gensler-says-regulator-assessing-payment-for-order-flow.html)",Neutral,"The article discusses SEC Chair Gary Gensler's concerns about Citadel Securities' dominance and the potential ban on payment for order flow, highlighting regulatory and market efficiency issues. However, it also acknowledges the benefits of payment for order flow for retail investors and the democratization of finance. The tone is balanced, presenting both positive and negative aspects without strong bias, leading to a Neutral sentiment classification.","The article discusses SEC Chair Gary Gensler's concerns about the dominance of Citadel Securities in routing retail order flow in the US equity markets. It highlights the SEC's consideration of banning payment for order flow, a practice that allows brokerages like Robinhood to offer zero-commission trades routing orders to wholesalers such as Citadel. Gensler questions whether this system promotes competition and market efficiency, noting potential conflicts of interest. The SEC is reviewing reforms to improve competition and reduce costs for investors."
https://news.bitcoin.com/robinhood-responds-to-accusations-of-favoring-wall-street-over-its-users,Robinhood Responds to Accusations of Favoring Wall Street over Its Users,C Edward Kelso,Bitcoin.com,Media,2/6/23,"Yes. The article explicitly discusses payment for order flow in the US equity markets: it cites Robinhood’s participation in rebate programs to improve execution, references to payment for order flow (PFOF), and describes order routing that is NBBO-based in the context of US equities (including SEC Rule 606 disclosure). The content centers on Robinhood and US stock trading, not other asset classes.
References: [Robinhood Responds to Accusations of Favoring Wall Street over Its Users](https://news.bitcoin.com/robinhood-responds-to-accusations-of-favoring-wall-street-over-its-users)",Neutral,"The article presents both accusations against Robinhood and the company's detailed rebuttal in a factual and balanced manner without showing clear bias or emotional language. It covers controversy but also includes Robinhood's explanations and denials, resulting in a neutral tone overall.","The article covers accusations against Robinhood for favoring high-frequency traders accepting high payment for order flow and allegedly selling order data at rates much higher than other brokers. Robinhood responds explaining its business model focused on best execution and price improvement, denying any conflict of interest or selling of personally identifiable customer data."
https://sciencedirect.com/science/article/abs/pii/S0378426624001432,How free is free? Retail trading costs with zero commissions,C. Comerton-Forde,University of Melbourne,Academic / Law,,"The article's abstract explicitly discusses payment for order flow (PFOF) in the context of zero-commission retail trading. The introduction describes US brokerage firms (e.g., Charles Schwab, TD Ameritrade, E*Trade, Ally Invest, Fidelity) and the practice of order flow payments to brokers, i.e., PFOF in US equity markets, including references to Rule 606 filings. This demonstrates the article is about PFOF within US equity trading rather than other asset classes or markets.
References: [How free is free? Retail trading costs with zero commissions](https://www.sciencedirect.com/science/article/abs/pii/S0378426624001432)",Positive,"The article presents evidence that the elimination of brokerage commissions led to a substantial drop in retail trading costs, supporting the brokerage industry's claim that zero commission trading benefits retail investors. While it acknowledges concerns about indirect costs and execution quality, the overall conclusion is that zero commission trading helped retail investors and should ease regulatory concerns. This indicates a positive sentiment towards the impact of zero commission trading.","The article analyzes the impact of zero commission trading introduced major US brokers in October 2019 on retail trading costs. It finds that brokers absorbed the cost of eliminating commissions without increasing payment for order flow, retail execution costs showed minimal change, and total retail transaction costs significantly decreased. The study supports the brokerage industry's claim that zero commissions benefited retail investors and alleviates regulatory concerns about indirect trading costs."
https://camrongodbout.medium.com/payment-for-order-flow-and-why-buying-gme-is-still-helping-wall-street-769a3fe0451f?source=user_profile---------4----------------------------,Payment for Order Flow and Why Buying $GME is Still Helping Wall Street,Camron Godbout,Schonfeld,Blog,1/27/21,"The article defines and discusses 'Payment for Order Flow' and explicitly describes how it works within US equity trading, including examples of US brokers (Robinhood, Charles Schwab, TD Ameritrade, E-Trade) and routing orders to market makers with reference to NBBO. This places PFOF squarely in the context of US equity markets, satisfying the criterion.
References: [Payment for Order Flow and Why Buying $GME is Still Helping Wall Street](https://camrongodbout.medium.com/payment-for-order-flow-and-why-buying-gme-is-still-helping-wall-street-769a3fe0451f?source=user_profile---------4----------------------------)",Neutral,"The article provides an educational and informative explanation of payment for order flow and its implications for buying $GME stock. It clarifies that buying $GME through commission-free brokers benefits large institutions rather than hurting Wall Street. The tone is neutral, focusing on explaining the mechanics and consequences without expressing strong positive or negative opinions.","The article explains payment for order flow, a practice used commission-free brokerages like Robinhood, where customer orders are routed to market makers who profit from the spread. It highlights how this system benefits both brokers and large institutions, even when retail investors buy stocks like Gamestop ($GME) to challenge Wall Street. The article also notes regulatory requirements for brokers to disclose these payments and concludes that buying $GME through these platforms ultimately supports large funds rather than hurting them."
https://barrons.com/amp/articles/payment-for-order-flow-cost-experiment-51638286079,How Much Does Payment for Order Flow Cost You?,Carleton English,Dow Jones,Media,11/30/21,"The article title and content explicitly discuss payment for order flow. The article mentions Robinhood, a US-based broker, and discusses the practice of payment for order flow in the context of trading platforms like Robinhood. This implies that the discussion is related to US equity markets.
References: [How Much Does Payment for Order Flow Cost You?](https://www.barrons.com/amp/articles/payment-for-order-flow-cost-experiment-51638286079)",Neutral,"The article presents a balanced view on payment for order flow (PFOF), discussing both the criticisms and regulatory scrutiny as well as the defenses and acceptance industry figures. It provides information on the topic without a strong positive or negative bias, making the overall sentiment neutral.","The article explores payment for order flow (PFOF), a revenue model used commission-free trading platforms like Robinhood, where brokerages sell customer orders to market makers. It discusses regulatory scrutiny, including SEC fines on Robinhood for disclosure failures and concerns about conflicts of interest. The article presents balanced views from industry leaders and highlights an experiment comparing trade execution between Robinhood and Fidelity, which does not use PFOF."
https://barrons.com/articles/payment-for-order-flow-cost-experiment-51638286079,How Much Does Payment for Order Flow Cost You?,Carleton English,Prosek Partners,Blog,11/30/21,"The Barron's article clearly discusses payment for order flow (PFOF) in the context of US equity markets. The crawled page content explicitly states: 'payment for order flow, also called PFOF' and explains: 'Brokerages like Robinhood sell customers’ trading orders to a market maker offering the best price at the time. Market makers, in turn, execute those trades and make money from the difference between the amount they paid the brokerage and what they sell the stock for later.' This ties PFOF to trading of US stocks via brokers (e.g., Robinhood), market makers, and stock trading, satisfying criteria that the topic is PFOF within US equity markets.
References: [How Much Does Payment for Order Flow Cost You? We Did an ...](https://www.barrons.com/articles/payment-for-order-flow-cost-experiment-51638286079), [How Much Does Payment for Order Flow Cost You? We ... - YouTube](https://www.youtube.com/watch?v=wGeG8POK1_E), [What Maker-Taker Fees Mean for You - Investopedia](https://www.investopedia.com/articles/active-trading/042414/what-makertaker-fees-mean-you.asp), [What Is Payment for Order Flow? Why Robinhood Cares So Much ...](https://www.barrons.com/articles/robinhood-payment-for-order-flow-51630451893), [What Is Payment for Order Flow? Behind the Trading Controversy at ...](https://www.barrons.com/articles/payment-for-order-flow-robinhood-51623412441), [Payment for Order Flow (PFOF): Definition and How It Works](https://www.investopedia.com/terms/p/paymentoforderflow.asp), [Payment For Order Flow - WealthKernel](https://www.wealthkernel.com/topic/payment-for-order-flow), [[PDF] Payment for Order Flow and the Retail Trading Experience](https://wifpr.wharton.upenn.edu/wp-content/uploads/2023/10/Payment-for-Order-Flow.pdf), [Payment for order flow - Wikipedia](https://en.wikipedia.org/wiki/Payment_for_order_flow), [Payment for Order Flow Worries the SEC. Perhaps It Shouldn't ...](https://www.barrons.com/articles/payment-for-order-flow-sec-51661280732)",Neutral,"The article provides an informative explanation of payment for order flow (PFOF) and its role in commission-free trading platforms like Robinhood. It highlights the debate around PFOF and cautions that nothing in finance is truly free, suggesting a balanced and neutral tone rather than an overtly positive or negative sentiment.","The article explores the concept of payment for order flow (PFOF) in the US equity markets, particularly how commission-free trading platforms like Robinhood generate revenue selling customers' trade orders to market makers. It highlights the surge in retail trading during the meme stock mania involving stocks like GameStop and AMC and explains how market makers profit from the spread between buying and selling prices."
https://cbinsights.com/research/report/how-robinhood-makes-money,How Robinhood Makes Money,CB Insights,CB Insights,Trade analytics / Research,12/6/21,"The article explicitly discusses payment for order flow (PFOF) as a revenue mechanism for Robinhood and links it to trading activity, clearly within the US equity markets context (references include 'payment for order flow (PFOF)' as a revenue component in the Robinhood revenue model). This satisfies the criterion requiring discussion of PFOF in US stock markets. Source evidence is from the crawled CB Insights page sections detailing PFOF in the 'How Does Robinhood Work?' and 'Robinhood’s Revenue Model' parts of the article.
References: [How Robinhood Makes Money](https://www.cbinsights.com/research/report/how-robinhood-makes-money)",Neutral,"The article presents a balanced view of Robinhood, highlighting both its successes such as rapid user growth, profitability in 2020, and innovative commission-free trading, as well as its challenges including regulatory fines, trading outages, customer service issues, and criticisms of its gamified investing approach. The tone is factual and neither overly positive nor negative, indicating a neutral sentiment overall.","The article explains how Robinhood revolutionized investing offering commission-free trading and an easy-to-use app, attracting millions of mostly young, first-time investors. Robinhood's revenue primarily comes from payment for order flow, earning small margins on high trade volumes. The platform uses behavioral triggers and gamification to encourage frequent trading. Despite rapid growth and profitability in 2020, Robinhood faces regulatory scrutiny, legal challenges, and criticism for its addictive design and targeting inexperienced investors."
https://cheddarflow.com/blog/payment-for-order-flow,Payment For Order Flow,Cheddar Flow,Cheddar Flow,Media,10/25/21,"The article explicitly discusses payment for order flow (PFOF) and its implications. It mentions US-based brokerage firms like Robinhood and Fidelity, and provides examples using Microsoft stock, confirming the context is US equity markets. Therefore, the article satisfies the criterion.
References: [Payment For Order Flow](https://www.cheddarflow.com/blog/payment-for-order-flow)",Neutral,"The article provides a balanced view on payment for order flow (PFOF). It explains the benefits to brokerage firms and market makers, highlighting significant revenue generation, which is positive. However, it also discusses the controversy around misaligned interests between brokerages and customers, which is a negative aspect. The article neither strongly favors nor condemns PFOF, presenting both sides and recent developments, indicating a neutral sentiment overall.","The article explains payment for order flow (PFOF) as a practice where brokerage firms receive payments from market makers for routing trades through them. It outlines the benefits to both brokerages and market makers, highlights the controversy due to potential conflicts of interest between brokerages and customers, and notes the significant revenue PFOF generated for brokerages during the pandemic. The article also mentions recent developments, including some brokerages ending PFOF to better serve customers."
https://marketwatch.com/amp/story/the-sec-could-cripple-robinhoods-business-model-by-enforcing-existing-rules-experts-say-11612377651,"The SEC could cripple Robinhood’s business model enforcing existing rules, experts say",Chris Matthews,MarketWatch,Media,2/3/21,"The article explicitly discusses payment for order flow (PFOF) in the context of US equity markets, specifically mentioning Robinhood and Citadel Securities. It also discusses the SEC's potential actions regarding PFOF. Therefore, the article satisfies the criterion.
References: [The SEC could cripple Robinhood’s business model enforcing existing rules, experts say](https://www.marketwatch.com/amp/story/the-sec-could-cripple-robinhoods-business-model-by-enforcing-existing-rules-experts-say-11612377651)","Negative, Neutral","The article discusses the controversy and regulatory scrutiny faced Robinhood, focusing on the negative implications of payment for order flow and potential regulatory actions that could harm Robinhood's business model. However, it also acknowledges that payment for order flow is legal and widely accepted, which adds a neutral tone to the discussion. Therefore, the sentiment is a mix of Negative and Neutral.","The article discusses how Robinhood's business model, heavily reliant on payment for order flow (PFOF), has come under scrutiny following its restrictions on GameStop stock purchases. It highlights bipartisan regulatory attention, potential SEC and FINRA actions to curb PFOF practices, and the controversies around conflicts of interest in order routing. The piece also covers Robinhood's SEC settlement for misleading customers and the broader implications for the brokerage industry if regulators move to limit PFOF."
https://en.wikipedia.org/wiki/Payment_for_order_flow,Payment for order flow,Contributors to Wikimedia projects,Wikimedia Foundation,Other,,"The article defines payment for order flow (PFOF). Search results confirm that PFOF is a common practice within the US equity market, involving US retail brokers and market makers like Citadel Securities. Therefore, the article discusses PFOF in the context of US equity markets.
References: [Payment for Order Flow (PFOF): Definition and How It Works](https://www.investopedia.com/terms/p/paymentoforderflow.asp), [Payment for order flow - Wikipedia](https://en.wikipedia.org/wiki/Payment_for_order_flow), [Citadel Securities paid US$943m for retail US equity, options order flow ...](https://www.globaltrading.net/citadel-securities-paid-us943m-for-retail-us-equity-options-order-flow-in-nine-months), [[PDF] Payment for Order Flow and the Retail Trading Experience](https://wifpr.wharton.upenn.edu/wp-content/uploads/2023/10/Payment-for-Order-Flow.pdf), [Payments for US retail flow reach record high, led Citadel ...](https://www.globaltrading.net/payment-for-us-retail-flow-reaches-record-high-led-by-citadel-securities-imc)",Neutral,"The article on payment for order flow (PFOF) presents a balanced view, discussing both criticisms (such as being called a ""kickback"" and concerns about conflicts of interest) and defenses (such as funding new investment apps and enabling low-cost trading). It provides factual information and regulatory context without strong positive or negative bias. Therefore, the overall sentiment of the article is neutral.","Payment for order flow (PFOF) is a practice where brokers receive compensation from market makers for routing client trades to them. It is controversial, with critics viewing it as a conflict of interest, while supporters argue it enables low-cost trading and efficient execution. In the US, PFOF is legal with disclosure and best execution requirements, involving major brokers like Robinhood and market makers such as Citadel. It is banned in the UK and EU, and restricted in Canada. The practice has faced increased scrutiny following events like the GameStop short squeeze. Regulatory rules aim to ensure transparency and protect investors."
https://onlinelibrary.wiley.com/doi/10.1111/jacf.12061,"Pick Your Poison — Fragmentation or Market Power? An Analysis of Regnms, High Frequency Trading, and Securities Market Structure","Craig  Pirrong, Charles I Plosser, Zhaohui  Chen, Alan D Morrison, Chris  Pinney, Ron  Schmidt, Brian  Kantor, David  Holland, David Holland Consulting, Andrew  Knauer, George  Serafeim, Frederick L Bereskin, Martin  Fridson, Advisors  Lehmann,   Llc, Xiaoyi  Xu, Timothy  Kruse, Steven K Todd, Jamie Y Tong, Christopher  Holdsworth",University of Houston Bauer College of Business,Academic / Law,7/8/14,"The search results indicate that the article ""Pick Your Poison — Fragmentation or Market Power? An Analysis of Regnms, High Frequency Trading, and Securities Market Structure"" discusses payment for order flow. Specifically, one search result snippet mentions regulators decrying conflicts of interest related to payment for order flow zero-commission brokers such as Robinhood. This suggests the article addresses PFOF in the context of US equity markets.
References: [Pick Your Poison—Fragmentation or Market Power? An Analysis of ...](https://www.researchgate.net/publication/263775586_Pick_Your_Poison-Fragmentation_or_Market_Power_An_Analysis_of_RegNMS_High_Frequency_Trading_and_Securities_Market_Structure), [Market Impact, Dark Pools, Payment for Order Flow, and You](https://www.sensiblefinancial.com/market-impact-dark-pools-payment-for-order-flow-and-you), [Payment For Order Flow (PFOF): Meaning & Examples - Britannica](https://www.britannica.com/money/payment-for-order-flow-explained), [It's Not Cheating for Market Makers to Pay for Order Flow](https://caia.org/blog/2019/10/24/its-not-cheating-for-market-makers-to-pay-for-order-flow), [Payment for Order Flow - The Complete Guide - CenterPoint Securities](https://centerpointsecurities.com/payment-for-order-flow-guide), [[PDF] Payment for Order Flow and the Retail Trading Experience](https://wifpr.wharton.upenn.edu/wp-content/uploads/2023/10/Payment-for-Order-Flow.pdf), [A primer into Payment for Order Flow (PFOF) : r/market_sentiment](https://www.reddit.com/r/market_sentiment/comments/ota03c/a_primer_into_payment_for_order_flow_pfof), [A Primer on Payment for Order Flow: Brokers Selling Orders to HFTs](https://www.warriortrading.com/payment-for-order-flow), [Payment for order flow: a controversial practice in equity trading](https://www.truewealth.ch/en/blog/payment-for-order-flow-a-controversial-practice), [Payment for order flow: The relationship between brokerages and ...](https://www.youtube.com/watch?v=JsgDrKEHdLs), [The GameStop Episode: What Happened and What Does It Mean?](https://www.cato.org/cato-journal/fall-2021/gamestop-episode-what-happened-what-does-it-mean), [Craig PIRRONG | Department of Finance | Research profile](https://www.researchgate.net/profile/Craig-Pirrong), [Journal of Applied Corporate Finance, Morgan Stanley | IDEAS/RePEc](https://ideas.repec.org/s/bla/jacrfn3.html), [The GameStop Episode: What Happened and What Does ... - Bohrium](https://www.bohrium.com/paper-details/the-gamestop-episode-what-happened-and-what-does-it-mean/814584140564267009-16013), [(PDF) The economics of commodity market manipulation: A survey](https://www.academia.edu/70751838/The_economics_of_commodity_market_manipulation_A_survey), [Pick Your Poison — Fragmentation or Market Power? An Analysis of Regnms, High Frequency Trading, and Securities Market Structure](https://onlinelibrary.wiley.com/doi/10.1111/jacf.12061)","Positive, Neutral","The article discusses the contentious debate over high frequency trading (HFT) and SEC Regulation NMS, highlighting that while popular media often portrays HFT negatively, the economic consequences are more positive than commonly believed. It emphasizes that trading costs have declined for retail traders and investors, indicating a beneficial impact. However, it also acknowledges the losers in the market, namely previously advantaged wholesale traders, presenting a balanced view. Thus, the sentiment is primarily Positive with some Neutral aspects due to the balanced discussion.","The article analyzes the impact of SEC Regulation NMS on the US equity markets, highlighting how it led to market fragmentation and the rise of high frequency trading (HFT). It explains that Regulation NMS increased competition among exchanges, reducing trading costs for retail investors while diminishing the market power of previously dominant exchanges. The article argues that HFT is a consequence of this more competitive environment and that the overall economic effects have been positive, contrary to some popular views."
https://marketrealist.com/p/does-citadel-own-robinhood,Does Citadel Own Robinhood? Market Maker-Online Broker Link Explained,Dan Clarendon,Market Realist,Media,3/15/21,"The article explicitly discusses pay-for-order-flow (PFOF) in the context of US equities. It uses the term 'pay-for-order-flow model' and notes that 'Robinhood Securities receives payment from Citadel Execution Services for directing equity order flow to this venue,' which directly ties PFOF to US stock trading and the Robinhood-Citadel relationship.
References: [Does Citadel Own Robinhood? Market Maker-Online Broker Link Explained](https://marketrealist.com/p/does-citadel-own-robinhood)",Neutral,"The article presents a factual and balanced overview of the relationship between Citadel and Robinhood, including statements from Citadel denying ownership or influence, explanations of the pay-for-order-flow model, and concerns raised a U.S. Senator. The tone is informational and does not express strong positive or negative opinions, making the sentiment neutral.","The article explains that Citadel does not own Robinhood but is a significant market maker for the online broker, paying for order flow from Robinhood's trades. It clarifies that Citadel was not involved in Robinhood's decision to restrict trading during the GameStop short squeeze. Robinhood was founded Vladimir Tenev and Baiju Bhatt, and the article highlights the pay-for-order-flow model used in US equity markets involving Citadel Securities and Robinhood."
https://ibtimes.com/elegant-solution-pfof-related-perversions-3598789,An Elegant Solution to PFOF and Related Perversions,"Daniel Schlaepfer, Ian Bandeen",IBTimes,Market maker,8/5/22,"The article explicitly discusses Payment-for-Order-Flow (PFOF) and ties it to US equity markets. It opens with ""As Payment-for-Order-Flow (PFOF) is coming under increased scrutiny in both the US and EU"" and repeatedly references US-specific market structure (e.g., ""private dark markets (at last count, well over 30 in the US alone)"", Reg NMS introduced in 2005, and discussions of retail order flow and brokers delivering orders). These elements clearly place PFOF in the context of US stock trading, not other asset classes. Therefore it satisfies the criterion that the article discusses PFOF in the context of US equity markets. cite: crawled_page content excerpts shown in prior messages.
References: [An Elegant Solution to PFOF and Related Perversions](https://www.ibtimes.com/elegant-solution-pfof-related-perversions-3598789)","Negative, Positive","The article discusses the negative aspects of Payment-for-Order-Flow (PFOF) and related market inefficiencies, highlighting how they harm retail investors and the market creating a transaction tax and perversions of market efficiency. However, it also presents a positive and elegant solution proposed Gary Gensler to reduce the minimum pricing increment, which could lead to improvements in liquidity and pricing for investors. Therefore, the sentiment is a combination of Negative (criticism of current issues) and Positive (hopeful solution).","The article discusses the issues surrounding Payment-for-Order-Flow (PFOF) in US equity markets, highlighting how outdated regulations have allowed intermediaries to profit at the expense of retail investors. It explains the negative effects of current market structures, including dark markets and inverted markets, and proposes a simple solution: reducing the minimum pricing increment to a tenth of a cent to eliminate these inefficiencies and improve liquidity and pricing for investors."
https://edition.cnn.com/2022/12/15/investing/sec-payment-for-order-flow,Massive changes could be coming to the way the stock market functions,David Goldman,CNN,Media,12/15/22,"Yes. The article explicitly discusses payment for order flow (PFOF) within US equity markets. The crawled page content shows text about the SEC proposing changes to PFOF, brokers routing orders to wholesalers/market makers who pay for order flow, and a figure stating that six major wholesalers paid retail brokers $235 million in PFOF in Q1 2022. It also references US stock trading (e.g., Robinhood, E*Trade) and the term “payment for order flow.” These points establish the context as US equities, satisfying the criterion.
References: [Massive changes could be coming to the way the stock market ...](https://www.cnn.com/2022/12/15/investing/sec-payment-for-order-flow), [Articles David Goldman - CNN Business Journalist - Muck Rack](https://muckrack.com/davidgoldmancnn/articles), [The Stock Market Has Erased Its 2025 Losses: Why It's Time To Be Careful](https://www.bankrate.com/investing/the-stock-market-is-back-why-its-time-to-be-careful), [Markets slump on tariffs and jobs data as Trump fires labor bureau ...](https://www.cnn.com/business/live-news/trade-deadline-tariffs-trump-deals), [A Primer on Payment for Order Flow: Brokers Selling Orders to HFTs](https://www.warriortrading.com/payment-for-order-flow), [What Past Stock Market Declines Can Teach Us | Capital Group](https://www.capitalgroup.com/individual/planning/market-fluctuations/past-market-declines.html), [Powell suggests rate cuts are coming — but not because Trump ...](https://www.cnn.com/business/live-news/fed-powell-jackson-hole), [Tariffs weigh on stocks, Goldman Sachs cuts S&P 500 target](https://www.youtube.com/watch?v=SJva9u3ONyQ), [How Does the Stock Market Work? - Investopedia](https://www.investopedia.com/articles/investing/082614/how-stock-market-works.asp), [Your complete guide to tariffs: How much you'll pay, and when - CNN](https://www.cnn.com/2025/01/31/business/what-how-trump-tariffs-meaning), [Massive changes could be coming to the way the stock market functions](https://edition.cnn.com/2022/12/15/investing/sec-payment-for-order-flow)","Positive, Negative","The article discusses the current payment for order flow system as problematic and lacking transparency, which is a negative aspect. However, it also highlights the SEC's proposed changes aimed at increasing competition and benefiting retail investors, which is a positive development. Hence, the sentiment of the article includes both negative (about the current system) and positive (about the proposed reforms) elements.","The article discusses the Securities and Exchange Commission's proposed major changes to the payment for order flow system in US stock markets. It explains how brokers route retail stock orders to wholesalers who pay for order flow, a process that has raised concerns about transparency and competition. The SEC aims to introduce auctions to increase competition among trading firms and ensure retail investors get better prices. The proposal is expected to be adopted next year."
https://davispolk.com/insights/client-update/going-once-going-twice-sec-proposes-package-equity-market-structure,"Going once, going twice: SEC proposes package of equity market structure proposals",Davis Polk,Davis Polk,Law firm,1/13/23,"The article discusses payment for order flow (PFOF) in the context of proposed SEC reforms to equity market structure rules, specifically mentioning how retail orders are routed to market makers and the controversy surrounding PFOF in US equity markets. The article explicitly mentions that the SEC estimates that retail brokers currently route more than 90% of marketable orders from individual investors to a small group of off-exchange wholesalers and that this structure, and PFOF in particular, has been controversial.
References: [Payment for order flow](https://api.exa.ai/crawl-ping?value=Payment%20for%20order%20flow%20is%20the%20compensation%20that%20a%20stockbroker%20receives%20from%20a%20market%20maker%20in%20exchange%20for%20the%20broker%20routing%20its%20clients%27%20trades%20to%20that%20market%20maker.%20The%20market%20maker%20profits%20from%20the%20bid-ask%20spread%20and%20rebates%20a%20portion%20of%20this...%0Aundefined), [Going once, going twice: SEC proposes package of equity market structure proposals](https://www.davispolk.com/insights/client-update/going-once-going-twice-sec-proposes-package-equity-market-structure)",Neutral,"The article provides an analytical and factual overview of the SEC's proposed equity market structure reforms, including the controversial Order Competition Rule and payment for order flow. It discusses both potential benefits and drawbacks without expressing a clear positive or negative bias. The tone is neutral, focusing on explaining the proposals and their expected impacts, including anticipated public debate.","The article discusses the SEC's proposed package of equity market structure reforms, which includes four key proposals: the Order Competition Rule, Regulation Best Execution, Tick Sizes Proposal, and Rule 605 Proposal. The most controversial is the Order Competition Rule, which would require retail orders to be exposed to competitive auctions before execution wholesalers, potentially reducing payment for order flow. The proposals aim to enhance price improvement, transparency, and execution quality in US equity markets, and are expected to generate significant public debate."
https://sec.gov/files/dera_wp_payment-order-flow-2501.pdf,How does Payment for Order Flow Influence Markets?,,"Miami University, Wayne State University, U.S. Securities and Exchange Commission", Wayne State University,1/1/25,"The article discusses PFOF in the context of crypto assets, but also mentions PFOF in US equity markets. It references Robinhood's revenue split across options, crypto assets, and equities, and discusses research findings related to bid-ask spreads in equity markets. Therefore, the article discusses PFOF in the context of US equity markets.
References: [How does Payment for Order Flow Influence Markets?](https://sec.gov/files/dera_wp_payment-order-flow-2501.pdf)",Neutral,"The article discusses both positive aspects of payment for order flow (PFOF), such as enabling low or no-commission trading and generating significant revenue for brokers, and negative aspects, including transparency issues, higher fees in crypto markets, potential conflicts of interest, and negative impacts on market quality. The balanced presentation of benefits and drawbacks indicates a neutral sentiment overall.","The article analyzes the impact of payment for order flow (PFOF) on market quality, focusing on Robinhood Crypto token introductions as a case study. It highlights that PFOF in crypto markets is less transparent and involves higher fees compared to equity markets. The study finds that PFOF leads to decreased trading volume for most crypto assets, increased trading costs, and shifts in order imbalances, raising concerns about market quality. The paper also discusses PFOF's role in US equity markets, its revenue significance for brokers, and the mixed effects on price improvement and trading costs."
https://medium.datadriveninvestor.com/payment-for-order-flow-business-visualized-dfcbb9cdb964,Payment For Order Flow Business Visualized,Diego Alvarez,,Blog,5/24/21,"The article discusses payment for order flow and mentions Robinhood, Citadel Securities, and Susquehanna, which are all related to US equity markets. The article also references the GameStop short squeeze, which occurred in the US equity market. Therefore, the article discusses payment for order flow in the context of US equity markets.
References: [Diego Alvarez – Medium](https://dial0663.medium.com), [A visual explanation to short squeezes | Diego Alvarez](https://medium.com/nerd-for-tech/a-visual-explanation-to-short-squeezes-514222ed95d4), [Payment For Order Flow is banned in the UK : r/Superstonk](https://www.reddit.com/r/Superstonk/comments/obxxkd/payment_for_order_flow_is_banned_in_the_uk), [Budget 2024/2025](https://www.cps.edu/globalassets/cps-pages/about-cps/finance/budget/budget-2025/docs/fy2025-budget-book-final-approved-1.1.pdf), [How does Payment for Order Flow Influence Markets?](https://www.sec.gov/files/dera_wp_payment-order-flow-2501.pdf), [Payment For Order Flow Business Visualized](https://medium.datadriveninvestor.com/payment-for-order-flow-business-visualized-dfcbb9cdb964)",Neutral,"The article provides a balanced discussion of payment for order flow, outlining both benefits (e.g., enabling commission-free trading, cost-effectiveness for HFTs) and drawbacks (e.g., slippage, latency arbitrage, regulatory scrutiny). It aims to present the topic with minimal bias and acknowledges ongoing debates, indicating a neutral sentiment overall.","The article explains payment for order flow (PFOF) in retail trading, detailing how brokers, high frequency traders (HFTs), and buyers interact. It covers latency arbitrage, slippage, and the market-making role of HFTs. The piece discusses regulatory scrutiny, including the GameStop short squeeze context, and highlights PFOF's benefits and drawbacks, such as enabling commission-free trading. It also explains why HFTs target retail traders and references major market makers like Virtu, Citadel Securities, and Susquehanna."
https://washingtonpost.com/business/2021/01/29/robinhood-citadel-gamestop-reddit,Robinhood and Citadel’s relationship comes into focus as Washington vows to examine stock-market moves,Douglas MacMillan,The Washington Post,Media,1/29/21,"The Washington Post article explicitly discusses payment-for-order-flow (PFOF) in the US equity markets: it notes Robinhood’s revenue from Citadel Securities, that Robinhood routes more than half of customer orders to Citadel (a major market-maker), describes order-flow payments, and cites an SEC settlement over Robinhood’s order-flow arrangements—all within the context of US stock trading (e.g., GameStop) and regulatory scrutiny.
References: [Robinhood and Citadel's relationship comes into focus as ...](https://www.washingtonpost.com/business/2021/01/29/robinhood-citadel-gamestop-reddit), [Robinhood CEO defends payment for order flow, says practice is ...](https://www.reddit.com/r/technology/comments/1892jtq/robinhood_ceo_defends_payment_for_order_flow_says), [Robinhood CEO says payment for order flow is 'here to stay' - CNBC](https://www.cnbc.com/2023/12/01/robinhood-ceo-says-payment-for-order-flow-is-here-to-stay.html), [Citadel Securities paid US$943m for retail US equity, options order ...](https://www.reddit.com/r/Superstonk/comments/1iu81eh/citadel_securities_paid_us943m_for_retail_us), [[PDF] How Robinhood's GameStop Trading Halt Reveals the Complexities ...](https://scholarship.law.tamu.edu/cgi/viewcontent.cgi?article=2781&context=facscholar), [The Real Reason Robinhood Blocked Trading On GameStop - Finimize](https://finimize.com/content/real-reason-robinhood-blocked-trading-gamestop), [How the rich got richer: Reddit trading frenzy benefited Wall Street elite](https://www.washingtonpost.com/business/2021/02/08/gamestop-wallstreet-wealth), [[PDF] 2021.02.16 Letter to Citadel re financial relationships with Robinhood](https://www.warren.senate.gov/download/02162021-letter-from-senator-warren-to-mr-griffin-updated), [Is Robinhood Safe? Legit & Secure Brokerage Explained - ZenLedger](https://zenledger.io/blog/is-robinhood-safe), [I literally think that Robinhood is in majors with hundreds of hedge ...](https://www.reddit.com/r/Daytrading/comments/1l46r1b/i_literally_think_that_robinhood_is_in_majors)",Negative,"The article discusses Robinhood's and Citadel's relationship in a critical context, highlighting regulatory scrutiny, potential conflicts of interest, accusations from retail investors, and concerns about market manipulation. It also mentions the SEC investigation and political calls for hearings, which indicate a negative sentiment towards the practices and events described. There is no positive framing or neutral stance emphasized, making the overall sentiment Negative.","The article discusses the close relationship between Robinhood and Citadel Securities, focusing on Robinhood's reliance on payment-for-order-flow revenue from Citadel. It highlights regulatory and political scrutiny following Robinhood's decision to limit trading of certain stocks during the GameStop trading frenzy, amid accusations of influence Citadel. The piece also covers the broader implications of order-flow payments in the US equity markets, regulatory investigations, and the lobbying efforts of both companies."
https://tradersmagazine.com/am/the-hidden-costs-of-robinhood,The Hidden Costs of Robinhood,Dr. Richard Smith,The Foundation for the Study of Cycles,Blog,9/8/20,"The article explicitly discusses payment for order flow (PFOF) in US equities: the crawled content quotes Robinhood's own description of generating revenue selling users' orders to market makers—identified as PFOF. The page also shows Traders Magazine's focus on U.S. equity and equity options markets, confirming the US equity context. Therefore the article satisfies the criterion about discussing PFOF in the context of US equity markets.
References: [The Hidden Costs of Robinhood](https://www.tradersmagazine.com/am/the-hidden-costs-of-robinhood)",Negative,"The article's title 'The Hidden Costs of Robinhood' implies a critical view, highlighting potential downsides or negative aspects. The content excerpt references 'double-speak' and questions the benefits of Robinhood's payment for order flow practice, indicating a negative sentiment towards Robinhood's business model.","The article examines Robinhood's business model, highlighting its use of payment for order flow (PFOF) to generate revenue selling users' orders to market makers. It discusses the company's growth strategy based on low-cost services and explores the implications and hidden costs of this approach in the US equity markets."
https://investingsimple.com/how-does-webull-make-money,How Does Webull Make Money?,Ed Canty,Investing Simple,Media (other),2/6/23,"Yes. The article includes a dedicated 'Order Flow' section describing Webull directing order flow and earning a fraction of a cent per trade; it notes market makers may pay fractions of a cent per share to send orders to them. This explicitly discusses payment for order flow in the context of stock trading, i.e., US equity markets, which aligns with the criterion.
References: [How Does Webull Make Money?](https://www.investingsimple.com/how-does-webull-make-money)","Neutral, Positive","The article provides an informative and balanced overview of how Webull makes money, explaining various revenue streams without strong negative or positive bias. It highlights that Webull is safe, SIPC insured, and does not sell financial data, which are positive points. The tone is mostly neutral, focusing on factual information about fees and business practices.","The article explains how Webull, a commission-free stock trading app, makes money through various methods beyond charging fees and commissions. These include paid subscriptions for advanced market data, interest on margin accounts and idle cash, payment for order flow market makers, interest earned from lending shares to short sellers, and some miscellaneous fees like outgoing stock transfer fees. Despite offering many free features, these revenue streams allow Webull to operate profitably while providing a robust trading platform."
https://tradersmagazine.com/departments/people/tabb-group-ceo-writes-levin-disagrees-on-ban-of-payment-for-order-flow,"TABB Group CEO Writes Levin, Disagrees on Ban of Payment for Order Flow",,Traders Magazine,Media,6/17/24,"The title of the article is ""TABB Group CEO Writes Levin, Disagrees on Ban of Payment for Order Flow"". This indicates that the article discusses payment for order flow. The article is published on TradersMagazine.com, which focuses on trading and financial markets. The criterion requires that the article discusses payment for order flow in the context of US equity markets. The title suggests that the article is about payment for order flow, and since Traders Magazine focuses on US markets, it is likely that the article discusses payment for order flow in the context of US equity markets.
References: [TABB Group CEO Writes Levin, Disagrees on Ban of Payment for Order Flow](https://www.tradersmagazine.com/departments/people/tabb-group-ceo-writes-levin-disagrees-on-ban-of-payment-for-order-flow)","Neutral, Positive","The article presents a reasoned disagreement Larry Tabb with Senator Levin's call to ban payment for order flow. It highlights concerns about disclosure but defends the practice itself, suggesting it might not be as harmful as portrayed. The tone is critical yet supportive of payment for order flow, indicating a neutral to positive sentiment.","The article covers Larry Tabb, CEO of TABB Group, expressing disagreement with Senator Carl Levin's call to ban payment for order flow. Tabb argues that while there are concerns about disclosure and conflicts of interest, the practice itself may not be as detrimental as suggested. He emphasizes issues with transparency rather than the fundamental concept of payment for order flow."
https://finextra.com/newsarticle/36502/robinhood-faces-hefty-sec-fine-for-high-speed-trade-deals,Robinhood faces hefty SEC fine for high-speed trade deals,,Finextra,Media,9/3/20,"The Finextra article explicitly discusses Robinhood receiving payments from high-speed traders for routing client orders to buy/sell stocks and options, i.e., payment for order flow (PFOF). The snippet mentions ‘payments from high-speed trading firms for sending them client orders to buy or sell stocks and options,’ which is the typical PFOF arrangement in US equity markets, satisfying the requirement to discuss PFOF in the context of US equities. Source: Finextra article content provided in the crawl. The article also centers on an SEC investigation, reinforcing the PFOF context in US equity trading. (Cited: crawled article content)
References: [SEC fines Robinhood $65m over trade dealings - Finextra Research](https://www.finextra.com/newsarticle/37180/sec-fines-robinhood-65m-over-trade-dealings), [FINRA Orders Robinhood Financial to Pay $3.75 Million in ...](https://www.finra.org/media-center/newsreleases/2025/finra-orders-robinhood-financial-pay-375-million-restitution), [Payment for Order Flow (PFOF): Definition and How It Works](https://www.investopedia.com/terms/p/paymentoforderflow.asp), [SEC Charges Robinhood Financial With Misleading Customers ...](https://www.sec.gov/newsroom/press-releases/2020-321), [SEC charges Robinhood with misleading customers about how it ...](https://www.cnbc.com/2020/12/17/sec-charges-robinhood-with-misleading-customers-about-how-it-makes-money.html), [Robinhood Fine - $45M - SEC - Regulatory Violations - Jan 2025](https://www.steel-eye.com/news/robinhood-fine-45m-sec-regulatory-violations-jan-2025), [FINRA Levies Record Fine Against Robinhood Financial](https://practus.com/finra-levies-record-fine-against-robinhood-financial), [Robinhood Probed SEC Over Payments From High-Speed Traders](https://www.bloomberg.com/news/articles/2020-09-03/robinhood-probed-by-sec-over-payments-from-high-speed-traders), [Two Robinhood Broker-Dealers to Pay $45 Million in Combined ...](https://www.sec.gov/newsroom/press-releases/2025-5), [Fintech Robinhood To Face Substantial SEC Fine For Failure To ...](https://thefinancialtechnologyreport.com/fintech-robinhood-to-face-substantial-sec-fine-for-failure-to-disclose-deals-with-high-speed-traders), [Robinhood faces hefty SEC fine for high-speed trade deals](https://www.finextra.com/newsarticle/36502/robinhood-faces-hefty-sec-fine-for-high-speed-trade-deals)",Negative,The article centers on Robinhood being investigated the SEC for failing to disclose payment for order flow practices and facing a potential hefty fine. This regulatory scrutiny and criticism of Robinhood's business practices indicate a negative sentiment. There is no indication of positive or neutral sentiment in the article content.,"The article reports that Robinhood is under investigation the SEC for failing to disclose that it sold clients' orders to high-speed trading firms, a practice known as payment for order flow. Robinhood began disclosing this practice only in 2018. The investigation could result in a fine exceeding $10 million. Despite this, Robinhood has seen significant growth and valuation, reaching $11.2 billion in its latest funding round."
https://blog.techrides.io/paymentfororderflow,Payment for Order Flow: How Robinhood Makes Money,Edwin Marcial,Thirteen Castles Digital,Blog,2/6/22,"The article explicitly discusses Payment for Order Flow (PFOF) in the US equities context: it states that when Robinhood users place stock orders, those orders are sold to a market maker who pays Robinhood via a rebate; it defines PFOF and notes that major US online brokers (e.g., ETrade, Schwabb/Schwab, Ameritrade) participate. It also uses US stock examples (Disney, ABNB) and mentions market makers like Citadel, grounding the discussion squarely in US equity trading. Source evidence from the article text included in the crawled page: the lines describing order flow to market makers, the PFOF definition, and the claim that many brokers participate.
References: [Robinhood CEO says payment for order flow is 'here to stay' - CNBC](https://www.cnbc.com/2023/12/01/robinhood-ceo-says-payment-for-order-flow-is-here-to-stay.html), [Robinhood CEO and Citadel CEO explain payment for order flow ...](https://www.cnbc.com/video/2021/02/18/robinhood-ceo-and-citadel-ceo-explain-payment-for-order-flow-benefits.html), [Payment for Order Flow (PFOF): Definition and How It Works](https://www.investopedia.com/terms/p/paymentoforderflow.asp), [How Much Does Payment for Order Flow Cost You? We ... - YouTube](https://www.youtube.com/watch?v=wGeG8POK1_E), [How Robinhood makes money on customer trades despite ... - CNBC](https://www.cnbc.com/2020/08/13/how-robinhood-makes-money-on-customer-trades-despite-making-it-free.html), [Citadel Securities paid US$943m for retail US equity, options order ...](https://www.globaltrading.net/citadel-securities-paid-us943m-for-retail-us-equity-options-order-flow-in-nine-months), [Robinhood CEO and Citadel CEO explain payment for order flow ...](https://www.youtube.com/watch?v=oGAXyz_QLEE), [PFOF is going away, but the problem isn't - Optiver](https://optiver.com/insights/pfof-is-going-away-but-the-problem-isnt), [What Is 'Payment for Order Flow'? Robinhood CEO Talks 'PF...](https://www.newsweek.com/what-payment-order-flow-pfof-1570268), [The Real Reason Robinhood Blocked Trading On GameStop - Finimize](https://finimize.com/content/real-reason-robinhood-blocked-trading-gamestop), [Payment For Order Flow is banned in the UK : r/Superstonk](https://www.reddit.com/r/Superstonk/comments/obxxkd/payment_for_order_flow_is_banned_in_the_uk), [Robinhood-GameStop hearing: 'Payment for order flow' to ... - CNBC](https://www.cnbc.com/2021/02/18/payment-for-order-flow-the-controversial-wall-street-practice-to-draw-scrutiny-at-robinhood-hearing.html), [Payment for order flow - Wikipedia](https://en.wikipedia.org/wiki/Payment_for_order_flow), [Robinhood made $331 million from clients' trading activity in Q1 2021](https://www.cnbc.com/2021/05/03/robinhood-made-331-million-from-clients-trading-activity-in-q1-2021.html), [Robinhood: 2021 CNBC Disruptor 50](https://www.cnbc.com/2021/05/25/robinhood-disruptor-50.html), [Robinhood, Schwab led US$340m retail order flow payment ...](https://www.globaltrading.net/robinhood-schwab-led-us461m-retail-order-flow-payment-bonanza-in-may), [How Robinhood Makes Money - Investopedia](https://www.investopedia.com/articles/active-trading/020515/how-robinhood-makes-money.asp), [[PDF] Payment for Order Flow and the Retail Trading Experience](https://wifpr.wharton.upenn.edu/wp-content/uploads/2023/10/Payment-for-Order-Flow.pdf), [[PDF] Eliminating Payment for Order Flow to Ensure Loyal Agents](https://bclawreview.bc.edu/articles/3061/files/6425deca63493.pdf), [Robinhood led the way for zero commission trading. It helped bring ...](https://www.facebook.com/cnbc/videos/how-robinhood-captures-first-time-investors/2732703853634909), [Robinhood fined $65 million SEC over charges of deceiving ...](https://www.cnbc.com/video/2020/12/17/robinhood-fined-65-million-by-sec-over-charges-of-deceiving-customers.html), [How Does Robinhood Make Money? The Truth Behind Free Trading (2025)](https://www.startupbooted.com/how-does-robinhood-make-money-1), [How Robinhood Transformed Retail Trading Ahead of Its IPO | WSJ](https://www.youtube.com/watch?v=qAuF4wlSQnk), [Robinhood | Research Starters - EBSCO](https://www.ebsco.com/research-starters/technology/robinhood), [Reporting Requirements for All Filers and Large Hedge Fund Advisers](https://www.sec.gov/rules-regulations/2025/09/s7-22-22), [Statement on Further Extension of Compliance Date for Form PF](https://www.sec.gov/newsroom/speeches-statements/peirce-091725-time-fix-form-statement-further-extension-compliance-date-form-pf), [CFTC and SEC Extend Form PF Compliance Date to Oct. 1, 2026](https://www.cftc.gov/PressRoom/PressReleases/9126-25), [Payment for Order Flow (PFOF) and Broker-Dealer Regulation](https://www.congress.gov/crs-product/IF12594), [SEC Formally Withdraws Fourteen Rule Proposals](https://www.regulatoryandcompliance.com/2025/06/sec-formally-withdraws-fourteen-rule-proposals), [Open Meeting Statement on Form PF Extension - SEC.gov](https://www.sec.gov/newsroom/speeches-statements/atkins-form-pf-extension-091725-open-meeting-statement-form-pf-extension), [SEC and CFTC Extend Compliance Date for Form PF Amendments ...](https://www.mayerbrown.com/en/insights/publications/2025/06/sec-and-cftc-extend-compliance-date-for-form-pf-amendments-and-sec-withdraws-certain-proposed-rules), [Further Extension of Form PF Amendments Compliance Date](https://www.sec.gov/newsroom/press-releases/2025-86-further-extension-form-pf-amendments-compliance-date), [SEC Form PF | Office of Financial Research](https://www.financialresearch.gov/hedge-fund-monitor/datasets/fpf), [A New Day at the SEC: The SEC's Spring 2025 Reg Flex Agenda](https://www.gibsondunn.com/the-pendulum-swings-again-the-sec-spring-2025-reg-flex-agenda), [Order flow trading - Wikipedia](https://en.wikipedia.org/wiki/Order_flow_trading), [Payment for Order Flow (PFOF): Definition and How It Works - SoFi](https://www.sofi.com/learn/content/payment-for-order-flow), [What Is Payment for Order Flow (PFOF)? - The Motley Fool](https://www.fool.com/terms/p/payment-for-order-flow), [Payment For Order Flow (PFOF): Meaning & Examples - Britannica](https://www.britannica.com/money/payment-for-order-flow-explained), [Payment for Order Flow, explained | Vox](https://www.vox.com/ad/22960319/pfof-payment-for-order-flow-trading-commission-public), [What is Payment for Order Flow (PFOF)? | eToro US Help](https://help.etoro.com/en-us/s/article/What-is-Payment-for-Order-Flow-PFOF-US), [Payment for Order Flow: How Robinhood Makes Money](https://blog.techrides.io/paymentfororderflow)","Neutral, Negative","The article provides an explanatory overview of payment for order flow (PFOF) in the context of Robinhood and the US equity markets. It discusses the controversy and criticism surrounding Robinhood's business model and the GameStop trading saga, highlighting risks and scrutiny from regulators and the public. However, it also explains the financial mechanics and industry norms without overtly condemning or endorsing the practice. This balanced but critical tone supports a sentiment classification of Neutral with Negative elements.","The article explains how Robinhood makes money through Payment for Order Flow (PFOF), a common practice where retail brokers sell their users' stock orders to market makers like Citadel, who pay rebates in return. It clarifies that PFOF provides liquidity and helps execute trades quickly, though it has faced controversy and regulatory scrutiny, especially during events like the GameStop trading saga. The article also describes the role of market makers, who profit from the bid-ask spread while taking on risk facilitating trade execution."
https://foxbusiness.com/markets/robinhood-ipo-twist-business-model,"After Robinhood’s IPO, twist to business model may come",Charlie Gasparino,FOX Business,Media,7/28/21,"The article explicitly discusses payment for order flow (PFOF) in the context of US equity markets. It states that Robinhood aims to reduce reliance on revenues from selling buy/sell orders to market makers, a practice defined as PFOF on Wall Street, and notes regulators are examining PFOF. It also cites that 75% of Robinhood's 2020 revenue came from PFOF and mentions specific US market makers (e.g., Virtue Financial, Citadel Securities) and the revenue model around order flow, all within the US equities trading context.
References: [After Robinhood’s IPO, twist to business model may come](https://www.foxbusiness.com/markets/robinhood-ipo-twist-business-model)",Negative,"The article highlights concerns about Robinhood's business model, particularly its reliance on payment for order flow (PFOF), regulatory scrutiny, and potential challenges in shifting its business model. It discusses criticisms, regulatory risks, and operating losses despite revenue growth, indicating a predominantly negative sentiment.","The article discusses Robinhood's upcoming IPO and its plan to reduce reliance on payment for order flow (PFOF) potentially becoming a standalone market maker. It highlights regulatory concerns about PFOF, which accounts for 75% of Robinhood's 2020 revenue, and the controversy surrounding the practice. The piece also notes Robinhood's rapid growth, scrutiny over its business model, and its significant operating losses despite increased revenues. The IPO faces investor caution due to regulatory risks on PFOF."
https://investorjunkie.com/investing/payment-for-order-flow,What Is Payment For Order Flow and Why is it so Controversial?,Eric Rosenberg,Investor Junkie,Media,6/13/23,"The article explicitly defines and discusses 'Payment for Order Flow' and its application to stock trades, which implies US equity markets. The article also mentions how computer programs link with participating brokerages and the big stock exchanges to decide which trades go where, further suggesting the context of US equity markets.
References: [What Is Payment For Order Flow and Why is it so Controversial?](https://investorjunkie.com/investing/payment-for-order-flow)",Neutral,"The article provides an informative explanation of payment for order flow (PFOF) and discusses its controversy without using strong positive or negative language. The tone is factual and balanced, indicating a neutral sentiment.",The article explains payment for order flow (PFOF) as a practice where brokers receive compensation for routing stock orders to specific market makers. It describes how sophisticated programs and middleman companies manage trades in the US equity markets. The article also discusses the controversy surrounding PFOF and its potential impact on investors' trades.
https://moneywise.com/investing/payment-for-order-flow,What is payment for order flow and why is it so controversial?,Eric Rosenberg,Moneywise,Media,6/13/23,"The article discusses payment for order flow (PFOF) and mentions examples related to US equity markets, such as the New York Stock Exchange, Nasdaq, Citadel Securities, Virtu Americas, Robinhood, and Starbucks stock. The article explains how PFOF works and why it is controversial in the context of retail consumers trading stocks. Therefore, the article discusses payment for order flow in the context of US equity markets.
References: [What is payment for order flow and why is it so controversial?](https://moneywise.com/investing/payment-for-order-flow)","Neutral, Negative","The article provides an informative explanation of payment for order flow, including its mechanics and history, which reflects a neutral tone. However, it also emphasizes the controversy, potential conflicts of interest, and negative impacts on retail investors, indicating a negative sentiment. Therefore, the sentiment is best described as a combination of Neutral and Negative.","The article explains payment for order flow (PFOF), a practice where brokers receive compensation for routing orders to specific market makers instead of directly to stock exchanges. It covers how PFOF works, its history linked to Bernie Madoff, major firms involved, and why it is controversial due to potential conflicts of interest and negative impacts on retail investors in the US equity markets."
https://globaltrading.net/robinhood-schwab-led-us461m-retail-order-flow-payment-bonanza-in-may,"Robinhood, Schwab led US$340m retail order flow payment bonanza in May",Etienne Mercuriali,Markets Media Group,Media,8/8/25,"The article explicitly discusses payment for order flow (PFOF) in the context of US equity markets. It is titled 'Robinhood, Schwab led US$340m retail order flow payment bonanza in May' and includes detailed figures for May 2025 showing market makers paying retail brokers (e.g., Robinhood and Schwab), with references to PFOF and the US equities market (not crypto or other asset classes). This matches criteria: PFOF in US equity trading, mentions brokers and market makers, and focuses on US stocks. Source excerpts include lines like 'Payments for order flow are soaring...' and 'In May alone, market makers paid retail brokers US$340 million' as presented in the crawled page content.
References: [Robinhood, Schwab led US$340m retail order flow payment bonanza in May](https://globaltrading.net/robinhood-schwab-led-us461m-retail-order-flow-payment-bonanza-in-may)",Neutral,"The article provides a factual and data-driven report on the payment for order flow in the US equity markets, highlighting increases in payments and market maker dominance without expressing positive or negative opinions. The tone is neutral, focusing on market dynamics and financial figures without subjective language or emotional bias.","The article reports that payments for order flow in the US equity markets reached approximately US$953 million in Q2 2025, with a significant increase in May alone to US$340 million. Robinhood and Schwab led the retail brokers in receiving these payments, with Robinhood collecting US$342.6 million and Schwab US$375.2 million. Market makers like Citadel Securities dominated the payments, spending US$340.6 million in the quarter. The majority of payments were for options orders, which commanded higher fees than equities. The data shows a growing trend in payment for order flow, driven largely app-based brokers and option contracts."
https://globaltrading.net/citadel-securities-paid-us943m-for-retail-us-equity-options-order-flow-in-nine-months,"Citadel Securities paid US$943m for retail US equity, options order flow in nine months",Etienne Mercuriali,Markets Media Group,Media,2/20/25,"The article's title explicitly mentions 'Citadel Securities paid US$943m for retail US equity, options order flow in nine months'. This indicates that the article discusses payment for order flow in the context of US equity markets.
References: [Citadel Securities paid US$943m for retail US equity, options order flow in nine months](https://www.globaltrading.net/citadel-securities-paid-us943m-for-retail-us-equity-options-order-flow-in-nine-months)",Neutral,"The article presents factual information about Citadel Securities' payments for order flow, including the large sums involved and the controversy surrounding PFOF, which is banned in many countries. It also highlights profitability and business growth for market makers and brokers like Robinhood, without expressing a strong positive or negative opinion. Therefore, the overall sentiment is neutral.","The article reports that Citadel Securities paid a total of US$943 million for retail US equity and options order flow between April and December 2024, dominating payments among market makers. It highlights the significant payments made major retail brokers like Robinhood and Charles Schwab, and notes the increase in payment for order flow revenues throughout 2024. The piece also discusses the profitability of market makers such as Virtu Financial and the controversial nature of payment for order flow, which is banned in most countries outside the US."
https://onlinelibrary.wiley.com/doi/10.1111/0022-1082.00098,Payments for Order Flow on Nasdaq,"Eugene  Kandel, Leslie M Marx, Mike  Barclay, Rob  Battalio, Hank  Bessembinder, Bhagwan  Chowdry, Bill  Christie, Darrell  Duffie, Jason  Greene, Larry  Harris, Charles  Lee, Ananth  Madhavan, Maureen  O'hara, Paul  Pf, Paul  Schultz, René  Stulz","Eugene Kandel - Hebrew University

Leslie M Marx - University of Rochester

Other authors - null",Academic / Law,5/6/03,"The article is titled 'Payments for Order Flow on Nasdaq'. Nasdaq is a US equity market. Therefore, the article discusses payment for order flow in the context of US equity markets.
References: [Payments for Order Flow on Nasdaq](https://onlinelibrary.wiley.com/doi/10.1111/0022-1082.00098)",Neutral,"The article presents an analytical model of Nasdaq market structure focusing on payments for order flow and broker competition. It critiques the traditional model as inconsistent with empirical evidence but does not express a positive or negative judgment on payment for order flow itself. The tone is academic and descriptive, indicating a neutral sentiment.","The article presents a model of Nasdaq market making that incorporates competition through quotes and direct payments for order flow. It highlights brokers' various execution methods, including computerized systems, preferencing arrangements, and vertical integration. The study finds that traditional dealer market models do not fully capture Nasdaq's institutional features, emphasizing the significance of preferencing and vertical integration in understanding the market."
https://failory.com/blog/robinhood-business-model,Robinhood's Business Model: How Do They Make Money?,Failory,Failory,Blog,1/9/24,"Failory's Robinhood Business Model article discusses 'Payment for Order Flow' (PFOF) in the context of Robinhood routing user orders to market makers and exchanges, i.e., US equity trading. The article mentions a smart order router directing orders to market makers to obtain best prices and receiving/paying rebates as part of PFOF, which aligns with PFOF in US stock markets. Source: https://www.failory.com/blog/robinhood-business-model (Failory).
References: [Robinhood's Business Model: How Do They Make Money? - Failory](https://www.failory.com/blog/robinhood-business-model), [How Robinhood Makes Money - Investopedia](https://www.investopedia.com/articles/active-trading/020515/how-robinhood-makes-money.asp), [Robinhood's Revenue Model: Payment for Order Flow - ACIIC](https://www.aciic.ca/blog/robinhood-revenue-model), [Robinhood: Why You Need to Understand Payment for Order Flow](https://www.nasdaq.com/articles/robinhood:-why-you-need-to-understand-payment-for-order-flow-2021-08-03), [Robinhood hit with US$45m SEC fine as market maker payments surge](https://www.globaltrading.net/robinhood-hit-with-us45m-sec-fine-as-market-maker-payments-surge), [How Robinhood and other brokerage firms profit from payment for ...](https://www.youtube.com/watch?v=Nm3rYnXrT7w), [Payment For Order Flow & Market Implications - Bloomberg Law](https://www.bloomberglaw.com/external/document/X1RP679S000000/capital-markets-professional-perspective-payment-for-order-flow-), [Payment for order flow - Wikipedia](https://en.wikipedia.org/wiki/Payment_for_order_flow), [Demystifying payment for order flow - Robinhood Newsroom](https://newsroom.aboutrobinhood.com/demystifying-payment-for-order-flow), [Explainer: Robinhood makes most of its money from PFOF. What is it?](https://www.reuters.com/business/finance/robinhood-makes-most-its-money-pfof-what-is-it-2021-07-29)",Neutral,"The article provides a balanced and factual overview of Robinhood's business model, including both positive aspects such as commission-free trading and democratizing finance, and negative aspects such as outages, lawsuits, and regulatory fines. The tone is informative and neutral without strong positive or negative bias.","The article explains Robinhood's business model, highlighting that it offers commission-free trading through various revenue streams. Key income sources include payment for order flow (PFOF), which accounts for about 72.8% of revenue routing trades to market makers; Robinhood Gold subscription fees; interest from margin and securities loans; income from uninvested cash; and interchange fees from its debit card program. Founded in 2013, Robinhood aims to democratize investing providing accessible trading services to a broad user base, especially young investors."
https://truewealth.ch/en/blog/payment-for-order-flow-a-controversial-practice,Payment for order flow: a controversial practice in equity trading,Felix Niederer,True Wealth,Blog,7/30/24,"The article discusses payment for order flow and mentions Robinhood, which operates in the US equity market. Therefore, the article discusses payment for order flow in the context of US equity markets.
References: [Robinhood Markets: HOOD Stock Price Quote & News](https://robinhood.com/us/en/stocks/HOOD), [Robinhood Markets, Inc. (HOOD) Stock Price, News, Quote & History](https://finance.yahoo.com/quote/HOOD), [A Complete Guide to US Equities – Trade US Stocks - Saxo Bank](https://www.home.saxo/learn/guides/equities/us-equities-guide), [Payment for order flow: a controversial practice in equity trading](https://www.truewealth.ch/en/blog/payment-for-order-flow-a-controversial-practice)","Neutral, Negative","The article provides an informative explanation of payment for order flow, describing how free brokers use this model to earn money. It highlights the controversy surrounding the practice, including hidden costs for customers and conflicts of interest. The article also notes regulatory bans in some regions, which underscores the negative aspects. Overall, the tone is mostly neutral but with a clear emphasis on the negative implications, making the sentiment a combination of Neutral and Negative.","The article explains the concept of payment for order flow (PFOF), a business model used free brokers like Robinhood, Scalable Capital, and Trade Republic to earn money forwarding customer trades to market makers instead of exchanges. It highlights how this practice can lead to conflicts of interest, hidden costs for customers, and potentially unfavorable trade executions. The article also discusses regulatory responses, noting that the EU has banned PFOF while Switzerland has not, and emphasizes the controversy surrounding the practice."
https://axios.com/2021/12/02/a-new-case-against-payment-for-order-flow,A new case against payment for order flow,Felix Salmon,Axios,Media,12/2/21,"The article discusses payment for order flow (PFOF) and mentions SEC chair Gary Gensler's review of the practice. It also references Robinhood, NYSE, and IEX, all of which are related to US equity markets. Therefore, the article discusses payment for order flow in the context of US equity markets.
References: [A new case against payment for order flow](https://www.axios.com/2021/12/02/a-new-case-against-payment-for-order-flow)","Negative, Neutral","The article discusses the controversial practice of payment for order flow (PFOF) with a critical perspective, highlighting the potential conflicts of interest and the case for banning it, which indicates a Negative sentiment. However, it also presents factual information about alternatives and improvements in execution quality brokerages like Public, which adds a Neutral tone. Therefore, the sentiment is best described as a combination of Negative and Neutral.","The article discusses the controversial practice of payment for order flow (PFOF) in US equity markets, highlighting SEC chair Gary Gensler's review of whether it should be banned due to conflicts of interest. It presents data from brokerage Public showing improved execution quality after moving away from PFOF, contrasting with Robinhood's model. The article explains the financial stakes involved, the role of exchanges like NYSE and IEX, and the potential impact of banning PFOF on zero-commission brokerages and trading incentives."
https://axios.com/2021/12/03/payment-for-order-flow-robinhood-investors-mit,"Payment for order flow isn't so bad, analysis finds",Felix Salmon,Axios,Media,12/3/21,"The article's title and content clearly discuss payment for order flow. The article also mentions Robinhood, which is a US-based broker known for using PFOF in US equity markets. Therefore, the article satisfies the criterion.
References: [Payment for order flow isn't so bad, analysis finds](https://www.axios.com/2021/12/03/payment-for-order-flow-robinhood-investors-mit)",Positive,"The article's tone and content emphasize that payment for order flow (PFOF) is not bad for investors, highlighting findings from an MIT paper commissioned Robinhood that show retail investors receive better price improvements using PFOF than institutional investors on public exchanges. The article concludes that both PFOF and direct exchange trading models are beneficial for retail investors, indicating a positive sentiment towards PFOF and its impact on retail investors.","The article discusses a new MIT study commissioned Robinhood that finds payment for order flow (PFOF) benefits retail investors providing better price improvements than institutional investors receive on public exchanges. It compares the PFOF model with direct exchange trading, concluding that both models offer advantages to retail investors with only minor differences."
https://fi-desk.com/can-retail-order-flow-impact-institutional-trading,Can retail order flow impact institutional trading?,,Fi Desk,Blog,9/14/21,"The article discusses US equity markets and explicitly notes growth of US retail order flow (nearly 20% of US equity order flows in 2020) and, crucially, states that in the USA one common method is to channel retail flow via electronic market makers, which describes the PFOF mechanism (brokers receiving compensation via order routing to market makers). Despite European context later in the piece, the US-focused PFOF discussion is present and relevant to the criterion.
References: [Can retail order flow impact institutional trading?](https://www.fi-desk.com/can-retail-order-flow-impact-institutional-trading)",Neutral,"The article provides a balanced analysis of retail order flow growth in equity markets, discussing both positive aspects like increased market access and liquidity, and negative aspects such as increased volatility and regulatory challenges. The tone is analytical and neutral, without strong positive or negative bias.","The article explores the rapid growth of retail order flow in US equity markets, driven technological innovation, the pandemic, zero-fee trading models, and increased participation millennials. It discusses how retail investors, influenced social media and short-term trading strategies, impact market volatility and liquidity. The piece also examines the role of electronic market makers in channeling retail flow, potential benefits and challenges for institutional investors, and regulatory concerns in both the US and Europe regarding retail trading practices."
https://fintechnews.ch/roboadvisor_onlinewealth/how-free-trading-platform-robinhood-makes-money/42562,How Free Trading Platform Robinhood Makes Money,,Fintechnews Switzerland,Media,2/9/21,"The article explicitly covers payment for order flow (PFOF) in the context of US equity markets. It includes a section 'How Robinhood makes money' stating 'Like other retail brokerage firms, Robinhood generates significant income from payments for order flow (PFOF).', describes PFOF as compensation for directing orders to third parties or market makers, and cites US brokerages (Charles Schwab, E-Trade) and references US regulators (SEC, FINRA) in a US equity context. This satisfies the criterion focused on PFOF in US equities. Sources: the crawled page content from 'How Free Trading Platform Robinhood Makes Money'.
References: [How Free Trading Platform Robinhood Makes Money](https://fintechnews.ch/roboadvisor_onlinewealth/how-free-trading-platform-robinhood-makes-money/42562)",Neutral,"The article provides a balanced view of Robinhood, highlighting both positive aspects such as its disruption of the brokerage industry, accessibility for younger and lower-income investors, and rapid user growth, as well as negative aspects including regulatory fines, SEC charges, and controversy over payment for order flow. The tone is factual and neutral, presenting both sides without strong bias.","The article explains how Robinhood, a popular fintech startup, offers commission-free trading of stocks, ETFs, options, and cryptocurrencies, attracting mainly younger investors. Robinhood's main revenue source is payment for order flow (PFOF), where it earns significant income directing customer orders to third parties for execution. This practice accounts for a large portion of Robinhood's revenue, though it has faced regulatory scrutiny. The platform's user base grew rapidly, especially during the COVID-19 pandemic and the GameStop trading frenzy."
https://theblock.co/post/93321/robinhood-payment-for-order-flow-2020,Robinhood made more than $600 million from payment for order flow revenue in 2020,Frank Chaparro,The Block,Media,2/1/21,"Yes. The Block article explicitly discusses payment-for-order-flow (PFOF) revenue earned Robinhood in 2020 and describes how Robinhood routes orders to market makers (e.g., Citadel Securities and Virtu Financial) to generate these payments. This content clearly ties PFOF to US equity trading rather than other asset classes, meeting the criterion.
References: [Robinhood made more than $600 million from payment for order ...](https://www.theblock.co/post/93321/robinhood-payment-for-order-flow-2020), [Frank Chaparro - The Block](https://www.theblock.co/author/frank-chaparro?start=940), [Payment for Order Flow (PFOF): Definition and How It Works](https://www.investopedia.com/terms/p/paymentoforderflow.asp), [Robinhood, Schwab led US$340m retail order flow payment ...](https://www.globaltrading.net/robinhood-schwab-led-us461m-retail-order-flow-payment-bonanza-in-may), [Payment For Order Flow & Market Implications - Bloomberg Law](https://www.bloomberglaw.com/external/document/X1RP679S000000/capital-markets-professional-perspective-payment-for-order-flow-), [Payment for order flow : r/etrade](https://www.reddit.com/r/etrade/comments/omwh68/payment_for_order_flow), [[PDF] Payment for Order Flow and the Retail Trading Experience](https://wifpr.wharton.upenn.edu/wp-content/uploads/2023/09/Payment-for-Order-Flow-final.pdf), [Demystifying payment for order flow - Robinhood Newsroom](https://newsroom.aboutrobinhood.com/demystifying-payment-for-order-flow), [How Robinhood Makes Money - Investopedia](https://www.investopedia.com/articles/active-trading/020515/how-robinhood-makes-money.asp), [[PDF] Payment For Order Flow And the Great Missed Opportunity](https://repository.uclawsf.edu/cgi/viewcontent.cgi?article=1228&context=hastings_business_law_journal)",Neutral,"The article presents both positive aspects, such as Robinhood generating over $600 million from payment for order flow in 2020, and negative aspects, including trading suspensions during the GameStop surge and platform issues requiring additional capital. The tone is balanced and factual without strong emotional bias, leading to a neutral sentiment classification.","The article reports that Robinhood earned over $600 million in payment for order flow (PFOF) revenue in 2020, with $221.4 million generated in Q4 alone. Robinhood routes its customer orders to market makers like Citadel Securities and Virtu Financial, receiving payments for this order flow. Despite facing trading suspensions and platform challenges during the 2020 retail stock mania, Robinhood saw increased app downloads and PFOF payments, highlighting the significance of this revenue stream for the brokerage."
https://theblock.co/post/68875/not-just-robinhood-brokers-combined-big-traders,Not just Robinhood: These three brokers combined made more than $300 million from big trading firms in Q1,Frank Chaparro and John Dantoni,The Block,Media,6/22/20,"Assessment rationale: The crawled article clearly discusses payment for order flow (PFOF) in the context of US equity markets. It mentions PFOF payments to TD Ameritrade, E*Trade, and Charles Schwab for routing stock orders, and cites Citadel Securities and Virtu as market makers involved in such payments. The topic is explicitly about broker routing of US stock (equities) orders and the associated payments from market makers, fitting the criterion that PFOF be discussed within US equity markets. Key supporting references appear in the article excerpt within the provided page crawl, including statements like: 'not just Robinhood... three brokers combined... PFOF payments' and 'Three of the largest brokers raked in more than $300 million in Q1 2020 offloading orders to large trading firms' and 'the practice refers to the compensation an electronic market maker will pay a retail broker in exchange for their clients' orders'.
References: [Not just Robinhood: These three brokers combined made more than $300 million from big trading firms in Q1](https://theblock.co/post/68875/not-just-robinhood-brokers-combined-big-traders)",Neutral,"The article presents a balanced view on payment for order flow (PFOF) in US equity markets. It discusses the significant revenue generated brokers from PFOF, acknowledges the controversy and criticism regarding conflicts of interest, and also highlights the benefits such as price improvement and competition among market makers. The tone is factual and neutral, without a strong positive or negative bias.","The article discusses how three major brokers—TDAmeritrade, E*Trade, and Charles Schwab—earned over $300 million in the first quarter of 2020 routing stock and options orders to large trading firms through payment for order flow (PFOF). It highlights the role of market makers like Citadel Securities and Virtu Financial in these payments and explains the controversy around PFOF, including its impact on broker revenue and price improvement for retail clients."
https://investopedia.com/robinhood-reportedly-filed-confidentially-for-ipo-5118086,Robinhood Reportedly Filed Confidentially for IPO,,Investopedia,Media,3/23/21,"The article explicitly discusses payments for order flow (PFOF) as a revenue stream for Robinhood and defines PFOF as a broker receiving compensation for routing orders, within the context of US equity markets. It also notes past regulatory action (SEC penalty) related to PFOF disclosures, all of which confirms the US equities PFOF context. Source: the 'How Robinhood Makes Money' section and related SEC disclosure content in the crawled Investopedia article.
References: [Robinhood Reportedly Filed Confidentially for IPO](https://www.investopedia.com/robinhood-reportedly-filed-confidentially-for-ipo-5118086)",Negative,"The article discusses Robinhood's IPO filing but highlights significant negative aspects such as trading restrictions during volatile market conditions, a class action lawsuit, accusations of aggressive marketing tactics, and a regulatory penalty related to payment for order flow. These negative points dominate the narrative, indicating an overall negative sentiment toward Robinhood in this context.","Robinhood Markets filed confidentially for an IPO amid a surge in retail investor trading. The company faced backlash for restricting trades on volatile stocks like GameStop, leading to a class action lawsuit and regulatory scrutiny. Robinhood's revenue largely comes from payments for order flow, along with membership fees and interest. The company settled with the SEC over disclosure failures related to this practice."
https://investopedia.com/fidelity-vs-robinhood-4587945,Fidelity vs. Robinhood,,Investopedia,Media,1/12/23,"The article explicitly discusses payment for order flow (PFOF) in the trading technology section: “Fidelity does not take payment for order flow (PFOF) for stock and ETF transactions.” and “Robinhood takes payment for order flow, which could add to your trading costs as brokers may start seeking out PFOF to generate revenue.” These references pertain to US equity trades (stocks and ETFs), confirming the context is US equity markets. This satisfies the criterion that the article discusses PFOF in US equity markets. Source: the Investopedia page “Fidelity vs. Robinhood” (crawled content provided).
References: [Fidelity vs. Robinhood](https://www.investopedia.com/fidelity-vs-robinhood-4587945)",Neutral,"The article offers a balanced comparison of Fidelity and Robinhood, highlighting both strengths and weaknesses of each platform without strong positive or negative bias. It praises Fidelity's comprehensive offerings and advanced technology while acknowledging Robinhood's simplicity and low costs. The tone remains informative and neutral throughout.","The article compares Fidelity and Robinhood, highlighting Fidelity as a full-service, established brokerage with extensive products, advanced trading tools, and no payment for order flow, making it suitable for all investor levels. Robinhood is a newer, app-based platform focused on simplicity, low costs, and commission-free trading, appealing mainly to casual investors. Fidelity offers a wider range of assets and advanced order types, while Robinhood emphasizes ease of use and mobile-first design. Overall, Fidelity is favored for comprehensive features and asset variety, whereas Robinhood is valued for its simplicity and cost-effectiveness."
https://investopedia.com/broker/robinhood-review,Robinhood Review,,Investopedia,Media,9/10/25,"The crawled Robinhood Review article explicitly discusses payment for order flow (PFOF) and notes Robinhood’s transparency about PFOF with 606 reports, in the context of US equities (stocks, ETFs) trading. This directly satisfies the criterion that the article discusses PFOF in US equity markets. Source: crawled content excerpt mentioning PFOF in 'Cons Explained' and context of stock trading.
References: [Robinhood Review](https://www.investopedia.com/broker/robinhood-review/)",Neutral,"The article presents a balanced view of Robinhood, highlighting both its strengths such as no-fee trading, improved platforms, and solid cash management, as well as its weaknesses including limited asset types, limited research, and past transparency issues. The tone is neither overly positive nor negative, indicating a neutral sentiment overall.","The Robinhood Review highlights the platform's pioneering no-fee trading model and its evolution to include advanced features like the Robinhood Legend web platform, futures trading, and expanded asset options including crypto. It emphasizes Robinhood's appeal to beginner and tech-savvy traders with its intuitive mobile-first design, fractional shares, and solid cash management features. However, it notes limitations such as fewer asset types, limited research tools, and past transparency issues. Recent updates include new AI-powered tools and a social trading community, positioning Robinhood as a competitive but not fully comprehensive brokerage."
https://investopedia.com/terms/p/paymentoforderflow.asp,Payment for Order Flow (PFOF): Definition and How It Works,,Investopedia,Media,9/10/24,"Yes. The article defines PFOF as compensation a broker receives for directing orders to a market maker (e.g., 'a brokerage firm receives for directing orders and executing trades to a particular market maker or exchange'), and it explicitly discusses US-equity market context through examples and references: mentions Robinhood as a US broker, discusses stocks/equities and market makers, NBBO, and US regulators (SEC/FINRA), with context comparing PFOF in equities vs. options. These elements satisfy the criterion that the article discusses PFOF in the context of US equity markets.
References: [Payment for Order Flow (PFOF): Definition and How It Works](https://investopedia.com/terms/p/paymentoforderflow.asp)",Neutral,"The article provides a balanced view of Payment for Order Flow (PFOF), explaining both its potential benefits such as better execution prices and increased liquidity, and its criticisms including conflicts of interest and regulatory concerns. The tone is informative and neutral, presenting facts and perspectives without strong bias toward positive or negative sentiment.","The article explains Payment for Order Flow (PFOF) as a practice where brokers receive compensation for routing client orders to market makers. It highlights how PFOF enables commission-free trading but may create conflicts of interest affecting trade execution quality. The piece discusses the role of market makers, regulatory requirements the SEC and FINRA, and the controversy surrounding PFOF, including its impact on retail investors and regulatory scrutiny, especially in the US equity and options markets."
https://investopedia.com/terms/b/bestexecution.asp,"Best Execution Rule: What it is, Requirements and FAQ",,Investopedia,Media,,"The article discusses the best execution rule and mentions that the SEC charged Robinhood for failing to disclose payments from trading firms for routing customer orders. The SEC press release confirms that Robinhood was charged for misleading customers about revenue sources, specifically payments from trading firms in exchange for routing customer orders, also known as payment for order flow. This clearly indicates that the article discusses payment for order flow in the context of US equity markets.
References: [Best Execution Rule: What it is, Requirements and FAQ](https://www.investopedia.com/terms/b/bestexecution.asp)","Neutral, Negative","The article primarily provides an informative and factual overview of the Best Execution Rule, emphasizing investor protection and regulatory compliance, which aligns with a neutral sentiment. However, it also highlights a negative example where Robinhood was charged the SEC for failing to meet best execution standards and misleading customers, adding a negative aspect to the sentiment.","The article explains the Best Execution Rule, a legal requirement for brokers to seek the most favorable terms for clients when executing orders. It covers regulatory oversight the SEC and FINRA, key factors brokers consider such as price, speed, and likelihood of execution, and the European MiFID II regulations. The article also highlights consequences of non-compliance, including the SEC's charge against Robinhood for failing to disclose payment for order flow."
https://investopedia.com/articles/active-trading/042414/what-makertaker-fees-mean-you.asp,What Maker-Taker Fees Mean for You,,Investopedia,Media,4/24/14,"The article discusses maker-taker fees, which it also refers to as payment for order flow. It mentions the NYSE and Nasdaq, which are US equity markets. It also discusses the SEC's involvement in regulating these fees. Therefore, the article discusses payment for order flow in the context of US equity markets.
References: [What Maker-Taker Fees Mean for You - Investopedia](https://www.investopedia.com/articles/active-trading/042414/what-makertaker-fees-mean-you.asp), [Trading Order Types and Processes - Investopedia](https://www.investopedia.com/trading-order-types-and-processes-4689649), [What are Maker and Taker fees? - Kraken Support](https://support.kraken.com/articles/360000526126-what-are-maker-and-taker-fees-), [What is the Maker and Taker Fee in Crypto Trading - Pintu Academy](https://pintu.co.id/en/academy/post/maker-vs-taker-fee-in-crypto-trading), [[PDF] Judicial Deference & the SEC's Experimental Rule Making Authority](https://scholarlycommons.law.cwsl.edu/cgi/viewcontent.cgi?article=1738&context=cwlr)",Neutral,"The article provides a balanced view of maker-taker fees, explaining their benefits such as incentives for liquidity and rebates, while also addressing criticisms like pricing distortions and regulatory scrutiny. The tone is informative and neutral, presenting both pros and cons without a strong positive or negative bias.","The article explains maker-taker fees in US equity markets, where market makers (makers) receive rebates for providing liquidity through limit orders, and market takers pay fees for removing liquidity via market orders. It covers the fee structure, historical development since the 1990s, regulatory scrutiny the SEC, and concerns about potential market distortions and conflicts of interest. The maker-taker model aims to stimulate trading activity but has faced criticism and legal challenges."
https://repository.law.umich.edu/book_chapters/121,The Regulation of Trading Markets: A Survey and Evaluation,Gabriel V. Rauterberg,University of Michigan Law School,Academic / Law,5/17/18,"The search results indicate that the article ""The Regulation of Trading Markets: A Survey and Evaluation"" Gabriel V. Rauterberg discusses payment for order flow. The snippet from the first search result confirms this. Therefore, the article satisfies the criterion.
References: [[PDF] The Regulation of Trading Markets: A Survey and Evaluation](https://repository.law.umich.edu/cgi/viewcontent.cgi?article=1121&context=book_chapters), [THE CFTC AT 50: EXAMINING THE PAST AND FUTURE OF ...](https://www.congress.gov/event/119th-congress/house-event/LC74439/text), [Payment for order flow - Wikipedia](https://en.wikipedia.org/wiki/Payment_for_order_flow), [[PDF] Incentives for Innovation in the US Stock Market](https://repository.law.umich.edu/cgi/viewcontent.cgi?article=1445&context=book_chapters), [[PDF] Federal Reserve Adopts Rule Requiring GSIBs to Amend QFC ...](https://www.sifma.org/wp-content/uploads/2017/10/Sidley_NY-Regional-Marketing-PDF.pdf), [Insider-trading, discretionary accruals and information asymmetry](https://www.sciencedirect.com/science/article/pii/S0890838917300434), [[PDF] Information Asymmetry and the Protection of Ordinary Investors](https://lawreview.law.ucdavis.edu/sites/g/files/dgvnsk15026/files/media/documents/53-1_Haeberle.pdf), [RISS 검색 - 국내학술지논문 상세보기](https://m.riss.kr/search/detail/DetailView.do?p_mat_type=1a0202e37d52c72d&control_no=fbe94a073cf25e676aae8a972f9116fb), [[PDF] 米国株式市場のメイカー・テイカー・モデルを巡る議論 -流動性向上 ...](https://www.nicmr.com/nicmr/report/repo/2017/2017aut04.pdf), [[PDF] INTERNALIZAÇÃO DE ORDENS - Portal Gov.br](https://www.gov.br/cvm/pt-br/centrais-de-conteudo/publicacoes/estudos/20240509-estudo-asa-air-internalizacao-de-ordens.pdf), [The Regulation of Trading Markets: A Survey and Evaluation](https://repository.law.umich.edu/book_chapters/121)",Neutral,"The article is described as a survey and evaluation of trading market regulation, aiming to lay groundwork and identify issues without resolving all questions. The tone is analytical and objective, focusing on evaluation rather than expressing a positive or negative stance. This indicates a neutral sentiment.
References: [The Regulation of Trading Markets: A Survey and Evaluation](https://repository.law.umich.edu/book_chapters/121)","This book chapter surveys the regulation of trading markets, identifying key issues and offering preliminary evaluations. It aims to lay the groundwork for a new special study of securities markets rather than resolving all existing questions."
https://optionstradingiq.com/front-running,What is Front Running And Is It Legal? You Decide,,Options Trading IQ,Blog,4/13/21,"The article explicitly discusses Pay For Order Flow (PFOF) in the context of front running and cites US equity market mechanics, including references to retail vs institutional orders and brokerages (e.g., Robinhood) and disclosure requirements. This shows the article addresses PFOF within US stock markets, satisfying the criterion. Key pointers from the page: 'how does payment for order flow (PFOF) fit into the equation?' and 'There are rules and regulations that require brokerages to disclose the practice of PFOF,' plus mention of Robinhood in relation to disclosures.
References: [What is Front Running And Is It Legal? You Decide](https://optionstradingiq.com/front-running)",Neutral,"The article provides an informative and balanced discussion about front running and payment for order flow, explaining both the illegal and legal aspects, as well as the gray areas. It does not express strong positive or negative opinions but rather presents the topic with nuance and factual explanations, indicating a neutral sentiment.","The article explains front running, its history, and how it involves using non-public information to profit before clients' orders are executed. It distinguishes illegal front running from legal gray areas, including the practice of payment for order flow (PFOF) where brokerages sell order flow to high-frequency trading firms. The article discusses how PFOF works in the US equity markets, its impact on retail and institutional traders, and the importance of disclosure for legality. It also mentions using public market data to anticipate stock movements as a legal alternative."
https://nasdaq.com/articles/why-zero-commission-investment-platforms-may-not-really-be-free,Why Zero-Commission Investment Platforms May Not Really Be Free,GOBankingRates,GOBankingRates,Media,11/15/24,"The article explicitly discusses payment for order flow in US equity markets, e.g., it states: ""Robinhood accepts payment for order flow, meaning it gets paid to direct trades to certain firms for execution."" The piece centers on zero-commission online brokers like Robinhood and discusses stock trading in the U.S., fulfilling the criterion about PFOF in US equities.
References: [Payment For Order Flow & Market Implications - Bloomberg Law](https://www.bloomberglaw.com/external/document/X1RP679S000000/capital-markets-professional-perspective-payment-for-order-flow-), [Robinhood, Schwab led US$340m retail order flow payment ...](https://www.globaltrading.net/robinhood-schwab-led-us461m-retail-order-flow-payment-bonanza-in-may), [Robinhood CEO says payment for order flow is 'here to stay' - CNBC](https://www.cnbc.com/2023/12/01/robinhood-ceo-says-payment-for-order-flow-is-here-to-stay.html), [[PDF] Payment for Order Flow and the Great Missed Opportunity](https://openscholarship.wustl.edu/cgi/viewcontent.cgi?article=1310&context=law_scholarship), [PFOF is going away, but the problem isn't - Optiver](https://optiver.com/insights/pfof-is-going-away-but-the-problem-isnt), [Eliminating Payment for Order Flow to Ensure Loyal Agents](https://bclawreview.bc.edu/articles/3061), [[PDF] How does Payment for Order Flow Influence Markets? - SEC.gov](https://www.sec.gov/files/dera_wp_payment-order-flow-2501.pdf), [How Robinhood Makes Money - Investopedia](https://www.investopedia.com/articles/active-trading/020515/how-robinhood-makes-money.asp), [Retail trader sophistication and stock market quality: Evidence from ...](https://www.sciencedirect.com/science/article/abs/pii/S0304405X22001726), [How Does Payment for Order Flow Influence Markets? Evidence ...](https://papers.ssrn.com/sol3/papers.cfm?abstract_id=4961610), [Why Zero-Commission Investment Platforms May Not Really Be Free](https://www.nasdaq.com/articles/why-zero-commission-investment-platforms-may-not-really-be-free)","Neutral, Negative","The article provides a balanced view on zero-commission investment platforms like Robinhood. It highlights the benefits of no commissions but also warns about hidden costs such as payment for order flow and spreads that can increase trading expenses. The tone is cautionary and informative, not overly negative or positive, making the sentiment both neutral and slightly negative.","The article discusses the hidden costs behind zero-commission investment platforms like Robinhood, focusing on payment for order flow and the bid-ask spread. While these platforms advertise no commissions, investors may incur significant costs through spreads and execution prices. A study showed Robinhood's options trades had higher round-trip costs compared to other brokers, partly due to payment for order flow practices. Despite this, Robinhood charges no commissions, making it cheaper for some trades. The article advises investors to look beyond headline fees to understand the true costs of trading."
https://nbcnews.com/business/personal-finance/trading-hot-stocks-gamestop-seems-fun-until-you-look-beneath-n1258147,Trading hot stocks like GameStop is fun till you look under the surface,Gretchen Morgenson,NBC News,Media,2/18/21,"The article explicitly discusses payment for order flow (PFOF) in the context of US equity markets, mentioning Robinhood, Citadel Securities, and SEC enforcement actions related to PFOF and best execution.
References: [Trading hot stocks like GameStop is fun till you look under the surface](https://www.nbcnews.com/business/personal-finance/trading-hot-stocks-gamestop-seems-fun-until-you-look-beneath-n1258147)","Negative, Neutral","The article presents a critical view of the payment for order flow practice and the role of firms like Citadel and Robinhood, highlighting regulatory scrutiny, SEC enforcement actions, and potential harm to individual investors. It raises concerns about fairness and best execution in the US equity markets. However, it also includes statements from Citadel defending their practices, which adds a neutral perspective. Therefore, the sentiment is predominantly negative with some neutral elements.","The article explains the complexities behind trading popular stocks like GameStop, focusing on the role of market makers such as Citadel Securities and brokers like Robinhood. It highlights the controversial practice of payment for order flow, regulatory concerns including SEC enforcement actions, and ongoing congressional scrutiny, emphasizing how these factors affect individual investors' trade executions and market fairness."
https://moneyqanda.com/payment-for-order-flow,What Is Payment for Order Flow and Why Investors Should Care About It,Hank Coleman,Money Q&A,Media,,"The article discusses payment for order flow and mentions Robinhood, a US broker known for using PFOF. It also discusses how regulators are working on regulations that would require brokers to send all orders to multiple exchanges or market centers. Therefore, the article discusses payment for order flow in the context of US equity markets.
References: [What Is Payment for Order Flow and Why Investors Should Care About It](https://moneyqanda.com/payment-for-order-flow)",Neutral,"The article presents a balanced view on payment for order flow, discussing both its risks (such as reduced market liquidity and conflicts of interest) and benefits (such as revenue generation for brokers and enabling no-commission trades). It also mentions regulatory efforts to address potential issues. The tone is informative and neutral, without strong bias towards either positive or negative sentiment.","The article explains payment for order flow (PFOF) as a practice where brokers receive payments from stock exchanges for directing orders their way, which can impact market liquidity and competitiveness. It discusses the risks, including reduced market liquidity and potential conflicts of interest, as well as arguments for PFOF, such as enabling brokers to offer commission-free trades. The article highlights regulatory efforts to require brokers to route orders to multiple exchanges to prevent market fragmentation. It also covers how PFOF affects brokers like Robinhood, which relies heavily on this revenue source."
https://frontmonth.substack.com/p/options-market-structure-101-b18,Options Market Structure 101,Hide Not Slide,Front Month,Blog,2/4/22,"The article discusses payment for order flow (PFOF) in the context of US equity markets. It mentions Robinhood, Citadel Securities, and the routing of retail orders. While the article primarily focuses on options market structure, it explicitly contrasts it with the equity market, stating, ""One thing I find puzzling about the public market structure debate is how narrowly focused it is on one asset class - equities."" This indicates a clear discussion of PFOF within the US equity market context, even if to highlight differences with the options market.
References: [Payments for US retail flow reach record high, led Citadel ...](https://www.globaltrading.net/payment-for-us-retail-flow-reaches-record-high-led-by-citadel-securities-imc), [[PDF] Payment for Order Flow and the Retail Trading Experience](https://wifpr.wharton.upenn.edu/wp-content/uploads/2023/10/Payment-for-Order-Flow.pdf), [Options Order Flow: Everything You Need To Know](https://www.cheddarflow.com/blog/options-order-flow-everything-you-need-to-know), [Options Market Structure 101](https://frontmonth.substack.com/p/options-market-structure-101-b18)",Neutral,"The article provides an analytical and detailed explanation of the US options market structure, highlighting both challenges and healthier aspects compared to the equity market. The tone is explanatory and balanced, without strong positive or negative bias, indicating a neutral sentiment.","The article ""Options Market Structure 101"" Hide Not Slide provides a detailed primer on the US options market structure. It explains how retail options orders are routed through brokers, wholesalers like Citadel Securities, and executed on exchanges. The piece highlights the dominance of wholesalers in retail order flow, the mandatory execution of options trades on exchanges (unlike equities), and the competitive tactics exchanges use to attract order flow. The article aims to clarify the complexities of the options market and foster informed discussions about needed reforms."
https://protocol.com/power-index/fintech/consumer-trading-platforms/gfxk8ea6lh9gdxzc-2655253314,The powerful fintech companies shaping consumer trading,Hirsh Chitkara,Protocol,Media,2/6/23,"The article explicitly discusses payment for order flow (PFOF) in the context of US equity markets, most clearly in the Robinhood section which states the company revenue is driven the controversial payment for order flow model. It also notes regulatory scrutiny from the SEC (and EU) on PFOF, tying the topic to the US market context (e.g., meme stock debacle). While it mentions PFOF in a European context (Trade Republic), the presence of a clear US equities reference satisfies the criterion.
References: [The powerful fintech companies shaping consumer trading](https://www.protocol.com/power-index/fintech/consumer-trading-platforms/gfxk8ea6lh9gdxzc-2655253314)",Neutral,"The article presents a balanced view of the consumer trading platforms industry, highlighting both positive aspects such as innovation, growth, and expansion, and negative aspects including regulatory scrutiny and controversies like the Gamestonk incident involving Robinhood. The tone is neither strongly positive nor negative but rather neutral, reflecting the complexities and challenges in the fintech consumer trading space.","The article ranks the most powerful consumer trading platforms, highlighting the disruption caused commission-free trading and the addition of new features like social feeds and cryptocurrency trading. It discusses regulatory scrutiny around payment for order flow and profiles leading companies such as Morgan Stanley, Charles Schwab, Robinhood, DriveWealth, and Trade Republic, noting their market positions and strategic moves in the evolving fintech landscape."
https://bestexresearch.com/research/the-good-the-bad-the-ugly-of-payment-for-order-flow,BestEx Research,Hitesh Mittal,BestEx Research,Trade analytics / Research,5/3/21,"The article explicitly discusses payment for order flow (PFOF) in the context of US equity markets. It mentions Robinhood, a US-based retail broker, and how they send their clients' orders to market makers. The article also refers to the national best bid and offer, which are concepts related to US equity market structure. Therefore, the article satisfies the criterion.
References: [BestEx Research](https://www.bestexresearch.com/research/the-good-the-bad-the-ugly-of-payment-for-order-flow)",Neutral,"The article discusses both positive and negative aspects of payment for order flow (PFOF) in the US equity markets. It highlights controversies and criticisms, such as allegations of 'legal bribery' and concerns about market makers influencing trading, while also acknowledging benefits like reduced trading costs for retail investors. The article aims to provide a balanced analysis and recommendations, indicating a neutral sentiment overall.","The article examines payment for order flow (PFOF) in the US equity markets, detailing how retail brokers send orders to market makers who provide liquidity and profit from the bid-offer spread. It explores the history and evolution of PFOF, controversies including allegations of conflicts of interest, and the impact on retail investors' trading costs. The article also explains market makers' profit challenges, such as adverse selection, and categorizes investor flow toxicity. Overall, it provides a balanced analysis of PFOF's benefits and drawbacks and suggests improvements for market structure."
https://bettermarkets.org/newsroom/everything-you-need-know-about-gamestop-frenzy-and-key-players-including-robinhood-citadel,"Everything You Need to Know about the GameStop Frenzy and Key Players, including Robinhood, Citadel, Reddit, Roaring Kitty & Rigged Markets",,Better Markets,Industry association / Advocacy,5/17/21,"The article includes a section 'PAYMENT FOR ORDER FLOW FACT SHEETS: What is payment for order flow & how it rips off retail investors' under its resources, indicating explicit discussion of PFOF. It centers on GameStop-related events and mentions US market participants (e.g., Robinhood, Citadel) and hearings about US equities, establishing the US equity market context. Thus it satisfies the criterion of discussing payment for order flow in US equity markets.
References: [Everything You Need to Know about the GameStop Frenzy and Key Players, including Robinhood, Citadel, Reddit, Roaring Kitty & Rigged Markets](https://bettermarkets.org/newsroom/everything-you-need-know-about-gamestop-frenzy-and-key-players-including-robinhood-citadel)",Negative,"The article discusses the GameStop frenzy with a critical tone, highlighting issues such as market volatility, predatory practices, conflicts of interest, and the need for tougher regulatory oversight. It focuses on problems in the market and calls for reforms, which aligns with a negative sentiment rather than positive or neutral.","The article provides an overview of the GameStop trading frenzy, highlighting key players such as Robinhood, Citadel, and Reddit. It covers regulatory hearings led the House Financial Services Committee addressing market volatility, fairness, and retail investor protection. The piece also discusses critical issues like payment for order flow and market transparency. Better Markets' involvement through testimony, fact sheets, and advocacy is emphasized as part of efforts to reform and regulate the US equity markets."
https://centerpointsecurities.com/payment-for-order-flow-guide,Payment for Order Flow - The Complete Guide,,CenterPoint Securities,Retail broker,,"The article explicitly discusses 'Payment For Order Flow' in the context of US stock trading. It defines PFOF, describes how brokers route US stock orders and how third parties pay for order flow (brokers, market makers, dark pools, ECNs), and cites US regulatory context (SEC Rule 606 disclosures and NBBO references). This confirms it is about US equity markets, not other asset classes. Supporting pieces include the article text (What Is Payment For Order Flow?, Is It Legal To Receive Payment For Order Flow?, NBBO mention) and the SEC final rule on disclosure of order execution information as regulatory backdrop.
References: [Payment for Order Flow (PFOF) and Broker-Dealer Regulation](https://www.congress.gov/crs-product/IF12594), [[PDF] RHS SEC Rule 606 and 607 Disclosure.pdf - Robinhood](https://cdn.robinhood.com/assets/robinhood/legal/RHS%20SEC%20Rule%20606%20and%20607%20Disclosure.pdf), [Robinhood CEO says payment for order flow is 'here to stay' - CNBC](https://www.cnbc.com/2023/12/01/robinhood-ceo-says-payment-for-order-flow-is-here-to-stay.html), [Payments for US retail flow reach record high, led Citadel ...](https://www.globaltrading.net/payment-for-us-retail-flow-reaches-record-high-led-by-citadel-securities-imc), [[PDF] Final rule: Disclosure of Order Execution Information - SEC.gov](https://www.sec.gov/files/rules/final/2024/34-99679.pdf), [Payment for order flow : r/etrade](https://www.reddit.com/r/etrade/comments/omwh68/payment_for_order_flow), [Payment for Order Flow: The SEC Proposes Reforms | Congress.gov](https://www.congress.gov/crs-product/IF12332), [[PDF] RHS SEC Rule 606 and 607 Disclosure Q3 2022 - Robinhood](https://cdn.robinhood.com/assets/robinhood/legal/RHS%20SEC%20Rule%20606%20and%20607%20Disclosure%20Q2%202021.pdf), [PFOF is going away, but the problem isn't - Optiver](https://optiver.com/insights/pfof-is-going-away-but-the-problem-isnt), [Payment for Order Flow: The SEC Proposes Reforms](https://www.everycrsreport.com/reports/IF12332.html), [Payment for Order Flow - The Complete Guide](https://centerpointsecurities.com/payment-for-order-flow-guide)","Positive, Negative","The article presents a balanced view on payment for order flow. It acknowledges positive aspects such as cost savings and price improvements passed to customers brokers. However, it also highlights significant negative consequences including conflicts of interest, slower and less optimal trade executions, and potential harm to active traders. The article discusses legal and regulatory contexts but emphasizes the controversy and risks involved, indicating a mixed sentiment with both positive and negative elements.","The article provides a comprehensive guide to payment for order flow (PFOF) in US equity markets, explaining how brokers route retail orders to third parties who pay for this flow. It covers the roles of wholesalers, market makers, exchanges, and institutions in PFOF, how these entities profit, and the legal framework under SEC rules. The guide highlights the potential costs and risks to traders, such as slower executions and trading against orders, and suggests using direct market access brokers to gain control over order routing and improve trade execution."
https://sciencedirect.com/science/article/abs/pii/S0304405X2400059X,"Tiny trades, big questions: Fractional shares",,HEC Paris,Academic / Law,7/1/24,"The article discusses fractional share trading and mentions Robinhood, a brokerage known for payment for order flow (PFOF) in US equity markets. The article also mentions that fractional share trades take place in off-exchange venues. While the article doesn't explicitly state 'payment for order flow,' the context of Robinhood and off-exchange trading strongly suggests that PFOF is relevant to the discussion of fractional shares in US equity markets.
References: [Tiny trades, big questions: Fractional shares - ScienceDirect.com](https://www.sciencedirect.com/science/article/abs/pii/S0304405X2400059X), [Fractional Trading - ResearchGate](https://www.researchgate.net/publication/379085682_Fractional_Trading), [What are Fractional Shares? | TD Direct Investing](https://www.td.com/ca/en/investing/direct-investing/articles/fractional-shares), [FinTech, Fractional Trading, and Order Book Dynamics - MDPI](https://www.mdpi.com/2674-1032/4/2/16), [[PDF] Classifying the Direction of Robinhood's Fractional Share Trades](https://papers.ssrn.com/sol3/Delivery.cfm/b399ffa8-044e-4da7-b2fc-ad4eb51ceb1f-MECA.pdf?abstractid=5240539&mirid=1)",Neutral,"The article presents an analytical and balanced view of fractional share trading, highlighting both positive aspects such as growth in retail trading and innovation, as well as challenges like reporting issues and market structure concerns. The tone is neither strongly positive nor negative, making Neutral the most appropriate sentiment classification.","The article investigates fractional share trading in US equity markets, focusing on its scale, impact, and reporting challenges. It highlights the rise of retail trading facilitated fintech apps and commission-free trading, with fractional shares enabling dollar-based investing in high-priced stocks. Using data from brokers like Robinhood and Drivewealth, the study identifies fractional trades and shows their significance for predicting liquidity and volatility. It also discusses the limitations of current market reporting protocols for capturing fractional share activity."
https://pm-research.com/content/iijtrade/6/1/32,Does Smart Routing Matter?,"Jeff Bacidore is affiliated with The Bacidore Group, LLC; Hernan Otero is affiliated with Goldman Sachs Asset Management; Alak Vasa is affiliated with Investment Technology Group, Inc.",, LLC; Hernan Otero is affiliated with Goldman Sachs Asset Management; Alak Vasa is affiliated with Investment Technology Group,12/31/10,"The article discusses smart routers and their performance, mentioning that some routers 'naively' route to maximize liquidity rebates. Since liquidity rebates are a form of compensation for order routing, this indicates the article discusses payment for order flow (PFOF) in the context of US equity markets.
References: [Payment for order flow](https://api.exa.ai/crawl-ping?value=Payment%20for%20order%20flow%20is%20the%20compensation%20that%20a%20stockbroker%20receives%20from%20a%20market%20maker%20in%20exchange%20for%20the%20broker%20routing%20its%20clients%27%20trades%20to%20that%20market%20maker.%20The%20market%20maker%20profits%20from%20the%20bid-ask%20spread%20and%20rebates%20a%20portion%20of%20this...%0Aundefined), [Payment for Order Flow (PFOF): Definition and How It Works](https://www.investopedia.com/terms/p/paymentoforderflow.asp), [How Robinhood Makes Money - Investopedia](https://www.investopedia.com/articles/active-trading/020515/how-robinhood-makes-money.asp), [Does Smart Routing Matter?](https://www.pm-research.com/content/iijtrade/6/1/32)","Positive, Negative","The article discusses both positive and negative aspects of smart routing performance. It points out that some smart routers perform poorly when naively maximizing liquidity rebates (negative), but also highlights that the best brokers perform well across liquidity groups (positive). For marketable orders, the performance is generally neutral. Hence, the sentiment reflects a mix of Positive and Negative.","The article evaluates broker smart routers' performance in executing non-marketable and marketable orders. It finds that routers prioritizing fill rates outperform those focusing on liquidity rebates, especially for large-cap and small-cap stocks, with significant cost implications for traders. The best brokers perform consistently well across liquidity groups, while performance differences are minimal for marketable orders."
https://cnbc.com/2022/09/22/robinhood-jumps-after-report-that-sec-will-not-ban-payment-for-order-flow.html,"Robinhood jumps, then fades after report that SEC will not ban payment for order flow",Jesse Pound,CNBC,Media,9/22/22,"The article explicitly discusses payment for order flow (PFOF) and its role in the business model of a US equity broker (Robinhood), including references to U.S. regulators not banning PFOF and a description of PFOF as a practice in US stock markets. It also mentions market makers (e.g., Virtu) and the context is US equity trading, not other asset classes. This satisfies the criterion that the article discusses PFOF in the context of US equity markets.
References: [Robinhood jumps, then fades after report that SEC will not ban ...](https://www.cnbc.com/2022/09/22/robinhood-jumps-after-report-that-sec-will-not-ban-payment-for-order-flow.html), [SEC Will Not Prohibit Payment for Order Flow - Investopedia](https://www.investopedia.com/sec-won-t-prohibit-popf-6742632), [Robinhood CEO says payment for order flow is 'here to stay' - CNBC](https://www.cnbc.com/2023/12/01/robinhood-ceo-says-payment-for-order-flow-is-here-to-stay.html), [Robinhood tanks after SEC chair tells Barron's that banning ... - CNBC](https://www.cnbc.com/2021/08/30/robinhood-tanks-after-sec-chair-tells-barrons-banning-payment-for-order-flow-is-a-possibility-.html), [Robinhood CEO defends payment for order flow, says practice is ...](https://www.reddit.com/r/technology/comments/1892jtq/robinhood_ceo_defends_payment_for_order_flow_says), [Robinhood Fine - $45M - SEC - Regulatory Violations - Jan 2025](https://www.steel-eye.com/news/robinhood-fine-45m-sec-regulatory-violations-jan-2025), [[PDF] Eliminating Payment for Order Flow to Ensure Loyal Agents](https://bclawreview.bc.edu/articles/3061/files/6425deca63493.pdf), [Robinhood stock hits $100 as it roars 30% since S&P 500 snub - CNBC](https://www.cnbc.com/2025/07/02/robinhood-stock-record.html), [The SEC May Not Ban Payment for Order Flow. Robinhood Stands ...](https://www.barrons.com/articles/robinhood-stock-sec-payment-for-order-flow-51663853232), [Robinhood Threatened - Payment for order flow might be canceled ...](https://www.reddit.com/r/wallstreetbets/comments/piyo3n/robinhood_threatened_payment_for_order_flow_might)",Neutral,"The article presents a balanced view on the topic of payment for order flow in the context of Robinhood and US equity markets. It reports the SEC's decision not to ban the practice, which is positive for Robinhood's business model, but also highlights the company's stock decline and ongoing regulatory concerns, reflecting a mixed sentiment. The tone is factual and does not lean strongly positive or negative, making 'Neutral' the most appropriate sentiment classification.","The article reports that the U.S. Securities and Exchange Commission (SEC) will not ban payment for order flow (PFOF), a key revenue source for Robinhood and other retail brokerages. While the SEC may implement rule changes to improve market fairness and execution quality, the practice of PFOF will continue. Robinhood's stock initially rose on the news but closed lower, reflecting ongoing challenges including user growth reversal. The SEC is considering various market structure changes, but a ban on PFOF is not among them at this time."
https://fortune.com/2021/07/29/robinhood-ipo-hat-is-payment-for-order-flow-regulation,Payment for order flow: What it is and why it matters,Jessica Mathews,Fortune,Media,7/29/21,"The article discusses payment for order flow (PFOF) and mentions Robinhood and Charles Schwab, which are US brokers. The article states that these brokerages accept money in exchange for client trade orders, which directly relates to US equity markets. Therefore, the article discusses payment for order flow in the context of US equity markets.
References: [Payment for order flow: What it is and why it matters](https://fortune.com/2021/07/29/robinhood-ipo-hat-is-payment-for-order-flow-regulation)",Neutral,"The article provides a balanced discussion of payment for order flow (PFOF), explaining how it works, its benefits such as financing zero-commission trades and adding liquidity, as well as the controversies including conflicts of interest and secret pricing. The tone is factual and presents multiple perspectives without strong positive or negative bias, indicating a neutral sentiment.","The article explains payment for order flow (PFOF), a practice where brokerages like Robinhood and Charles Schwab receive payments from market makers for routing client trade orders. This practice helps brokerages offer zero-commission trades. It details how market makers add liquidity and manage risk, the role of bid-ask spreads, and the technology behind the process. The article also discusses the controversy around PFOF, including concerns about conflicts of interest, market transparency, and off-exchange trading activity, while noting that PFOF is legal and can offer price improvements to investors."
https://robinhood.engineering/demystifying-payment-for-order-flow-119581544210,Demystifying payment for order flow,Jim Swartwout,Robinhood,Retail broker,3/4/21,"The article discusses payment for order flow in the context of US equity markets. It mentions that major brokers in the U.S. went to zero commission and that Robinhood makes money through payment for order flow. It also mentions that when you buy or sell stocks, ETFs, and options through your brokerage account, Robinhood sends your orders to market makers who execute them. The article also mentions that Robinhood Securities earns a fixed percentage of the bid-ask spread at the time your trade is executed for stocks.
References: [Demystifying payment for order flow](https://robinhood.engineering/demystifying-payment-for-order-flow-119581544210)",Positive,"The article explains payment for order flow in a factual and informative way, addressing misconceptions and emphasizing benefits to customers. It highlights Robinhood's transparency and positive impact on the industry, reflecting a positive sentiment towards the practice and the company's role.","The article explains payment for order flow (PFOF) in the U.S. equity markets, describing how Robinhood earns revenue routing customer orders to market makers who pay rebates. It clarifies that Robinhood prioritizes best execution for customers, with no incentive to favor any market maker based on payment. The piece highlights the transparency of PFOF through published disclosures and contrasts the current low costs for retail investors with higher commissions in the past, emphasizing Robinhood's role in pioneering commission-free trading."
https://newsroom.aboutrobinhood.com/demystifying-payment-for-order-flow,Demystifying payment for order flow,Jim Swartwout,Robinhood Securities,Retail broker,3/4/21,"The article titled 'Demystifying payment for order flow' published on Robinhood's newsroom discusses payment for order flow. Given that Robinhood is a US-based brokerage primarily dealing with US equities, and the article is published on their official newsroom, it is highly likely that the article discusses PFOF in the context of US equity markets. The title itself suggests an explanation of the practice, further supporting this conclusion.
References: [Demystifying payment for order flow](https://newsroom.aboutrobinhood.com/demystifying-payment-for-order-flow)",Positive,"The article explains payment for order flow in a clear and educational manner, highlighting the benefits to retail investors such as commission-free trades and transparent disclosures. It emphasizes Robinhood's positive impact on the industry and the advantages for everyday investors, indicating an overall positive sentiment.","The article explains payment for order flow (PFOF) as a revenue method used Robinhood and other brokers, where market makers pay brokers rebates to execute customer orders. It clarifies misconceptions about PFOF, emphasizing that Robinhood routes orders to market makers offering the best execution price, benefiting customers with better prices. The article highlights the low cost of trading with Robinhood compared to traditional commission models and underscores Robinhood's commitment to serving retail investors."
https://openscholarship.wustl.edu/cgi/viewcontent.cgi?article=1310&context=law_scholarship,Payment for Order Flow and the Great Missed Opportunity,Joel Seligman,Washington University in St. Louis,Academic / Law,1/1/21,"The article is titled ""Payment for Order Flow and the Great Missed Opportunity"" and the crawled content confirms this. The criterion asks whether the article discusses payment for order flow in the context of US equity markets. Based on the title, it is highly likely that the article discusses payment for order flow. Without the full article content, I cannot definitively confirm that the discussion is in the context of US equity markets, but the title strongly suggests it. Given the information available, it is reasonable to assume that the article satisfies the criterion.
References: [Payment for Order Flow and the Great Missed Opportunity](https://openscholarship.wustl.edu/cgi/viewcontent.cgi?article=1310&context=law_scholarship)","Neutral, Negative","The article discusses significant issues and regulatory concerns related to payment for order flow and the GameStop stock volatility event, reflecting a critical perspective. However, it also acknowledges the resilience of the market infrastructure and the potential for better regulation, which tempers the sentiment to be not entirely negative but rather a mix of neutral and negative.","The article analyzes the GameStop stock volatility event of early 2021, highlighting the roles of Robinhood, payment for order flow, and social media in the US equity markets. It discusses the ensuing regulatory investigations and lawsuits, critiques the current market structure, and calls for reforms to address the challenges exposed these events and improve securities market regulation."
https://qz.com/1878145/why-robinhood-makes-more-money-from-options-than-stocks,Robinhood is making far more money from the options boom than from stocks,John Detrixhe,Quartz,Media,7/9/20,"The article explicitly discusses payment for order flow in US equity markets: it states that brokers like Robinhood monetize customer orders selling them to market makers via payment for order flow, referencing US stock trading and NBBO dynamics (e.g., Citadel Securities). This confirms PFOF in the context of US equities, satisfying the criterion.
References: [Robinhood is making far more money from the options boom than from stocks](https://qz.com/1878145/why-robinhood-makes-more-money-from-options-than-stocks)",Neutral,"The article provides an informative and balanced view on the options trading boom and how brokers like Robinhood profit more from options than stocks. It explains the business model, the role of market makers, and the risks involved for retail traders without expressing a strongly positive or negative opinion. The tone is neutral, focusing on facts and explanations rather than advocacy or criticism.","The article explains that retail brokerages like Robinhood and TD Ameritrade earn significantly more revenue from options trading than from stock trading due to payment for order flow from market makers. Options trading has surged among individual investors, driven lower costs and the potential for high returns, despite higher risks. Market makers profit from wider bid-ask spreads in options and pay brokerages for order flow, especially from less sophisticated retail traders. The article also discusses the dynamics of market competition, regulatory safeguards, and the growing interest in options fueled social media and word of mouth."
https://digitalcommons.wcl.american.edu/cgi/viewcontent.cgi?article=1164&context=aublr,High-Frequency Traders: How the SEC Can Tighten Regulation While Maintaining the Benefits of a Competitive Market,John I. Sanders,White & Case LLP,Law firm,10/1/24,"Yes. The article engages with payment-for-order-flow-like topics in US equity markets. It discusses the maker-taker model and a SEC transaction-fee pilot as mechanisms that incentivize high-frequency trading, explicitly in the U.S. stock market context (e.g., references to the Flash Crash in the U.S. stock market and a transaction-fee pilot evaluating the maker-taker model). This indicates relevance to PFOF in US equities, satisfying the criterion. Key citations: the text notes a “transaction fee pilot program to evaluate the effects of the controversial maker-taker model that incentivizes high-frequency trading” and discusses the U.S. stock market Flash Crash context. Source: Sanders, High-Frequency Traders: How the SEC Can Tighten Regulation While Maintaining the Benefits of a Competitive Market, American University Business Law Review, Vol. 13:2 (2024).
References: [High-Frequency Traders: How the SEC Can Tighten Regulation While Maintaining the Benefits of a Competitive Market](https://digitalcommons.wcl.american.edu/cgi/viewcontent.cgi?article=1164&context=aublr)",Neutral,"The article provides a balanced analysis of high-frequency trading, acknowledging both its benefits and the potential harms. It discusses regulatory challenges and proposes measures to limit abuses while maintaining market benefits. The tone is analytical and constructive rather than overtly positive or negative, indicating a neutral sentiment.","The article John I. Sanders analyzes the practice of high-frequency trading (HFT) in the U.S. stock market, spotlighted the 2010 Flash Crash. It discusses the benefits HFT provides to market participants but highlights the need for tighter regulation to curb harmful excesses. Sanders proposes three regulatory tools for the SEC: enforcing market manipulation charges, holding exchanges accountable for unfair benefits to HFTs, and overseeing exchange colocation rules to ensure fair access and transparency. The article argues these measures can maintain competitive market benefits while addressing HFT abuses."
https://marketswiki.com/wiki/index.php?title=Order_routing&oldid=227707,Order routing,"John J. Lothian & Company, Inc.",,Medi,1/1/25,"The article explicitly mentions ""payment for order flow"" in the context of ""stock trading."" The search results confirm that PFOF is a common practice in US equity markets. Therefore, the article discusses payment for order flow in the context of US equity markets.
References: [Payment for Order Flow (PFOF): Definition and How It Works](https://www.investopedia.com/terms/p/paymentoforderflow.asp), [Payments for US retail flow reach record high, led Citadel ...](https://www.globaltrading.net/payment-for-us-retail-flow-reaches-record-high-led-by-citadel-securities-imc), [[PDF] Payment for Order Flow and the Retail Trading Experience](https://wifpr.wharton.upenn.edu/wp-content/uploads/2023/10/Payment-for-Order-Flow.pdf), [Order routing](https://www.marketswiki.com/wiki/index.php?title=Order_routing&oldid=227707)",Neutral,"The article on order routing provides a factual and neutral explanation of the process, including smart order routing and payment for order flow. It does not express any positive or negative opinions or sentiments about the topic, maintaining an objective tone throughout.","Order routing is the process of directing a trade order from the end user to an exchange, either directly or via a broker. Smart order routing aims to achieve the best trade execution minimizing market impact and finding hidden liquidity using algorithms. In stock trading, especially in US equity markets, payment for order flow is a common practice where market makers pay brokers for directing order flow to them."
https://reuters.com/article/stocks-regulations-fees-idUSL2N17N2C8,U.S. SEC panel proposes stock exchange fee-cutting experiment,John McCrank,Reuters,Media,4/20/16,"The article discusses the practice of exchanges paying rebates to brokers and brokers routing orders to venues that offer the biggest rebates, which is a core description of payment for order flow (PFOF) in US equity markets. It explicitly mentions brokers receiving rebates to bid/offers and the conflict of interest from routing orders to the highest rebate venues, both within the US stock trading context.
References: [U.S. SEC panel proposes stock exchange fee-cutting experiment](https://www.reuters.com/article/stocks-regulations-fees-idUSL2N17N2C8)",Neutral,"The article presents a factual and balanced view of the SEC panel's proposal to experiment with cutting stock exchange fees. It discusses both the problems with the current fee and rebate system, including conflicts of interest and increased off-exchange trading, and the SEC's proactive approach to addressing these issues through an experiment. The tone is analytical and does not express a clear positive or negative sentiment, making the overall sentiment neutral.","The U.S. SEC panel has recommended an experiment to reduce stock exchange fees and rebates to address conflicts of interest in the current payment for order flow model. The experiment would test different fee caps on groups of stocks to observe changes in trading behavior, liquidity, and bid-ask spreads. This aims to shed light on the impact of high fees and rebates on market structure and off-exchange trading."
https://reuters.com/article/us-usa-brokers-fees-idUSKBN1WN1UD,U.S. online brokers still profiting from 'dumb money',John McCrank,Reuters,Media,10/8/19,"The article explicitly discusses payment for order flow (PFOF) in the context of US equity markets. It mentions brokers like Charles Schwab, TD Ameritrade, and E*Trade, as well as market makers like Citadel Securities and Virtu Financial. The article also discusses regulatory scrutiny of PFOF in the US.
References: [U.S. online brokers still profiting from 'dumb money'](https://www.reuters.com/article/us-usa-brokers-fees-idUSKBN1WN1UD)","Neutral, Negative","The article provides a factual and detailed explanation of the payment for order flow practice US online brokers, highlighting regulatory scrutiny and the criticism of brokers profiting from less informed retail investors (referred to as 'dumb money'). While it presents neutral information about the industry and regulatory context, the critical tone regarding brokers' profit sources and regulatory concerns introduces a negative aspect. Therefore, the sentiment is best described as a combination of Neutral and Negative.","The article discusses how U.S. online brokers have eliminated stock trading commissions but continue to profit through payment for order flow (PFOF), interest on customer cash balances, and margin lending. It highlights regulatory scrutiny of PFOF, the role of market makers, and the competitive dynamics in the brokerage industry. Key brokers like Charles Schwab, TD Ameritrade, and Interactive Brokers, as well as market makers such as Citadel Securities and Virtu Financial, are mentioned in the context of these practices."
https://reuters.com/business/finance/robinhood-makes-most-its-money-pfof-what-is-it-2021-07-29,Explainer: Robinhood makes most of its money from PFOF. What is it?,John Mccrank,Reuters,Media,7/29/21,"The article discusses payment for order flow (PFOF) in the context of US equity markets. It mentions Robinhood, a US-based brokerage, and the SEC's scrutiny of PFOF. The article also mentions Charles Schwab, another US-based brokerage, and discusses how PFOF allows Robinhood to offer commission-free trading in the US.
References: [Explainer: Robinhood makes most of its money from PFOF. What is it?](https://www.reuters.com/business/finance/robinhood-makes-most-its-money-pfof-what-is-it-2021-07-29)",Negative,"The article discusses Robinhood's heavy reliance on payment for order flow (PFOF) for revenue and highlights the U.S. Securities and Exchange Commission's scrutiny of this practice due to conflicts of interest. It also mentions a significant SEC fine imposed on Robinhood for misleading customers about PFOF, suggesting potential harm to investors. The tone is factual but emphasizes regulatory concerns and negative consequences, indicating a Negative sentiment.","The article explains how Robinhood, a US-based retail brokerage, generates most of its revenue through payment for order flow (PFOF), a practice where brokerages receive payments from wholesalers for routing customer orders. It discusses the controversy and regulatory scrutiny the SEC over potential conflicts of interest and the impact on trade execution quality. The article also highlights that PFOF enables commission-free trading but has raised concerns about investor costs and trading incentives."
https://reuters.com/markets/us/sec-eyes-pfof-reforms-stock-market-what-is-pfof-2022-06-08,Explainer: SEC eyes Wall Street reforms. What is 'PFOF'?,John Mccrank,Reuters,Media,6/8/22,"The article titled 'Explainer: SEC eyes Wall Street reforms. What is 'PFOF'?' John Mccrank and published Reuters directly addresses the topic of payment for order flow (PFOF) in the context of US equity markets. The title itself indicates the article's focus on PFOF and its connection to Wall Street reforms and the SEC's oversight, which inherently places it within the US equity market context. Therefore, the article satisfies the criterion.
References: [Explainer: SEC eyes Wall Street reforms. What is 'PFOF'?](https://www.reuters.com/markets/us/sec-eyes-pfof-reforms-stock-market-what-is-pfof-2022-06-08)",Neutral,"The article presents a factual and informative overview of SEC scrutiny and potential reforms related to payment for order flow (PFOF). It highlights concerns and regulatory actions without expressing strong positive or negative emotions or judgments. The tone is neutral, focusing on explaining the issue and regulatory context.","The article explains the SEC's consideration of wide-ranging reforms to address payment for order flow (PFOF) in the US equity markets. It describes PFOF as a practice where retail brokers send orders to wholesalers for a payment, which may create conflicts of interest. The SEC is concerned about whether PFOF harms investors prioritizing broker revenue over best execution and is exploring increased competition and transparency. The article also notes the SEC's past enforcement actions, including a $65 million fine against Robinhood for misleading customers about PFOF."
https://reuters.com/article/idUSTRE6BG2H320101217?feedType=RSS&feedName=topNews,"Special Report: For Wall Street, dumb money pays",Jonathan Spicer,Reuters,Media,12/17/10,"Yes — the article explicitly discusses payment for order flow (PFOF) in US equity markets. It states that brokers route orders to market makers and receive compensation, including: “The market maker also paid E*Trade Financial Corp a small stipend,” and refers to the arrangement as “payment for order flow.” It also notes that five large wholesalers are on the other side of most retail U.S. stock trades, situating the discussion squarely in US equity trading. These elements satisfy the criterion that PFOF is discussed in the context of US equity markets.
References: [Special Report: For Wall Street, dumb money pays](https://www.reuters.com/article/idUSTRE6BG2H320101217?feedType=RSS&feedName=topNews)","Neutral, Negative","The article presents a balanced view on payment for order flow, acknowledging benefits such as ease of trading and price improvement for retail investors, which supports a neutral sentiment. However, it also highlights significant concerns about transparency, market fairness, regulatory scrutiny, and potential negative impacts on market quality, which justifies a negative sentiment. Therefore, the sentiment is best described as a combination of Neutral and Negative.","The article explains the practice of payment for order flow in US equity markets, where brokers route retail investors' trades to market makers who pay for this order flow. It discusses the benefits, such as lower trading costs and price improvements for retail traders, as well as criticisms including concerns about market transparency, fairness, and the potential impact on price formation. The article also covers regulatory scrutiny and increasing competition among market makers."
https://warriortrading.com/payment-for-order-flow,A Primer on Payment for Order Flow: Brokers Selling Orders to HFTs,,Warrior Trading,Blog,,"The article discusses payment for order flow and mentions US equity markets referencing TD Ameritrade, Apple stock, SEC regulations, and rule 606 laid out the Electronic Code of Federal Regulations. Therefore, the article discusses payment for order flow in the context of US equity markets.
References: [A Primer on Payment for Order Flow: Brokers Selling Orders to HFTs](https://www.warriortrading.com/payment-for-order-flow)",Neutral,"The article provides a balanced overview of payment for order flow, discussing both the potential benefits like price improvement and the criticisms such as adverse market effects and predatory practices. It includes historical context, regulatory information, and ways to avoid payment for order flow without taking a strongly positive or negative stance. This balanced presentation supports a Neutral sentiment classification.","The article explains payment for order flow, where brokerage firms sell order access to high-frequency trading firms, primarily in US equity markets. It covers the history of the practice, regulatory requirements, and how HFTs profit through techniques like order bundling and latency arbitrage. The article discusses arguments for price improvement and criticisms regarding market liquidity and fairness. It also outlines ways to avoid brokers that sell order flow."
https://techcrunch.com/2018/09/06/robinhood-ipo,Robinhood aims at IPO as the fintech startup seeks CFO,Josh Constine,TechCrunch,Media,9/6/18,"The article explicitly notes that Robinhood 'sells order flow to stock exchanges that want more liquidity for their traders,' which is a direct discussion of payment for order flow (PFOF) in the context of US equity trading. The piece centers on Robinhood as a US stock broker and references stock exchanges and stock trades, confirming the US equity markets context.
References: [Robinhood aims at IPO as the fintech startup seeks CFO](https://techcrunch.com/2018/09/06/robinhood-ipo)",Positive,"The article highlights Robinhood's significant growth, its preparation for an IPO, and innovative business model, portraying the company in a positive light. While it mentions some challenges such as competition, crypto downturn, and security risks, the overall tone is optimistic about Robinhood's future prospects and market position, indicating a predominantly positive sentiment.","Robinhood, valued at $5.6 billion, is preparing for an IPO and searching for a CFO. The fintech startup has rapidly grown its customer base to 5 million and raised $539 million from top investors. It monetizes through interest on user funds, payment for order flow, and premium subscriptions. Despite competition from traditional brokers and new fintechs, Robinhood aims to disrupt stock and crypto trading with its commission-free model and efficient software-driven approach."
https://washingtonpost.com/business/why-payment-for-order-flow-made-trades-free-but-left-sec-skeptical/2022/09/23/edc91bc2-3b68-11ed-b8af-0a04e5dc3db6_story.html,Why Payment for Order Flow Made Trades Free But Left SEC Skeptical,Katherine Doherty,Bloomberg,Media,9/23/22,"The article explicitly discusses payment for order flow (PFOF) in the context of US stock trading. It mentions the SEC's involvement and the impact of PFOF on retail investors in the US markets. The article also names specific market makers such as Citadel Securities and Virtu Financial, which are active in US equity markets.
References: [Why Payment for Order Flow Made Trades Free But Left SEC Skeptical](https://www.washingtonpost.com/business/why-payment-for-order-flow-made-trades-free-but-left-sec-skeptical/2022/09/23/edc91bc2-3b68-11ed-b8af-0a04e5dc3db6_story.html)",Neutral,"The article provides a balanced view on payment for order flow (PFOF) in US equity markets. It highlights positive aspects such as commission-free trading and price improvements for retail investors, while also discussing the skepticism and concerns raised the SEC and critics regarding transparency and competition. The tone is analytical and neutral, presenting both benefits and drawbacks without strong bias.","The article explains payment for order flow (PFOF) in US equity markets, highlighting how it enabled commission-free trading and attracted retail investors. It details how market makers pay brokerages for retail order execution, the scale of PFOF, and its role in shifting trading off public exchanges. The article presents both supporters' views on price improvements and critics' concerns about transparency and competition, and outlines the SEC's cautious approach to regulating the practice."
https://realinvestmentadvice.com/payment-for-order-flow-the-secs-plan-to-end-it,Payment For Order Flow & The SEC’s Plan To End It,Lance Roberts,RIA Advisors,Blog,7/5/22,"The article titled ""Payment For Order Flow & The SEC’s Plan To End It"" Lance Roberts discusses payment for order flow. The title itself indicates the topic. The article was published on realinvestmentadvice.com, which suggests a focus on US markets. Therefore, the article likely discusses payment for order flow in the context of US equity markets.
References: [Payment For Order Flow & The SEC’s Plan To End It](https://realinvestmentadvice.com/payment-for-order-flow-the-secs-plan-to-end-it)",Negative,"The article discusses payment for order flow as a contentious and problematic practice that exploits retail investors and creates hidden costs despite the appearance of 'free trading.' It highlights the negative consequences and the need for SEC intervention to fix the issues, indicating a critical and negative sentiment toward the current state of payment for order flow.","The article explains the practice of payment for order flow (PFOF) in US equity markets, highlighting how it enables commission-free trading but creates hidden costs and potential exploitation of retail investors. It covers the history of PFOF, the involvement of firms like Citadel and Robinhood, and the SEC's plans to reform the system to ensure fairer and more competitive markets. The article also discusses the negative impact of PFOF on investor outcomes and the misleading nature of ""free"" trades."
https://thetradenews.com/no-evidence-that-pfof-harms-price-execution-finds-new-research,"No evidence that PFOF harms price execution, finds new research",Laurie McAughtry,Euromoney,Media,8/19/22,"The article explicitly discusses payment for order flow (PFOF) and mentions Robinhood, the SEC, and 'commission-free trading'. These are all directly related to the US equity markets. The article also mentions the Gamestop saga, which occurred in the US equity market.
References: [No evidence that PFOF harms price execution, finds new research](https://www.thetradenews.com/no-evidence-that-pfof-harms-price-execution-finds-new-research)","Neutral, Positive","The article objectively reports on new academic research that finds no evidence that payment for order flow (PFOF) harms price execution, which counters regulatory concerns. The tone is factual and neutral, but the findings are reassuring and positive for the practice of PFOF. Therefore, the sentiment is best described as Neutral with a Positive leaning.","The article reports on a new academic study that finds no evidence that payment for order flow (PFOF) harms price execution in US equity markets. The study, conducted through a controlled experiment across multiple brokers, reveals variations in execution prices but concludes that PFOF does not negatively impact price discovery or execution quality."
https://babelfishanalytics.com/news/2021/2/4/meme-stocks-inaccessible-trading-share-trading-cost-and-risk,"Meme Stocks: Inaccessible Trading Share, Trading Cost, and Risk",Linda Giordano,Babelfish Analytics,Trade analytics / Research,2/4/21,"The article explicitly discusses Payment for Order Flow (PFOF) and frames it within US equity markets, mentioning PFOF directly and referencing US market structures (NASDAQ/NYSE), retail trading, and actors such as Robinhood and market makers like Citadel and Virtu. This satisfies the criterion that the article discusses PFOF in the context of US equities.
References: [Meme Stocks: Inaccessible Trading Share, Trading Cost, and Risk](https://www.babelfishanalytics.com/news/2021/2/4/meme-stocks-inaccessible-trading-share-trading-cost-and-risk)",Negative,"The article discusses the negative impacts of Payment for Order Flow and increased retail trading on market liquidity, trading costs, and risks for institutional investors. It highlights issues such as higher costs, volatility, inaccessible liquidity, and increased portfolio risk, which indicate a cautionary and concerned tone. Therefore, the sentiment is Negative.","The article discusses the rise of retail trading in US equity markets, highlighting the impact of Payment for Order Flow (PFOF) and increased retail market share on trading costs and liquidity. It explains how retail investors, supported market makers like Citadel and Virtu, have gained significant influence, leading to higher costs and volatility for institutional investors. The article emphasizes the challenge of inaccessible liquidity for traditional money managers, the compression of market share in dark pools, and the resulting higher impact costs. It also warns portfolio managers about the risks of high retail participation stocks, such as meme stocks, which can increase portfolio risk and execution difficulty."
https://academic.oup.com/rfs/article/33/4/1484/5526886,Back-Running: Seeking and Hiding Fundamental Information in Order Flows,,Massachusetts Institute of Technology,Academic / Law,4/1/20,"The crawled article page explicitly discusses payment for order flow (PFOF) as an application: “payment for (retail) order flow reveals information about institutional order flow and enables back-runners to earn large profits.” This confirms PFOF within the article. Additionally, a related PDF version of the paper explicitly frames the context as U.S. equity markets (retail order flow information in U.S. equity markets), supporting the US equity market context requirement.
References: [[PDF] Seeking and Hiding Fundamental Information in Order Flows - MIT](https://www.mit.edu/~zhuh/YangZhu_backrunning_RFS.pdf), [Seeking and Hiding Fundamental Information in Order Flows ...](https://papers.ssrn.com/sol3/papers.cfm?abstract_id=2583915), [[PDF] Seeking and Hiding Fundamental Information in Order Flows](https://www.fese.eu/app/uploads/2025/01/dlv-sm-2016.pdf), [Seeking and Hiding Fundamental Information in Order Flows](https://www.financetheory.org/insights/issue-1-september-2021/post/back-running-seeking-and-hiding-fundamental-information-in-order-flows), [Seeking and Hiding Fundamental Information in Order Flows](https://www.researchgate.net/publication/345438137_Back-Running_Seeking_and_Hiding_Fundamental_Information_in_Order_Flows), [Seeking and Hiding Fundamental Information in Order Flows](https://ideas.repec.org/a/oup/rfinst/v33y2020i4p1484-1533..html), [Seeking and Hiding Fundamental Information in Order Flows](https://www.researchgate.net/publication/314887489_Seeking_and_Hiding_Fundamental_Information_in_Order_Flows), [Back-Running: Seeking and Hiding Fundamental Information in ...](https://books.google.com/books/about/Back_Running.html?id=ABD8zgEACAAJ), [Seeking and Hiding Fundamental Information in Order Flows](https://liuc.primo.exlibrisgroup.com/discovery/fulldisplay?docid=cdi_proquest_miscellaneous_2400327480&context=PC&vid=39LUCC_INST:VU1&lang=it&search_scope=MyInst_and_CI&adaptor=Primo%20Central&query=any%2Ccontains%2Ccdi_proquest_miscellaneous_1945127519&facet=citedby%2Cexact%2Ccdi_FETCH-LOGICAL-c449t-7971da4473519d6a406dae4d6a40fee001398e1297018e8073f8c0d1ea9ce4533&offset=0), [Seeking and Hiding Fundamental Information in Order Flows - OUCI](https://ouci.dntb.gov.ua/en/works/452M0JEl), [Back-Running: Seeking and Hiding Fundamental Information in Order Flows](https://academic.oup.com/rfs/article/33/4/1484/5526886)",Neutral,"The article provides an analytical model of the interaction between fundamental investors and back-runners, discussing the implications of payment for order flow in U.S. equity markets. It presents both positive and negative effects, such as back-runners earning profits but also being harmed higher accuracy of their information, and fundamental investors benefiting in some scenarios. The tone is balanced and factual without expressing a clear positive or negative sentiment, making 'Neutral' the most appropriate classification.","The article models the strategic interaction between fundamental investors and back-runners who infer information from past order flows to trade. It shows how fundamental investors randomize orders to counteract back-runners and highlights that payment for order flow reveals institutional order flow information, allowing back-runners to earn significant profits."
https://news.bloomberglaw.com/securities-law/sec-set-to-let-wall-street-keep-payment-for-order-flow-deals-1,SEC Set to Let Wall Street Keep Payment-for-Order-Flow Deals,Lydia Beyoud,Bloomberg News,Media,9/22/22,"The article, titled 'SEC Set to Let Wall Street Keep Payment-for-Order-Flow Deals (3)', discusses payment for order flow. The crawled content confirms that this is in the context of the US equity market, mentioning the '$48 trillion American equities market'.
References: [SEC Set to Let Wall Street Keep Payment-for-Order-Flow Deals](https://news.bloomberglaw.com/securities-law/sec-set-to-let-wall-street-keep-payment-for-order-flow-deals-1)",Neutral,"The article presents the SEC's decision to not ban payment for order flow in a factual manner, highlighting it as a win for brokerages but also mentioning potential future changes that could impact profitability. The tone is balanced and does not express strong positive or negative sentiment, indicating a neutral stance.","The article reports that the US Securities and Exchange Commission (SEC) will not ban payment for order flow, a practice where brokerages receive payment for processing retail stock trades. This decision follows internal deliberations and is seen as a win for brokerages, though the SEC may introduce other rules that could reduce the profitability of this practice in the $48 trillion American equities market."
https://cnbc.com/amp/2021/09/13/robinhoods-chief-legal-officer-says-the-sec-wont-ban-payment-for-order-flow.html,Robinhood's chief legal officer says the SEC won't ban payment for order flow,Maggie Fitzgerald,CNBC,Media,9/13/21,"The article explicitly discusses payment for order flow (PFOF) and defines it in terms of brokerages receiving back-end payments for directing retail orders to market makers, within the Robinhood-US equity trading context. It references the SEC and retail investors in a US equity market setting, satisfying the criterion that the article discusses PFOF in the context of US equity markets. Source content includes: ""Payment for order flow is the back-end payment that brokerages receive for directing clients' trades to market makers."" and discussion of SEC considerations.
References: [Robinhood's chief legal officer says the SEC won't ban payment for order flow](https://www.cnbc.com/amp/2021/09/13/robinhoods-chief-legal-officer-says-the-sec-wont-ban-payment-for-order-flow.html)",Positive,"The article primarily presents Robinhood's chief legal officer defending payment for order flow as beneficial for retail investors and expresses confidence that the SEC will not ban it. Despite acknowledging controversy and criticism, the overall tone is supportive and positive toward the practice, reflecting Robinhood's perspective.","Robinhood's chief legal officer, Dan Gallagher, stated that the SEC is unlikely to ban payment for order flow, a key revenue source for Robinhood that enables zero-commission trading. He emphasized that this practice benefits retail investors and defended it against criticism following the GameStop short squeeze. Gallagher also criticized those who misled the public during the event and highlighted the importance of payment for order flow in attracting a new generation of investors."
https://cnbc.com/2020/12/17/sec-charges-robinhood-with-misleading-customers-about-how-it-makes-money.html,SEC charges Robinhood with misleading customers about how it makes money,Maggie Fitzgerald,CNBC,Media,12/17/20,"The CNBC article explicitly discusses 'payment for order flow' (PFOF) as Robinhood's largest revenue source and describes market makers (e.g., Citadel Securities, Virtu) paying brokers to route customer orders, i.e., PFOF in US equity trading. It also centers on US stock trading context (Robinhood, market makers, order routing), satisfying the criterion that the discussion is in the context of US equity markets.
References: [SEC charges Robinhood with misleading customers about how it ...](https://www.cnbc.com/2020/12/17/sec-charges-robinhood-with-misleading-customers-about-how-it-makes-money.html), [SEC Charges Robinhood Financial With Misleading Customers ...](https://www.sec.gov/newsroom/press-releases/2020-321), [Robinhood to pay $45M to settle SEC charges - POLITICO Pro](https://subscriber.politicopro.com/article/2025/01/robinhood-to-pay-45m-to-settle-sec-charges-00197946), [Robinhood fined $65 million SEC over charges of deceiving ...](https://www.cnbc.com/video/2020/12/17/robinhood-fined-65-million-by-sec-over-charges-of-deceiving-customers.html), [Robinhood SEC charges: Firm to pay $45 million in penalties - CNBC](https://www.cnbc.com/2025/01/13/robinhood-sec-charges-45-million-penalty.html), [Payment for Order Flow (PFOF): Definition and How It Works](https://www.investopedia.com/terms/p/paymentoforderflow.asp), [Robinhood pays $65 million to settle SEC probe over misleading ...](https://www.cnbc.com/video/2020/12/17/robinhood-pays-65-million-to-settle-sec-probe-over-misleading-customers.html), [Robinhood-GameStop hearing: 'Payment for order flow' to ... - CNBC](https://www.cnbc.com/2021/02/18/payment-for-order-flow-the-controversial-wall-street-practice-to-draw-scrutiny-at-robinhood-hearing.html), [Robinhood Fees - Here Are the Facts You Need to Know](https://www.wallstreetsurvivor.com/robinhood-fees), [Robinhood will pay the SEC $65 million - YouTube](https://www.youtube.com/watch?v=XwJ4hjq96r4), [Two Robinhood Broker-Dealers to Pay $45 Million in Combined ...](https://www.sec.gov/newsroom/press-releases/2025-5), [Robinhood to pay $65 mln fine to settle SEC charges of misleading ...](https://www.reuters.com/business/finance/robinhood-pay-65-mln-fine-settle-sec-charges-misleading-customers-2020-12-17), [[PDF] Robinhood Financial, LLC - SEC.gov](https://www.sec.gov/files/litigation/admin/2020/33-10906.pdf), [Robinhood is fined $70 million over misleading customers and ...](https://www.nytimes.com/2021/06/30/technology/robinhood-fined-misleading-customers.html), [FINRA Orders Robinhood Financial to Pay $3.75 Million in ...](https://www.finra.org/media-center/newsreleases/2025/finra-orders-robinhood-financial-pay-375-million-restitution), [Robinhood Pays $65 Million To SEC For Misleading Customers ...](https://www.forbes.com/sites/jonathanponciano/2020/12/17/robinhood-pays-65-million-to-sec-for-misleading-customers-who-lost-34-million-on-inferior-trade-prices), [Robinhood fined $45M SEC - LinkedIn](https://www.linkedin.com/news/story/robinhood-fined-45m-by-sec-6512913), [Robinhood to Pay $45 Million Fine to Settle SEC Charges](https://www.nytimes.com/2025/01/13/business/robinhood-sec-fine.html)",Negative,"The article details the SEC charging Robinhood with misleading customers about its revenue practices, specifically payment for order flow, and the resulting $65 million penalty. It highlights the negative consequences for customers due to inferior trade execution and portrays Robinhood's past practices as deceptive. The overall tone is critical and focuses on regulatory enforcement and customer harm, indicating a negative sentiment.","The SEC charged Robinhood with misleading customers about how it makes money, particularly regarding its largest revenue source, payment for order flow. Robinhood agreed to pay a $65 million penalty without admitting or denying the charges. The SEC found that Robinhood's practices resulted in customers receiving inferior trade prices costing them $34.1 million. Robinhood stated these practices do not reflect the company today and emphasized improvements in transparency and execution quality."
https://nbcnews.com/business/business-news/sec-charges-investment-app-robinhood-misleading-customers-rcna205,SEC charges investment app Robinhood with misleading customers,Maggie Fitzgerald,CNBC,Media,12/17/20,"Yes. The NBC News article explicitly discusses payment for order flow in the context of US equity markets. It quotes the SEC about Robinhood receiving payments from trading firms for routing customer orders (the 'payment for order flow' mechanism) and mentions market makers like Citadel Securities and Virtu paying brokers for order routing rights, tying PFOF directly to US stock trading and Robinhood’s business model.
References: [SEC charges investment app Robinhood with misleading customers](https://www.nbcnews.com/business/business-news/sec-charges-investment-app-robinhood-misleading-customers-rcna205)",Negative,"The article primarily focuses on the SEC charging Robinhood for misleading customers about payment for order flow and failing to provide best execution of trades, resulting in a $65 million penalty. It highlights misleading statements, inferior trade prices costing customers money, and regulatory complaints about predatory marketing and platform issues. Although Robinhood's response mentions improvements and transparency, the overall tone is critical and negative due to the regulatory actions and financial penalties.","The SEC charged Robinhood with misleading customers about how it makes money, specifically regarding its largest revenue source, payment for order flow. Robinhood agreed to pay a $65 million penalty without admitting wrongdoing. The SEC found Robinhood provided inferior trade prices costing customers $34.1 million despite commission-free trading. Robinhood has since improved transparency and execution quality. The charges follow complaints about Robinhood's marketing tactics and platform issues."
https://money.com/robinhood-free-trades,Robinhood and Free Trades: What Every Investor Needs to Know,Mallika Mitra,Money,Media,5/20/21,"The article explicitly discusses payment for order flow (PFOF) in US equity markets: it states that Robinhood is paid the market maker for customers' orders, a common practice among retail brokers, and cites that the company earns about $330 million per quarter from PFOF; it also discusses order routing to market makers to seek best execution and references SEC rules, all within the US stocks/ETFs context.
References: [Robinhood and Free Trades: What Every Investor Needs to Know](https://money.com/robinhood-free-trades)",Neutral,"The article provides a balanced view of Robinhood, highlighting both its advantages such as commission-free trading and competitive cash management APYs, and its controversies including accusations of gamifying investing, trading restrictions, and concerns about payment for order flow. The tone is informative and does not lean strongly positive or negative, making 'Neutral' the most appropriate sentiment classification.","The article explains Robinhood's commission-free trading platform, highlighting how it makes money through payment for order flow, where market makers pay Robinhood for customer orders. It also covers the bid-ask spread, cash management services with interest on uninvested cash, and the Robinhood Gold subscription offering margin trading and additional features. The article discusses concerns about best execution and regulatory scrutiny but notes Robinhood's efforts to ensure fair practices."
https://morningstar.com/articles/1030652/robinhood-what-to-know-before-it-goes-public,Robinhood: What to Know Before It Goes Public,Margaret Giles,Morningstar,Trade analytics / Research,3/23/21,"The article explicitly discusses payment for order flows (PFOF) in the context of Robinhood, a US retail broker, and includes clear references to PFOF as Robinhood’s revenue source and to the practice of routing orders to market makers. Key points cited from the text: (1) SEC findings that Robinhood had failed to disclose its largest revenue source: payment for order flows; (2) PFOF comprising the majority of Robinhood’s revenue; (3) Robinhood outsourcing user orders to principal trading firms to execute trades. These elements establish PFOF within US equity markets as the article’s focus.
References: [Robinhood: What to Know Before It Goes Public](https://www.morningstar.com/articles/1030652/robinhood-what-to-know-before-it-goes-public)","Positive, Negative, Neutral","The article presents a balanced view of Robinhood. It highlights positive aspects such as Robinhood's growth, innovation, mission to democratize investing, and opportunities for future growth. At the same time, it addresses negative issues including regulatory scrutiny, SEC fines, platform outages, and controversies around payment for order flows. This mix of positive and negative information leads to an overall neutral sentiment.","The article discusses Robinhood's rise as a disruptive fintech brokerage with a mission to democratize investing, its impressive user growth and funding, and its confidential IPO filing. It highlights Robinhood's revenue model, mainly payment for order flows, and regulatory scrutiny including an SEC fine. The article also covers Robinhood's competition with established brokerages and its potential for future growth in the wealthtech sector driven demographic shifts and changing investment preferences."
https://thetill.substack.com/p/who-who-who-who,"Who, Who, Who, Who?",Mark Phillips,The Till,Blog,3/23/23,"The crawled article text explicitly discusses payment for order flow (PFOF) and ties it to US equity market mechanics: it mentions 'payment for order flow (PFOF)' in the context of compliance discussions, describes order routing, wholesalers, market makers, and broker rebates, and refers to US-traded brokers (e.g., TD Ameritrade) and market structure (price improvement auctions, exchanges). This places PFOF squarely in US equity trading rather than other asset classes. Therefore, it satisfies the criterion.
References: [Who, Who, Who, Who?](https://thetill.substack.com/p/who-who-who-who)","Neutral, Positive","The article discusses the evolution of internet browsing annoyances and privacy legislation, presenting facts about data privacy and market mechanics. It acknowledges annoyances like pop-ups and terms acceptance but also highlights benefits such as consumers reclaiming privacy rights and advantages for customers in trading. The tone is informative and balanced, with a slight positive outlook on privacy rights and market benefits, making the sentiment primarily Neutral with some Positive elements.","The article discusses the evolution of internet privacy laws and data sharing preferences, focusing on GDPR and the California Privacy Act. It explains payment for order flow (PFOF) in US equity markets, detailing how customer orders are tagged and treated differently wholesalers and market makers. The piece highlights the complexities of market structure, order routing, and the trade-offs between privacy and better trading or advertising outcomes."
https://news.bloomberglaw.com/banking-law/matt-levines-money-stuff-some-brokers-are-cheaper-than-others,Matt Levine’s Money Stuff: Some Brokers Are Cheaper Than Others,Matt Levine,Bloomberg,Media,8/25/22,"The article's title and the presence of 'PFOF' in the article's content strongly suggest that it discusses payment for order flow. The criterion specifies that the discussion must be in the context of US equity markets. Without the full article content, it's impossible to confirm this definitively. However, given the title and the initial mention of PFOF, it's highly probable that the article meets the criterion.
References: [Matt Levine’s Money Stuff: Some Brokers Are Cheaper Than Others](https://news.bloomberglaw.com/banking-law/matt-levines-money-stuff-some-brokers-are-cheaper-than-others)",Neutral,"The article excerpt discusses payment for order flow in the US equity markets in an analytical and informative manner without evident positive or negative bias. The tone is neutral, focusing on explaining the mechanics rather than expressing opinion or emotion.","The article explains the concept of payment for order flow (PFOF) in the US equity markets, describing how retail brokers route orders to large market-making firms that take the other side of trades. It highlights why wholesalers prefer retail orders due to their lower risk and discusses the cost differences among brokers."
https://bloomberg.com/opinion/articles/2021-12-08/what-does-payment-for-order-flow-buy,What Does Payment for Order Flow Buy?,Matt Levine,Bloomberg,Media,12/8/21,"The article, titled ""What Does Payment for Order Flow Buy?"" Matt Levine, directly discusses payment for order flow. The content refers to retail investors, brokers, and market makers, and mentions the ""national best bid and offer,"" or NBBO, which is specific to US equity markets. Therefore, the article discusses payment for order flow in the context of US equity markets.
References: [What Does Payment for Order Flow Buy?](https://www.bloomberg.com/opinion/articles/2021-12-08/what-does-payment-for-order-flow-buy)",Neutral,"The article Matt Levine discusses payment for order flow presenting two contrasting models: the Good Model, which highlights benefits such as better prices and free trades for retail investors, and the Bad Model, which points out potential disadvantages like naive investors paying more and the complexity of finding the real price. The article does not strongly favor either perspective but rather explains both sides, indicating a balanced and neutral sentiment overall.","The article explains payment for order flow in US equity markets through two models: the Good Model, where market makers offer better prices to retail investors and pay brokers for order flow, benefiting all parties; and the Bad Model, where only savvy traders access the real price, while naive investors pay more, with high-frequency traders exploiting this price difference."
https://markets.businessinsider.com/news/stocks/payment-for-order-flow-robinhood-bill-gurley-trading-app-public-2021-2-1030028631,"Payment for order flow under fire amid Bill Gurley criticism, Public shift",Matthew Fox,Business Insider,Media,2/1/21,"Yes. The crawled article explicitly discusses Payment for Order Flow (PFOF) in the US equity markets. It defines PFOF as broker compensation for routing customer orders to market makers, references Robinhood's PFOF revenue and mentions market makers (e.g., Citadel Securities), and notes Public.com's move to end PFOF and route trades directly to US exchanges (Nasdaq/NYSE). It also ties the discussion to US equities via GameStop coverage and mentions US exchanges. This satisfies the criterion that the article discusses PFOF in the context of US equity trading.
References: [Payment for order flow under fire amid Bill Gurley criticism, Public shift](https://markets.businessinsider.com/news/stocks/payment-for-order-flow-robinhood-bill-gurley-trading-app-public-2021-2-1030028631)",Negative,"The article predominantly presents a critical view of the payment for order flow (PFOF) practice, highlighting Bill Gurley's strong opposition and calling the practice problematic and banned in other countries. While it mentions Public.com's positive move away from PFOF to a tipping model, the overall tone is focused on the negative aspects and controversy surrounding PFOF, making 'Negative' the most appropriate sentiment classification.","The article discusses the controversy around payment for order flow (PFOF) in US equity markets, highlighting VC investor Bill Gurley's call to ban the practice. It explains how PFOF enables $0 commission trading but creates conflicts of interest. Robinhood generates significant revenue from PFOF, while brokerage Public.com is abandoning it in favor of direct routing to exchanges and an optional tipping model."
https://investopedia.com/articles/active-trading/020515/how-robinhood-makes-money.asp,How Robinhood Makes Money,Matthew Johnston,Investopedia,Media,6/14/24,"The article explicitly discusses payment for order flow (PFOF) as Robinhood's revenue mechanism, describing routing of users' orders to market makers and the compensation per share (“a fraction of a cent per share”). It also states that Robinhood generates revenue routing orders for options, equities, and cryptocurrencies to market makers, i.e., PFOF, which confirms the US equity market context (the article also references U.S. listed securities). These points directly satisfy the criterion that the article discusses PFOF in the context of US equity markets.
References: [How Robinhood Makes Money - Investopedia](https://www.investopedia.com/articles/active-trading/020515/how-robinhood-makes-money.asp), [Payment for Order Flow (PFOF): Definition and How It Works](https://www.investopedia.com/terms/p/paymentoforderflow.asp), [Payment for Order Flow (PFOF) and Broker-Dealer Regulation](https://www.congress.gov/crs-product/IF12594), [Robinhood Review - Investopedia](https://www.investopedia.com/robinhood-review-4587919), [Robinhood Pays Settlement, but Gamification Remains a Concern](https://www.investopedia.com/robinhood-pays-settlement-but-gamification-remains-a-concern-5093195), [Fidelity vs. Robinhood 2025 - Investopedia](https://www.investopedia.com/fidelity-vs-robinhood-4587945), [Robin Hood Effect: What It Is, How It Works - Investopedia](https://www.investopedia.com/terms/r/robin-hood-effect.asp), [Robinhood | Research Starters - EBSCO](https://www.ebsco.com/research-starters/technology/robinhood), [Is Robinhood Safe for Investors? - Investopedia](https://www.investopedia.com/investing/is-robinhood-safe), [Robinhood Revenue and Usage Statistics (2025) - Business of Apps](https://www.businessofapps.com/data/robinhood-statistics)",Neutral,"The article provides a balanced and factual overview of Robinhood's business model, financials, and recent developments. It highlights positive aspects such as revenue growth, new product launches, and acquisition plans, while also acknowledging negative aspects like net losses and regulatory fees. The tone is informative and neutral without strong positive or negative bias.","The article explains how Robinhood, a fintech company known for commission-free trading, generates revenue primarily through payment for order flow, net interest revenues, and other sources like its Gold subscription and crypto business. It highlights Robinhood's financial performance, recent launch of a cash-back credit card, and plans to acquire the European crypto exchange Bitstamp. The summary also notes Robinhood's competition and key revenue segments."
https://feedough.com/how-does-robinhood-make-money-robinhood-business-model,How Does Robinhood Make Money? | Robinhood Business Model,Matthew Lopez,Feedough,Blog,7/13/18,"The article explicitly mentions payment for order flows (PFOF) in the Robinhood business model section and describes it as a mechanism to profit from directing stock orders to third parties, i.e., PFOF in the context of stock trading. This is within the US equity trading domain, as Robinhood is discussed as a commission-free US stock broker and the text refers to 'stock orders' and 'third parties' in the context of brokers. Source: crawled content excerpt: 'The company also thought of making money through the payment for order flows ... But they have scrapped that plan.'
References: [How Does Robinhood Make Money? | Robinhood Business Model](https://www.feedough.com/how-does-robinhood-make-money-robinhood-business-model)",Positive,"The article presents Robinhood in a generally positive light, emphasizing its innovative commission-free trading model, rapid user growth, and ethical revenue streams. It highlights the company's cost efficiency, appeal to millennials, and strong backing venture capital. While it acknowledges some initial skepticism and risks, the overall tone is optimistic about Robinhood's business model and future prospects.","The article explains Robinhood's business model, highlighting its commission-free stock trading app popular among millennials. Founded in 2013, Robinhood makes money primarily through interest on uninvested cash in user accounts and premium subscriptions like the Gold plan, which offers benefits such as margin trading and extended hours. The company initially considered payment for order flow but scrapped that plan. Robinhood also offers features like cryptocurrency trading and options trading. It has grown rapidly, supported venture capital, and is a member of SIPC, ensuring some investor protections."
https://reuters.com/business/retail-consumer/canada-stock-market-rules-curb-platforms-linked-churning-us-stocks-2021-02-09,Canada stock market rules curb platforms linked to churning U.S. stocks,Nichola Saminather,Reuters,Media,2/9/21,"The article discusses how Canadian regulations restrict the growth of zero-commission trading platforms like Robinhood, whose business model in the U.S. is linked to payment for order flow. It mentions that Canadian brokers are required to fulfill trades on exchanges, making the stock market more transparent than splitting trades among market makers, which is related to PFOF in the US. The article also quotes Marius Zoican, who states that it would be difficult to have full-fledged zero-commission trading in Canada as long as payment for order flow is not allowed. Therefore, the article discusses payment for order flow in the context of US equity markets.
References: [Canada stock market rules curb platforms linked to churning U.S. ...](https://www.reuters.com/article/business/canada-stock-market-rules-curb-platforms-linked-to-churning-us-stocks-idUSKBN2A92NB), [Canada stock market rules curb platforms linked to churning U.S. ...](https://finance.yahoo.com/news/canada-stock-market-rules-curb-181945708.html), [Commission-free trading | GetSmarterAboutMoney.ca](https://www.getsmarteraboutmoney.ca/learning-path/getting-started/commission-free-trading), [Comments of Alexander Meves on Mar. 28, 2023 - SEC.gov](https://www.sec.gov/comments/s7-31-22/s73122-330762.htm), [The Truth About Payment for Order Flow in Canada - Markets Media](https://www.marketsmedia.com/the-truth-about-pfof-in-canada), [Your guide to buying stocks internationally in Canada - Wise](https://wise.com/ca/blog/buy-international-stocks-canada), [Payment for order flow - Wikipedia](https://en.wikipedia.org/wiki/Payment_for_order_flow), [The Truth About PFOF in Canada - Traders Magazine](https://www.tradersmagazine.com/am/the-truth-about-pfof-in-canada), [TD Canada appears to be bypassing PFOF Rules. Check ... - Reddit](https://www.reddit.com/r/GMECanada/comments/tzew9y/td_canada_appears_to_be_bypassing_pfof_rules), [Regulatory Roundup: Churning, RegBI and Victims of Financial Crime](https://www.nasdaq.com/articles/regulatory-roundup-july-2023), [Canada stock market rules curb platforms linked to churning U.S. stocks](https://www.reuters.com/business/retail-consumer/canada-stock-market-rules-curb-platforms-linked-churning-us-stocks-2021-02-09)",Neutral,"The article provides a balanced view on Canadian stock market regulations that restrict zero-commission trading platforms linked to payment for order flow in the U.S. It discusses both the challenges faced Canadian platforms and the benefits of regulatory transparency without expressing a strong positive or negative opinion. The tone is factual and analytical, indicating a neutral sentiment.","The article explains how Canadian stock market regulations prohibit payment for order flow, limiting the rise of zero-commission trading platforms like Robinhood in Canada. It contrasts this with the U.S. market, where such practices have driven significant growth in retail brokerage accounts. The piece highlights the impact on Canadian investors who face limited commission-free trading options and includes insights from industry experts and major Canadian trading platforms about the regulatory environment and future prospects."
https://bclawreview.bc.edu/articles/3061/files/6425deca63493.pdf,Deceiving the Young to Give to Themselves: Eliminating Payment for Order Flow to Ensure Loyal Agents,Nick Whitten,Boston College,Academic / Law,3/30/23,"The article's title and abstract explicitly mention 'payment for order flow' and discuss the SEC's scrutiny of Robinhood's zero-commission fee model, which is predicated on payment for order flow. Robinhood operates in the US equity market, and the SEC is a US regulatory body. Therefore, the article discusses payment for order flow in the context of US equity markets.
References: [Deceiving the Young to Give to Themselves: Eliminating Payment for Order Flow to Ensure Loyal Agents](https://bclawreview.bc.edu/articles/3061/files/6425deca63493.pdf)",Negative,"The article's abstract and content express a critical view of payment for order flow, emphasizing conflicts of interest, regulatory concerns, and the need for a ban on the practice. This critical stance indicates a negative sentiment towards payment for order flow and related brokerage practices.","The article examines the controversy surrounding Robinhood's payment for order flow business model, highlighting regulatory scrutiny the SEC and concerns about conflicts of interest inherent in the practice. It discusses the public and political backlash following Robinhood's trade restrictions in early 2021 and argues that payment for order flow creates unavoidable conflicts of interest and inadequate consent from retail investors. The author advocates for banning payment for order flow to protect investors and ensure broker loyalty."
https://greenwich.com/equities/buy-side%E2%80%99s-take-equity-market-structure-2022,The Buy Side’s Take on Equity Market Structure: 2022,,Greenwich Associates,Trade analytics / Research,2/8/22,"The article summary mentions that the report covers buy-side traders' thoughts on various market structure topics. The search results indicate that the report analyzes U.S. institutional equity traders' perspective on a range of market structure and regulatory issues, and specifically mentions 'Payment for Order Flow (PFOF) as the most important ongoing regulatory initiative'. Therefore, the article likely discusses payment for order flow in the context of US equity markets.
References: [New Coalition Greenwich Report Analyzes Buy-Side Perspective on ...](https://stg.greenwich.com/press-release/new-coalition-greenwich-report-analyzes-buy-side-perspective-2022%E2%80%99s-biggest-regulatory), [Greenwich 已入驻Fazzaco，快来Fazzaco和我洽谈合作吧！](https://cn.fazzaco.com/companydetail/greenwich), [The Buy Side’s Take on Equity Market Structure: 2022](https://www.greenwich.com/equities/buy-side%E2%80%99s-take-equity-market-structure-2022)",Neutral,"The article provides an analytical and factual overview of market structure topics and regulatory scrutiny without expressing strong positive or negative emotions. It discusses intense scrutiny and regulatory initiatives in a neutral tone, focusing on buy-side traders' perspectives without evident bias.","The article presents insights from 51 buy-side equity traders in the U.S. and Canada on market structure issues, highlighting the increased public and regulatory focus following the 2021 meme stock frenzy and active SEC Chair Gensler's market structure initiatives. It reflects traders' views gathered in late 2021 on evolving market dynamics and regulatory developments."
https://nasdaq.com/articles/an-interns-guide-to-trading-2021-07-01,An Intern’s Guide to Trading,Phil Mackintosh,Nasdaq,Trading venue / Exchange,7/1/21,"The article explicitly discusses payment for order flow (PFOF) in the context of US equity markets. In the 'An Intern’s Guide to Trading' piece, it states: 'PFOF and PI: Retail brokers often get direct payments for their order flow (PFOF) as well as beating the prices available elsewhere (price improvement).' It also discusses retail orders, order routing and market structure in US stock trading (references to NBBO, maker-taker rebates, and off-exchange trading). These establish both the PFOF concept and US equity market context.
References: [An Intern’s Guide to Trading](https://www.nasdaq.com/articles/an-interns-guide-to-trading-2021-07-01)",Neutral,"The article 'An Intern’s Guide to Trading' provides an educational and factual overview of trading in the US equity markets, including payment for order flow and market structure. It explains concepts without expressing strong positive or negative opinions, maintaining an informative and neutral tone throughout.","The article ""An Intern’s Guide to Trading"" explains the US equity market structure, detailing how retail and institutional orders are routed and executed across exchanges and off-exchange venues. It covers key concepts such as payment for order flow (PFOF), price improvement, maker-taker rebates, and the role of the national best bid and offer (NBBO) in price formation. The guide also discusses different order types, trading incentives, and the trade-offs traders face in execution strategies."
"https://microstructure.exchange/papers/Schwartz_et_al_,_2022_WP,_The_%27Actual_Retail_Price%27_of_Equity_Trades.pdf",The “Actual Retail Price” of Equity Trades,,"University of California, Irvine",Academic / Law,9/13/22,"The article's abstract explicitly mentions 'payment for order flow (PFOF)' and discusses execution prices across brokers. It also mentions 'retail trading', which confirms the context is US equity markets. Therefore, the article discusses PFOF in the context of US equity markets.
References: [The “Actual Retail Price” of Equity Trades](https://microstructure.exchange/papers/Schwartz_et_al_,_2022_WP,_The_%27Actual_Retail_Price%27_of_Equity_Trades.pdf)","Neutral, Negative","The article provides a critical and analytical examination of execution quality and payment for order flow in US equity markets. It highlights significant variations in execution prices, the insufficiency of current disclosure regimes, and potential conflicts of interest, which are negative aspects. However, the tone remains factual and neutral, focusing on analysis and suggestions for improvement rather than expressing strong positive or negative emotions. Therefore, the sentiment is best described as Neutral with Negative elements.","This article reports on a controlled experiment comparing execution quality of equity trades across six brokerage accounts at five brokers, focusing on payment for order flow (PFOF) and commission levels. It finds significant variation in execution prices, with round-trip costs ranging from -0.07% to -0.46%, and shows that PFOF does not explain these differences. The study highlights that current disclosure practices are insufficient for retail investors to assess execution quality. The experiment involved 85,000 simultaneous trades with identical orders, analyzing factors such as venue choice, stock routing, and broker execution as sources of price variation."
https://public.com/learn/payment-for-order-flow-pfof,Payment for order flow (PFOF) and why it matters to investors,Rachel Curry,Public,Retail broker,9/2/22,"The article discusses payment for order flow (PFOF) in the context of US equity markets. It mentions trading stocks through commission-free brokerages in the U.S. and encountering PFOF.
References: [Payment for order flow (PFOF) and why it matters to investors](https://public.com/learn/payment-for-order-flow-pfof)",Neutral,"The article provides a balanced and informative explanation of payment for order flow (PFOF), discussing both its benefits and concerns without strong bias or emotional language. It educates readers on the topic in a factual manner, highlighting both positive and negative aspects, which aligns with a neutral sentiment.","The article explains payment for order flow (PFOF), a practice where brokerages receive compensation from market makers for routing trades, often used in U.S. commission-free stock trading. It outlines how PFOF works, its potential benefits, and concerns including conflicts of interest, execution quality, and market transparency. The article highlights that Public does not use PFOF, aiming for more transparent trade execution routing orders directly to exchanges."
https://bankeronwheels.com/pfof-and-quote-driven-venues,Commission-Free Brokers: Are You Trading Or Being Traded?,Raph Antoine,Bankeronwheels.com,Blog,1/13/25,"The article, titled ""Commission-Free Brokers: Are You Trading Or Being Traded?"" and published on bankeronwheels.com, discusses payment for order flow (PFOF). The article abstract mentions 'Payment for Order Flow'. The article is part of a series about choosing a stock broker and mentions that trades are sold and matched in a 'Dark Pool'. This suggests the article discusses PFOF in the context of stock brokers and US equity markets.
References: [Commission-Free Brokers: Are You Trading Or Being Traded?](https://www.bankeronwheels.com/pfof-and-quote-driven-venues), [Intermediate Level Archives | Page 7 Of 19 | Bankeronwheels.com](https://www.bankeronwheels.com/tag/intermediate-investors/page/7), [What is commission-free trading? - Freetrade](https://freetrade.io/learn/what-is-commission-free-trading), [11 Best Brokers for Commission-Free Trading of 2025 - NerdWallet](https://www.nerdwallet.com/best/investing/free-stock-trading)",Negative,"The article discusses the controversial nature of payment for order flow (PFOF), highlighting conflicts of interest, lack of transparency, and studies showing that investors often receive worse execution prices. It also notes regulatory bans and cautions investors about potential disadvantages. The overall tone is critical and cautionary, indicating a Negative sentiment.","The article explains Payment for Order Flow (PFOF) and its role in commission-free stock trading. It highlights the controversy around PFOF, noting that while it theoretically benefits all parties, studies show investors often receive worse trade execution. The article discusses regulatory actions banning PFOF in the UK and EU 2026, and warns that brokers may still route orders through single market-maker exchanges, which can impact trade prices and transparency."
https://reuters.com/article/us-public-com-funding/robinhood-rival-public-com-raises-funds-at-1-2-billion-valuation-as-retail-trading-booms-idUSKBN2AH257,Robinhood rival Public.com raises funds at $1.2 billion valuation as retail trading booms,,Reuters,Media,2/6/21,"The article explicitly discusses payment for order flow (PFOF) in the context of US-equity trading: it states that Public.com decided to abandon the controversial PFOF practice and explains that PFOF involves brokerages routing orders to market makers to execute trades, with regulatory scrutiny referenced. This aligns with US equity market context (retail brokerages like Public.com/Robinhood). Citations: “Earlier this month, Public.com decided to abandon the controversial payment for order flow practice” and “The practice has drawn scrutiny from regulators globally as it creates an incentive for brokers to send orders to whoever pays the most, rather than the place that might get the best outcome for customers.”
References: [Robinhood rival Public.com raises funds at $1.2 billion valuation as retail trading booms](https://www.reuters.com/article/us-public-com-funding/robinhood-rival-public-com-raises-funds-at-1-2-billion-valuation-as-retail-trading-booms-idUSKBN2AH257)",Positive,"The article presents a positive sentiment highlighting Public.com's successful $220 million funding round, increasing its valuation to $1.2 billion. It also positively frames the company's decision to abandon the controversial payment for order flow practice, emphasizing customer benefits and regulatory compliance. Furthermore, the article mentions Public.com's innovative features and future plans, all contributing to an overall positive outlook.","Public.com, a zero-fee online brokerage and social investing platform, raised $220 million in funding, reaching a $1.2 billion valuation. The company, which has one million members, plans to use the funds to add features like crypto trading and pre/post-market trading. Public.com recently abandoned the controversial payment for order flow practice amid regulatory scrutiny."
https://financefeeds.com/pfof-citadel-securities-robinhood-model-slammed-by-public,PFOF: Citadel Securities - Robinhood model slammed Public,Rick Steves,FinanceFeeds,Media,12/3/21,"The article discusses PFOF in the context of Citadel Securities, Robinhood, and Public.com, all of which are related to US equity markets. The article mentions the short squeeze of January 2021, which is related to US equity markets. The search results confirm that these companies are involved in PFOF in the US equity markets. Therefore, the article satisfies the criterion.
References: [Payments for US retail flow reach record high, led Citadel ...](https://www.globaltrading.net/payment-for-us-retail-flow-reaches-record-high-led-by-citadel-securities-imc), [Public.com Enters The Option Fray, With A Twist](https://alphacution.com/public-com-launches-option-trading-with-a-twist), [Payment for Order Flow (PFOF): Definition and How It Works](https://www.investopedia.com/terms/p/paymentoforderflow.asp), [PFOF: Citadel Securities - Robinhood model slammed Public](https://financefeeds.com/pfof-citadel-securities-robinhood-model-slammed-by-public)",Negative,"The article primarily criticizes the payment for order flow (PFOF) model used Citadel Securities and Robinhood, highlighting its negative impact on retail investors and mentioning that most countries have banned it. While it presents Public.com's alternative as better, the overall tone is critical of the PFOF model, which is the main subject of the article. Therefore, the sentiment is predominantly Negative.","The article discusses the controversy surrounding the payment for order flow (PFOF) model used Robinhood and Citadel Securities in the US equity markets. It highlights Public.com's decision to reject PFOF, claiming better execution quality and price improvement for retail investors through its alternative trading model. The article explains how Public.com uses smart order routing across multiple venues to find better prices beyond the National Best Bid and Offer (NBBO), contrasting this with the traditional PFOF model where brokers route orders to predetermined market makers. The piece also notes that while lawsuits have favored Citadel and Robinhood, many countries have banned PFOF, suggesting potential regulatory changes in the US."
https://businessinsider.com/personal-finance/which-investing-apps-receive-payment-for-order-flow,How to find out if your investing app sells your trades to make a profit,Rickie Houston,Business Insider,Media,,"The article discusses payment for order flow and mentions Robinhood, which is a US-based investing app. The article states 'Investing apps such as Robinhood direct stock orders to third parties for execution.' This clearly indicates that the discussion is in the context of US equity markets.
References: [How to find out if your investing app sells your trades to make a profit](https://www.businessinsider.com/personal-finance/which-investing-apps-receive-payment-for-order-flow)",Neutral,"The article provides an informative and balanced explanation of payment for order flow (PFOF), outlining both the benefits and potential conflicts of interest without using emotionally charged or biased language. It presents facts about which apps accept PFOF and which do not, and discusses regulatory disclosure requirements. The tone is neutral and factual rather than positive or negative.","The article explains payment for order flow (PFOF), where investing apps like Robinhood receive compensation for routing stock orders to third parties. It details which apps accept PFOF and which do not, how PFOF can affect trade execution, and the different methods of executing trades. The article also discusses the controversy around PFOF and encourages readers to decide if they want to use apps that accept this practice."
https://papers.ssrn.com/sol3/papers.cfm?abstract_id=273730,"The Relationship Among Market-Making Revenue, Payment for Order Flow, and Trading Costs for Market Orders",Robert  Battalio,Indiana University,Academic / Law,2/1/01,"The article's title includes ""Payment for Order Flow"". The crawled content confirms that the article discusses payment for order flow in the context of US equity markets. The abstract mentions Robinhood and Citadel, which are major players in US equity markets and PFOF.
References: [The Relationship Among Market-Making Revenue, Payment for ...](https://www.researchgate.net/publication/5150767_The_Relationship_Among_Market-Making_Revenue_Payment_for_Order_Flow_and_Trading_Costs_for_Market_Orders), [The Relationship Among Market-Making Revenue, Payment for Or](https://ideas.repec.org/a/kap/jfsres/v19y2001i1p39-56.html), [What is the relation between market price and average revenue of a ...](https://www.doubtnut.com/pcmb-questions/23338), [The Relationship Among Market-Making Revenue, Payment for ...](https://www.econbiz.de/Record/-/10005715916), [[PDF] NBER WORKING PAPER SERIES PAYMENT FOR ORDER FLOW ...](https://www.nber.org/system/files/working_papers/w29883/revisions/w29883.rev0.pdf), [The Relationship Among Market-Making Revenue, Payment for Order Flow, and Trading Costs for Market Orders](https://papers.ssrn.com/sol3/papers.cfm?abstract_id=273730)",Neutral,"The article abstract discusses payment for order flow and trading costs in a nuanced way, indicating that order-flow payments do not unambiguously harm traders and challenging previous conclusions. This balanced, analytical approach suggests a neutral sentiment rather than clearly positive or negative.","This article analyzes the distribution of market-making revenue among dealers, brokers, and traders, using data from Knight Securities' market orders in 1996. It estimates revenue per share and broker payments for order flow, then compares net trading costs for traders using brokers who accept or refuse these payments. The study concludes that payment for order flow does not clearly harm traders and challenges previous research that assessed market quality solely based on trade prices."
https://newsroom.aboutrobinhood.com/a-letter-from-robinhood-co-founder-co-ceo-vlad-tenev,A Letter From Robinhood Co-Founder & Co-CEO Vlad Tenev,Robinhood,Robinhood,Retail broker,10/12/18,"The article explicitly discusses payment for order flow in the context of US equities: it states that Robinhood routes stock orders to market makers (e.g., Two Sigma, Citadel, Virtu), notes that market makers pay rebates to brokerages, and provides a concrete rebate figure (~$0.00026 per dollar traded). This directly ties PFOF to US stock trading and major market makers.

Cited in the article content you provided (Oct 12, 2018): lines describing order routing to market makers and rebates.
References: [Robinhood CEO says payment for order flow is 'here to stay' - CNBC](https://www.cnbc.com/2023/12/01/robinhood-ceo-says-payment-for-order-flow-is-here-to-stay.html), [Document - SEC.gov](https://www.sec.gov/Archives/edgar/data/1783879/000162828021018869/filename1.htm), [Payment for Order Flow (PFOF): Definition and How It Works](https://www.investopedia.com/terms/p/paymentoforderflow.asp), [A Letter From Robinhood Co-Founder & Co-CEO Vlad Tenev](https://newsroom.aboutrobinhood.com/a-letter-from-robinhood-co-founder-co-ceo-vlad-tenev), [Robinhood CEO Testimony Transcript GameStop Hearing - Rev](https://www.rev.com/transcripts/robinhood-ceo-testimony-transcript-gamestop-hearing-february-18), [Payment for order flow : r/etrade](https://www.reddit.com/r/etrade/comments/omwh68/payment_for_order_flow), [Robinhood CEO Vlad Tenev: Payment for order flow has ... - YouTube](https://www.youtube.com/watch?v=J2pL0dLO_cg), [Robinhood CEO Vlad Tenev Defends Payment for Order Flow Amid ...](https://thefinancialtechnologyreport.com/robinhood-ceo-vlad-tenev-defends-payment-for-order-flow-amid-controversy), [The Real Reason Robinhood Blocked Trading On GameStop - Finimize](https://finimize.com/content/real-reason-robinhood-blocked-trading-gamestop), [Robinhood CEO Vlad Tenev: Payment for order flow has ... - CNBC](https://www.cnbc.com/video/2022/09/23/robinhood-ceo-vlad-tenev-payment-for-order-flow-has-helped-establish-free-trading.html)",Positive,"The article Robinhood's Co-Founder & Co-CEO Vlad Tenev explains the company's payment for order flow practice in a factual and positive tone. It highlights benefits such as better execution quality, no favoritism in order routing, and the ability to offer commission-free trading to customers. The language is clear and supportive of Robinhood's business model, with no negative or neutral sentiments expressed.","Robinhood Co-Founder & Co-CEO Vlad Tenev explains how Robinhood executes stock orders routing them to market makers like Two Sigma, Citadel, and Virtu, who pay rebates to brokerages. This practice, known as payment for order flow, allows Robinhood to offer commission-free trading earning rebates instead of charging fees. The letter emphasizes Robinhood's commitment to better execution quality, transparency, and providing a customer-centric financial experience with low costs."
https://blog.robinhood.com/news/2018/10/12/a-letter-from-robinhood-co-founder-amp-co-ceo-vlad-tenev,A Letter From Robinhood Co-Founder & Co-CEO Vlad Tenev,Robinhood ,Robinhood,Retail broker,10/12/18,"The article explicitly discusses order routing to market makers (e.g., Citadel, Two Sigma, Virtu) and mentions market maker rebates, within language referencing US stock trading (NYSE, Regulation NMS). This directly describes payment-for-order-flow-like behavior in the US equity markets, satisfying the criterion. Source: crawled page excerpt showing the statements about sending orders to market makers and rebates.
References: [A Letter From Robinhood Co-Founder & Co-CEO Vlad Tenev](https://blog.robinhood.com/news/2018/10/12/a-letter-from-robinhood-co-founder-amp-co-ceo-vlad-tenev)",Positive,"The article is a letter from Robinhood's Co-Founder & Co-CEO Vlad Tenev that explains their order execution system and commitment to commission-free trading. The tone is factual, informative, and emphasizes better execution quality, no favoritism, and a customer-centric approach. There is no negative or neutral language; rather, it highlights positive aspects such as improved services, cost savings, and future plans to enhance customer experience. Hence, the sentiment is Positive.","The letter from Robinhood Co-Founder & Co-CEO Vlad Tenev explains the company's new clearing system and how Robinhood executes trades routing orders to market makers to ensure best prices and commission-free trading. It highlights Robinhood's growth to over six million customers offering low-cost, commission-free stock, options, and crypto trading, and emphasizes the company's commitment to providing a customer-centric financial experience with more products and low prices in the future."
https://cnbc.com/amp/2023/12/01/robinhood-ceo-says-payment-for-order-flow-is-here-to-stay.html,"Robinhood CEO defends payment for order flow, says practice is 'here to stay'",Ryan Browne,CNBC,Media,12/1/23,"The article discusses payment for order flow (PFOF) and mentions Robinhood and Citadel Securities, which are key indicators that the article is discussing PFOF in the context of US equity markets, as per the guidelines.
References: [Robinhood CEO defends payment for order flow, says practice is 'here to stay'](https://www.cnbc.com/amp/2023/12/01/robinhood-ceo-says-payment-for-order-flow-is-here-to-stay.html)","Neutral, Positive","The article presents a balanced view of payment for order flow (PFOF). It includes Robinhood CEO Vlad Tenev's defense of the practice, emphasizing its permanence and benefits such as enabling zero-commission trading and industry transformation. It also acknowledges the controversy and criticism surrounding PFOF, particularly the conflict of interest concerns. The tone is factual and neutral but with positive highlights about business diversification and market impact, supporting a sentiment classification of both Neutral and Positive.","Robinhood CEO Vlad Tenev defends the payment for order flow (PFOF) practice, stating it is legal, regulated, and likely to remain in the U.S. despite controversy and calls for bans. PFOF involves routing trades through market-makers like Citadel Securities for a share of profits, enabling commission-free trading. Tenev notes PFOF is a small part of Robinhood's revenue, with most income from other sources. The article contrasts the U.S. approach with bans on PFOF in the U.K. and EU and highlights Robinhood's impact on the brokerage industry driving commissions to zero."
https://investmentnews.com/robinhood-launches-self-built-custody-and-clearing-service-76451,Robinhood launches self-built custody and clearing service,Ryan W Neal,InvestmentNews,Media,10/10/18,"The InvestmentNews article states that Robinhood generates revenue routing order flows to third parties, i.e., payment for order flow, within the context of US equity markets (US stock trading). This explicitly ties PFOF concepts to US equities via Robinhood's order routing to third parties. Source excerpt: 'the brokerage generates revenue with a premium service that allows for margin trades, with interest earned on cash balances and routing order flows to third parties.' (InvestmentNews article Ryan W. Neal). The content confirms US-equities context and PFOF-related mechanism.
References: [Robinhood launches self-built custody and clearing service](https://www.investmentnews.com/robinhood-launches-self-built-custody-and-clearing-service-76451)","Positive, Neutral","The article presents Robinhood's launch of its own custody and clearing service as a significant and positive strategic move aimed at innovation, cost-cutting, and growth in preparation for an IPO. It highlights the complexity and regulatory challenges but frames them as achievements. While the article acknowledges competitive pressures and challenges from established firms, the overall tone is forward-looking and optimistic about Robinhood's potential. Therefore, the sentiment is a mix of Positive and Neutral.","Robinhood has launched its own self-built custody and clearing service, aiming to reduce costs and enhance customer service as it prepares for a potential IPO. The company, known for zero-fee trading, previously relied on Apex for these services but developed its own system over two years to handle scale and innovate with modern technology. This move aligns Robinhood with established brokerages like Charles Schwab and TD Ameritrade, which also built custody platforms to support growth and adviser services. Robinhood generates revenue through premium services, interest on cash balances, and payment for order flow."
https://stockbrokers.com/guides/order-execution,Best Brokers for Order Execution 2023,Sam Levine; CFA; CMT; Blain Reinkensmeyer Edited Carolyn Kimball Fact-checked Steven Hatzakis,StockBrokers.com,Trade analytics / Research,6/11/25,"The article explicitly mentions payment for order flow (PFOF) as a revenue source for brokers and discusses its role in the context of trading, implying US equity markets.
References: [Best Brokers for Order Execution 2023](https://www.stockbrokers.com/guides/order-execution)",Positive,"The article highlights the brokers Fidelity and Interactive Brokers positively, emphasizing their commitment to transparent, client-first order execution without payment for order flow. It praises their technology, order quality, and transparency, portraying them as superior choices for investors and professionals. There is no negative or neutral tone present, making the overall sentiment clearly positive.","The article ranks the best brokers for order execution in 2025, emphasizing those that do not accept payment for order flow (PFOF) to ensure better trade execution quality. Fidelity is highlighted as the top broker for everyday investors, known for its price improvement and transparency, while Interactive Brokers is recognized for professional traders with advanced routing technology and extensive order customization. The guide explains the importance of avoiding PFOF for optimal trade pricing and execution."
https://acadian-asset.com/investment-insights/equities/conflicts-of-interest-in-us-equity-order-routing,Conflicts of Interest in U.S. Equity Order Routing: Hidden Costs to Asset Owners,Sean Paylor,Acadian Asset Management,Asset Manager,7/10/24,"The article discusses inducements, execution fee discounts, and rebates offered US equity exchanges to attract order flow from brokers. It also mentions volume-based exchange pricing and the SEC's proposed ban on the practice. This clearly relates to payment for order flow in the context of US equity markets.
References: [Conflicts of Interest in U.S. Equity Order Routing: Hidden Costs to Asset Owners](https://www.acadian-asset.com/investment-insights/equities/conflicts-of-interest-in-us-equity-order-routing)",Negative,"The article discusses conflicts of interest and hidden costs in U.S. equity order routing, highlighting how brokers' profit motives can harm customers and the need for regulatory action such as the SEC's proposed ban on volume-based pricing. The tone is critical of current practices and emphasizes negative impacts on investors and asset owners, indicating a Negative sentiment.","The article discusses conflicts of interest in U.S. equity order routing, focusing on how stock exchanges offer inducements like fee discounts and rebates to brokers to attract order flow. It highlights how brokers' routing decisions may be influenced these incentives, potentially harming institutional investors and asset owners. The piece explains volume-based exchange pricing, its impact on broker behavior, and the SEC's proposed ban on this practice, arguing that broader scrutiny of execution conflicts is needed to protect investors."
https://papers.ssrn.com/sol3/papers.cfm?abstract_id=4189658,Price Improvement and Payment for Order Flow: Evidence from A Randomized Controlled Trial,Bradford Levy,University of Chicago Booth School of Business,Academic / Law,6/27/22,"The article's title and abstract explicitly mention 'payment for order flow' (PFOF) and its impact on price improvement for retail investors. The abstract also mentions Robinhood, a well-known PFOF broker in US equities. This confirms that the article discusses PFOF in the context of US equity markets, satisfying the criterion.
References: [Price Improvement and Payment for Order Flow: Evidence from A Randomized Controlled Trial](https://papers.ssrn.com/sol3/papers.cfm?abstract_id=4189658)",Neutral,"The article presents an analytical and balanced view on payment for order flow (PFOF). It highlights positive aspects such as price improvement and benefits to retail investors, but also points out negative aspects like agency problems and negligible price improvement some brokers. The tone is factual and evidence-based without strong positive or negative bias, indicating a neutral sentiment.","This paper presents evidence from a randomized controlled trial examining the impact of payment for order flow (PFOF) on price improvement for retail investors in US equity markets. It finds that direct market access orders receive significant price improvement relative to the national best bid and offer (NBBO). PFOF brokers vary in the price improvement they provide, with brokers relying more on PFOF revenue (e.g., Robinhood) offering negligible improvement, while others (e.g., TD Ameritrade) provide significant benefits. The study suggests that PFOF can benefit retail investors but agency conflicts may limit these benefits being passed on."
https://papers.ssrn.com/sol3/papers.cfm?abstract_id=2580002,The New Stock Market: Sense and Nonsense,Merritt B. Fox,Columbia University,Academic / Law,3/17/15,"The article 'The New Stock Market: Sense and Nonsense' includes an Abstract statement describing how brokers mishandle customer orders to maximize payments they receive in return for sending trading venues their customers’ orders, i.e., a description of payment-for-order-flow (PFOF) in the context of the US equity markets. This direct reference confirms the topic is US stock trading payments to venues, not other asset classes. Source: crawl of SSRN page content (Abstract section within the provided content).
References: [""The New Stock Market: Sense and Nonsense"" Merritt B. Fox ...](https://scholarship.law.duke.edu/dlj/vol65/iss2/1), [THE NEW STOCK MARKET: SENSE AND NONSENSE - jstor](https://www.jstor.org/stable/pdf/24692158.pdf), [Most Accurate Stock Predictor: Top 5 Options in 2025 - LevelFields AI](https://www.levelfields.ai/news/most-accurate-stock-predictor), [The New Stock Market: Sense and Nonsense - CLS Blue Sky Blog](https://clsbluesky.law.columbia.edu/2015/05/06/the-new-stock-market-sense-and-nonsense-2), [""High‐Frequency Trading and the New Stock Market: Sense And ...](https://repository.law.umich.edu/articles/2008), [Understanding Dow Theory: Definition and Application in Market Trends](https://www.investopedia.com/terms/d/dowtheory.asp), [THE NEW STOCK MARKET: SENSE AND NONSENSE on JSTOR](https://www.jstor.org/stable/24692158), [The New Stock Market: Sense and Nonsense | Request PDF](https://www.researchgate.net/publication/292159950_The_New_Stock_Market_Sense_and_Nonsense), [Earnings News Cause Immediate Stock Price Jumps, Sometimes ...](https://today.ucsd.edu/story/earnings-news-cause-immediate-stock-price-jumps-sometimes-moving-whole-market), [New Paper Explores Stock Market's Most Controversial Practices](https://www.law.columbia.edu/news/archive/new-paper-explores-stock-markets-most-controversial-practices), [The New Stock Market: Sense and Nonsense](https://papers.ssrn.com/sol3/papers.cfm?abstract_id=2580002)",Neutral,"The article presents a balanced analysis of the new stock market, acknowledging controversies and criticisms but concluding that there is no urgent crisis, some reforms are beneficial, and some proposals are misguided. This nuanced perspective aligns with a neutral sentiment rather than a purely positive or negative view.","The paper ""The New Stock Market: Sense and Nonsense"" analyzes the transformation of stock trading in the U.S., focusing on the rise of high-frequency trading, multiple trading venues, and controversial practices such as payment for order flow and dark pools. It presents a conceptual framework based on adverse selection, principal-agent problems, and multi-venue trading to evaluate these practices. The authors conclude that while some reforms are desirable, many criticisms are based on misunderstandings, and immediate drastic actions are not warranted."
https://papers.ssrn.com/sol3/papers.cfm?abstract_id=4304124,Wholesaler Execution Quality,Robert H. Battalio,University of Notre Dame and Indiana University,Academic / Law,12/28/22,"The article's abstract mentions 'Payment for Order Flow' as a keyword. The title and abstract suggest the article analyzes wholesaler execution quality, which is directly related to how market makers handle order flow in US equity markets. Therefore, the article discusses payment for order flow in the context of US equity markets.
References: [Wholesaler Execution Quality](https://papers.ssrn.com/sol3/papers.cfm?abstract_id=4304124), [Wholesaler Execution Quality | Management Science](https://pubsonline.informs.org/doi/10.1287/mnsc.2023.04156), [Robert Jennings's research works | Indiana University East ...](https://www.researchgate.net/scientific-contributions/Robert-Jennings-7297292), [Robert Battalio - Mendoza College of Business](https://mendoza.nd.edu/mendoza-directory/profile/robert-battalio), [The retail execution quality landscape](https://www.sciencedirect.com/science/article/pii/S0304405X25000595)",Positive,The article's abstract highlights that wholesaler execution quality is substantially better than previously documented and consistently superior to that available on exchanges in similar market conditions. This positive evaluation of wholesaler execution quality indicates a positive sentiment overall.,"The article examines wholesaler execution quality in US equity markets using marketable orders from May 2022. It finds that wholesaler execution quality is substantially better than previously reported and consistently superior to that available on exchanges under similar conditions, considering factors like short sales, odd lot orders, and size improvement."
https://papers.ssrn.com/sol3/papers.cfm?abstract_id=4300505,Would Order-by-Order Auctions Be Competitive?,Thomas Ernst,University of Maryland - Robert H Smith School of Business,Academic / Law,12/13/22,"The article's abstract discusses order-by-order auctions and broker's routing, which are related to payment for order flow (PFOF). The abstract also mentions a recent SEC proposal, suggesting the context is US markets. The keywords include PFOF. Therefore, the article discusses payment for order flow in the context of US equity markets.
References: [[PDF] Payment for Order Flow and the Retail Trading Experience](https://wifpr.wharton.upenn.edu/wp-content/uploads/2023/10/Payment-for-Order-Flow.pdf), [Payment for Order Flow (PFOF): Definition and How It Works](https://www.investopedia.com/terms/p/paymentoforderflow.asp), [[PDF] Would Order-By-Order Auctions Be Competitive?](https://finance-conference.wpcarey.asu.edu/sites/g/files/litvpz3416/files/2023-02/305___22-11-18-22-11-23_OrderByOrder.pdf), [[PDF] How does Payment for Order Flow Influence Markets? - SEC.gov](https://www.sec.gov/files/dera_wp_payment-order-flow-2501.pdf), [Payment for order flow - Wikipedia](https://en.wikipedia.org/wiki/Payment_for_order_flow), [SEC takes hatchet to payment for order flow, best execution ...](https://www.globaltrading.net/sec-takes-hatchet-to-payment-for-order-flow-best-execution-proposals-and-12-more-rules), [Payment for Order Flow (PFOF) and Broker-Dealer Regulation](https://www.congress.gov/crs-product/IF12594), [Citadel Securities paid US$943m for retail US equity, options order flow ...](https://www.globaltrading.net/citadel-securities-paid-us943m-for-retail-us-equity-options-order-flow-in-nine-months), [A Disclosure Gap in the Market for Order Flow](https://businesslawreview.uchicago.edu/print-archive/disclosure-gap-market-order-flow), [Would Order‐By‐Order Auctions Be Competitive? - ERNST - 2025](https://onlinelibrary.wiley.com/doi/10.1111/jofi.13449), [Would Order-by-Order Auctions Be Competitive?](https://papers.ssrn.com/sol3/papers.cfm?abstract_id=4300505)",Neutral,"The article abstract presents a balanced analysis of order-by-order auctions, highlighting both improvements in allocative efficiency and challenges such as the winner's curse reducing retail investor welfare. It also notes that additional competition does not necessarily improve outcomes. The tone is analytical and does not convey a clearly positive or negative sentiment, making Neutral the most appropriate choice.","The article analyzes two methods of executing segregated retail orders in US equity markets: broker's routing and order-by-order auctions, a recent SEC proposal. It finds that order-by-order auctions improve allocative efficiency but can reduce retail investor welfare due to a winner's curse, especially when liquidity is limited. The study also shows that additional market participants with superior information do not enhance efficiency or investor welfare, and it examines cross-subsidization in broker's routing."
https://papers.ssrn.com/sol3/papers.cfm?abstract_id=3976300,Anatomy of Trading Costs for Retail Investors: Savings from Off-Exchange Execution,Thomas K. Brown,"University of Texas at Austin

Massachusetts Institute of Technology (MIT)",Academic / Law,12/6/21,"The article abstract mentions ""Contrary to the claim that brokers sacrifice execution quality for payment for order flow (PFOF), trades executed via Robinhood, a high PFOF broker, receive better-than-average prices."" This indicates the article discusses payment for order flow in the context of US equity markets.
References: [Anatomy of Trading Costs for Retail Investors: Savings from Off ...](https://papers.ssrn.com/sol3/papers.cfm?abstract_id=3976300), [[PDF] Anatomy of Trading Costs for Retail Investors - SSRN](https://papers.ssrn.com/sol3/Delivery.cfm/3976300.pdf?abstractid=3976300), [‪Thomas K Brown‬ - ‪Google Scholar‬](https://scholar.google.com/citations?user=55QSOmoAAAAJ&hl=en), [Thomas K Brown - Google Sites](https://sites.google.com/view/thomaskbrown/about), [[PDF] Retail Trading in Options and the Rise of the Big Three Wholesalers](https://www.jbs.cam.ac.uk/wp-content/uploads/2022/06/2022-ccaf-conference-version-paper-bryzgalova-pavlova-sikorskaya-final.pdf), [[PDF] Securities Trading: Principles and Procedures Joel Hasbrouck](https://pages.stern.nyu.edu/~jh4/STPP/drafts/STPPms14b.pdf), [[PDF] Internalizing Outsider Trading](https://openyls.law.yale.edu/bitstream/20.500.13051/448/2/Internalizing_Outsider_Trading.pdf), [[PDF] MEME INVESTORS AND RETAIL RISK - Boston College Law Review](https://bclawreview.bc.edu/articles/39/files/6399d325885db.pdf), [[PDF] Retail Trading in Options and the Rise of the Big Three Wholesalers](https://www.sikorskaya.net/files/Bryzgalova_Pavlova_Sikorskaya_2023.pdf), [Leverage constraints and investors' choice of underlyings](https://www.sciencedirect.com/science/article/pii/S0378426624000700)",Positive,"The article abstract and content highlight positive findings such as retail trades executed off-exchange receiving better-than-average prices, lower total trading costs, and countering negative claims about payment for order flow. The overall tone is analytical but emphasizes beneficial outcomes for retail investors, supporting a Positive sentiment classification.","This paper analyzes retail trading costs, showing that trades executed off-exchange receive better prices than those on exchanges. It challenges claims that payment for order flow (PFOF) reduces execution quality, highlighting that brokers like Robinhood provide favorable pricing. The study concludes that the zero-commission PFOF model has significantly lowered total trading costs for retail investors."
https://ft.com/content/696a15e0-64f1-4800-af79-4d0a882df5b2,SEC needs to find a way to curb payment for order flow,Sheila Bair,Federal Deposit Insurance Corporation (FDIC),Medi,7/9/21,"The article's title, 'SEC needs to find a way to curb payment for order flow,' directly addresses payment for order flow. The article is published in the 'Markets Insight' section of the Financial Times, suggesting a focus on financial markets. The criterion asks whether the article discusses PFOF in the context of US equity markets, and the title strongly implies that it does.
References: [SEC needs to find a way to curb payment for order flow](https://www.ft.com/content/696a15e0-64f1-4800-af79-4d0a882df5b2)",Negative,"The article Sheila Bair critically discusses payment for order flow (PFOF), highlighting its conflicts of interest, lack of transparency, and potential harm to retail investors and market quality. It points out that PFOF may lead to poorer trade executions and reduced competition, and supports regulatory scrutiny and reform, including a possible ban on PFOF. The overall tone is critical and concerned, indicating a negative sentiment towards PFOF.","The article Sheila Bair critiques the practice of payment for order flow (PFOF) in US equity markets, highlighting conflicts of interest and lack of transparency that may harm retail investors. It explains how PFOF allows brokers to prioritize their profits over best execution for customers, often resulting in poorer trade prices. The article discusses regulatory concerns, including SEC chair Gary Gensler's consideration of banning PFOF, and contrasts the US situation with the UK's ban on PFOF, which improved market quality. It concludes that PFOF reduces competition and market integrity, urging the SEC to find a way to curb the practice."
https://sifma.org/wp-content/uploads/2024/03/SIFMA-Insights-Equity-Market-Structure-Compendium_as-of-2-26-1.pdf,Equity Market Structure Compendium: 2024 Market Metrics & Looking to 2025 with Our Market Structure Survey,,SIFMA,Industry association / Advocacy,2/1/25,"Yes. The Equity Market Structure Compendium (US Equity Market Structure Compendium) is a US-equities focused report and the search results for the PDF explicitly mention 'Payment For Order Flow' as a topic/section within the document, indicating discussion of broker compensation for routing retail orders in US equity markets. This satisfies the criterion that the article discusses PFOF in the context of US equities (brokers, market makers, and routing). See: the PDF entry for the Compendium with a snippet including 'Payment For Order Flow' and related topics, and confirmation that the report covers US equity market structure.
References: [Equity Market Structure Compendium - SIFMA](https://www.sifma.org/resources/research/insights/insights-equity-market-structure-compendium), [[PDF] US Equity Market Structure Compendium](https://www.sifma.org/wp-content/uploads/2024/03/SIFMA-Insights-Equity-Market-Structure-Compendium_as-of-2-26-1.pdf), [SIFMA Releases Compendium on U.S. Equity Market Structure](https://www.sifma.org/resources/news/press-releases/sifma-releases-compendium-on-u-s-equity-market-structure), [Equity Market Structure - SIFMA](https://www.sifma.org/explore-issues/equity-market-structure), [[PDF] SIFMA Insights](https://www.sifma.org/wp-content/uploads/2022/03/SIFMA-Insights-Market-Structure-Compendium-February-2023.pdf), [[PDF] SIFMA Insights Equity Market Structure Compendium](https://www.sifma.org/wp-content/uploads/2023/02/SIFMA-Insights-Equity-Market-Structure-Compendium_3-5-v2.pdf), [[PDF] SIFMA Insights Primer Equities](https://www.sifma.org/wp-content/uploads/2024/09/SIFMA-Insights-Primer_Equities_FINAL.pdf), [[PDF] SIFMA Insights - Fixed Income Market Structure Compendium 2023 ...](https://www.sifma.org/wp-content/uploads/2024/04/SIFMA-Insights-Fixed-Income-Market-Structure-Compendium_as-of-4-2-1.pdf), [Market Metrics and Trends: SIFMA Insights](https://www.sifma.org/resources/research/insights/insights-market-metrics-and-trends), [Q&A: US Equity Market Structure - SIFMA](https://www.sifma.org/resources/news/qa-u-s-equity-market-structure)","Positive, Neutral","The article highlights strong positive market performance with S&P 500 returns above 20% for two consecutive years and growth in equity volumes and capital formation. However, it also notes some challenges such as a decline in the number of listed companies, which adds a neutral aspect. Overall, the sentiment is predominantly positive with some neutral elements.","The 2024 Equity Market Structure Compendium SIFMA provides an in-depth analysis of US equity markets, highlighting a strong year with the S&P 500 returning 23.3%. It covers key metrics including equity volumes surpassing 12 billion shares daily, moderate ETF volume growth, and significant options trading increases. The report discusses market concentration, particularly the dominance of the Magnificent 7 stocks, and trends in retail trading and after-hours volumes. It also addresses capital formation trends and includes insights on payment for order flow within the US equity market structure."
https://stillnessinthestorm.com/2021/02/15/exposing-the-robinhood-scam-heres-how-much-citadel-paid-to-robinhood-to-buy-your-orders/15/47/43/117879/consciousness/stillness-in-the-storm,Exposing The Robinhood Scam: Here’s How Much Citadel Paid To Robinhood To Buy Your Orders,Stillness in the Storm,Stillness in the Storm,Blog,2/15/21,"The article explicitly references payment-for-orderflow (PFOF) with the line: “Robinhood engages exclusively in a practice called payment-for-orderflow (or PFOF).” It also discusses retail orders routed to market makers (e.g., Citadel Securities) and frames this in the context of Robinhood and US stock trading, including phrases like “pocketing millions more from selling orderflow to Citadel, Virtu, … market-making venues” and “paid for order flow” as the mechanism enabling “free” trading. These details clearly place PFOF within US equity markets and the broker-retail order routing context. Source: crawled page content of the Stillness in the Storm article.
References: [Exposing The Robinhood Scam: Here’s How Much Citadel Paid To Robinhood To Buy Your Orders](https://stillnessinthestorm.com/2021/02/15/exposing-the-robinhood-scam-heres-how-much-citadel-paid-to-robinhood-to-buy-your-orders/15/47/43/117879/consciousness/stillness-in-the-storm)",Negative,"The article uses strongly critical language towards Robinhood and Citadel, describing the situation as a scam and highlighting unethical and potentially illegal practices. It criticizes Robinhood's CEO and the company's business model, emphasizing negative aspects without any positive or neutral commentary. This clearly indicates a Negative sentiment.","The article critically examines Robinhood's business practices, focusing on its use of payment-for-order-flow (PFOF) and its close relationship with Citadel. It discusses Robinhood's controversial trading restrictions on heavily shorted stocks, its undercapitalization issues, and CEO Vlad Tenev's handling of the situation. The piece also highlights how Citadel profits from buying retail order flow and has faced regulatory fines for trading ahead of customer orders, portraying these practices as harmful to retail investors."
https://onlinelibrary.wiley.com/doi/10.1111/jofi.13285,Retail Trading in Options and the Rise of the Big Three Wholesalers,SVETLANA BRYZGALOVA,London Business School and CEPR,Academic / Law,10/2/23,"The article explicitly mentions payment for order flow (PFOF) in the context of US equity markets, contrasting it with the options market. It also discusses the SEC's concerns regarding PFOF and mentions Robinhood, a US-based brokerage platform. Therefore, the article discusses payment for order flow in the context of US equity markets.
References: [Retail Trading in Options and the Rise of the Big Three Wholesalers](https://onlinelibrary.wiley.com/doi/abs/10.1111/jofi.13285), [[PDF] Retail Trading in Options and the Rise of the Big Three Wholesalers](https://www.jbs.cam.ac.uk/wp-content/uploads/2022/06/2022-ccaf-conference-version-paper-bryzgalova-pavlova-sikorskaya-final.pdf), [Retail Trading in Options and the Rise of the Big Three Wholesalers](https://onlinelibrary.wiley.com/doi/10.1111/jofi.13285)","Neutral, Negative","The article provides an analytical view of the rise in retail trading in options, facilitated payment for order flow (PFOF). It highlights significant concerns such as retail investors losing money on average, the concentration of PFOF among a few wholesalers, and potential internalization issues that may hinder competition. While it acknowledges the growth and technological advancements in retail trading, the overall tone is critical and points out risks and downsides for retail investors, indicating a combination of neutral and negative sentiment.","The article documents a rapid increase in retail options trading in the U.S., driven payment for order flow (PFOF) from wholesalers who execute retail orders. Retail trading now accounts for over 60% of options market volume, with nearly 90% of PFOF coming from three major wholesalers. The study finds that retail investors prefer cheaper, weekly options with high bid-ask spreads and tend to lose money on average. It highlights that much of retail order flow in options is effectively internalized through price improvement mechanisms, limiting competition among market makers. The paper also discusses the implications of PFOF and internalization in the context of U.S. equity and options markets."
https://marketsmedia.com/cboe-unveils-market-maker-incentive-program,Cboe Unveils Market Maker Incentive Program,Terry Flanagan,Markets Media,Media,6/14/19,"The Markets Media article 'Cboe Unveils Market Maker Incentive Program' discusses a Lead Market Maker (LMM) incentive program on Cboe's US-listed ETPs. It explicitly mentions rebates and a shift in its rebate model: 'our rebate model from one that is payment for executed volume to one that is payment for market quality,' which clearly references payment-for-order-flow-like economics in the US equity context. The content also identifies the program as applying to the Cboe Listed Marketplace for exchange-traded products, i.e., US securities (ETPs), reinforcing the US equity market focus.
References: [Cboe Unveils Market Maker Incentive Program](https://www.marketsmedia.com/cboe-unveils-market-maker-incentive-program)",Positive,"The article presents Cboe's new Lead Market Maker Incentive Program in a positive light, emphasizing innovation, enhanced market quality, and benefits for issuers and investors. The language used is optimistic and highlights improvements and incentives, indicating a positive sentiment.","Cboe Global Markets announced a new Lead Market Maker (LMM) incentive program for its Cboe Listed Marketplace for exchange-traded products (ETPs). The program, planned to start in Q3 2019 pending regulatory approval, rewards LMMs for meeting quoting obligations and enhanced market quality metrics with daily incentives. This initiative aims to improve market quality encouraging tighter spreads and deeper liquidity, shifting from payment for executed volume to payment for market quality. The program replaces the previous LMM program and is designed to benefit issuers, investors, and market participants."
https://economist.com/finance-and-economics/2021/02/06/high-frequency-traders-are-in-the-spotlight,High-frequency traders are in the spotlight,,The Economist,Media,2/6/21,"The article discusses payment for order flow (PFOF) in the context of US equity markets. It mentions that brokers are paid market makers to direct users’ trades, which is the essence of PFOF. The article also mentions Robinhood, a well-known broker that uses PFOF in the US equity market.
References: [High-frequency traders are in the spotlight](https://www.economist.com/finance-and-economics/2021/02/06/high-frequency-traders-are-in-the-spotlight)",Neutral,"The article provides an analytical overview of payment for order flow (PFOF) in the US equity markets, discussing its role and the controversy around it, especially during the GameStop mania. The tone is factual and balanced without strong positive or negative language, indicating a neutral sentiment.","The article discusses the rise of retail stock trading with zero commissions and the controversial practice of payment for order flow (PFOF), where brokers are paid market makers to route trades. It highlights the increased retail participation and scrutiny of PFOF during the GameStop trading frenzy."
https://thecoin.news/articles/robinhoods-shrinking-reliance-payment-order-flow-reflects-growing-role-crypto-revenue-1628020113075,Robinhood's shrinking reliance on payment for order flow reflects the growing role of crypto revenue,,The Block Crypto,Media,8/3/21,"Yes. The article centers on payment for order flow (PFOF) in the context of US equity markets. It cites Robinhood's SEC Form 606 filing showing PFOF revenue from retail stock and options orders, references “stock and options” trading, mentions Nasdaq, and discusses the SEC/regulatory scrutiny of PFOF in the US equity context. These elements tie PFOF directly to US equities rather than crypto-only or non-US markets. (Cited content: the crawled page excerpts describing the 606 filing, PFOF payments, and the focus on Robinhood’s stock/options trading.)
References: [Robinhood's shrinking reliance on payment for order flow reflects the growing role of crypto revenue](https://thecoin.news/articles/robinhoods-shrinking-reliance-payment-order-flow-reflects-growing-role-crypto-revenue-1628020113075)",Neutral,"The article presents a balanced view of Robinhood's business changes. It notes a decline in payment for order flow revenue, which is a negative aspect, but also highlights an increase in overall revenue driven crypto and other transactional revenues, which is positive. It mentions regulatory risks and market volatility but also growth and diversification efforts. The overall tone is informative and balanced without strong positive or negative bias, indicating a Neutral sentiment.","The article discusses Robinhood's decreasing reliance on payment for order flow (PFOF) revenue from stock and options trading, highlighting a 35% decline in PFOF payments from Q1 to Q2 2021. Despite this, overall revenues are expected to rise due to increased transactional crypto revenues and lending from its premium product, Robinhood Gold. The company is expanding its crypto unit, Robinhood Crypto, and diversifying its business to mitigate regulatory risks associated with PFOF, which is under SEC review."
https://waterstechnology.com/regulation/7951672/blood-sweat-and-tiers-how-the-secs-exchange-rebates-proposal-could-reshape-us-equities-markets,"Blood, sweat, and tiers: how the SEC’s exchange rebates proposal could reshape US equities markets",Theo Normanton,WatersTechnology,Media,2/8/24,"The article discusses the SEC's proposal to overhaul volume-based rebates for agency brokers, which is related to how exchanges compete for order flow. While the full article content is behind a paywall, the title and snippet suggest a discussion of market structure and exchange rebates. The search results confirm that the SEC's exchange rebates proposal is related to payment for order flow. Therefore, it is likely that the article discusses payment for order flow in the context of US equity markets.
References: [SEC takes hatchet to payment for order flow, best execution ...](https://www.globaltrading.net/sec-takes-hatchet-to-payment-for-order-flow-best-execution-proposals-and-12-more-rules), [Payment for Order Flow: The SEC Proposes Reforms | Congress.gov](https://www.congress.gov/crs-product/IF12332), [Payment for Order Flow - SEC.gov](https://www.sec.gov/files/rules/final/orderfin.txt), [Self-Regulatory Organizations; Nasdaq BX, Inc.; Notice of Filing and ...](https://www.federalregister.gov/documents/2025/09/19/2025-18142/self-regulatory-organizations-nasdaq-bx-inc-notice-of-filing-and-immediate-effectiveness-of-proposed), [Statement on Exchanges' Volume-Based Rebates and Fees - SEC.gov](https://www.sec.gov/newsroom/speeches-statements/gensler-volume-based-rebates-fees-101823), [Blood, sweat, and tiers: how the SEC’s exchange rebates proposal could reshape US equities markets](https://www.waterstechnology.com/regulation/7951672/blood-sweat-and-tiers-how-the-secs-exchange-rebates-proposal-could-reshape-us-equities-markets)",Neutral,"The article discusses the SEC's proposal to overhaul volume-based rebates for agency brokers, highlighting a heated debate and split opinions among industry practitioners. The content suggests a balanced presentation of perspectives without a clear positive or negative bias, indicating a neutral sentiment overall.","The article discusses the SEC's proposed rule 6b-1 to reform volume-based rebates for agency brokers in US equity markets. It highlights the controversy and debate around tiered transaction pricing, where exchanges pay brokers rebates based on order flow volume. The proposal could significantly impact liquidity, order routing, and competition, with industry practitioners divided on whether these changes will be beneficial or detrimental."
https://tokenist.com/robinhood-owes-citadel-43-of-its-q1-2021-revenue,43% of Robinhood’s Q1 2021 Revenue is from Citadel,Tim Fries,The Tokenist,Media,5/5/21,"Yes. The Tokenist article explicitly ties Robinhood's revenue to market-makers via order flows: it mentions Robinhood’s relationship with Citadel Securities as a market maker to whom it sold market order flows among other market makers, and it states that market-makers pay for order flows (PFOF). This directly situates PFOF in the context of US equities (stock trading) while also referencing related activity in options, but the explicit PFOF discussion concerns US equity order routing. Key cues: 'to whom it sold market order flows among four other market makers' and 'actively participating on the both sides of the market, MMs not only pay for order flows (PFOF)'. These confirm the criterion is satisfied. Sources: Tokenist article content provided in the crawled_page snippet.
References: [43% of Robinhood's Q1 2021 Revenue is from Citadel - Tokenist](https://tokenist.com/robinhood-owes-citadel-43-of-its-q1-2021-revenue), [Robinhood Owes Citadel 43% of its Q1 2021 Revenue - The ...](https://www.reddit.com/r/gme_meltdown/comments/n5bjrf/robinhood_owes_citadel_43_of_its_q1_2021_revenue), [Payment for Order Flow (PFOF) and Broker-Dealer Regulation](https://www.congress.gov/crs-product/IF12594), [Traders revive antitrust complaint against Robinhood and Citadel ...](https://fxnewsgroup.com/forex-news/retail-forex/traders-revive-antitrust-complaint-against-robinhood-and-citadel-securities), [New Lawsuit Alleges Citadel Conspired with Robinhood to Limit ...](https://tokenist.com/new-lawsuit-alleges-citadel-conspired-with-robinhood-to-limit-gme-trading), [The Real Reason Robinhood Blocked Trading On GameStop - Finimize](https://finimize.com/content/real-reason-robinhood-blocked-trading-gamestop), [Citadel Securities paid US$943m for retail US equity, options order ...](https://www.globaltrading.net/citadel-securities-paid-us943m-for-retail-us-equity-options-order-flow-in-nine-months), [[PDF] Robinhood Markets, Inc.](https://investors.robinhood.com/static-files/c9a21b84-4a40-4ec2-bc18-39ea5c66acfe), [Citadel Securities - Wikipedia](https://en.wikipedia.org/wiki/Citadel_Securities), [Citadel accounts for 22% of Robinhood's PFOF revenue in 2021](https://fxnewsgroup.com/forex-news/retail-forex/citadel-accounts-for-22-of-robinhoods-pfof-revenue-in-2021)","Negative, Neutral","The article critically discusses the relationship between Robinhood and Citadel, highlighting concerns about centralized market makers, conflicts of interest, lawsuits, and regulatory violations, which conveys a negative sentiment towards the traditional centralized market system. However, it also neutrally presents the innovations and potential of decentralized finance alternatives like Uniswap, which adds a neutral tone. There is no clear positive sentiment expressed about the Robinhood-Citadel relationship or the centralized system, so Positive is not selected.","The article explains that 43% of Robinhood's Q1 2021 revenue came from Citadel Securities through payment for order flow. It highlights Robinhood's significant revenue growth during the GameStop trading event and details the brokerage's reliance on market makers like Citadel. The piece also contrasts centralized market makers with decentralized finance solutions such as Uniswap, emphasizing the evolving landscape of financial markets."
https://tokenist.com/in-depth-citadel-connect-and-dark-pools-uncovered,In-Depth: Citadel Connect and Dark Pools Uncovered,Tim Fries,The Tokenist,Media,7/20/21,"The article explicitly discusses payment for order flow (PFOF) in the context of US equities. It references Robinhood’s PFOF business model and cites Citadel Securities’ role in US retail trading, including mention of PFOF and the large share of US-based retail trading volume. These elements tie PFOF directly to US equity markets (e.g., references to NYSE, Robinhood, and US retail trading). Therefore it satisfies the criterion. Sources: the crawled page text showing: 'Robinhood’s PFOF (payment for order flow) business model' and 'As the largest Designated Market Maker on the NYSE... 47% of US-based retail trading volume', plus discussion of PFOF in the article context.
References: [In-Depth: Citadel Connect and Dark Pools Uncovered](https://tokenist.com/in-depth-citadel-connect-and-dark-pools-uncovered)","Neutral, Negative","The article provides a balanced view on Citadel Connect and dark pools, explaining their legitimate roles in increasing liquidity and market efficiency (Neutral sentiment). However, it also highlights significant concerns such as conflicts of interest, potential market manipulation, regulatory penalties, and controversies surrounding payment for order flow (Negative sentiment). The overall tone is cautious and critical, reflecting both the benefits and risks associated with these market mechanisms.","The article explores Citadel Securities' role in US equity markets, focusing on its dark pool, Citadel Connect, and the controversial practice of payment for order flow (PFOF). It explains how dark pools operate, their benefits in liquidity and market efficiency, but also highlights concerns about transparency, potential abuses like front running, and regulatory scrutiny. Historical examples of dark pool abuses and SEC actions are also discussed."
https://marketwatch.com/story/commission-free-stock-market-trading-on-some-platforms-may-be-raising-costs-and-volatility-for-all-of-us-11645017928,Commission-free stock-market trading on some platforms may be raising costs and volatility for all of us,Tom Glynn,Devon Capital Advisors,Media,2/16/22,"The article explicitly discusses payment for order flow (PFOF) in the context of US equity markets. It mentions that the growing use of PFOF may be increasing volatility and costs for all investors. It also mentions specific market makers like Citadel and Virtu, and the SEC's interest in the matter.
References: [Commission-free stock-market trading on some platforms may be raising costs and volatility for all of us](https://www.marketwatch.com/story/commission-free-stock-market-trading-on-some-platforms-may-be-raising-costs-and-volatility-for-all-of-us-11645017928)",Negative,"The article discusses the negative consequences of payment for order flow (PFOF) in U.S. equity markets, highlighting increased volatility, higher costs for investors, slow order transmission, and potential exploitation market makers and brokers. It also raises regulatory concerns and past breaches involved firms, reflecting a critical and concerned tone about the impact on retail investors and market fairness. This indicates a negative sentiment overall.","The article explains how payment for order flow (PFOF) in U.S. equity markets, used commission-free brokers like Robinhood, routes orders to off-exchange market makers such as Citadel. This practice may increase costs and volatility for investors enabling market makers to profit from slower order transmission and internalizing trades. The article highlights regulatory concerns, potential negative impacts on retail investors, and contrasts the U.S. approach with bans on PFOF in the U.K. and proposed bans in the EU."
https://protocol.com/fintech/citadel-iex-sec-lawsuit,"If you own stocks, you should know about latency arbitrage",Tomio Geron,Bospar,Blog,10/25/21,"The article explicitly references 'payment for order flow' and 'stock exchange rebates' in the context of the U.S. equity markets, within a discussion of Citadel Securities, IEX, and the SEC. This directly satisfies the criterion of discussing PFOF in US equity trading. (Cited: crawled_page content: 'Similar debates are going on over the SEC's current review of payment for order flow and stock exchange rebates, which some have argued decrease competition and hurt pricing for investors.')
References: [Citadel Securities Loses Flash-Boys Legal Fight Over IEX Product](https://www.bloomberg.com/news/articles/2022-07-29/citadel-securities-loses-court-bid-to-block-iex-order-type), [Citadel Securities paid US$943m for retail US equity, options order ...](https://www.globaltrading.net/citadel-securities-paid-us943m-for-retail-us-equity-options-order-flow-in-nine-months), [Citadel Securities sues SEC over approval of new stock-order type](https://www.reuters.com/article/business/citadel-securities-sues-sec-over-approval-of-new-stock-order-type-idUSKBN27201D), [Citadel, SEC fight over microseconds - Crain's Chicago Business](https://www.chicagobusiness.com/finance-banking/citadel-securities-sec-battle-over-microseconds-iex-case), [SEC slaps Citadel with $7 million fine to settle regulations charges - CNBC](https://www.cnbc.com/2023/09/22/sec-slaps-citadel-with-7-million-fine-to-settle-short-selling-charges.html), [If you own stocks, you should know about latency arbitrage](https://www.protocol.com/fintech/citadel-iex-sec-lawsuit)",Neutral,"The article provides a balanced view of the legal dispute between Citadel Securities, IEX, and the SEC regarding the D-Limit order type. It presents arguments from both sides without showing bias or strong opinion. The tone is informative and neutral, focusing on explaining the issue and its implications rather than expressing positive or negative sentiment.","The article discusses a legal case involving Citadel Securities, IEX, and the SEC over IEX's D-Limit order type, designed to prevent high-frequency traders from exploiting milliseconds before market price changes. Citadel argues against the order, claiming it violates regulations and market dynamics, while IEX and supporters say it promotes fairer trading and reduces predatory latency arbitrage. The case highlights broader debates on market structure, payment for order flow, and the impact of ultra-fast trading on investors."
https://protocol.com/crypto-trading-pfof-robinhood,"Crypto has a payment for order flow problem, too",Tomio Geron,Bospar,Blog,,"The article discusses payment for order flow (PFOF) and ties it to US equity markets. It states SEC concerns about PFOF as a system where retail brokers are paid market makers for directing orders and specifically references US brokers like Robinhood and mentions that in equities and options markets brokers and market makers must disclose who they send trades to and how much they make, indicating the US equity context. It also discusses PFOF in the context of Robinhood's activities and mentions NBBO and equity trading details. These elements establish the article's focus on PFOF within US equities, not crypto alone.
References: [Crypto has a payment for order flow problem, too](https://www.protocol.com/crypto-trading-pfof-robinhood)",Negative,"The article discusses significant concerns about payment for order flow, especially in the crypto market, highlighting regulatory scrutiny, potential conflicts of interest, lack of transparency, and risks to retail investors. The tone is cautious and critical, emphasizing the challenges and risks rather than any positive aspects. Therefore, the sentiment is best classified as Negative.","The article discusses the SEC's concerns about payment for order flow (PFOF) in US equity markets and its extension into the crypto market, particularly through Robinhood. It highlights Robinhood's significant revenue from crypto PFOF, regulatory challenges due to the unregulated nature of crypto exchanges, and the lack of transparency and best price guarantees for retail crypto investors. The piece also emphasizes the global complexity of crypto trading and the potential for future regulatory changes."
https://protocol.com/fintech/payment-for-order-flow-explained,Payment for order flow made Robinhood huge. Now everyone's arguing about it.,Tomio Geron,Bospar,Blog,2/7/23,"The article discusses payment for order flow and mentions Robinhood, Schwab, and TD Ameritrade, all of which are US-based brokerages that deal with US equities. The article explicitly states that payment for order flow is the business model underlying the rapid growth of retail investing. Therefore, the article discusses payment for order flow in the context of US equity markets.
References: [Payment for order flow made Robinhood huge. Now everyone's arguing about it.](https://www.protocol.com/fintech/payment-for-order-flow-explained)",Neutral,"The article provides a balanced discussion of payment for order flow, highlighting both positive aspects such as price improvement and zero-commission trading, and negative aspects including conflicts of interest, regulatory scrutiny, and criticism. It does not strongly favor either side, presenting a nuanced view of the topic, which aligns with a neutral sentiment.","The article explains payment for order flow as a key business model behind the growth of retail investing in US equity markets, notably used Robinhood. It outlines how brokers receive payments from market makers for directing trades, enabling commission-free trading but raising concerns about conflicts of interest and execution quality. The article covers regulatory scrutiny, including Robinhood's SEC settlement, debates over transparency, and comparisons of price improvement benefits. It also highlights differing industry views on the model's impact on investors and market liquidity."
https://protocol.com/manuals/retail-investing/retail-investing-2021-insights,Five ways to think about retail investing in 2021,Tomio Geron,Protocol,Media,4/12/21,"Explicit discussion of 'payment for order flow' in US equity markets: the article notes that Robinhood's no-commission model is funded via small fees paid market makers for executing trades, and cites Public as dropping this system, referring to it as 'payment for order flow', clearly within US equities context.
References: [Five ways to think about retail investing in 2021](https://www.protocol.com/manuals/retail-investing/retail-investing-2021-insights)",Neutral,"The article provides a balanced perspective on retail investing in 2021, discussing both positive aspects such as innovation, accessibility, and significant funding in brokerage startups, as well as negative aspects including market volatility, risks for inexperienced investors, controversies around payment for order flow, and regulatory scrutiny. The overall tone is informative and nuanced without strong bias toward either positive or negative sentiment, indicating a neutral stance.","The article discusses the rise of retail investing in 2021, highlighting increased venture capital investment in online brokerage startups and fintech firms. It covers how technology has made stock trading more accessible but also riskier, with features like fractional shares and no-fee commissions. The piece explains the controversial payment for order flow model used Robinhood and regulatory scrutiny following the GameStop trading frenzy. It also notes a potential shift from active retail trading to roboadvisors as investors seek diversified, lower-risk options."
https://claret.ca/publications/how-wealthsimple-robinhood-other-free-online-brokers-make-money,"How Wealthsimple, Robinhood and other “free” online brokers make money",W. Christopher Kovalchuk,Claret,Media,5/5/21,"The article contains a dedicated 'Payment for order flow (PFOF)' section that explains how brokers earn revenue through PFOF, specifically describing the routing of US stock trades to market makers and the compensation they receive. It uses US equities as examples (e.g., Apple) and references US regulatory aspects (SEC charges, NBBO, Regulation NMS) and market-makers like Citadel Securities, aligning with the context of US equity trading. This satisfies the criterion that the article discusses PFOF in the context of US equity markets.
References: [How Wealthsimple, Robinhood and other “free” online brokers make money](https://www.claret.ca/publications/how-wealthsimple-robinhood-other-free-online-brokers-make-money)",Negative,"The article critically discusses the hidden fees and charges associated with 'free' online brokers like Wealthsimple and Robinhood. It highlights regulatory issues, such as the SEC charges against Robinhood, and explains how investors end up paying through payment for order flow and currency conversion commissions. The tone is cautionary and points out the drawbacks and costs that investors face, indicating a predominantly negative sentiment.","The article explains how so-called ""free"" online brokers like Wealthsimple and Robinhood generate revenue through hidden fees such as payment for order flow (PFOF) and currency conversion commissions. It highlights regulatory issues faced Robinhood in the US market and details the impact of currency conversion fees on Canadian investors using Wealthsimple. The piece emphasizes the importance of transparency in investment fees, referencing Canadian CRM2 regulations to help investors understand the true costs of trading."
https://finance.yahoo.com/news/robinhood-makes-331-million-off-200226009.html,Robinhood Makes $331 Million Off Customers’ Trading Activity – Is Warren Buffett Right That It’s Basically a Casino?,Yael Bizouati-Kennedy,GOBankingRates,Media,5/4/21,"The article explicitly discusses payment for order flow in US equity trading. It states that when customers buy/sell stocks, Robinhood routes orders to high-speed traders such as Citadel Securities, which pay for the right to execute those trades, and explicitly identifies this as 'payment for order flow' (PFOF). This is in the context of US stock trading, fulfilling the criterion. Source snippet: 'When its customers buy and sell stocks and options, Robinhood routes those orders to high-speed traders, such as Citadel Securities, which pay for the right to execute many of those trades. The process is called payment for order flow.'
References: [Robinhood Makes $331 Million Off Customers’ Trading Activity – Is Warren Buffett Right That It’s Basically a Casino?](https://finance.yahoo.com/news/robinhood-makes-331-million-off-200226009.html)","Positive, Negative","The article presents a mixed sentiment. It highlights Robinhood's financial success and growth potential, which is positive. However, it also includes strong negative criticism from Warren Buffett and Charlie Munger, who describe Robinhood's business model as akin to a casino and harmful to investors. Robinhood's defense of its approach adds to the positive aspect, but the overall tone reflects both positive and negative sentiments.","The article reports that Robinhood earned $331 million in the first quarter from customers' trading activity through payment for order flow. It highlights criticism from Warren Buffett and Charlie Munger, who likened Robinhood to a casino, and includes Robinhood's defense of its business model as making investing more accessible. The article also notes Robinhood's upcoming IPO and its strong revenue growth."
https://papers.ssrn.com/sol3/papers.cfm?abstract_id=3966059,Internalized Retail Order Imbalances and Institutional Liquidity Demand,Yashar H. Barardehi,Chapman University; U.S. Securities and Exchange Commission,Academic / Law,11/18/21,"The article, ""Internalized Retail Order Imbalances and Institutional Liquidity Demand"" Yashar H. Barardehi, explicitly lists ""Payment for Order Flow"" as a keyword. The abstract discusses retail order flow and institutional liquidity, suggesting a connection to market microstructure. While the abstract doesn't explicitly state ""US equity markets,"" the author's affiliation with the U.S. Securities and Exchange Commission and the research focus on retail and institutional trading strongly imply that the context is the US equity market. Therefore, the article discusses payment for order flow in the context of US equity markets.
References: [Internalized Retail Order Imbalances and Institutional Liquidity ...](https://papers.ssrn.com/sol3/papers.cfm?abstract_id=3966059), [(PDF) Internalized Retail Order Imbalances and Institutional ...](https://www.researchgate.net/publication/356381028_Internalized_Retail_Order_Imbalances_and_Institutional_Liquidity_Demand), [[PDF] Institutional Liquidity Costs, Internalized Retail Trade Imbalances ...](https://www3.nd.edu/~zda/ILM.pdf), [Institutional Liquidity Costs, Internalized Retail Trade Imbalances ...](https://www.cambridge.org/core/product/756B4D476B4CE2A7C44658DF67295F21), [Payment for order flow | Request PDF - ResearchGate](https://www.researchgate.net/publication/222569423_Payment_for_order_flow)",Neutral,"The article presents an academic and analytical discussion on retail order imbalances and institutional liquidity demand, focusing on market microstructure and liquidity provision. The language is neutral and factual without expressing positive or negative opinions, indicating a neutral sentiment.","The article examines how wholesalers internalize retail order imbalances to provide liquidity to institutional investors in the US equity markets. It finds that large retail order imbalances indicate scarce institutional liquidity and higher institutional trading costs. The study shows that wholesalers act as intermediaries between retail and institutional investors, with internalized orders providing liquidity rather than conveying information. The paper also highlights the positive return predictability of these imbalances due to the unwinding of institutional price pressure."
https://cnbc.com/2021/10/18/sec-says-brokers-enticed-by-payment-for-order-flow-are-making-trading-into-a-game-to-lure-investors.html,SEC says brokers enticed payment for order flow are making trading into a game to lure investors,Yun Li,CNBC,Media,10/18/21,"The crawled article’s title explicitly mentions “payment for order flow” and the Key Points summary notes the SEC’s report and online brokerages, indicating the discussion centers on PFOF within US equity trading contexts (GameStop-related SEC report, US brokerages). This satisfies the criterion that the piece discusses PFOF in the context of US equity markets. Sources: the crawled page content (title and Key Points) from CNBC Yun Li.
References: [SEC says brokers enticed payment for order flow are making trading into a game to lure investors](https://www.cnbc.com/2021/10/18/sec-says-brokers-enticed-by-payment-for-order-flow-are-making-trading-into-a-game-to-lure-investors.html)",Neutral,"The article discusses the SEC's report on payment for order flow and the GameStop trading frenzy in a factual and balanced manner. It highlights concerns about brokerages gamifying trading and the risks involved, but does not express strong positive or negative opinions. The tone is critical yet informative, focusing on regulatory scrutiny and market dynamics without assigning blame or praise. Therefore, the sentiment is best classified as Neutral.","The SEC released a report on the GameStop trading frenzy, highlighting concerns about online brokerages using payment for order flow to incentivize trading through gamification and digital engagement features. The report raises issues about transparency in short selling and risk management but stops short of assigning blame or making concrete regulatory recommendations."
https://sciencedirect.com/science/article/pii/S138641810000015X,"A simple model of payment for order flow, internalization, and total trading cost",,"Indiana University (Craig W. Holden)

Other authors' affiliations are not clearly identified from the available data.",Academic / Law,1/1/01,"The article discusses payment for order flow. The search result snippet mentions ""US equity market competitiveness"" in relation to the article. Therefore, the article discusses payment for order flow in the context of US equity markets.
References: [A simple model of payment for order flow, internalization, and total ...](https://www.sciencedirect.com/science/article/abs/pii/S138641810000015X), [‪Craig W. Holden‬ - ‪Google Scholar‬](https://scholar.google.com/citations?user=TCoZzjkAAAAJ&hl=en), [Payment for Order Flow (PFOF): Definition and How It Works](https://www.investopedia.com/terms/p/paymentoforderflow.asp), [Payment for order flow - ScienceDirect.com](https://www.sciencedirect.com/science/article/abs/pii/S0304405X03000710), [Payment for order flow - IDEAS/RePEc](https://ideas.repec.org/a/eee/jfinec/v68y2003i3p379-411.html), [Robinhood CEO says payment for order flow is 'here to stay' - CNBC](https://www.cnbc.com/2023/12/01/robinhood-ceo-says-payment-for-order-flow-is-here-to-stay.html), [‪Robert Battalio‬ - ‪Google Scholar‬](https://scholar.google.com/citations?user=ywEQnssAAAAJ&hl=en), [To Pay or Be Paid? The Impact of Taker Fees and Order Flow ...](https://www.cambridge.org/core/journals/journal-of-financial-and-quantitative-analysis/article/to-pay-or-be-paid-the-impact-of-taker-fees-and-order-flow-inducements-on-trading-costs-in-us-options-markets/0782CE3E9679C29BB910A66192D27201), [What Maker-Taker Fees Mean for You - Investopedia](https://www.investopedia.com/articles/active-trading/042414/what-makertaker-fees-mean-you.asp), [The “Actual Retail Price” of Equity Trades - Wiley Online Library](https://onlinelibrary.wiley.com/doi/abs/10.1111/jofi.13467), [A simple model of payment for order flow, internalization, and total trading cost](https://www.sciencedirect.com/science/article/pii/S138641810000015X)",Neutral,"The article presents an analytical model discussing payment for order flow, internalization, and total trading cost without expressing subjective opinions or emotional language. The content is focused on explaining concepts and empirical reinterpretations, indicating a neutral sentiment.","The article presents a model explaining payment for order flow and internalization, focusing on how brokers use verifiable trader characteristics to profitably purchase order flow. It introduces total trading cost as a measure of execution quality, combining effective half spread and broker commissions, and applies this to analyze execution quality across trading venues and cream-skimming practices."
https://blog.themistrading.com/2012/09/cutting-the-line-and-order-types,Cutting the Line and Order Types,,Themis Trading,Institutional Brokerage,9/19/12,"The article explicitly discusses Payment for order flow: 'Payment for order flow, access to high speed proprietary exchange data feeds and conflicted order types are all deeply embedded in our stock market.' It also centers on US equity trading (Themis Trading is an institutional equities broker; mentions NYSE Arca, SEC) indicating a US equity market context.
References: [Cutting the Line and Order Types](https://blog.themistrading.com/2012/09/cutting-the-line-and-order-types)",Negative,"The article discusses issues such as unfair advantages given to high-frequency traders, questionable SEC approvals, and the erosion of confidence in a fair and orderly marketplace. The tone is critical and highlights concerns about market rigging and unfair practices, indicating a negative sentiment toward the current state of the US equity markets and their regulation.","The article discusses how certain order types in the US stock market, designed and approved exchanges and the SEC, give unfair advantages to high-frequency traders allowing them to jump the trading queue. It highlights concerns about market fairness, price discovery distortion, and conflicts of interest embedded in payment for order flow and proprietary data feeds. The piece references investigations and critiques from industry insiders and regulators, emphasizing the broken nature of current market structures."
https://blog.themistrading.com/2021/09/market-makers-lose-at-their-own-game,Market Makers Lose at Their Own Game,,Themis Trading,Institutional Brokerage,9/28/21,"The article explicitly discusses payment for order flow (PFOF) in the context of US equity markets. It notes that zero-commission brokers (e.g., Robinhood) route orders to market makers who pay for those orders and discusses broker rebates and exchange take fees. It also references the SEC and the ""payment for order flow"" debate, all within a US equities trading context. This aligns with the criterion requiring discussion of PFOF in US stock markets. Source: Themis Trading blog post ""Market Makers Lose at Their Own Game"" (Sept 28, 2021).
References: [[PDF] Written Testimony of Joseph Saluzzi, Partner and Co-Founder ...](https://financialservices.house.gov/uploadedfiles/hhrg-115-ba16-wstate-jsaluzzi-20170627.pdf), [The SEC Isn't Mad at PFOF. They're Just Disappointed. - Medium](https://medium.com/prooftrading/the-sec-isnt-mad-at-pfof-they-re-just-disappointed-f5252fbbf6df), [Market Maker: Definition, Understanding Them, Importance](https://www.fool.com/terms/m/market-maker), [[PDF] Eliminating Payment for Order Flow to Ensure Loyal Agents](https://bclawreview.bc.edu/articles/3061/files/6425deca63493.pdf), [Siphoned apart: A portfolio perspective on order flow segmentation](https://www.sciencedirect.com/science/article/pii/S0304405X24000308), [Payment for Order Flow (PFOF) and Broker-Dealer Regulation](https://www.congress.gov/crs-product/IF12594), [Payment For Order Flow (PFOF): Meaning & Examples - Britannica](https://www.britannica.com/money/payment-for-order-flow-explained), [[PDF] NBER WORKING PAPER SERIES PAYMENT FOR ORDER FLOW ...](https://www.nber.org/system/files/working_papers/w29883/revisions/w29883.rev0.pdf), [Payment for Order Flow (PFOF): Definition and How It Works](https://www.investopedia.com/terms/p/paymentoforderflow.asp), [The price of free stock trading : The Indicator from Planet Money - NPR](https://www.npr.org/transcripts/1106468243), [Market Makers Lose at Their Own Game](https://blog.themistrading.com/2021/09/market-makers-lose-at-their-own-game)",Negative,"The article discusses a wash trading scheme that exploits the maker-taker pricing model, causing market makers to lose money. It critically highlights inherent conflicts of interest in the market structure and the negative impact on price discovery. The tone is skeptical about regulatory responses and calls for an overhaul of the market structure, indicating a negative sentiment towards the current state of the market and its practices.","The article discusses a wash trading scheme exploiting the maker-taker pricing model in US equity options markets, where defendants profited trading options through different brokers to collect rebates and avoid fees. Market makers lost money as they paid fees without taking the other side of trades. The case highlights conflicts in the current market structure, especially around payment for order flow and exchange rebates, and suggests the need for market structure reform."
https://blog.themistrading.com/2014/06/raw-clay-what-happens-if-payment-for-order-flow-dies,Raw Clay: What Happens If Payment For Order Flow Dies?,,Themis Trading,Institutional Brokerage,6/18/14,"The article discusses payment for order flow and mentions Washington DC questioning the practice. This implies that the context is the US, and since the article does not specify any other asset class, it is likely referring to US equity markets. Therefore, the article discusses payment for order flow in the context of US equity markets.
References: [Raw Clay: What Happens If Payment For Order Flow Dies?](https://blog.themistrading.com/2014/06/raw-clay-what-happens-if-payment-for-order-flow-dies)","Positive, Negative","The article is critical of payment for order flow (PFOF), highlighting it as a conflict of interest and suggesting its removal would lead to a fairer and more transparent market. This reflects a Negative sentiment towards PFOF. However, the article is also optimistic about the market's ability to adapt and improve without PFOF, discussing potential positive changes such as reduced conflicts of interest, more innovation, and clearer pricing. This reflects a Positive sentiment towards the potential market improvements. Therefore, both Positive and Negative sentiments apply.","The article explores the potential consequences of banning payment for order flow (PFOF) in US equity markets. It discusses how retail and institutional orders would be routed directly to exchanges or dark pools under best execution standards, reducing conflicts of interest. Exchanges and dark pools would compete based on true innovation rather than pricing gimmicks, likely leading to fewer venues. Short-term traders and investors would adjust their strategies without rebate-driven incentives. The article anticipates wider spreads for large-cap stocks and possibly higher but more transparent commissions for retail and institutional investors."
https://brokerchooser.com/education/news/data-dashboard/payment-for-order-flow,Payment for order flow and market makers - Research BrokerChooser,,BrokerChooser,Trade analytics / Research,3/1/22,"The article discusses payment for order flow (PFOF) and mentions US brokers like TD Ameritrade and Robinhood, as well as market maker Citadel. It specifically refers to revenue from stock PFOF, indicating the context is US equity markets.
References: [Payment for order flow and market makers - Research BrokerChooser](https://brokerchooser.com/education/news/data-dashboard/payment-for-order-flow)",Neutral,"The article provides an informative and balanced discussion on payment for order flow (PFOF) and market makers in the US equity markets. It highlights both positive aspects, such as net price improvement for clients market makers, and negative aspects, such as implicit costs to customers and potential regulatory scrutiny the SEC. The tone is factual and neutral without strong emotional language, indicating a Neutral sentiment.","The article BrokerChooser explains payment for order flow (PFOF) in the US equity markets, highlighting that brokers like TD Ameritrade and Robinhood generated significant revenue from PFOF in 2020-2021. It discusses how brokers route orders to market makers such as Citadel, who paid the most for PFOF. The article also covers the impact of PFOF on price improvement for clients, noting that market makers provided substantial net price improvement during periods of market stress. It mentions the regulatory scrutiny of PFOF the SEC and the potential implications for commission-free trading models."
https://bclawreview.bc.edu/articles/3061,Deceiving the Young to Give to Themselves: Eliminating Payment for Order Flow to Ensure Loyal Agents,,Boston College Law School,Academic / Law,3/30/23,"The article discusses payment for order flow in the context of US equity markets, as evidenced the mention of Robinhood, the SEC, and the democratization of American stock markets in the abstract.
References: [Deceiving the Young to Give to Themselves: Eliminating Payment for Order Flow to Ensure Loyal Agents](https://bclawreview.bc.edu/articles/3061)",Negative,"The article critically examines the practice of payment for order flow, highlighting conflicts of interest and inadequate consent from retail investors. It argues for banning payment for order flow, indicating a negative sentiment towards the practice and advocating for regulatory changes.","The article examines the controversial practice of payment for order flow in US equity markets, highlighting conflicts of interest and regulatory concerns. It critiques Robinhood's zero-commission model and argues for banning payment for order flow due to inherent conflicts and inadequate investor consent."
https://ir.lawnet.fordham.edu/jcfl,Journal of Corporate & Financial Law,,"Deniz Anginer is affiliated with Simon Fraser University.

Jinjing Liu is affiliated with The World Bank.

Cindy A. Schipani is affiliated with the University of Michigan.

H. Nejat Seyhun is affiliated with the University of Michigan.",Academic / Law,1/1/23,"The Fordham Journal of Corporate & Financial Law article 'GameStopped: How Robinhood’s GameStop Trading Halt Reveals the Complexities of Retail Investor Protection' (2023) explicitly includes a section 'Payment for Order Flow' (I. THE EVOLVING DAY TRADING LANDSCAPE, B. Payment for Order Flow) and discusses PFOF in the US equity trading context, including references to Robinhood and Citadel Securities; this confirms the article discusses PFOF in US equity markets. (Source: Fordham JCFL, 2023 article 1536 content shown in crawl results).
References: [Fordham Journal of Corporate & Financial Law](https://ir.lawnet.fordham.edu/jcfl), [[PDF] Globalization of the Equity Markets - Fordham University](https://ir.lawnet.fordham.edu/cgi/viewcontent.cgi?article=1535&context=ilj), [[PDF] How Robinhood's GameStop Trading Halt Reveals the Complexities ...](https://ir.lawnet.fordham.edu/cgi/viewcontent.cgi?article=1536&context=jcfl), [[PDF] Payment for Order Flow and the Great Missed Opportunity](https://openscholarship.wustl.edu/cgi/viewcontent.cgi?article=1310&context=law_scholarship), [[PDF] Lessons from the Flash Crash for the Regulation of High-Frequency ...](https://ir.lawnet.fordham.edu/cgi/viewcontent.cgi?httpsredir=1&article=1321&context=jcfl), [[PDF] New Competitors](https://ir.lawnet.fordham.edu/cgi/viewcontent.cgi?article=1164&context=jcfl), [[PDF] Payment for Order Flow and the Retail Trading Experience](https://wifpr.wharton.upenn.edu/wp-content/uploads/2023/10/Payment-for-Order-Flow.pdf), [Payment For Order Flow & Market Implications - Bloomberg Law](https://www.bloomberglaw.com/external/document/X1RP679S000000/capital-markets-professional-perspective-payment-for-order-flow-), [Fordham Journal of Corporate and Financial Law](https://news.law.fordham.edu/jcfl), [[PDF] Payment for Order Flow And Asset Choice Thomas Ernst and ...](https://www.nber.org/system/files/working_papers/w29883/w29883.pdf), [New Rules and Regulations](https://ir.lawnet.fordham.edu/cgi/viewcontent.cgi?article=1162&context=jcfl), [Multilateral Transparency for Security Markets Through DLT](https://ir.lawnet.fordham.edu/context/jcfl/article/1479/viewcontent/Donald_and_Miraz_Article.pdf), [A Review Of Recent Derivatives Litigation](https://ir.lawnet.fordham.edu/cgi/viewcontent.cgi?article=1277&context=jcfl), [The Continuing Evolution Of The Law Of Insider Trading](https://ir.lawnet.fordham.edu/cgi/viewcontent.cgi?article=1290&context=jcfl), [An Analysis of the One-Sided Long Position Hedge Fund ...](https://ir.lawnet.fordham.edu/cgi/viewcontent.cgi?article=1442&context=jcfl), [Informational Failures In Structured Finance And Dodd- ...](https://ir.lawnet.fordham.edu/cgi/viewcontent.cgi?article=1307&context=jcfl), [Market Structure of the Chinese Equity Markets](https://ir.lawnet.fordham.edu/cgi/viewcontent.cgi?article=1381&context=jcfl)",Negative,"The article discusses Robinhood's decision to halt trading on GameStop, which drew significant criticism and was seen as an unpopular move. The discussion of payment for order flow in this context is tied to controversies around retail investor protection, indicating a critical or negative sentiment towards the subject matter.
References: [Journal of Corporate & Financial Law](https://ir.lawnet.fordham.edu/jcfl), [How Robinhood's GameStop Trading Halt Reveals the Complexities ...](https://ir.lawnet.fordham.edu/jcfl/vol28/iss2/3), [[PDF] How Robinhood's GameStop Trading Halt Reveals the Complexities ...](https://scholarship.law.tamu.edu/cgi/viewcontent.cgi?article=2781&context=facscholar), [How Robinhood's GameStop Trading Halt Reveals the Complexities ...](https://papers.ssrn.com/sol3/papers.cfm?abstract_id=4459285)","The Fordham Journal of Corporate & Financial Law is a leading student-edited business law journal focusing on issues in banking, bankruptcy, corporate governance, capital markets, finance, mergers and acquisitions, securities, and tax practices. It publishes scholarly articles, essays, notes, comments, and symposium transcripts that provide timely analyses for judges, policymakers, regulators, and market participants. The journal is highly cited in the fields of banking and finance law."
https://mdpi.com/1911-8074/14/11/556,Order Routing Decisions for a Fragmented Market: A Review,,Florida International University,Academic / Law,11/17/21,"Yes. The MDPI article explicitly discusses payment for order flow (PFOF) in the context of US equity markets. The Introduction notes the PFOF practice market makers in off-exchanges as part of discussing routing venue decisions in a fragmented U.S. equity market, and the piece frames its analysis within U.S. market fragmentation and regulatory reforms (Reg-NMS). The article also references US market dynamics (e.g., retail trading, commission-free brokers) and US market makers (Citadel, Virtu) in this context. Source: MDPI: Order Routing Decisions for a Fragmented Market: A Review (2021).
References: [Order Routing Decisions for a Fragmented Market: A Review](https://www.mdpi.com/1911-8074/14/11/556)",Neutral,"The article provides a balanced academic review of the U.S. equity market fragmentation and order routing decisions. It discusses both positive aspects such as increased competition, technological advancements, and benefits to market participants, as well as concerns like adverse selection risks and information asymmetry. The tone is factual and analytical without strong emotional bias, indicating a neutral sentiment.","This article reviews the evolution and fragmentation of the U.S. equity market, focusing on order routing decisions amid multiple trading venues. It discusses the impact of market fragmentation on liquidity, volatility, and price efficiency, and examines factors influencing routing choices, including technology and trader types. The review also covers regulatory reforms and highlights contemporary issues such as payment for order flow and retail trading phenomena like the GameStop frenzy."
https://laweconcenter.law.harvard.edu/wp-content/uploads/2024/11/331.pdf,U.S. Secondary Stock Markets: A Survey of Current Regulatory and Structural Issues and a Reform Proposal to Enhance Competition,,Harvard Law School,Academic / Law,7/1/01,"The article 'U.S. Secondary Stock Markets: A Survey of Current Regulatory and Structural Issues and a Reform Proposal to Enhance Competition' (Discussion Paper No. 331, 07/2001) explicitly discusses payment for order flow (POF) in the context of US equity markets. The abstract states: 'The controversial practice of payment for order flow (POF), wheredealers pay brokers to route customers’ orders to them whether or not such a routing results in the best price for the customer' and the table of contents includes 'Payment for Order Flow (POF)' with 'Definition and Magnitude of the Practice', confirming the explicit focus on POF in US equities.
References: [U.S. Secondary Stock Markets: A Survey of Current Regulatory and Structural Issues and a Reform Proposal to Enhance Competition](https://laweconcenter.law.harvard.edu/wp-content/uploads/2024/11/331.pdf)","Negative, Neutral","The article discusses significant concerns and critiques regarding the current regulatory framework of U.S. secondary stock markets, including issues like order flow fragmentation, payment for order flow, and market transparency, which reflect a Negative sentiment. However, it also proposes a reform to enhance competition, indicating a constructive and analytical approach, which aligns with a Neutral sentiment. Therefore, the sentiment is best characterized as both Negative and Neutral.","This paper surveys the regulatory and structural issues in U.S. secondary stock markets, focusing on concerns such as order flow fragmentation, payment for order flow, and market transparency. It critiques the current National Market System regulatory framework as inadequate for addressing these challenges. The author proposes a new competitive regulatory approach that enhances competition among market centers and provides issuers and investors with genuine choice over where shares trade."
https://dash.harvard.edu/bitstreams/a9643938-23c2-4b01-a6a2-6dcca656100e/download,An Analysis of Payment for Order Flow in American Financial Markets,,Harvard University,Academic / Law,5/1/22,"The article is explicitly centered on payment for order flow (PFOF) in the US, with a title referencing 'Payment for Order Flow in American Financial Markets' and a snippet indicating discussion of PFOF among US brokerages (e.g., 'out of 24 firms reviewed, 19 of 24 firms accepted payment for order flow') and references to Robinhood, a major US retail broker. This aligns with PFOF in US equity markets (not other asset classes). Source: crawled page of the Harvard DASH thesis 'The Rise of Commission-Free Trading and the Challenge of Robinhood: An Analysis of Payment for Order Flow in American Financial Markets' (Costanzo, 2022).
References: [An Analysis of Payment for Order Flow in American Financial Markets](https://dash.harvard.edu/bitstreams/a9643938-23c2-4b01-a6a2-6dcca656100e/download)",Negative,"The article presents a critical analysis of payment for order flow (PFOF) in American financial markets, emphasizing controversial practices, exploitation of retail traders, and conflicts of interest. It concludes with a recommendation to ban PFOF to protect investors and improve market fairness, indicating a negative sentiment towards PFOF.","This thesis analyzes the payment for order flow (PFOF) model in American financial markets, focusing on its growth with fintech platforms like Robinhood. It examines how PFOF influences retail trader behavior, regulatory scrutiny, and market outcomes. The study concludes that PFOF platforms encourage high-risk trading for revenue, often at the expense of retail investors, and advocates for banning PFOF to protect traders and improve market fairness."
https://businesslawreview.uchicago.edu/sites/default/files/2023-07/Nathanson_v2_493-530.pdf,A Disclosure Gap in the Market for Order Flow,,The University of Chicago Law School,Academic / Law,6/1/23,"The article explicitly discusses payment for order flow in the context of US equity markets. It opens with 'Wholesalers in U.S. equity markets' and describes the broker–wholesaler relationship, including the idea that wholesalers may earn rents paying for marketable orders placed retail investors, i.e., PFOF in US equities. It also covers SEC rule proposals related to order execution (Order Competition Rule, Regulation Best Execution), reinforcing the US equity market context.
References: [A Disclosure Gap in the Market for Order Flow](https://businesslawreview.uchicago.edu/sites/default/files/2023-07/Nathanson_v2_493-530.pdf)","Negative, Neutral","The article presents a critical view of the current market for order flow, highlighting a disclosure gap that limits competition and transparency, which is a negative aspect. However, it also discusses regulatory proposals and potential solutions, which introduces a neutral or constructive element to the sentiment. Therefore, the sentiment is best characterized as a combination of Negative and Neutral.","The article analyzes the broker-wholesaler relationship in U.S. equity markets, highlighting a disclosure gap that limits competition and investor oversight. It discusses how brokers negotiate order flow arrangements with wholesalers, the tradeoffs involved, and the lack of detailed disclosure under current SEC regulations. The piece also reviews recent SEC proposals aimed at improving transparency and market structure, emphasizing the need for mandatory wholesaler-specific disclosure to benefit retail investors."
https://businesslawreview.uchicago.edu/print-archive/disclosure-gap-market-order-flow,A Disclosure Gap in the Market for Order Flow,,University of Chicago,Academic / Law,7/1/23,"The article, titled ""A Disclosure Gap in the Market for Order Flow"" and published the University of Chicago Business Law Review, explicitly discusses wholesalers in U.S. equity markets and the SEC's focus on them. The crawled content confirms that the article discusses payment for order flow in the context of US equity markets. The abstract mentions the broker-wholesaler relationship and the SEC's proposed Order Competition Rule. The introduction also mentions Chairman Gensler's concern about economic rents accruing to wholesalers as they pay for marketable orders placed retail investors.
References: [A Disclosure Gap in the Market for Order Flow](https://businesslawreview.uchicago.edu/print-archive/disclosure-gap-market-order-flow), [[PDF] A Disclosure Gap in the Market for Order Flow](https://businesslawreview.uchicago.edu/sites/default/files/2023-07/Nathanson_v2_493-530.pdf), [Payment For Order Flow is banned in the UK : r/Superstonk](https://www.reddit.com/r/Superstonk/comments/obxxkd/payment_for_order_flow_is_banned_in_the_uk), [Payment for order flow | Request PDF - ResearchGate](https://www.researchgate.net/publication/222569423_Payment_for_order_flow), [[PDF] Payment for Order Flow and the Retail Trading Experience](https://wifpr.wharton.upenn.edu/wp-content/uploads/2023/09/Payment-for-Order-Flow-final.pdf)",Negative,"The article critically analyzes the broker-wholesaler relationship and highlights a significant disclosure gap in the U.S. equity markets that limits competition and prevents effective monitoring retail investors. It points out regulatory shortcomings and market failures, proposing a regulatory solution to address these issues. The tone is analytical and concerned, focusing on problems and the need for reform, which aligns with a Negative sentiment.","The article discusses the broker-wholesaler relationship in U.S. equity markets, highlighting a significant disclosure gap that limits competition and prevents retail investors from effectively monitoring brokers. It explains how brokers make tradeoffs in negotiating order flow arrangements with wholesalers and argues that current SEC regulations do not require sufficient disclosure of these arrangements. The author proposes a regulatory solution to mandate detailed disclosure of order-routing strategies to enhance market transparency and investor protection."
https://nber.org/system/files/working_papers/w29883/revisions/w29883.rev0.pdf,Payment for Order Flow and Asset Choice,,University of Maryland and Carnegie Mellon University,Academic / Law,3/1/22,"The article explicitly discusses payment for order flow (PFOF) in US equity markets. It states that Robinhood earns over 80% of its revenue from PFOF and describes payments from market makers (e.g., Citadel) to brokers (e.g., Robinhood) for routing orders to the market maker rather than to public markets, i.e., PFOF in US equity trading. The piece also centers on retail US equity trades and mentions SEC oversight, confirming the US equity market context. These elements satisfy the criterion that PFOF is discussed in the context of US equity markets.
References: [Payment for Order Flow and Asset Choice](https://www.nber.org/system/files/working_papers/w29883/revisions/w29883.rev0.pdf)",Negative,"The article discusses payment for order flow (PFOF) in US equity markets with a focus on concerns such as conflicts of interest, worse prices for retail investors in options markets, and incentives for brokers to encourage excess trading. While it acknowledges some benefits like price improvement for retail equity trades, the overall tone highlights significant issues and potential harm to retail investors, indicating a predominantly negative sentiment.","This paper analyzes payment for order flow (PFOF) in U.S. equity and options markets, highlighting significant differences across asset classes. It finds that PFOF is small in stocks and benefits retail traders through price improvements, especially off-exchange, while in options, PFOF is large and harms retail traders leading to worse prices and wider spreads. The study emphasizes that brokers have stronger incentives to promote options trading due to higher PFOF revenues, especially in the zero-commission trading environment. It also documents that price improvements in equity markets provide substantial financial benefits to retail investors."
https://nber.org/system/files/working_papers/w29883/w29883.pdf,Payment for Order Flow and Asset Choice,,University of Maryland and Carnegie Mellon University,Academic / Law,3/1/22,"The article discusses payment for order flow (PFOF) and its implications in the context of US equity markets. It mentions key players like Robinhood and Citadel, regulatory bodies like the SEC, and specific market mechanisms like subpenny price improvements, all within the US equity market context.
References: [Payment for Order Flow and Asset Choice](https://nber.org/system/files/working_papers/w29883/w29883.pdf)",Neutral,"The article discusses both positive aspects (such as meaningful price improvement for retail traders in stocks) and negative aspects (such as worse prices and wider spreads in options markets, and potential conflicts of interest for brokers). It presents a balanced analysis of payment for order flow across different asset classes without a clear positive or negative bias, indicating a neutral sentiment.","The article analyzes payment for order flow (PFOF) in US equity and options markets, highlighting key differences across asset classes. It finds that PFOF is small in stocks, where retail traders benefit from meaningful price improvements, but large in options, where PFOF is linked to worse prices and wider spreads. The study discusses broker incentives to favor assets with higher PFOF, especially in a zero-commission trading environment, and addresses regulatory concerns about execution quality and potential conflicts of interest."
https://wifpr.wharton.upenn.edu/wp-content/uploads/2023/10/Payment-for-Order-Flow.pdf,Payment for Order Flow and the Retail Trading Experience,,University of Maryland; Carnegie Mellon University,Academic / Law,10/1/23,"The article abstract mentions payment for order flow and its potential concerns in the context of US retail brokers. It also mentions that the SEC regulatory focus has been on equity markets. Therefore, the article discusses payment for order flow in the context of US equity markets.
References: [Payment for Order Flow and the Retail Trading Experience](https://wifpr.wharton.upenn.edu/wp-content/uploads/2023/10/Payment-for-Order-Flow.pdf)","Neutral, Negative","The article presents a balanced analysis of payment for order flow (PFOF) in US retail trading. It highlights significant concerns such as potential distortions in broker routing, market quality issues, and misaligned broker incentives, which reflect a negative sentiment. However, it also acknowledges benefits like enabling zero-commission trading and proposes constructive regulatory and market improvements, which contribute to a neutral tone. Thus, the sentiment is a combination of Neutral and Negative.","This article examines the payment for order flow (PFOF) model used U.S. retail brokers, highlighting concerns about its impact on routing decisions, market quality, and broker incentives, especially given that most PFOF revenue comes from option markets with higher rates than equities. It evaluates the SEC's proposal for order-by-order auctions in equity trading and proposes alternatives such as expanding Retail Liquidity Programs, reforming option market structures, and implementing a PFOF fee cap to improve retail investor welfare and market fairness."
https://wifpr.wharton.upenn.edu/wp-content/uploads/2023/09/Payment-for-Order-Flow-final.pdf,Payment for Order Flow and the Retail Trading Experience,,University of Maryland; Carnegie Mellon University,Academic / Law,9/1/23,"The article's abstract explicitly mentions 'U.S. retail brokers' and 'equity markets' in the context of payment for order flow (PFOF). This indicates that the article discusses PFOF in the context of US equity markets, satisfying the criterion.
References: [Payment for Order Flow and the Retail Trading Experience](https://wifpr.wharton.upenn.edu/wp-content/uploads/2023/09/Payment-for-Order-Flow-final.pdf)","Negative, Neutral","The article discusses significant concerns about payment for order flow (PFOF), including potential distortions in broker routing decisions, reduction in market quality, segmentation of retail orders, and misaligned broker incentives. It critically examines regulatory challenges and the impact on market health, indicating a negative sentiment. However, it also proposes alternative solutions and improvements, which introduces a neutral, analytical tone. Therefore, the sentiment is best characterized as both Negative and Neutral.","This article examines the payment for order flow (PFOF) business model used U.S. retail brokers, focusing on its implications for zero-commission trading. It discusses concerns about PFOF's effects on broker routing decisions, market quality, and incentives, particularly due to higher PFOF rates in option markets compared to equities. The authors analyze the SEC's proposed order-by-order auctions for retail equity trades and propose alternatives including expanding Retail Liquidity Programs, reforming option market structures, and implementing a PFOF fee cap to address market distortions and improve retail investor welfare."
https://capital-markets.law.columbia.edu/sites/default/files/content/docs/rauterberg-_mahoney-_final_draft.pdf,The Regulation of Trading Markets: A Survey and Evaluation,,University of Virginia School of Law; University of Michigan Law School,Academic / Law,4/19/17,"Yes. The document discusses payment for order flow within the US equity market context: in the table of contents, Section VI.C (or VI.B.3 in the numbering shown) lists “Payment for Order Flow” under “Broker-Dealer Routing Decisions,” within “CURRENT ISSUES IN EQUITY MARKET STRUCTURE,” which confirms PFOF is addressed in relation to US equities. The abstract also frames the discussion around U.S. equity markets and market structure regulation, reinforcing the US-equities context. Source evidence: crawled content shows VI. CURRENT ISSUES IN EQUITY MARKET STRUCTURE -> B. Broker-Dealer Routing Decisions -> 3. Payment for Order Flow. Also explicit mention of U.S. equity markets in the abstract.
References: [The Regulation of Trading Markets: A Survey and Evaluation](https://capital-markets.law.columbia.edu/sites/default/files/content/docs/rauterberg-_mahoney-_final_draft.pdf)",Neutral,"The article provides a balanced analysis of the U.S. equity markets, highlighting both positive developments such as increased convenience, speed, and lower costs for retail investors, and negative criticisms including concerns about market fairness and high-frequency trading. It does not express a clear positive or negative bias, making the overall sentiment neutral.","This paper surveys the significant changes in U.S. equity markets over the past 15 years, driven technological advances and regulatory policies. It examines the shift from manual to electronic trading, the proliferation of trading venues, and the regulatory framework shaping market structure. Key topics include market practices like payment for order flow, high-frequency trading, and the challenges and criticisms these raise. The paper also explores alternative market structures and ongoing regulatory debates."
https://businessthink.unsw.edu.au/articles/nasdaq-fee-pilot-study-trading-behaviour-analysis,How NASDAQ's fee pilot redefined trading behaviour,,UNSW Business School,Academic / Law,,"The article discusses NASDAQ's 2015 maker-taker fee pilot in US equity markets, describing rebates to liquidity providers and subsidies funded a levy on market orders, i.e., payment-for-order-flow-like dynamics in US stocks. It references NASDAQ/NYSE trading of 14 stocks, maker-taker pricing, and the impact on liquidity and order execution.
References: [How NASDAQ's fee pilot redefined trading behaviour](https://www.businessthink.unsw.edu.au/articles/nasdaq-fee-pilot-study-trading-behaviour-analysis)",Neutral,"The article presents a balanced view on NASDAQ's fee pilot experiment, discussing both positive outcomes such as improved order execution speed and valuable insights, and negative effects like reduced market share and liquidity. The tone is factual and analytical without strong positive or negative bias, indicating a neutral sentiment.","The article analyzes NASDAQ's 2015 fee pilot experiment involving 14 highly liquid US stocks, which temporarily reduced maker-taker fees and rebates. The study reveals how exchange fee structures influence trading behavior, liquidity provision, market quality, and order execution speed. It highlights that fee changes can shift market share, affect limit order placement, and impact trading costs differently for small versus large traders. The research provides insights into the practical implications of fee structures for market participants and challenges assumptions about the effects of exchange fees on liquidity."
https://bettermarkets.com/sites/default/files/documents/Better_Markets_Reddit_Robinhood_Gamestop_RiggedMarkets_02-01-2021.pdf,"Reddit, Robinhood, GameStop & Rigged Markets: The Key Issues for Investigation",,Better Markets,Industry association / Advocacy,2/1/21,"yes. The document contains a dedicated section titled 'Payment for Order Flow (PFOF): Legalized Bribery' that explicitly discusses PFOF in the context of US equity markets, including: (1) Robinhood being paid over $450 million in 2020 for routing client orders; (2) Citadel Securities as a major recipient of Robinhood's order flow; (3) discussion of 'commission-free trading' claims and the need for SEC/CFTC review. All content is framed around US stock trading and market structure, not other asset classes.
References: [Reddit, Robinhood, GameStop & Rigged Markets: The Key Issues for Investigation](https://bettermarkets.com/sites/default/files/documents/Better_Markets_Reddit_Robinhood_Gamestop_RiggedMarkets_02-01-2021.pdf)",Negative,"The article discusses serious issues such as predatory market practices, conflicts of interest, misleading claims of 'free trading,' and the gamification of trading, which are all framed negatively. It highlights harm to retail investors, market manipulation, and calls for regulatory scrutiny and intervention. The tone is critical and cautionary, indicating a negative sentiment overall.","The document examines the market turmoil caused Reddit-fueled and Robinhood-facilitated trading of GameStop and other stocks, highlighting serious investor protection and market integrity issues. It discusses the problematic practice of payment for order flow (PFOF), misleading claims of commission-free trading, and the gamification of trading that encourages risky behavior. The report calls for increased regulatory scrutiny of brokers, hedge funds, and market intermediaries to address conflicts of interest, market manipulation, and the hidden costs borne retail investors."
https://bettermarkets.org/analysis/fact-sheet-a-real-robin-hood-on-wall-street-democratizing-equity-markets-without-exploitation,Fact Sheet: A Real Robin Hood on Wall Street: Democratizing Equity Markets Without Exploitation,,Better Markets,Industry association / Advocacy,7/29/22,"The article explicitly discusses payment for order flow (PFOF) in the context of US equity markets, mentioning Robinhood, Citadel, and the SEC enforcement action against Robinhood related to PFOF. It explains how PFOF works and its potential harm to investors.
References: [Fact Sheet: A Real Robin Hood on Wall Street: Democratizing Equity Markets Without Exploitation](https://bettermarkets.org/analysis/fact-sheet-a-real-robin-hood-on-wall-street-democratizing-equity-markets-without-exploitation)",Negative,"The article is highly critical of Robinhood and the practice of payment for order flow (PFOF), highlighting exploitation, predatory practices, conflicts of interest, and harm to retail investors. It emphasizes how these practices enrich Wall Street at the expense of Main Street investors. The tone is clearly negative towards these financial practices and firms, with no indication of positive or neutral sentiment.","The article critiques Robinhood and the practice of payment for order flow (PFOF) in US equity markets, highlighting how Robinhood's claims of democratizing finance are undermined predatory practices, conflicts of interest, and exploitation of retail investors. It discusses the January 2021 meme stock trading frenzy, Robinhood's controversial trading restrictions, and the SEC enforcement action against Robinhood for misleading customers about order execution quality. The article calls for genuine democratization of equity markets without exploitation."
https://bettermarkets.org/analysis/sec-market-structure-reforms,SEC Market Structure Reforms,,Better Markets,Industry association / Advocacy,4/14/23,"The article explicitly mentions 'payment for order flow' in the context of US equity markets, specifically referencing the Gamestop and meme-stock trading frenzies and the SEC's proposed reforms to address related issues. This satisfies the criterion.
References: [SEC Market Structure Reforms](https://bettermarkets.org/analysis/sec-market-structure-reforms)",Positive,"The article from Better Markets discusses the SEC's proposed market structure reforms in a supportive and constructive tone. It highlights the potential benefits of these reforms for retail investors, such as improved best execution, increased competition, reduced fees, and greater transparency. While it acknowledges existing problems in the market, the article views the SEC's proposals as important steps forward and advocates for further improvements. This indicates a positive sentiment towards the reforms and their impact on market integrity and investor protection.","The article discusses the SEC's proposed market structure reforms aimed at addressing issues in the U.S. equity markets, such as payment for order flow and fragmented trading venues. Key reforms include Regulation Best Execution to ensure brokers get the best prices for clients, the Order Competition Rule to promote competitive auctions for retail orders, and adjustments to pricing increments to improve trade execution. The reforms seek to enhance market fairness, transparency, and investor protection, particularly for retail investors, while calling for further measures to eliminate conflicts of interest."
https://money2020.com/content/blog/whats-the-secs-beef-with-order-flow,What’s the SEC’s beef with order flow?,,Money20/20,Industry association / Advocacy,9/27/22,"The article discusses payment for order flow (PFOF) in the context of US equity markets. It mentions Robinhood, a retail brokerage that offers commission-free trading due to PFOF, and the SEC's role in regulating this practice. The article explicitly states that PFOF enables retail brokerages like Robinhood to offer commission-free trading in US equity markets.
References: [What’s the SEC’s beef with order flow?](https://www.money2020.com/content/blog/whats-the-secs-beef-with-order-flow)",Negative,"The article discusses the controversy and risks associated with payment for order flow (PFOF), particularly focusing on Robinhood's heavy reliance on it and the potential for conflicts of interest and user exploitation. It highlights regulatory scrutiny the SEC and past fines against Robinhood, portraying a critical view of the practice and its implications for retail investors. The tone is cautionary and critical rather than positive or neutral, indicating a Negative sentiment overall.","The article explains the controversial practice of payment for order flow (PFOF) in US equity markets, focusing on Robinhood's heavy reliance on it for revenue. It outlines how PFOF works, the SEC's regulatory stance, and the potential conflicts of interest and risks to retail investors. The article highlights the SEC's decision not to ban PFOF outright but signals ongoing scrutiny and challenges for Robinhood's business model."
https://sifma.org/resources/research/equity-market-structure-primer,US Equity Market Structure Primer - SIFMA,,SIFMA,Industry association / Advocacy,9/20/24,"The crawled page from SIFMA, titled ""US Equity Market Structure Primer,"" provides an overview of equity market structure. While the initial crawl did not explicitly mention ""payment for order flow,"" a search led to a SIFMA Q&A article that directly addresses the topic of payment for order flow (PFOF) in the context of US equity markets. The Q&A defines PFOF and discusses related regulatory requirements. Therefore, the article discusses payment for order flow in the context of US equity markets.
References: [Q&A: US Equity Market Structure - SIFMA](https://www.sifma.org/resources/news/qa-u-s-equity-market-structure), [[PDF] SIFMA Research Quarterly - Equities 2Q25](https://www.sifma.org/wp-content/uploads/2025/04/SIFMA-Research-Quarterly-Equity-and-Related-2Q25.pdf), [Payment for Order Flow (PFOF): Definition and How It Works](https://www.investopedia.com/terms/p/paymentoforderflow.asp), [SEC takes hatchet to payment for order flow, best execution ...](https://www.globaltrading.net/sec-takes-hatchet-to-payment-for-order-flow-best-execution-proposals-and-12-more-rules), [[PDF] March 31, 2023 - SEC.gov](https://www.sec.gov/comments/s7-32-22/s73222-20163541-333880.pdf), [US Equity Market Structure Primer - SIFMA](https://www.sifma.org/resources/research/equity-market-structure-primer)",Positive,"The article highlights the US equity markets as the largest, most liquid, and efficient globally, with positive attributes such as narrow spreads, low transaction costs, and fast execution speeds. It emphasizes ongoing efforts to improve market resiliency and investor confidence, reflecting a positive outlook on the market structure.","The US Equity Market Structure Primer SIFMA provides an overview of the US equity markets, highlighting their size, liquidity, and efficiency. It covers key topics such as market volumes, market landscape evolution, market shares, order routing, and regulatory developments. The primer emphasizes the importance of market resiliency and the role of regulators and participants in sustaining investor confidence and supporting capital formation."
https://sifma.org/explore-issues/equity-market-structure,Equity Market Structure - SIFMA,,SIFMA,Industry association / Advocacy,8/25/25,"The article, specifically the Q&A section, directly addresses and explains payment for order flow (PFOF) within the context of US equity markets. It details the practice, the involved parties, and the relevant regulations.
References: [Q&A: US Equity Market Structure - SIFMA](https://www.sifma.org/resources/news/qa-u-s-equity-market-structure), [[PDF] US Equity Market Structure Compendium](https://www.sifma.org/wp-content/uploads/2024/03/SIFMA-Insights-Equity-Market-Structure-Compendium_as-of-2-26-1.pdf), [Payment For Order Flow (PFOF): Meaning & Examples - Britannica](https://www.britannica.com/money/payment-for-order-flow-explained), [[PDF] SIFMA Insights Equity Market Structure Compendium](https://www.sifma.org/wp-content/uploads/2023/02/SIFMA-Insights-Equity-Market-Structure-Compendium_3-5-v2.pdf), [SEC Revives Payment for Order Flow Debate - FlexTrade](https://flextrade.com/resources/sec-revives-pfof-debate), [Equity Market Structure - SIFMA](https://www.sifma.org/explore-issues/equity-market-structure)",Neutral,"The article presents a balanced view of the U.S. equity markets, highlighting their robustness, competitiveness, and efficiency while also noting regulatory updates and challenges in a factual manner. The tone is informative and neutral, without strong positive or negative bias.","The SIFMA webpage on Equity Market Structure outlines the strength and efficiency of the U.S. equity markets, emphasizing their liquidity, competitiveness, and regulatory oversight. It highlights the role of market makers in providing liquidity and the benefits to investors, especially retail investors. The page also details significant regulatory updates in 2024 and SIFMA's continued efforts to engage with policymakers and provide resources to enhance market structure transparency and efficiency."
https://sifma.org/resources/news/qa-u-s-equity-market-structure,Q&A: US Equity Market Structure - SIFMA,,SIFMA,Industry association / Advocacy,3/5/21,"The article directly addresses the question 'What is payment for order flow?' and explains the practice within the context of US equity markets, including relevant regulations. This confirms that the article discusses payment for order flow in the context of US equity markets.
References: [Q&A: US Equity Market Structure - SIFMA](https://www.sifma.org/resources/news/qa-u-s-equity-market-structure)",Neutral,"The article provides factual and explanatory information about the US equity market structure, including order execution, payment for order flow, and short selling. The tone is neutral and informative without expressing positive or negative opinions. Therefore, the sentiment is best classified as Neutral.","The article provides an overview of the U.S. equity market structure, highlighting its size, liquidity, and efficiency. It explains how customer orders are executed through various venues, including exchanges and off-exchange systems, emphasizing best execution obligations. The article also discusses payment for order flow, detailing how market makers compensate brokers for order routing and the regulatory requirements ensuring transparency and investor protection. Additionally, it covers short selling, describing the process, purposes, and key regulations governing it."
https://sifma.org/resources/news/blog/qa-u-s-equity-market-structure,Q&A: US Equity Market Structure,,SIFMA,Industry association / Advocacy,3/5/21,"The article directly addresses the question 'What is payment for order flow?' and provides a detailed explanation within the context of US equity markets, including regulatory aspects.
References: [Q&A: US Equity Market Structure](https://www.sifma.org/resources/news/blog/qa-u-s-equity-market-structure)",Neutral,"The article provides a factual, educational overview of the U.S. equity market structure, including order execution, payment for order flow, and short selling. It discusses both benefits and regulatory aspects without expressing strong positive or negative opinions. The tone is neutral and informative.","The article provides an overview of the U.S. equity market structure, explaining how customer orders are executed through various venues and the role of smart order routers. It discusses payment for order flow, including its benefits and regulatory requirements to ensure best execution and transparency. Additionally, the article covers short selling, its purpose, and the key regulations governing it. Overall, it highlights the complexity, efficiency, and regulatory framework of the U.S. equity markets."
https://bairdwealth.com/insights/wealth-management-perspectives/2020/09/the-2020-surge-in-retail-trading,The 2020 Surge in Retail Trading,,Baird,Institutional Brokerage,9/15/20,"The article discusses the 2020 surge in US retail trading and explicitly mentions 'selling customers’ order flow' as part of regulatory concerns, including an SEC civil fraud investigation related to PFOF, within the context of US equities (stock market). It also cites Citadel Securities as a market maker relevant to retail trading in US stocks. These elements demonstrate discussion of payment-for-order-flow in the US equity markets. Sources: content snippet listing 'selling customers’ order flow' and reference to Citadel Securities in the same article.
References: [The 2020 Surge in Retail Trading](https://www.bairdwealth.com/insights/wealth-management-perspectives/2020/09/the-2020-surge-in-retail-trading)",Neutral,"The article presents a balanced view on the surge in retail trading in 2020. It acknowledges positive aspects such as increased access to trading and democratization of equity ownership. However, it also highlights negative concerns including lack of financial literacy among retail investors, risks of uninformed trading, and regulatory issues like fines and investigations related to payment for order flow. The tone is cautionary and emphasizes the need for education and proper reasons for trading, leading to an overall neutral sentiment with cautionary elements.","The article discusses the significant rise in retail trading in 2020, driven factors like zero commissions, more time at home, and a market rebound. It highlights the challenges retail investors face competing with sophisticated players and emphasizes the need for financial education and disciplined investing aligned with long-term goals. The article also raises concerns about ethical issues and regulatory investigations related to payment for order flow in online brokerage platforms."
https://cantor.com/sec-rule-606-order-disclosure,SEC Rule 606 Order Disclosure - Cantor,,Cantor Fitzgerald,Institutional Brokerage,,"Yes. The article explicitly discusses payment for order flow (PFOF) within the SEC Rule 606 disclosure, detailing terms of PFOF and related profit-sharing arrangements, and states that Cantor CF&Co. does not base order routing on PFOF. This is clearly in the context of US equity markets (Rule 606 covers routing of equity and option orders in the US). Key quotes: (1) 'the terms of any payment for order flow and any profit-sharing arrangements that may influence a broker-dealer’s order routing decision'; (2) 'CF&Co. does not base options order routing decisions on the receipt of payment for order flow or any other order routing inducements'; (3) description of Rule 606 requiring disclosure of market-center routing for US-listed securities.
References: [SEC Rule 606 Order Disclosure - Cantor](https://www.cantor.com/sec-rule-606-order-disclosure)",Neutral,"The article is a factual and regulatory disclosure about SEC Rule 606 compliance Cantor Fitzgerald. It provides detailed information on order routing, payment for order flow, and best execution practices without any emotional or opinionated language. The tone is neutral and informative, focusing on transparency and adherence to regulatory requirements.","The page explains Cantor Fitzgerald's compliance with SEC Rule 606, which requires broker-dealers to disclose quarterly reports on the routing of non-directed equity and option orders. It details the report's structure, covering S&P 500 stocks, other stocks, and options, and includes information on payment for order flow and profit-sharing arrangements. Cantor Fitzgerald states it does not base order routing decisions on payment for order flow or have volume-based incentives, emphasizing its commitment to best execution and transparency."
https://fmtrust.bank/money-moves-article/investor-alert-robinhood-app-hit-with-hefty-fine-from-federal-regulators,Investor Alert: Robinhood app hit with hefty fine from federal regulators,,F&M Trust,Media,2/23/21,"Yes. The article explicitly discusses payment for order flow (PFOF) in the US equity context: it cites the SEC charging Robinhood for failing to disclose receipt of payments from trading firms for routing customers' orders, states that Robinhood's primary revenue source was PFOF, and mentions Citadel Securities paying Robinhood for routing in 2020, all within the US equities framework (stocks). This satisfies the criterion that the article covers PFOF in US equity markets.
References: [Robinhood, Schwab led US$340m retail order flow payment ...](https://www.globaltrading.net/robinhood-schwab-led-us461m-retail-order-flow-payment-bonanza-in-may), [Payments for US retail flow reach record high, led Citadel ...](https://www.globaltrading.net/payment-for-us-retail-flow-reaches-record-high-led-by-citadel-securities-imc), [Robinhood CEO says payment for order flow is 'here to stay' - CNBC](https://www.cnbc.com/2023/12/01/robinhood-ceo-says-payment-for-order-flow-is-here-to-stay.html), [Payment For Order Flow & Market Implications - Bloomberg Law](https://www.bloomberglaw.com/external/document/X1RP679S000000/capital-markets-professional-perspective-payment-for-order-flow-), [[PDF] Payment for Order Flow and the Retail Trading Experience](https://wifpr.wharton.upenn.edu/wp-content/uploads/2023/10/Payment-for-Order-Flow.pdf), [Payment for order flow (PFOF): what it is and why it's controversial - Curvo](https://curvo.eu/article/payment-for-order-flow-pfof), [[DOC] https://investors.robinhood.com/static-files/c5bd2...](https://investors.robinhood.com/static-files/c5bd280f-b400-4bff-b5c3-7b4cffbd4ff0), [Market Structure & Order Execution - Robinhood Policy Positions](https://policy.aboutrobinhood.com/policy/order-execution), [Payment for order flow : r/etrade](https://www.reddit.com/r/etrade/comments/omwh68/payment_for_order_flow), [Robinhood made $331 million from clients' trading activity in Q1 2021](https://www.cnbc.com/2021/05/03/robinhood-made-331-million-from-clients-trading-activity-in-q1-2021.html), [Investor Alert: Robinhood app hit with hefty fine from federal regulators](https://fmtrust.bank/money-moves-article/investor-alert-robinhood-app-hit-with-hefty-fine-from-federal-regulators)",Negative,"The article focuses on Robinhood being charged the SEC for misleading customers about payment for order flow, failing to seek best execution for customer orders, and agreeing to pay a $65 million fine. The tone is critical and highlights regulatory violations and penalties, which clearly indicates a negative sentiment.","The article reports that the SEC charged Robinhood Financial LLC with failing to disclose its primary revenue source—payment for order flow (PFOF)—and for not seeking the best execution prices for customer orders. Robinhood agreed to pay a $65 million fine and implement changes after misleading customers about its revenue and execution quality. The SEC highlighted that Robinhood's PFOF practice led to inferior trade prices, costing customers $34.1 million in aggregate."
https://fidelity.com/trading/execution-quality/overview,Commitment to Execution Quality | Trading with Fidelity,,Fidelity Investments,Retail Broker,3/31/25,"The article from Fidelity states that they do not take payment for order flow from market makers for stock and ETF trades. This indicates that the article discusses payment for order flow in the context of US equity markets, even if to say they don't participate in it.
References: [What is price improvement and why does it matter?](https://capitalmarkets.fidelity.com/app/proxy/content?literatureURL=/9916888.PDF), [Commitment to Execution Quality | Trading with Fidelity](https://www.fidelity.com/trading/execution-quality/overview), [Payment for order flow - Wikipedia](https://en.wikipedia.org/wiki/Payment_for_order_flow), [Payment for Order Flow - Fidelity Actually Does Use It - Reddit](https://www.reddit.com/r/fidelityinvestments/comments/p20e04/payment_for_order_flow_fidelity_actually_does_use), [[PDF] Payment for Order Flow and the Retail Trading Experience](https://wifpr.wharton.upenn.edu/wp-content/uploads/2023/10/Payment-for-Order-Flow.pdf)",Positive,"The article emphasizes Fidelity's positive attributes such as significant price improvement savings for investors, transparency in execution quality, high execution speed and price improvement percentages, and Fidelity's policy of not taking payment for order flow for stock and ETF trades. It also highlights Fidelity's #1 rating for order execution StockBrokers.com. The tone is clearly positive, promoting Fidelity's commitment to execution quality and value for investors.","The Fidelity webpage highlights their commitment to execution quality offering significant price improvement savings for equity, ETF, and options trades, saving investors over $1.94 billion in 2024. It emphasizes transparency in showing trade savings, high execution quality metrics such as 96% price improvement and 0.04-second execution speed, and Fidelity's policy of not accepting payment for order flow on stock and ETF trades. Fidelity is recognized as the #1 broker for order execution StockBrokers.com in 2023."
https://jpmorgan.com/wealth-management/wealth-partners/legal/orderrouting,Order Routing Practices,,J.P. Morgan Securities LLC,Institutional Brokerage,11/15/00,"The article discusses SEC Rules 605 and 606, which, according to search results, are related to payment for order flow (PFOF) in US equity markets. The article implicitly discusses PFOF referencing these rules in the context of order routing practices.
References: [Payment for Order Flow (PFOF): Definition and How It Works](https://www.investopedia.com/terms/p/paymentoforderflow.asp), [SEC takes hatchet to payment for order flow, best execution ...](https://www.globaltrading.net/sec-takes-hatchet-to-payment-for-order-flow-best-execution-proposals-and-12-more-rules), [Payment For Order Flow (PFOF): Meaning & Examples - Britannica](https://www.britannica.com/money/payment-for-order-flow-explained), [Order Routing Practices](https://www.jpmorgan.com/wealth-management/wealth-partners/legal/orderrouting)",Neutral,"The article provides factual information about SEC Rules 605 and 606 related to order routing practices. It includes disclaimers about the accuracy of statistics and risks involved in investments. The tone is objective and informative without expressing positive or negative opinions, indicating a neutral sentiment.","The article explains J.P. Morgan Securities LLC's compliance with SEC Rules 605 and 606 regarding public disclosure of order execution and routing practices in US equity and options markets. It highlights the availability of reports on execution quality and order routing venues, clarifies the limitations of these statistics, and informs customers about their rights to request order information. The content also includes disclaimers about the accuracy of data, investment risks, and the firm's regulatory affiliations."
https://rbccm.com/en/insights/story.page?dcr=templatedata/article/insights/data/2022/05/should_the_sec_put_a_stop_to_payment_for_order_flow,Should the SEC put a stop to payment for order flow?,,RBC Capital Markets,Institutional Brokerage,5/25/22,"The article discusses payment for order flow (PFOF) in the context of US equity markets. It mentions the SEC, GameStop, and the meme stock mania, all of which are related to US equity markets. The article also discusses the potential banning of PFOF the SEC.
References: [Should the SEC put a stop to payment for order flow?](https://www.rbccm.com/en/insights/story.page?dcr=templatedata/article/insights/data/2022/05/should_the_sec_put_a_stop_to_payment_for_order_flow)",Neutral,"The article discusses the controversial topic of payment for order flow (PFOF) in US equity markets, highlighting concerns about conflicts of interest and market transparency issues. It presents the SEC's consideration of banning PFOF and analyzes market data to question current practices. While it points out problems with PFOF, it also proposes constructive regulatory changes to improve best execution and market fairness. The tone is balanced, critical yet solution-oriented, which aligns with a Neutral sentiment classification.","The article discusses the SEC's review of payment for order flow (PFOF) in US equity markets, prompted the meme stock events like GameStop. It highlights concerns about conflicts of interest and market transparency affecting best execution for retail investors. The analysis shows that effective spreads and maker-taker fees add complexity and may limit price improvement. The article suggests regulatory changes including revising best execution rules, increasing transparency around odd lots, and potentially banning or limiting PFOF to enhance market fairness and investor protection."
https://lexology.com/library/detail.aspx?g=863806a4-7ec4-4d3e-a5f6-b760b08009f4,Electronic Trading Firms and Payment for Order Flows,,Carpenter Wellington PLLC,Law firm,3/2/21,"The article explicitly discusses payment for order flow in the context of US equity markets. It mentions Robinhood, Citadel Securities, and SEC Rule 606, all of which are related to US equity trading and PFOF.
References: [Electronic Trading Firms and Payment for Order Flows](https://www.lexology.com/library/detail.aspx?g=863806a4-7ec4-4d3e-a5f6-b760b08009f4)",Neutral,"The article provides a balanced view on electronic trading firms and payment for order flows. It discusses both positive aspects such as market liquidity, competition, and commission-free trading, and negative aspects including regulatory scrutiny, risks of software malfunctions, and conflicts of interest. The tone is factual and presents arguments and rebuttals without strong bias, indicating a neutral sentiment overall.","The article discusses the role of electronic trading firms in US equity markets, focusing on their use of high-frequency trading and arbitrage strategies. It explains the practice of payment for order flow, where market makers pay brokerages to execute customer orders, providing liquidity and profiting from bid-ask spreads. The article highlights regulatory scrutiny following events like the GameStop saga, presents arguments and rebuttals regarding conflicts of interest, and outlines SEC Rule 606's disclosure requirements."
https://morganlewis.com/blogs/finreg/2022/12/sec-proposes-equity-market-overhaul-and-best-execution-rule,SEC Proposes Equity Market Overhaul and Best Execution Rule,,Morgan Lewis,Law firm,12/14/22,"The article explicitly discusses payment for order flow (PFOF) in the context of US equity markets. It includes language about brokers potentially accepting PFOF and the impact on best-execution obligations, e.g., the text: “whether any price improvements that retail customers obtain under the proposed auction mechanism will be offset their having to pay commissions if broker-dealers become reluctant to accept payment for order flow (PFOF) out of fear of violating a best execution obligation, as discussed below.” The content is part of a broader discussion of SEC Equity Market Proposals affecting US NMS stocks and Regulation Best Ex, confirming US equity market context. Source: Morgan Lewis FinReg blog post, SEC Proposes Equity Market Overhaul and Best Execution Rule (Dec 14, 2022).
References: [SEC Proposes Equity Market Overhaul and Best Execution Rule](https://morganlewis.com/blogs/finreg/2022/12/sec-proposes-equity-market-overhaul-and-best-execution-rule)",Neutral,"The article provides a balanced analysis of the SEC's proposed equity market overhaul and best execution rule. It outlines both the potential benefits, such as increased transparency and competition, and the challenges, including technological burdens, unclear benefits for retail investors, and possible unintended consequences. The discussion of payment for order flow concerns further adds to the cautious tone. Therefore, the overall sentiment is neutral, reflecting a careful consideration of both positive and negative aspects.","The article discusses the SEC's proposed overhaul of the US equity markets, including amendments to Rule 605 expanding execution quality disclosures, changes to Regulation NMS affecting tick sizes and access fees, and a new Retail Auction Rule (Rule 615) to enhance competition for retail order execution. It also covers the proposed Regulation Best Execution aimed at brokers and dealers. The proposals seek to increase transparency, promote competition, and address concerns around payment for order flow and best execution obligations, with potential significant impacts on market participants and infrastructure."
https://bloomberglaw.com/external/document/X1RP679S000000/capital-markets-professional-perspective-payment-for-order-flow-,"Capital Markets, Professional Perspective - Payment For Order Flow & Market Implications",,Morvillo Abramowitz Grand Iason & Anello,Law firm,10/1/21,"The article's title explicitly mentions 'Payment For Order Flow & Market Implications'. The article also mentions Robinhood, a US retail brokerage firm, and its role in zero-commission trading. This strongly suggests the article discusses PFOF in the context of US equity markets.
References: [Capital Markets, Professional Perspective - Payment For Order Flow & Market Implications](https://bloomberglaw.com/external/document/X1RP679S000000/capital-markets-professional-perspective-payment-for-order-flow-)",Neutral,"The article provides an analytical and balanced discussion of payment for order flow (PFOF) in the US equity markets. It explains the practice, regulatory scrutiny, and controversies without using strongly positive or negative language. The tone is factual and objective, focusing on both the legality and criticisms of PFOF, indicating a neutral sentiment.","The article analyzes payment for order flow (PFOF) in US equity markets, highlighting Robinhood's reliance on PFOF for revenue and the regulatory scrutiny it has faced from the SEC and FINRA. It explains the practice, its legality, disclosure requirements, and the duty of best execution brokers owe to customers. The article also discusses concerns about inherent conflicts of interest in PFOF and ongoing debates about its impact on market fairness and efficiency."
https://tradersmagazine.com/am/duty-of-best-execution-and-payment-for-order-flow-a-review-of-recent-civil-litigation,Duty of Best Execution and Payment for Order Flow,,Winston & Strawn,Law firm,,"The article explicitly discusses payment for order flow (PFOF) and the duty of best execution, including a definition of PFOF as market makers paying brokers to route orders, and it situates this within US markets (Traders Magazine content focused on U.S. equity markets; references to SEC/FINRA actions regarding PFOF). This satisfies the criterion that the piece discusses PFOF in the context of US equity trading.
References: [Duty of Best Execution and Payment for Order Flow](https://www.tradersmagazine.com/am/duty-of-best-execution-and-payment-for-order-flow-a-review-of-recent-civil-litigation), [Duty of Best Execution and Payment for Order Flow - Winston & Strawn](https://www.winston.com/en/insights-news/duty-of-best-execution-and-payment-for-order-flow-a-review-of-recent-civil-litigation), [Editorial Staff, Author at Traders Magazine - Page 54 of 1514](https://www.tradersmagazine.com/author/editorial/page/54), [[PDF] Payment For Order Flow & Market Implications](https://static.maglaw.com/docs/PaymentForOrderFlow%20final%20draft.pdf), [Better 'Best Execution': An Overview and Assessment](https://academic.oup.com/book/27407/chapter/197226882), [[PDF] Payment for Order Flow and the Great Missed Opportunity](https://openscholarship.wustl.edu/cgi/viewcontent.cgi?article=1310&context=law_scholarship), [Equities Archives - Page 75 of 161 - Traders Magazine](https://www.tradersmagazine.com/category/equities/page/75), [The retail execution quality landscape - ScienceDirect.com](https://www.sciencedirect.com/science/article/pii/S0304405X25000595), [[PDF] FACT SHEET – Payment for Order Flow - Better Markets](https://bettermarkets.org/wp-content/uploads/2022/03/Better_Markets_Payment_for_Order_Flow_Short_02-21-2021.pdf), [[PDF] Naked Short Selling & The Erosion of Shareholder Democracy](https://digitalcommons.law.lsu.edu/cgi/viewcontent.cgi?article=1051&context=jsjp)",Neutral,"The article discusses the duty of best execution and payment for order flow in the context of regulatory review and litigation risks. The tone is analytical and factual, focusing on regulatory guidance and potential legal issues without expressing a clearly positive or negative stance. Therefore, the sentiment is best classified as Neutral.","The article reviews recent civil litigation and regulatory focus on payment for order flow (PFOF) and the duty of best execution in U.S. equity markets. It discusses how PFOF, where market makers pay brokers to route orders, coexists with brokers' obligation to seek the most favorable execution terms for clients. The SEC and FINRA have issued guidance and announced reviews to address concerns that PFOF might undermine best execution obligations."
https://citadelsecurities.com/wp-content/uploads/sites/2/2022/12/EnhancingCompetitionTransparencyandResiliencyinUSFinancialMarkets.pdf,"Enhancing Competition, Transparency, and Resiliency in U.S. Financial Markets",,Citadel Securities,Market maker,5/1/21,"The article explicitly discusses payment for order flow (PFOF) in the Equities section, stating '4. Ensure effective transparency of PFOF arrangements comprehensively reviewing the 606 reports...' and it is framed within US equity markets (Equities) as part of a policy recommendations document on 'Enhancing Competition, Transparency, and Resiliency in U.S. Financial Markets.' This shows PFOF discussion in the context of US equity trading, not other asset classes.
References: [Enhancing Competition, Transparency, and Resiliency in U.S. Financial Markets](https://citadelsecurities.com/wp-content/uploads/sites/2/2022/12/EnhancingCompetitionTransparencyandResiliencyinUSFinancialMarkets.pdf)",Positive,"The article is a policy recommendation document from Citadel Securities focused on enhancing competition, transparency, and resiliency in U.S. financial markets. The tone throughout is constructive and forward-looking, advocating for improvements and regulatory measures to strengthen market efficiency and fairness. There is no negative or neutral stance; rather, the document promotes positive changes and enhancements in market structure and regulation.","The document provides policy recommendations to the U.S. Securities and Exchange Commission aimed at enhancing competition, transparency, and resiliency in U.S. financial markets. It focuses on equities, U.S. Treasuries, and OTC derivatives, proposing measures such as reducing minimum tick sizes and access fee caps for equities, increasing transparency around payment for order flow, moving to T+1 settlement, implementing real-time public reporting for Treasuries, and strengthening clearing and oversight requirements for derivatives."
https://crowdfundinsider.com/2021/08/179139-global-tech-focused-trading-firm-optiver-explains-how-commission-free-trades-are-possible-and-profitable,Global Tech Focused Trading Firm Optiver Explains How Commission-Free Trades Are Possible And Profitable,,Optiver,Market maker,8/14/21,"The Crowdfund Insider article explicitly discusses payment for order flow (PFOF) in the US equity markets. It states that commission-free trades are possible and profitable because of a market structure that “permits payment for order flow (PFOF)” and it discusses how retail brokers route orders to market makers (affiliated MM) with PFOF implications. It also notes that while most PFOF payments in 2020 were in the options space, the focus remains on US equity markets and the debates around PFOF in that context. (Source: Crowdfund Insider article content in the provided crawl: phrases like “permits payment for order flow (PFOF)” and discussions of brokers, routing, and affiliated MMs.)
References: [Global Tech Focused Trading Firm Optiver Explains How Commission-Free Trades Are Possible And Profitable](https://www.crowdfundinsider.com/2021/08/179139-global-tech-focused-trading-firm-optiver-explains-how-commission-free-trades-are-possible-and-profitable)","Negative, Neutral","The article primarily critiques the current market structure, highlighting negative impacts such as loss of best execution, lack of transparency, and reduced competition, which harm retail investors. This indicates a negative sentiment. However, it also discusses potential improvements and regulatory efforts to update the market, which adds a neutral or constructive aspect to the sentiment.","The article explains how Optiver, a global tech-focused trading firm, describes the mechanics behind commission-free trades enabled payment for order flow (PFOF) in US equity and options markets. It highlights concerns about market structure issues such as lack of competition, dominance of wholesalers with affiliated market makers, and the impact on retail investors who face wider spreads. Optiver calls for regulatory updates to promote transparency, competition, and better pricing in the equity options market."
https://optiver.com/insights/the-us-equity-options-market-is-overdue-for-an-update,The US equity options market is overdue for an update - Optiver,,Optiver,Market maker,8/1/21,"The article explicitly mentions 'payment for order flow (PFOF)' and discusses its impact on retail investors in the context of the US equity market. It also mentions that commission-free trades are made possible PFOF.
References: [The US equity options market is overdue for an update - Optiver](https://optiver.com/insights/the-us-equity-options-market-is-overdue-for-an-update)",Neutral,"The article critically discusses issues in the US equity options market such as payment for order flow, lack of competition, and asymmetric fees that harm retail investors. However, it also constructively calls for improvements and updates to promote competition, transparency, and better pricing. The tone is balanced and focused on advocating for positive change rather than being purely negative or positive. Thus, the sentiment is best classified as Neutral.","The article discusses the outdated structure of the US equity options market, highlighting issues such as payment for order flow (PFOF), permanent specialist appointments, complicated price improvement mechanisms, and asymmetric fees. These factors limit competition and transparency, leading to wider spreads and disadvantages for retail investors. The article calls for regulatory updates to promote genuine competition, better pricing, and a more transparent market benefiting investors of all sizes."
https://optiver.com/insights/the-pfof-you-didnt-know-existed-exchange-marketing-response-fees,The PFOF you didn't know existed: Exchange Marketing & Response Fees,,Optiver,Market maker,8/11/21,"The article discusses payment for order flow (PFOF). The article states, ""A prominent area of discussion within equity and equity options markets has been payment for order flow (PFOF)."" This indicates that the article discusses PFOF in the context of US equity markets, satisfying the criterion.
References: [The PFOF you didn't know existed: Exchange Marketing & Response Fees](https://optiver.com/insights/the-pfof-you-didnt-know-existed-exchange-marketing-response-fees)",Negative,"The article discusses the negative impacts of exchange marketing and response fees on market fairness and competition in US equity and options markets. It highlights conflicts of interest, an uneven playing field for market makers, and potential harm to retail investors. The tone is critical and calls for regulatory intervention to address these issues, indicating a Negative sentiment.","The article explains how exchange marketing and break-up fees in US equity options markets act as a hidden form of payment for order flow (PFOF), favoring affiliated market makers and disadvantaging unaffiliated ones. This creates a skewed market structure that reduces competition and may lead to wider spreads for retail investors. The article calls for regulatory review and proposes solutions including simplifying fee schedules, adjusting fee disparities, eliminating marketing fees, and increasing transparency to promote fairer competition."
https://barrons.com/articles/stock-picks-barrons-midyear-roundtable-51657922520,What to Buy Right Now: 42 Picks From Barron’s Roundtable Pros,,Barron's,Media,7/15/22,"The Barron’s article includes explicit reference to 'payment for order flow' in connection with Robinhood, a US equity broker, within a piece that discusses US stocks (Barron’s Roundtable). The crawled page snippet shows: 'A year ago... we were talking about Robinhood Markets [HOOD], payment for order flow, SPACs...', and the page is a US stock-focused Roundtable from July 2022, confirming PFOF discussion in the US equity context.
References: [What to Buy Right Now: 42 Picks From Barron's Roundtable Pros](https://www.barrons.com/articles/stock-picks-barrons-midyear-roundtable-51657922520), [Barron's Picks and Pans](https://www.barrons.com/picks-and-pans), [Watch Barron's Roundtable - FOX One](https://www.fox.com/detail/series/SER001214EQWL/barron-s-roundtable), [Stock Picks | Market Data Center - Barron's](https://www.barrons.com/market-data/stocks/stock-picks), [Roundtable - Barron's](https://www.barrons.com/topics/roundtable), [Barron's Magazine Review - A Treasure Trove of Investing Ideas](https://moneywise.com/investing/reviews/barrons), [Barron's 10 Best Stocks to Buy Now in 2025!? - YouTube](https://www.youtube.com/watch?v=klzo6fxkJzE), [[PDF] Market Structure Proposals](https://www.sifma.org/wp-content/uploads/2023/03/Market-Structure-Proposals.pdf), [MarketWatch - Wikipedia](https://en.wikipedia.org/wiki/MarketWatch), [42 Stock Picks for a Pricey Market From Barron's Roundtable Experts](https://www.barrons.com/articles/stock-picks-barrons-midyear-roundtable-51626480538), [What Is Payment for Order Flow? Behind the Trading Controversy at ...](https://www.barrons.com/articles/payment-for-order-flow-robinhood-51623412441), [Payment for Order Flow Worries the SEC. Perhaps It Shouldn't ...](https://www.barrons.com/articles/payment-for-order-flow-sec-51661280732), [[PDF] Payment for Order Flow and the Retail Trading Experience](https://wifpr.wharton.upenn.edu/wp-content/uploads/2023/10/Payment-for-Order-Flow.pdf), [[PDF] NBER WORKING PAPER SERIES PAYMENT FOR ORDER FLOW ...](https://www.nber.org/system/files/working_papers/w29883/revisions/w29883.rev0.pdf), [What Is Payment for Order Flow? Why Robinhood Cares So Much ...](https://www.barrons.com/articles/robinhood-payment-for-order-flow-51630451893), [How Much Does Payment for Order Flow Cost You? We Did an ...](https://www.barrons.com/articles/payment-for-order-flow-cost-experiment-51638286079), [SEC Chairman Says Banning Payment for Order Flow Is 'On the Table'](https://www.barrons.com/articles/sec-chairman-says-banning-payment-for-order-is-on-the-table-51630350595)",Neutral,"The article discusses a cautious and pragmatic approach to the current market conditions, highlighting that stocks are down significantly but investment professionals are buying companies with strong fundamentals at discounted prices. This indicates a neutral sentiment, as the tone is neither overly positive nor negative but rather focused on strategic opportunities amid market challenges.","The article from Barron's Roundtable discusses investment strategies amid a challenging market environment in 2022, highlighting how seasoned investors are cautiously buying stocks with strong fundamentals such as durable franchises, wide moats, strong balance sheets, and abundant cash flows. It also references topics like payment for order flow and SPACs in the context of the US equity market."
https://barrons.com/articles/sec-chief-gary-gensler-stock-market-51630626032,SEC Chief Gary Gensler Says the Stock Market Needs ...,,Barron's,Media,9/3/21,"The crawled article explicitly mentions 'payment for order flow' (via the snippet: 'Last year, Robinhood settled administrative charges about payment for order flow with the SEC.') and discusses the U.S. stock market context (e.g., references to GameStop and the plumbing of the U.S. stock market), indicating the topic is about PFOF in US equities. This satisfies the criterion that the article discusses PFOF within US equity markets. Sources: the provided crawled_page excerpt showing the PFOF reference; the article content referencing the U.S. stock market and GameStop.
References: [SEC Chief Gary Gensler Says the Stock Market Needs ...](https://www.barrons.com/articles/sec-chief-gary-gensler-stock-market-51630626032)",Negative,"The article discusses concerns about the U.S. stock market's infrastructure, highlighting 'inherent conflicts of interest' and issues like payment for order flow, as noted SEC Chief Gary Gensler. The tone is critical and focuses on problems within the market plumbing, indicating a negative sentiment.","The article discusses SEC Chief Gary Gensler's perspective on the U.S. stock market, highlighting the exposure of its complex and longstanding mechanisms to retail investors during the GameStop trading frenzy. It also addresses concerns about inherent conflicts of interest, including the issue of payment for order flow, exemplified Robinhood's settlement with the SEC."
https://webullapp.com/news-detail/51113885,SEC Chair Gensler Could Restrict Payment For Order Flow This Week: What Investors Need To Know,,Benzinga,Media,6/7/22,"The article's title explicitly mentions 'Payment For Order Flow' and the content mentions Robinhood, which is known to use PFOF in US equity markets. The article also mentions SEC Chair Gensler, implying a regulatory context within the US. Therefore, the article discusses payment for order flow in the context of US equity markets.
References: [SEC Chair Gensler Could Restrict Payment For Order Flow This Week: What Investors Need To Know](https://www.webullapp.com/news-detail/51113885)",Neutral,"The article provides an informative overview of the potential regulatory changes to payment for order flow (PFOF) SEC Chair Gary Gensler. It explains the concept of PFOF, its revenue significance for brokers like Robinhood, and the concerns about conflicts of interest. The tone is factual and explanatory without strong positive or negative language, making the overall sentiment neutral.","The article discusses SEC Chair Gary Gensler's potential plans to restrict payment for order flow (PFOF) in the US equity markets, a practice where brokers like Robinhood receive compensation for routing retail orders to specific wholesalers. It explains the controversy around PFOF as a conflict of interest and outlines expected regulatory changes, including a new auction process for order flow that could benefit retail investors improving trade prices."
https://investmentnews.com/equities/sec-takes-aim-at-payment-for-order-flow/222564,SEC takes aim at payment-for-order flow,,Bloomberg,Media,6/8/22,"The article's title explicitly references payment-for-order flow (PFOF) and the content describes SEC proposals affecting U.S. stock trading, i.e., the U.S. equities market. The excerpt notes a possible auction mechanism to improve pricing for retailer orders, confirming the US-equities context of PFOF. This satisfies the criterion: discussion of PFOF in the context of US equity markets.
References: [SEC takes aim at payment-for-order flow](https://www.investmentnews.com/equities/sec-takes-aim-at-payment-for-order-flow/222564)",Neutral,"The article presents a balanced view on the SEC's proposed changes to payment-for-order flow in the U.S. equities market. It includes the regulatory intent to improve transparency and fairness, the potential benefits for retail investors, and the concerns and cautious responses from financial firms. The tone is factual and does not express strong positive or negative bias, indicating a neutral sentiment.","The article discusses SEC Chair Gary Gensler's proposed changes to the U.S. stock market rules aimed at increasing transparency and fairness. Key proposals include an order-by-order auction mechanism to improve pricing for retail investors and potential modifications or restrictions on payment-for-order flow practices. These changes could significantly impact major market makers and retail brokers like Citadel, Virtu, and Robinhood. The SEC seeks public feedback before finalizing any new regulations."
https://bloomberg.com/opinion/articles/2021-02-05/robinhood-gamestop-saga-pressures-payment-for-order-flow,People Are Worried About Payment for Order Flow,,Bloomberg,Media,2/5/21,"The Bloomberg Opinion article explicitly discusses payment for order flow (PFOF) and ties it to US equity markets through its subject (Robinhood and the GameStop saga) and the included intuitive description of how PFOF works with retail orders routed in US stock trading. The crawled page content shows the article’s section explaining PFOF and its connection to GameStop trading, indicating US equities context.
References: [People Are Worried About Payment for Order Flow - Bloomberg](https://www.bloomberg.com/opinion/articles/2021-02-05/robinhood-gamestop-saga-pressures-payment-for-order-flow), [[PDF] FACT SHEET – Payment for Order Flow - Better Markets](https://bettermarkets.org/wp-content/uploads/2022/03/Better_Markets_Payment_for_Order_Flow_Long_02-21-2021.pdf), [Robinhood CEO says payment for order flow is 'here to stay' - CNBC](https://www.cnbc.com/2023/12/01/robinhood-ceo-says-payment-for-order-flow-is-here-to-stay.html), [Money Stuff: Does Robinhood Need Payment for Order Flow?](https://www.bloomberg.com/news/newsletters/2021-08-31/what-happens-to-robinhood-if-the-sec-bans-payment-for-order-flow-kt0a5kjg), [Payment For Order Flow & Market Implications - Bloomberg Law](https://www.bloomberglaw.com/external/document/X1RP679S000000/capital-markets-professional-perspective-payment-for-order-flow-), [Payment for order flow : r/etrade](https://www.reddit.com/r/etrade/comments/omwh68/payment_for_order_flow), [Money Stuff - Payment for Order Flow - Matt Edwards](https://mattedwards.org/2021/02/money-stuff-payment-for-order-flow), [The wisdom of Matt Levine, payment for order flow](https://marginalrevolution.com/marginalrevolution/2021/02/the-wisdom-of-matt-levine-payment-for-order-flow.html), [Payment for order flow - Wikipedia](https://en.wikipedia.org/wiki/Payment_for_order_flow), [[PDF] GameStop, Short Squeezes, and Predatory Trading](https://economics.princeton.edu/wp-content/uploads/2021/02/Combined-Slides.pdf), [Robinhood-GameStop hearing: 'Payment for order flow' to ... - CNBC](https://www.cnbc.com/2021/02/18/payment-for-order-flow-the-controversial-wall-street-practice-to-draw-scrutiny-at-robinhood-hearing.html), [GameStop short squeeze | Research Starters - EBSCO](https://www.ebsco.com/research-starters/business-and-management/gamestop-short-squeeze), [The GameStop Episode: What Happened and What Does It Mean?](https://www.cato.org/cato-journal/fall-2021/gamestop-episode-what-happened-what-does-it-mean), [AOC wants Robinhood to return payment for order flow profits - CNBC](https://www.cnbc.com/2021/02/19/aoc-wants-robinhood-to-return-payment-for-order-flow-profits.html), [Regulators Consider Payment for Order Flow and the Gamification ...](https://www.carltonfields.com/insights/publications/2021/regulators-consider-payment-for-order-flow-and-the), [- GAME STOPPED? WHO WINS AND LOSES WHEN SHORT ...](https://www.govinfo.gov/content/pkg/CHRG-117hhrg43966/html/CHRG-117hhrg43966.htm), [PFOF is going away, but the problem isn't - Optiver](https://optiver.com/insights/pfof-is-going-away-but-the-problem-isnt), [[PDF] How Robinhood's GameStop Trading Halt Reveals the Complexities ...](https://ir.lawnet.fordham.edu/cgi/viewcontent.cgi?article=1536&context=jcfl)",Neutral,"The article Matt Levine on Bloomberg Opinion explains payment for order flow in the context of the GameStop saga and U.S. equity markets. It provides an intuitive description of how payment for order flow works and discusses the concerns people have about it. The tone is informative and explanatory without strong positive or negative bias, indicating a neutral sentiment.","The article explains payment for order flow (PFOF) in the context of US equity markets, using the GameStop trading saga and Robinhood as examples. It provides an intuitive explanation of how PFOF works, where brokers route orders to market makers and earn a fee, benefiting buyers and sellers improving prices. The piece highlights ongoing concerns and discussions about the practice's impact on market structure."
https://investing.com/news/stock-market-news/highfrequency-traders-love-business-with-robinhood-2268399,High-Frequency Traders Love Business With Robinhood,,Bloomberg,Media,8/17/20,"The article explicitly discusses payment for order flow (PFOF) in the context of US equity markets: it defines PFOF and describes how brokers like Robinhood receive payments from market makers (e.g., Citadel Securities, Virtu, TradeStation, E*Trade, TD Ameritrade) for routing client buy/sell orders, including quantified payouts (e.g., about 17 cents per 100 shares in Q2, 23 cents in Q1) and price improvement figures, all within US equities context per Bloomberg reporting cited in the piece.
References: [High-Frequency Traders Love Business With Robinhood](https://www.investing.com/news/stock-market-news/highfrequency-traders-love-business-with-robinhood-2268399)",Neutral,"The article discusses payment for order flow in a balanced manner, presenting both criticisms and benefits. It highlights the payments Robinhood receives from high-frequency traders and the controversy around the practice, but also emphasizes price improvements for clients and the value of smaller orders. The tone is factual and neutral without strong positive or negative bias.","The article discusses how high-frequency trading firms pay Robinhood for routing client orders through a practice called payment for order flow (PFOF). It highlights that Robinhood receives higher payments per share compared to other brokerages due to the smaller size of its client orders. The piece also addresses criticisms of PFOF, noting that market makers provide price improvements benefiting retail traders. The surge in retail trading in 2020 significantly increased these payments, making Robinhood the largest U.S. equity broker order flow payments."
https://bloomberg.com/professional/insights/trading/letter-wars-secs-proposed-changes-get-thousands-of-pros-cons,"Letter wars: SEC’s proposed changes get thousands of pros, cons",,Bloomberg Intelligence,Media,5/31/23,"The crawled article is titled 'Letter wars: SEC’s proposed changes get thousands of pros, cons' and is a Bloomberg Intelligence piece about the SEC’s proposed changes to US equity market structure. The content explicitly mentions PFOF (payment for order flow) in the snippet and discusses SEC proposals addressing tick sizes, access fees, transparency, auctions and best execution—core topics in US equity trading. This confirms the article discusses payment for order flow in the context of US equity markets. Source cues: crawled page excerpt noting PFOF and the four-pronged proposal related to US equity market structure.
References: [Letter wars: SEC’s proposed changes get thousands of pros, cons](https://www.bloomberg.com/professional/insights/trading/letter-wars-secs-proposed-changes-get-thousands-of-pros-cons)","Negative, Neutral","The article presents a predominantly critical view of the SEC's proposed changes, highlighting significant opposition from industry stakeholders, retail brokers, and institutions who raise concerns about incomplete economic analysis, unintended consequences, and systemic risk. However, it also notes some support from individual investors, particularly for the retail auction proposal. This mix of cautious criticism and some individual support aligns best with a combination of Negative and Neutral sentiment.","The article analyzes the polarized responses to the SEC's proposed changes to US equity market structure, including tick sizes, access fees, transparency, auctions, and best execution. It highlights strong support from individual investors for SEC-mandated retail auctions and opposition to payment for order flow, while institutions and retail brokers largely oppose the proposals, citing flawed economic analysis and concerns about unintended consequences."
https://bookmap.com/knowledgebase/docs/KB-Bookmap-Wiki-Market-Mechanics,Market Mechanics · Bookmap Knowledge Base,,Bloomberg News,Media,4/3/25,"The crawled article from bookmap.com discusses payment for order flow (PFOF) in the context of US equity markets. It mentions Robinhood, TD Ameritrade, E*Trade, and Schwab as examples of brokers that use PFOF in the US. Therefore, the article satisfies the criterion.
References: [What is Payment for Order Flow (PFOF)? | PFOF Brokers % - Bookmap](https://bookmap.com/blog/what-is-payment-for-order-flow-pfof), [Reddit Stocks: A Look at How Social Media is Changing ... - Bookmap](https://bookmap.com/blog/reddit-stocks-a-look-at-how-social-media-is-changing-the-stock-market), [Payment for order flow : r/etrade](https://www.reddit.com/r/etrade/comments/omwh68/payment_for_order_flow), [Is Order Flow Necessary? : r/Daytrading - Reddit](https://www.reddit.com/r/Daytrading/comments/14rrldo/is_order_flow_necessary), [Commission-Free Brokers: Are You Trading Or Being Traded?](https://www.eroundme.it/2024/04/23/commission-free-brokers-are-you-trading-or-being), [Market Mechanics · Bookmap Knowledge Base](https://bookmap.com/knowledgebase/docs/KB-Bookmap-Wiki-Market-Mechanics)",Neutral,"The article is educational and factual, explaining market mechanics and trading concepts without emotional bias. It emphasizes the importance of understanding market mechanics for trading success in a neutral and informative tone, without expressing positive or negative sentiment.","The article provides an overview of market mechanics, explaining how orders and matching engines determine price and market data. It emphasizes the importance of understanding order flow and trading rules for success. Key concepts include types of orders, trader actions, and factors influencing trading outcomes. The content is educational and applicable across various markets such as futures, stocks, and cryptocurrency."
https://ft.com/content/8d6467df-ef27-4f2f-82df-77e8213f5199,Order flow sales/Robinhood: no free lunch,,Financial Times,Media,2/5/21,"The article's title 'Order flow sales/Robinhood: no free lunch' and the snippet explicitly mention 'Payment for order flow, or Pfof, involves exchanges or market-making ... US equities', indicating discussion of PFOF in the context of US equity markets (with Robinhood referenced). This satisfies the criterion that the article discusses PFOF in US equities. Source: FT article at https://www.ft.com/content/8d6467df-ef27-4f2f-82df-77e8213f5199.
References: [Order flow sales/Robinhood: no free lunch](https://www.ft.com/content/8d6467df-ef27-4f2f-82df-77e8213f5199)",Negative,"The article title 'Order flow sales/Robinhood: no free lunch' suggests a critical or cautionary tone regarding payment for order flow (PFOF) in US equity markets. The phrase 'no free lunch' implies there are downsides or costs involved, indicating a negative sentiment. The snippet and context do not provide positive language, supporting the conclusion of a negative sentiment.","The article discusses payment for order flow (PFOF) in the US equity markets, focusing on how exchanges and market makers are involved, with specific reference to Robinhood. It highlights the implications of PFOF and the concept that there is no free lunch in such order flow sales."
https://ft.com/content/8102fc65-0879-4b88-b3c6-097447a61f7d,US markets watchdog plans biggest overhaul of stock trading in nearly 20 years,,Financial Times,Media,12/14/22,"The article's title and embedded snippet indicate a focus on US stock trading and explicitly mention 'payment for order flow' (PFOF) in the context of US equities, e.g., ""While the SEC's proposals would not ban payment for order flow"" within coverage of US stock trading. This shows the article discusses PFOF in US equity markets. Source: crawled FT page content for 'US markets watchdog plans biggest overhaul of stock trading in nearly 20 years'.
References: [US markets watchdog plans biggest overhaul of stock trading in nearly 20 years](https://www.ft.com/content/8102fc65-0879-4b88-b3c6-097447a61f7d)",Neutral,"The article reports on regulatory proposals the US markets watchdog regarding stock trading and payment for order flow without expressing explicit positive or negative opinions. The tone is factual and neutral, focusing on the changes and proposals rather than taking a stance.","The article covers the US markets watchdog's plan for the biggest overhaul of stock trading in nearly 20 years. It highlights the SEC's proposals, which include changes to trading practices but do not ban payment for order flow in US equity markets."
https://ft.com/content/83dff8fc-14ac-4e67-a969-20b358c349e8,Gensler says SEC to review payment for order flow,,Financial Times,Media,6/9/21,"Yes. The Financial Times article titled 'Gensler says SEC to review payment for order flow' explicitly discusses payment for order flow (PFOF) and, given the US regulatory context (SEC) and references to retail brokerages and market makers, addresses PFOF in the US equity markets. The crawled page shows the headline about a SEC review of PFOF, and FT's snippet describes PFOF as a practice where retail brokerages receive fees from market makers, which confirms the US equity-market context.
References: [SEC aims to stem trading practice of 'payment for order flow'](https://www.ft.com/content/fc2d366c-efbb-403c-ba17-1c9851df9894), [Wall Street firms paid almost $3bn last year for retail ...](https://www.ft.com/content/6651f34a-0d8d-4d68-bdf9-23b355f8c9db), [Gensler says SEC to review payment for order flow](https://www.ft.com/content/83dff8fc-14ac-4e67-a969-20b358c349e8), [Online brokers, like the stocks they shift, are hot again](https://www.ft.com/content/2bc3ad00-f1cb-498a-8d0e-adf744512c8f), [The biggest market moments of 2021](https://www.ft.com/content/55ea538a-e792-45a4-82a1-bf02e382e719), [SEC needs to find a way to curb payment for order flow](https://www.ft.com/content/696a15e0-64f1-4800-af79-4d0a882df5b2), [US equities](https://www.ft.com/us-equities?page=64), [Investors join opposition to SEC stock market reforms](https://www.ft.com/content/0331ce82-0411-408e-a81b-a1963ccc44a6), [Ken Griffin's money machine: market maker Citadel ...](https://www.ft.com/content/e7c88737-f972-438f-a7ac-1af358a85f07), [Virtu boss defends payment for order flow after Reddit frenzy](https://www.ft.com/content/b1798a5f-2529-4d6f-a11b-08a5aa99fe63), [SEC chairman says ban of payment for order flow 'on the table'](https://www.reuters.com/legal/litigation/sec-chairman-says-ban-payment-order-flow-on-table-barrons-2021-08-30), [How the SEC has bolstered the US market since the 2021 ... - Reuters](https://www.reuters.com/markets/us/how-sec-has-bolstered-us-market-since-2021-gamestop-frenzy-2024-06-05), [Payment for Order Flow - SEC.gov](https://www.sec.gov/files/rules/final/orderfin.txt), [U.S. SEC chair signals sweeping review of exchange, broker rules](https://www.reuters.com/legal/litigation/us-sec-chair-gensler-staff-recommend-rules-ensure-fair-competition-between-2021-06-09), [Gary Gensler - Wikipedia](https://en.wikipedia.org/wiki/Gary_Gensler), [SEC Chairman Gensler takes on best ex, payment for order flow and ...](https://www.regcompliancewatch.com/sec-chairman-gensler-takes-on-best-ex-payment-for-order-flow-and-best-bid), [Prepared remarks at London City Week - SEC.gov](https://www.sec.gov/newsroom/speeches-statements/gensler-speech-london-city-week-062321), [[PDF] Payment For Order Flow & Market Implications](https://static.maglaw.com/docs/PaymentForOrderFlow%20final%20draft.pdf), [Payment for Order Flow: The SEC Proposes Reforms | Congress.gov](https://www.congress.gov/crs-product/IF12332), [U.S. mulls shaking up stock trading rules to aid small investors](https://www.reuters.com/legal/litigation/us-mulls-shaking-up-stock-trading-rules-aid-small-investors-2022-03-28), [Payment for Order Flow - Private Client Services](https://pcsbd.net/wp-content/uploads/2019/01/Disclosure-Payment-for-Order-Flow-01.14.19.pdf), [Schwab payment for order flow lawsuit hits red light - Reuters](https://www.reuters.com/legal/transactional/schwab-payment-order-flow-lawsuit-hits-red-light-2021-10-28), [Payment for order flow - Wikipedia](https://en.wikipedia.org/wiki/Payment_for_order_flow), [Payment for Order Flow (PFOF): Definition and How It Works](https://www.investopedia.com/terms/p/paymentoforderflow.asp), [Brokerages jump on report SEC stops short of banning PFOF deals](https://www.reuters.com/business/finance/brokerages-jump-report-sec-stops-short-banning-pfof-deals-2022-09-22), [Payments for US retail flow reach record high, led Citadel ...](https://www.globaltrading.net/payment-for-us-retail-flow-reaches-record-high-led-by-citadel-securities-imc), [Explainer: Robinhood makes most of its money from PFOF. What is it?](https://www.reuters.com/business/finance/robinhood-makes-most-its-money-pfof-what-is-it-2021-07-29), [SEC chief Gensler says regulator assessing payment for order flow](https://www.cnbc.com/2021/10/19/sec-chief-gensler-says-regulator-assessing-payment-for-order-flow.html), [SEC says brokers enticed payment for order flow are ... - CNBC](https://www.cnbc.com/2021/10/18/sec-says-brokers-enticed-by-payment-for-order-flow-are-making-trading-into-a-game-to-lure-investors.html), [SEC Chair Gary Gensler says SEC is looking at apps encouraging ...](https://www.cnbc.com/video/2021/05/07/sec-chair-gary-gensler-says-sec-is-looking-at-apps-encouraging-trading-payment-for-order-flow.html), [Wall Street lines up against Gensler on one of his controversial ideas](https://www.cnbc.com/2023/03/31/wall-street-lines-up-against-gensler-on-one-of-his-controversial-ideas.html), [CNBC Transcript: SEC Chair Gary Gensler Speaks with CNBC's ...](https://www.cnbc.com/2021/10/19/cnbc-transcript-sec-chair-gary-gensler-speaks-with-cnbcs-squawk-on-the-street-today.html), [SEC chair: Our rule sets should be updated for 2021 technology](https://www.youtube.com/watch?v=-gK2rXT6dDQ), [Payment for Order Flow | Interactive Brokers LLC](https://www.interactivebrokers.com/en/trading/payment-for-order-flow.php), [SEC Chairman Says Banning Payment for Order Flow Is 'On the Table'](https://www.barrons.com/articles/sec-chairman-says-banning-payment-for-order-is-on-the-table-51630350595)",Neutral,"The article discusses the SEC's review of payment for order flow, presenting the information in a factual and neutral manner without expressing a clear positive or negative stance. It reports on regulatory considerations and concerns but does not advocate for or against the practice, indicating a neutral sentiment.","The article reports that SEC Chair Gary Gensler announced a review of the controversial practice of payment for order flow (PFOF) in US equity markets, where retail brokerages receive fees from market makers for routing customer orders. The review aims to assess potential reforms or bans on PFOF due to concerns about conflicts of interest and market fairness."
https://ft.com/content/2bc3ad00-f1cb-498a-8d0e-adf744512c8f,"Online brokers, like the stocks they shift, are hot again",,Financial Times,Media,8/8/25,"Yes. The crawled article shows explicit discussion of payment for order flow (PFOF) in the US equity market context, citing Robinhood and Webull relying on PFOF and selling customers' trades to wholesale market makers, which directly describes PFOF in US stock trading.
References: [Online brokers, like the stocks they shift, are hot again](https://www.ft.com/content/2bc3ad00-f1cb-498a-8d0e-adf744512c8f)",Neutral,"The snippet and context provided mention payment for order flow (PFOF) in a factual manner without explicit positive or negative language. The article title suggests online brokers are popular again, but the mention of PFOF is neutral and descriptive rather than evaluative. Therefore, the sentiment is best classified as Neutral.","The article discusses the resurgence of online brokers in the US equity markets, highlighting how platforms like Robinhood and Webull rely on payment for order flow (PFOF) selling customers' trades to wholesale market makers."
https://ft.com/content/6651f34a-0d8d-4d68-bdf9-23b355f8c9db,Wall Street firms paid almost $3bn last year for retail brokers’ trades,,Financial Times,Media,5/2/21,"The crawled FT article 'Wall Street firms paid almost $3bn last year for retail brokers’ trades' directly discusses 'payment for order flow' (PFOF) and refers to retail broker trades in the context of US equities, including attention from lawmakers/regulators in Washington. This aligns with criterion: PFOF in US equity markets. Sources: crawled page content showing title and snippet mentioning 'Payment for order flow' and 'retail brokers’ trades' in the US equities context.
References: [Wall Street firms paid almost $3bn last year for retail brokers' trades](https://www.ft.com/content/6651f34a-0d8d-4d68-bdf9-23b355f8c9db), [Order flow sales/Robinhood: no free lunch - Financial Times](https://www.ft.com/content/8d6467df-ef27-4f2f-82df-77e8213f5199), [Q: How Do Day Traders Make Money? - ZipRecruiter](https://www.ziprecruiter.com/e/How-Do-Day-Traders-Make-Money), [Gensler says SEC to review payment for order flow - Financial Times](https://www.ft.com/content/83dff8fc-14ac-4e67-a969-20b358c349e8), [Madison Darbyshire - Financial Times](https://www.ft.com/madison-darbyshire?page=10), [Payment for Order Flow (PFOF): Definition and How It Works](https://www.investopedia.com/terms/p/paymentoforderflow.asp), [Wall Street firms paid almost $3bn last year for retail brokers' trades ...](https://www.reddit.com/r/business/comments/ld9vnt/wall_street_firms_paid_almost_3bn_last_year_for), [Philip Stafford - Financial Times](https://www.ft.com/philip-stafford?page=14), [Patrick Temple-West - Financial Times](https://www.ft.com/patrick-temple-west?page=27), [[PDF] Financial Industry Regulatory Authority, Inc. (FINRA)](https://www.warren.senate.gov/download/02162021-letter-from-senator-warren-to-mr-cook)",Negative,"The article discusses the payment for order flow practice in US equity markets, highlighting that Wall Street firms paid almost $3bn last year for retail brokers' trades. It also notes that this practice has attracted the attention of lawmakers and regulators in Washington, which typically indicates regulatory concern or scrutiny. The tone is more critical or cautious rather than positive, suggesting a negative sentiment towards the practice or its implications.","The article reports that Wall Street firms paid nearly $3 billion last year for retail brokers' trades through payment for order flow. This practice, common in US equity markets, has drawn scrutiny from lawmakers and regulators in Washington due to concerns about its impact on market fairness and transparency."
https://marketswiki.com/wiki/Maker-taker,Maker-taker,,MarketsWiki,Media,8/13/24,"The MarketsWiki page Maker-taker explicitly discusses payment for order flow (PFOF): 'The exchange stays in business charging market makers fees for transactions and payment for order flow. The payment for order flow is paid to brokerage firms as an inducement to send their orders to a given exchange.' This directly covers PFOF and, via mentions of brokers and exchanges, is clearly in the US equity trading context. The History section also notes that maker-taker pricing originated in the equity market, linking to US equities, and references to US exchanges (NYSE Euronext Arca Options, Nasdaq OMX NOM) using maker-taker pricing further anchor the US market context. Therefore the article satisfies the criterion. Source: MarketsWiki Maker-taker page (crawled content) including the PFOF sentence and the equity-market origin references.
References: [Maker-taker](https://marketswiki.com/wiki/Maker-taker)",Negative,"The article provides a detailed explanation of the maker-taker pricing model but emphasizes significant criticism and controversy surrounding it. It highlights concerns about conflicts of interest, regulatory scrutiny the SEC, calls for reform, and potential market distortions caused the model. These points indicate a predominantly negative sentiment towards the maker-taker model.","Maker-taker is a trading platform pricing model that rewards market makers with rebates for providing liquidity and charges takers fees for removing liquidity. Originating in the equity market in 1997, it has been adopted several options exchanges but remains controversial. The model contrasts with customer priority pricing and has faced criticism for potential conflicts of interest, market distortion, and exploitation high-frequency traders."
https://investing.com/news/stock-market-news/canada-stock-market-rules-curb-platforms-linked-to-churning-us-stocks-2413867,Canada stock market rules curb platforms linked to churning U.S. stocks,,Reuters,Media,2/9/21,"The article explicitly discusses payment for order flow (PFOF) in the context of US equity markets. It states: ""As long as payment for order flow is not allowed in Canada, it would be difficult to have full-fledged zero-commission trading"" and ""In the United States, zero-commission platforms sell orders to wholesale marketmakers and generate revenue."" It also references U.S. PFOF backlash and the role of US platforms like Robinhood-originating zero-commission trading. These points show the context is US equities, satisfying the criterion.
References: [Canada stock market rules curb platforms linked to churning U.S. stocks](https://www.investing.com/news/stock-market-news/canada-stock-market-rules-curb-platforms-linked-to-churning-us-stocks-2413867)",Neutral,"The article presents a factual and balanced discussion about Canadian stock market regulations and their impact on trading platforms, especially in comparison to the U.S. It highlights challenges and regulatory stances without expressing strong positive or negative opinions, indicating a neutral sentiment.","The article discusses how Canadian stock market regulations prohibit payment for order flow, limiting the growth of zero-commission trading platforms like Robinhood, which are popular in the US. Canadian brokers must execute trades on exchanges, promoting market transparency but restricting commission-free trading options. While US platforms have seen rapid growth driven zero-commission trades, Canadian platforms mostly still charge commissions. Wealthsimple is the only major Canadian zero-commission platform but charges fees on US trades. The article highlights the regulatory differences and their impact on retail investor choices in Canada versus the US."
https://tradersmagazine.com/xtra/the-incredible-shrinking-market,The Incredible Shrinking Market,,Traders Magazine,Media,8/20/20,"The article explicitly discusses payment-for-order-flow (PFOF) and is framed around US equity markets. The crawled page text includes an explicit reference to ""payment-for-order-flow (PFOF) deals"" and the site metadata indicates a focus on U.S. equity and equity options markets, which confirms the US equity context.
References: [The Incredible Shrinking Market - Traders Magazine](https://www.tradersmagazine.com/xtra/the-incredible-shrinking-market), [The Incredible Shrinking Brokerage List - Traders Magazine](https://www.tradersmagazine.com/news/the-incredible-shrinking-brokerage-list), [(PDF) The Incredible Shrinking Stock Market: On the Political ...](https://www.researchgate.net/publication/301231830_The_Incredible_Shrinking_Stock_Market_On_the_Political_Economy_Consequences_of_Excessive_Delistings), [The incredible shrinking stock market - Financial Times](https://www.ft.com/content/0c9c0b64-9760-11e9-9573-ee5cbb98ed36), [[PDF] The Incredible Shrinking Universe of Stocks](https://www.cmgwealth.com/wp-content/uploads/2017/03/document_1072753661.pdf), [The Incredible Shrinking Market | Market Structure | Press Mentions](https://www.rblt.com/news/the-incredible-shrinking-market), [The Incredible Shrinking Factor Return (Unabridged)](https://www.researchaffiliates.com/publications/articles/604-the-incredible-shrinking-factor-return-unabridged), [The incredible shrinking stock market - Marketplace.org](https://www.marketplace.org/episode/the-incredible-shrinking-stock-market), [Commentary: Is the 'incredible shrinking universe of stocks' a bad ...](https://www.pionline.com/article/20171020/ONLINE/171029999/commentary-is-the-incredible-shrinking-universe-of-stocks-a-bad-thing), [[PDF] The Incredible Shrinking Stock Market: On the Political Economy ...](https://www.ifn.se/media/4xleqiar/wp1115.pdf), [Page 1870](https://www.tradersmagazine.com/page/1870), [Reg ATS 5% Threshold Could Get Lowered](https://www.tradersmagazine.com/news/reg-ats-5-threshold-could-get-lowered), [Spear, Leeds' Single Front-End](https://www.tradersmagazine.com/news/spear-leeds-single-front-end), [The Specter of Deflation: Shilling, Prechter and Makin Take ...](https://www.tradersmagazine.com/news/the-specter-of-deflation-shilling-prechter-and-makin-take-a-pessimistic-view), [Page 1869](https://www.tradersmagazine.com/page/1869), [Page 45](https://www.tradersmagazine.com/page/45), [Wall Street Rides FAR Rings NYSE Closing Bell Ahead of ...](https://www.tradersmagazine.com/am/wall-street-rides-far-rings-nyse-closing-bell-ahead-of-eleventh-annual-ride), [Page 1524](https://www.tradersmagazine.com/page/1524), [Money Machines: An Interview With an Anonymous ...](https://www.tradersmagazine.com/departments/algos/money-machines-an-interview-with-an-anonymous-algorithmic-trader), [ALGOS/DMA Archives - Page 14 of 198 - Traders Magazine](https://www.tradersmagazine.com/category/algos/page/14), [The Incredible Shrinking Prime Broker - Markets Media](https://www.marketsmedia.com/incredible-shrinking-prime-broker), [[PDF] The Incredible Shrinking Factor Return - SSRN](https://papers.ssrn.com/sol3/Delivery.cfm/SSRN_ID3040964_code1109123.pdf?abstractid=3040964), [The Incredible Shrinking Factor Return - Research Affiliates](https://www.researchaffiliates.com/publications/articles/601-the-incredible-shrinking-factor-return), https://api.exa.ai/crawl-ping?value=What%20percentage%20of%20the%20market%20is%20retail%20investors%3F%0Aundefined, [Rosenblatt In the News | Recent Posts](https://www.rblt.com/news?74fb84b3_page=23&c33fa752_page=21), [MAGAZINE - Page 107 of 276](https://www.globaltrading.net/category/magazine/page/107), [Retail Investor: Definition, What They Do, and Market Impact - Motilal Oswal](https://www.motilaloswal.com/learning-centre/2025/5/retail-investor-definition-what-they-do-and-market-impact), [Dispelling the Complementary Product Theory for Market ...](https://www.tradersmagazine.com/am/dispelling-the-complementary-product-theory-for-market-data), [It's Time for a New, Industry-Led SIP](https://www.tradersmagazine.com/am/its-time-for-a-new-industry-led-sip), [City of London may have to wait until next year to learn of access ...](https://www.globaltrading.net/city-of-london-may-have-to-wait-until-next-year-to-learn-of-access-fate), [(PDF) Global Marketing management (1)](https://www.academia.edu/34277594/Global_Marketing_management_1_)",Negative,"The article discusses concerns and frustrations related to payment-for-order-flow (PFOF) deals and the uneasy coexistence of retail and institutional players in US equity markets. It highlights that retail investors may be more the product than the customer in PFOF arrangements and that institutions feel frustrated, indicating a critical and negative sentiment towards the current market conditions.","The article ""The Incredible Shrinking Market"" discusses the dynamics of the US equity markets, focusing on the rise of retail trading during the 2020 lockdown and the tensions between retail and institutional investors. It highlights the impact of zero commissions and payment-for-order-flow (PFOF) deals, which benefit brokers but may disadvantage investors. The piece also notes concerns about market concentration and the evolving structure of US equity exchanges."
https://wallstreetonparade.com/2021/02/citadel-is-paying-for-order-flow-from-nine-online-brokerage-firms-not-just-robinhood,Citadel Is Paying for Order Flow from Nine Online Brokerage Firms – Not Just Robinhood,,Wall Street On Parade,Media,2/4/21,"Yes. The article explicitly discusses payment-for-order-flow (PFOF) in the context of US equity markets. It references the SEC's Rule 606/NMS framework and reports that Citadel Securities paid PFOF to multiple US online brokers (Robinhood, E-Trade, TD Ameritrade, Charles Schwab, WeBull, Ally Invest Securities, First Trade, TradeStation) per Q4 2020 606 filings, which are disclosures tied to US stock trading. This satisfies the criterion addressing PFOF in US equity trading, not other asset classes. Key sourcing within the article includes: (1) discussion of the 606 report framework, and (2) explicit listing of brokers receiving PFOF from Citadel Securities. Source: Wall Street On Parade article text provided in the crawled page content.
References: [Citadel Is Paying for Order Flow from Nine Online Brokerage Firms – Not Just Robinhood](https://wallstreetonparade.com/2021/02/citadel-is-paying-for-order-flow-from-nine-online-brokerage-firms-not-just-robinhood)",Negative,"The article presents a critical view of Citadel Securities' payment-for-order-flow practices, highlighting regulatory concerns, large financial influence, and past fines. It questions the transparency and ethical implications of these practices and the relationships with regulators, indicating a negative sentiment.","The article reveals that Citadel Securities pays for order flow from nine major online brokerage firms, not just Robinhood, based on SEC Rule 606 reports for Q4 2020. It highlights Citadel's dominant role in executing stock and options trades across these brokers and discusses concerns about the transparency of trade destinations, including potential dark pools. The article also touches on Citadel's financial influence, including payments to former Fed Chair Janet Yellen, and regulatory scrutiny related to its trading practices."
https://brokerage-review.com/investing-firm/make-money/how-etrade-makes-money.aspx,How Does E*TRADE Make Money? (2024),,ACM MEDIA LLC,Media (other),1/1/24,"The article explicitly discusses payment for order flow (PFOF) as a revenue source for E*TRADE, stating that even with $0 stock/ETF commissions, E*TRADE earns via PFOF and describing how orders are routed to market makers who compensate the broker for receiving those orders. This is described in the context of stock/ETF trading and market makers, which are US equity-market mechanisms (E*TRADE is a US broker). Key lines: 'Even with the elimination of ETF and stock commissions, E*Trade continues to generate revenue from these transactions through a practice called payment for order flow.' and 'Payment for order flow operates as follows: E*Trade sends its customers' orders to specific market makers, who are responsible for matching buyers and sellers in the market. These market makers are willing to pay E*Trade for the privilege of receiving these orders.' These citations come from the crawled page content of the article. Therefore, the article satisfies the criterion.
References: [How Does E*TRADE Make Money? (2024)](https://www.brokerage-review.com/investing-firm/make-money/how-etrade-makes-money.aspx)",Neutral,"The article provides a factual and balanced overview of how E*TRADE makes money, detailing various revenue streams including payment for order flow, fees, and investment advice. It mentions both positive aspects like $0 commissions on stocks and ETFs and negative aspects such as various fees. The tone is informative and neutral without strong positive or negative bias.","The article explains how E*TRADE generates revenue despite offering $0 commissions on stocks and ETFs. Key income sources include payment for order flow, fees on phone trades, mutual fund fees, option and futures contract fees, fixed income commissions, investment advice fees, net interest margin from banking activities, and various account fees. It highlights E*TRADE's diverse revenue streams beyond just trading commissions."
https://dailyforex.com/comparison/robinhood-vs-etrade,"Robinhood vs E*TRADE - Which is better, Robinhood or E*TRADE? Updated 2025",,DailyForex,Media (other),5/4/25,"The article explicitly mentions payment for order flow (PFOF) in the 'Security and Trust' section, stating that Robinhood 'supplements income with payment for order flow,' and it is framed around US equity trading (US stocks) within a Robinhood vs E-TRADE comparison, satisfying the criterion that PFOF is discussed in the context of US equity markets.
References: [Robinhood vs E*TRADE - Which is better, Robinhood or E*TRADE? Updated 2025](https://www.dailyforex.com/comparison/robinhood-vs-etrade)",Neutral,"The article provides a balanced comparison of Robinhood and E*TRADE, highlighting both positive aspects (such as Robinhood's fractional shares and E*TRADE's superior trading tools) and negative aspects (such as Robinhood's questionable business practices and E*TRADE's limited payment processors). The tone is factual and impartial, presenting pros and cons without strong bias, indicating a neutral sentiment overall.","The article compares Robinhood and E*TRADE, highlighting Robinhood's appeal to younger traders with fractional shares, a cashback debit card, and a robo-advisory service, but notes its controversial track record and use of payment for order flow. E*TRADE, owned Morgan Stanley, offers superior trading tools, infrastructure, and trustworthiness, with features like advanced trading platforms, automated account management, and a diversified asset selection. Both brokers offer commission-free trading, but E*TRADE is generally considered the more reliable choice for most traders."
https://bsic.it/how-payment-for-order-flow-is-impacting-markets-the-robinhood-and-citadel-case,How Payment For Order Flow is impacting markets: The Robinhood and Citadel Case,,BSIC,Blog,9/27/20,"The article discusses payment for order flow (PFOF) in the context of US equity markets, specifically mentioning Robinhood and Citadel and their involvement in PFOF practices. It also discusses the SEC investigation into Robinhood's PFOF practices.
References: [How Payment For Order Flow is impacting markets: The Robinhood and Citadel Case](https://bsic.it/how-payment-for-order-flow-is-impacting-markets-the-robinhood-and-citadel-case)","Neutral, Negative","The article provides an analytical view of Payment for Order Flow (PFOF) focusing on Robinhood and Citadel. It discusses both the benefits, such as tighter spreads and increased retail trading access, and the negatives, including adverse selection risk, regulatory investigations, failure of best execution, and potential conflicts of interest. The tone is critical and highlights regulatory scrutiny and structural issues in the market, indicating a negative sentiment. However, it also acknowledges some positive aspects, making the overall sentiment a mix of neutral and negative.","The article explains Payment for Order Flow (PFOF) and its role in US equity markets, focusing on the relationship between Robinhood and Citadel. It discusses how PFOF works, its impact on market dynamics, potential conflicts of interest, and regulatory concerns, including the SEC investigation into Robinhood's PFOF practices and alleged failure to ensure best execution for clients. The article also highlights the rise of retail trading and the implications of PFOF on market structure and fairness."
https://digitalenterprise.org/models/robinhood,Robinhood Business Model: Overview,,Digital Enterprise,Media,7/14/23,"The article explicitly discusses payment for order flow (PFOF) in the context of stock trades. It includes a named 'Payment for Order Flow' section stating that Robinhood routes users' trades to market makers who compensate Robinhood through rebates, i.e., PFOF, and identifies this as a primary revenue source. The page also describes Robinhood as a US-based broker offering commission-free trading of stocks, reinforcing the US equity markets context. Key references: 'Primary Revenue Source | Transaction-based sources, particularly payments for order flow' and the 'Payment for Order Flow' description. Therefore, the article satisfies the criterion.
References: [Robinhood Business Model: Overview](https://digitalenterprise.org/models/robinhood)",Neutral,"The article provides a balanced overview of Robinhood's business model, highlighting both positive aspects such as its mission to democratize trading, rapid user growth, and diverse revenue streams, as well as negative aspects including outages, lawsuits, trading restrictions, and layoffs. The tone is factual and objective without strong emotional bias, indicating a neutral sentiment.","Robinhood is a US-based fintech company offering commission-free trading through a mobile and web platform. Founded in 2013 with a mission to democratize trading, it generates revenue primarily through payment for order flow, along with subscription fees, interest on margin loans, income from cash deposits, and interchange fees. The platform targets millennials and high-frequency traders, providing real-time market data and easy access to stocks, ETFs, and cryptocurrencies. Despite rapid growth and challenges like outages and regulatory scrutiny, Robinhood continues to expand its services and user base."
https://innreg.com/blog/payment-for-order-flow-and-finra-rule-5310,Payment for Order Flow (PFOF) and FINRA Rule 5310: A Guide for Online Broker-Dealers,,InnReg,Blog,11/28/23,"- The InnReg article defines 'payment for order flow' as compensation a broker receives from a wholesale market maker in return for routing trades to that market maker, which aligns with PFOF in US equity markets (article excerpt).

- It explicitly ties the topic to US equity market regulation referencing FINRA Rule 5310 (Best Execution) and the Regulation NMS NBBO framework, indicating the context is US stock trading and the required diligence for best execution.

- It also cites US-specific cases and actors (Robinhood, SEC actions) to illustrate PFOF in the US retail equity trading ecosystem.

- Based on these elements, the article clearly discusses PFOF in the context of US equity markets.

Sources in evidence: InnReg article content on PFOF definition and FINRA Rule 5310; FINRA Rule 5310 reference; NBBO/Regulation NMS mention; Robinhood/SEC context cited within the InnReg page.
References: [Payment for Order Flow (PFOF) and Broker-Dealer Regulation](https://www.congress.gov/crs-product/IF12594), [5310. Best Execution and Interpositioning | FINRA.org](https://www.finra.org/rules-guidance/rulebooks/finra-rules/5310), [Robinhood CEO says payment for order flow is 'here to stay' - CNBC](https://www.cnbc.com/2023/12/01/robinhood-ceo-says-payment-for-order-flow-is-here-to-stay.html), [Citadel Securities paid US$943m for retail US equity, options order ...](https://www.globaltrading.net/citadel-securities-paid-us943m-for-retail-us-equity-options-order-flow-in-nine-months), [Payment for Order Flow (PFOF) and FINRA Rule 5310 - InnReg](https://www.innreg.com/blog/payment-for-order-flow-and-finra-rule-5310), [Payment for Order Flow (PFOF): Definition and How It Works](https://www.investopedia.com/terms/p/paymentoforderflow.asp), [[PDF] Payment for Order Flow and the Retail Trading Experience](https://wifpr.wharton.upenn.edu/wp-content/uploads/2023/10/Payment-for-Order-Flow.pdf), [[PDF] How does Payment for Order Flow Influence Markets? - SEC.gov](https://www.sec.gov/files/dera_wp_payment-order-flow-2501.pdf), [PFOF is going away, but the problem isn't - Optiver](https://optiver.com/insights/pfof-is-going-away-but-the-problem-isnt), [FINRA Orders Robinhood Financial to Pay $3.75 Million in ...](https://www.finra.org/media-center/newsreleases/2025/finra-orders-robinhood-financial-pay-375-million-restitution)",Negative,"The article discusses payment for order flow (PFOF) primarily in the context of regulatory scrutiny, compliance challenges, and enforcement actions such as fines against Robinhood. It highlights risks and potential conflicts of interest inherent in PFOF, as well as ongoing regulatory concerns and possible bans. The tone is cautious and critical, emphasizing the need for broker-dealers to comply with FINRA Rule 5310 and proceed with caution. This focus on risks and regulatory challenges supports a Negative sentiment classification.","The article explains payment for order flow (PFOF) as compensation brokers receive for routing trades to market makers, a common practice in US equity markets. It highlights the regulatory framework under FINRA Rule 5310, which mandates brokers to seek best execution for customers. The article discusses increased regulatory scrutiny, citing cases like Robinhood's violations and settlements. It emphasizes compliance factors, ongoing monitoring, and the potential regulatory changes affecting PFOF, advising online broker-dealers to proceed with caution."
https://kalzumeus.com/2019/6/26/how-brokerages-make-money,How Discount Brokerages Make Money,,Kalzumeus Software,Blog,6/26/19,"The article explicitly discusses payment for order flow (PFOF) and places it in the context of US equity market structure: it opens addressing PFOF as a topic in investing and mentions discount brokerages (e.g., Schwab, E*TRADE, Robinhood) and order routing to access US equity markets; it also references Google shares trading on the New York Stock Exchange and mentions market-makers like Citadel, indicating US equity trading context.
References: [How Discount Brokerages Make Money](https://www.kalzumeus.com/2019/6/26/how-brokerages-make-money)",Neutral,"The article provides an analytical and explanatory overview of how discount brokerages make money, including payment for order flow and net interest income. It presents facts and explanations without strong emotional language or clear positive or negative bias. While it mentions some criticisms, such as Robinhood's product decisions, the overall tone remains balanced and neutral.","The article explains the role and business model of discount brokerages in the US equity markets, highlighting how they differ from full-service brokerages. It discusses how discount brokerages primarily make money through net interest income on customer cash balances and addresses the often misunderstood topic of payment for order flow. The article also outlines the types of discount brokerages, their customer base, and the financial mechanisms behind their profitability."
https://katusaresearch.com/robinhood-trading-exposed-steal-from-the-poor-and-give-to-the-ultra-rich,Robinhood Trading Exposed: Steal from the Poor and Give to the Ultra Rich,,Katusa Research,Blog,6/21/20,"Yes. The article explicitly discusses payment for order flow in the context of US equities. It states that Robinhood earns revenue from order flow despite commission-free trades and that orders are routed to market maker firms which pay Robinhood for execution. It cites Citadel Securities receiving a large share of Robinhood’s order flow and mentions FINRA’s $1.25 million penalty related to order flow practices. All of these point to PFOF in US stock markets, satisfying the criterion.
References: [Robinhood Trading Exposed: Steal from the Poor and Give to the Ultra Rich](https://katusaresearch.com/robinhood-trading-exposed-steal-from-the-poor-and-give-to-the-ultra-rich)",Negative,"The article is critical of Robinhood, highlighting negative aspects such as the lack of proper KYC verification, the payment for order flow model that disadvantages retail investors, regulatory fines, and a tragic incident involving a young investor. The tone is cautionary and points out risks and problems, which aligns with a Negative sentiment.","The article exposes risks associated with Robinhood's trading platform, highlighting its young, inexperienced user base and lack of rigorous KYC checks. It explains Robinhood's revenue model based on payment for order flow, where market makers pay to execute trades but may engage in frontrunning. The piece discusses regulatory fines and a tragic incident involving a young user overwhelmed leverage. It advises users to place limit orders and understand trades fully to protect themselves."
https://seekingalpha.com/article/4205379-robinhood-is-making-millions-selling-out-millennial-customers-to-high-frequency-traders,Robinhood Is Making Millions Selling Out Millennial Customers to High-Frequency Traders,,North of Sunset Publishing,Blog,9/10/18,"The article summary explicitly states that ""Robinhood takes from the millennial and gives to the high-frequency trader"" and mentions that ""Robinhood accept[s] payment for order flow"". It also mentions Vanguard, which is a major broker. This clearly indicates that the article discusses payment for order flow in the context of US equity markets.
References: [Robinhood Is Making Millions Selling Out Millennial Customers to High-Frequency Traders](https://seekingalpha.com/article/4205379-robinhood-is-making-millions-selling-out-millennial-customers-to-high-frequency-traders)",Negative,"The article is critical of Robinhood's business model, highlighting that it sells customer orders to high-frequency traders for significantly higher payments than competitors, which creates conflicts of interest and is detrimental to retail customers. The tone is cautionary and points out a lack of transparency and potential exploitation of millennial customers. This clearly indicates a negative sentiment towards Robinhood's practices.","The article reveals that Robinhood, while marketed as a commission-free trading platform, generates substantial revenue selling its customers' orders to high-frequency trading firms at rates over ten times higher than other brokers. This practice presents a conflict of interest and raises transparency concerns. The article contrasts Robinhood's approach with brokers like Vanguard, E*TRADE, and TD Ameritrade, which have different policies on payment for order flow. It advises long-term investors to consider other brokers and warns that Robinhood's retail customers may be exploited high-frequency traders."
https://finra.org/rules-guidance/guidance/reports/2023-finras-examination-and-risk-monitoring-program/disclosure-routing-information,Disclosure of Routing Information,,Financial Industry Regulatory Authority (FINRA),Regulator,1/10/23,"The article 'Disclosure of Routing Information' discusses Rule 606 disclosures of order routing for NMS stocks (US equities) and explicitly references payments for order flow (PFOF) in the context of the material terms of venues and reporting. It includes guidance to disclose PFOF and profit-sharing relationships and to report PFOF in the material terms, which demonstrates discussion of PFOF within US equity markets. This aligns with the criterion requiring discussion of PFOF in US equity markets. Supporting excerpts include: (1) Rule 606 regulates disclosures for handling customer orders in NMS stocks, (2) guidance to include PFOF-related terms in material disclosures and reports, including 'specific quantitative and qualitative information regarding PFOF and any profit-sharing relationship.'
References: [Disclosure of Routing Information](https://www.finra.org/rules-guidance/guidance/reports/2023-finras-examination-and-risk-monitoring-program/disclosure-routing-information)","Negative, Neutral","The article primarily highlights numerous deficiencies and compliance failures related to Rule 606 disclosures, such as inaccurate reports, incomplete disclosures, deficient communications, and insufficient supervisory procedures, which indicates a negative sentiment. However, it also outlines effective practices and recommendations for improvement, which provide a neutral or constructive aspect to the overall tone. Therefore, the sentiment is best described as predominantly Negative with some Neutral elements.","The article outlines regulatory obligations under Rule 606 of Regulation NMS requiring broker-dealers to disclose order routing information for NMS stocks, including payments for order flow (PFOF). It highlights common deficiencies in quarterly reports and disclosures, such as inaccuracies, incomplete descriptions of PFOF arrangements, and supervisory weaknesses. Effective practices include regular supervisory reviews and vendor due diligence to ensure accurate and complete disclosures. Additional resources from the SEC are provided for further guidance."
https://finra.org/rules-guidance/guidance/reports/2024-finra-annual-regulatory-oversight-report/disclosure-routing-information,Disclosure of Routing Information,,FINRA,Regulator,1/9/24,"The article discusses Rule 606 of Regulation NMS, which requires broker-dealers to disclose information regarding the handling of their customers’ orders in NMS stocks. The article also mentions PFOF multiple times in the context of these disclosures. Therefore, the article discusses payment for order flow in the context of US equity markets.
References: [Payment for order flow](https://api.exa.ai/crawl-ping?value=Payment%20for%20order%20flow%20is%20the%20compensation%20that%20a%20stockbroker%20receives%20from%20a%20market%20maker%20in%20exchange%20for%20the%20broker%20routing%20its%20clients%27%20trades%20to%20that%20market%20maker.%20The%20market%20maker%20profits%20from%20the%20bid-ask%20spread%20and%20rebates%20a%20portion%20of%20this...%0Aundefined), [Payment for Order Flow (PFOF): Definition and How It Works](https://www.investopedia.com/terms/p/paymentoforderflow.asp), [Robinhood CEO says payment for order flow is 'here to stay' - CNBC](https://www.cnbc.com/2023/12/01/robinhood-ceo-says-payment-for-order-flow-is-here-to-stay.html), [Disclosure of Routing Information](https://www.finra.org/rules-guidance/guidance/reports/2024-finra-annual-regulatory-oversight-report/disclosure-routing-information)",Negative,"The article emphasizes regulatory obligations and highlights numerous findings of inaccurate, incomplete, and deficient disclosures and supervisory practices related to order routing and payment for order flow. While it mentions effective practices, the overall tone is critical and cautionary, focusing on compliance issues and shortcomings. Therefore, the sentiment is best classified as Negative.","The FINRA Disclosure of Routing Information report outlines regulatory obligations under Rule 606 of Regulation NMS and new FINRA Rules 6151 and 6470, requiring broker-dealers to disclose order routing information for NMS and OTC equity securities. It highlights common deficiencies in disclosures, such as inaccurate or incomplete reports on payment for order flow and execution venues, and emphasizes the importance of effective supervisory systems. The report also recommends best practices for ensuring accuracy and compliance in order routing disclosures."
https://finra.org/rules-guidance/guidance/reports/2025-finra-annual-regulatory-oversight-report/best-execution,Customer Order Handling: Best Execution and Order Routing Disclosures,,FINRA,Regulator,6/30/24,"The article explicitly mentions 'payment for order flow (PFOF)' and discusses Rule 606, which pertains to disclosures regarding the handling of customer orders in NMS stocks. This clearly places the discussion of PFOF within the context of US equity markets.
References: [Customer Order Handling: Best Execution and Order Routing Disclosures](https://www.finra.org/rules-guidance/guidance/reports/2025-finra-annual-regulatory-oversight-report/best-execution)","Negative, Neutral","The article primarily focuses on regulatory obligations and findings of non-compliance, highlighting deficiencies such as failure to conduct proper reviews, inaccurate reports, and incomplete disclosures, which indicate a negative sentiment. However, it also outlines effective practices and recent regulatory improvements, which add a neutral tone. Overall, the content leans more towards Negative due to the emphasis on compliance challenges and regulatory scrutiny, but includes some Neutral elements.","The article outlines FINRA's regulatory obligations for broker-dealers regarding best execution and order routing disclosures, including the requirements of FINRA Rule 5310 and the recently adopted Rule 6151. It highlights common compliance issues such as inadequate reviews of execution quality and inaccurate order routing disclosures. The article also presents effective practices for firms to ensure supervisory oversight, thorough monitoring, and accurate reporting to meet regulatory standards and protect customer interests."
https://sec.gov/rules/proposed/34-50870.htm,SECURITIES AND EXCHANGE COMMISSION,,Securities and Exchange Commission,Regulator,12/16/04,"The article is a proposed rule the SEC regarding Regulation NMS. While the article itself doesn't explicitly mention 'payment for order flow', search results indicate that Rule 607 of Regulation NMS requires broker-dealers to disclose their policies regarding PFOF. Given that the article discusses Regulation NMS and its rules, it is likely that PFOF is discussed within the context of the regulation, even if not explicitly mentioned in the crawled content. Therefore, I will mark this as 'yes'.
References: [Payment for Order Flow (PFOF) and Broker-Dealer Regulation](https://www.congress.gov/crs-product/IF12594), [17 CFR § 242.606 - Disclosure of order routing information.](https://www.law.cornell.edu/cfr/text/17/242.606), [Payment For Order Flow (PFOF): Meaning & Examples - Britannica](https://www.britannica.com/money/payment-for-order-flow-explained), [17 CFR § 242.607 - Customer account statements. - Law.Cornell.Edu](https://www.law.cornell.edu/cfr/text/17/242.607), [Payment for Order Flow (PFOF): Definition and How It Works](https://www.investopedia.com/terms/p/paymentoforderflow.asp), [Payment for order flow (PFOF): what it is and why it's controversial - Curvo](https://curvo.eu/article/payment-for-order-flow-pfof), [Disclosure of Routing Information | FINRA.org](https://www.finra.org/rules-guidance/guidance/reports/2023-finras-examination-and-risk-monitoring-program/disclosure-routing-information), [[PDF] SEC Rule 607 Disclosure | Citi.com](https://www.citibank.com/icg/about/assets/docs/SEC-Rule-607-Disclosure.pdf), [[PDF] Date of Publication July 1, 2025 SEC Rule 607 Disclosure - Citi](https://www.citigroup.com/rcs/citigpa/storage/public/sec-rule-607-disclosure.pdf), [Disclosure of Order Handling Information - SEC.gov](https://www.sec.gov/rules-regulations/2016/07/disclosure-order-handling-information), [EU: MiFIR Amendments prohibiting Payment for Order Flow (PFOF ...](https://www.hoganlovells.com/en/publications/eu-mifir-amendments-prohibiting-payment-for-order-flow-pfof-entered-into-force-on-28-march-2024), [Firstrade SEC Rule 606(a) & 607 Disclosure](https://www.firstrade.com/legal/order-routing), [Payment for Order Flow: The SEC Proposes Reforms | Congress.gov](https://www.congress.gov/crs-product/IF12332), [SECURITIES AND EXCHANGE COMMISSION](https://www.sec.gov/rules/proposed/34-50870.htm)",Neutral,"The article is a formal regulatory proposal the SEC focused on modernizing and strengthening the U.S. equity markets through Regulation NMS. It discusses rules designed to improve market structure, access, and transparency without expressing subjective positive or negative opinions. The tone is neutral and informative, typical of regulatory documents.","The SEC's proposed Regulation NMS aims to modernize and strengthen the U.S. equity markets introducing key rules: the Trade-Through Rule to prevent trades at inferior prices, the Access Rule to ensure fair access and limit fees for quotations, the Sub-Penny Rule to standardize quoting increments, and amendments to Market Data Rules to improve data distribution and revenue allocation. The regulation covers over 5,000 listed companies and seeks to enhance market transparency, efficiency, and investor protection."
https://federalregister.gov/documents/1994/11/02/94-27108/internalizedaffiliate-practices-payment-for-order-flow-and-order-routing-practices,"Internalized/Affiliate Practices, Payment for Order Flow and Order Routing Practices",,Securities and Exchange Commission,Regulator,11/2/94,"The article's title, 'Internalized/Affiliate Practices, Payment for Order Flow and Order Routing Practices,' directly mentions 'Payment for Order Flow.' Given that it's a document from the Federal Register, it is highly likely to pertain to US markets and regulations.
References: [Internalized/Affiliate Practices, Payment for Order Flow and Order Routing Practices](https://www.federalregister.gov/documents/1994/11/02/94-27108/internalizedaffiliate-practices-payment-for-order-flow-and-order-routing-practices)",Neutral,"The article is a regulatory document from the Federal Register, which typically presents information in a neutral and factual manner. There is no indication of positive or negative sentiment in the title or content snippet. Hence, the sentiment is best classified as Neutral.","This Federal Register document addresses regulatory practices related to internalized and affiliate trading, payment for order flow, and order routing in the US equity markets. It outlines the regulatory framework and considerations governing these practices to ensure market transparency and fairness."
https://federalregister.gov/documents/2023/08/08/2023-16886/self-regulatory-organizations-financial-industry-regulatory-authority-inc-order-approving-a-proposed,"Self-Regulatory Organizations; Financial Industry Regulatory Authority, Inc.; Order Approving a Proposed Rule Change To Adopt FINRA Rules 6151 and 6470",,Securities and Exchange Commission,Regulator,8/8/23,"The crawled article from the SEC website discusses FINRA rules 6151 and 6470, which relate to the disclosure of order routing information for NMS and OTC equity securities. The search results indicate that these rules are related to payment for order flow. The crawled article mentions SEC Rule 606(a), which requires broker-dealers to disclose information about their order routing practices for NMS securities, and that FINRA is adopting Rule 6470 to impose similar disclosure requirements for OTC Equity Securities. The article also mentions that the rules are intended to improve the accessibility of disclosures related to order routing. Based on this information, the article discusses payment for order flow in the context of US equity markets.
References: [Regulatory Notice 24-05 | FINRA.org](https://www.finra.org/rules-guidance/notices/24-05), [6470. Disclosure of Order Routing Information for OTC Equity ... - finra](https://www.finra.org/rules-guidance/rulebooks/finra-rules/6470?pending=TRUE), [6750. Dissemination of Transaction Information | FINRA.org](https://www.finra.org/rules-guidance/rulebooks/finra-rules/6750), [Disclosure of Routing Information | FINRA.org](https://www.finra.org/rules-guidance/guidance/reports/2024-finra-annual-regulatory-oversight-report/disclosure-routing-information), [[PDF] FINRA Rules 6151 (Disclosure of Order Routing Information for NMS ...](https://www.sec.gov/files/rules/sro/finra/2023/34-98047.pdf), [Payment for order flow](https://api.exa.ai/crawl-ping?value=Payment%20for%20order%20flow%20is%20the%20compensation%20that%20a%20stockbroker%20receives%20from%20a%20market%20maker%20in%20exchange%20for%20the%20broker%20routing%20its%20clients%27%20trades%20to%20that%20market%20maker.%20The%20market%20maker%20profits%20from%20the%20bid-ask%20spread%20and%20rebates%20a%20portion%20of%20this...%0Aundefined), [Payment for Order Flow (PFOF): Definition and How It Works](https://www.investopedia.com/terms/p/paymentoforderflow.asp), [Robinhood CEO says payment for order flow is 'here to stay' - CNBC](https://www.cnbc.com/2023/12/01/robinhood-ceo-says-payment-for-order-flow-is-here-to-stay.html), [Payment for order flow - Wikipedia](https://en.wikipedia.org/wiki/Payment_for_order_flow), [Payment for Order Flow Questions : r/investing - Reddit](https://www.reddit.com/r/investing/comments/18n4dt3/payment_for_order_flow_questions), [How Robinhood Makes Money - Investopedia](https://www.investopedia.com/articles/active-trading/020515/how-robinhood-makes-money.asp), [[PDF] Payment for Order Flow and the Retail Trading Experience](https://wifpr.wharton.upenn.edu/wp-content/uploads/2023/10/Payment-for-Order-Flow.pdf), [What is Payment for Order Flow (PFOF)? | eToro US Help](https://help.etoro.com/en-us/s/article/What-is-Payment-for-Order-Flow-PFOF-US), [[PDF] PAYMENT FOR ORDER FLOW](https://rpc.cfainstitute.org/sites/default/files/-/media/documents/issue-brief/payment-for-order-flow.pdf), [Payment For Order Flow & Market Implications - Bloomberg Law](https://www.bloomberglaw.com/external/document/X1RP679S000000/capital-markets-professional-perspective-payment-for-order-flow-), [Self-Regulatory Organizations; Financial Industry Regulatory Authority, Inc.; Order Approving a Proposed Rule Change To Adopt FINRA Rules 6151 and 6470](https://www.federalregister.gov/documents/2023/08/08/2023-16886/self-regulatory-organizations-financial-industry-regulatory-authority-inc-order-approving-a-proposed)",Neutral,"The article is a formal regulatory notice from the SEC about the approval of FINRA rules related to order routing disclosures. It presents factual information without expressing opinions or emotions, indicating a neutral sentiment.","This document is a notice from the Securities and Exchange Commission approving FINRA's proposed rules 6151 and 6470, which require broker-dealers to disclose order routing information for NMS securities and OTC equity securities. The rules aim to enhance transparency and accessibility of disclosures related to order routing practices, including payment for order flow, in the US equity markets."
https://sec.gov/rules-regulations/2022/12/order-competition-rule,Order Competition Rule,,Securities and Exchange Commission,Regulator,6/12/25,"The article and the fact sheet discuss the Order Competition Rule proposed the SEC. The fact sheet mentions that retail brokers route marketable orders to wholesalers, who execute these orders internally. This is related to payment for order flow, as wholesalers compensate brokers for routing orders to them. The fact sheet also mentions NMS stocks, which are stocks listed on US securities exchanges. Therefore, the article discusses payment for order flow in the context of US equity markets.
References: [Payment for Order Flow (PFOF): Definition and How It Works](https://www.investopedia.com/terms/p/paymentoforderflow.asp), [SEC takes hatchet to payment for order flow, best execution ...](https://www.globaltrading.net/sec-takes-hatchet-to-payment-for-order-flow-best-execution-proposals-and-12-more-rules), [Payment for Order Flow (PFOF) and Broker-Dealer Regulation](https://www.congress.gov/crs-product/IF12594), [[PDF] Payment for Order Flow and the Retail Trading Experience](https://wifpr.wharton.upenn.edu/wp-content/uploads/2023/10/Payment-for-Order-Flow.pdf), [Payment For Order Flow (PFOF): Meaning & Examples - Britannica](https://www.britannica.com/money/payment-for-order-flow-explained), [Order Competition Rule](https://www.sec.gov/rules-regulations/2022/12/order-competition-rule)",Neutral,"The article from the SEC website is factual and neutral in tone. It reports on the withdrawal of proposed rules related to the Order Competition Rule and payment for order flow without expressing positive or negative opinions. The content is informative and regulatory in nature, indicating a neutral sentiment.",The SEC is withdrawing proposed rules related to the Order Competition Rule issued between March 2022 and November 2023 and does not intend to finalize these rules. The rule aimed to enhance competition for retail orders and address payment for order flow practices in US equity markets. Future regulatory actions may be proposed if deemed necessary.
https://sec.gov/news/statement/crenshaw-statement-volume-based-rebates-and-fees-101823,Statement on Volume-Based Exchange Transaction Pricing for NMS Stocks,,Securities and Exchange Commission,Regulator,10/18/23,"The article discusses volume-based exchange transaction pricing and its impact on competition among broker-dealers. While it doesn't explicitly mention 'payment for order flow,' it discusses how broker-dealers receive rebates and fees based on their transaction volume, which is related to the economic incentives behind PFOF. The article also mentions concerns about conflicts of interest when routing orders to achieve volume tier requirements. Given the close relationship between volume-based pricing and PFOF in US equity markets, and the discussion of related incentives and conflicts, the article implicitly addresses PFOF in the context of US equity markets.
References: [Volume-Based Exchange Transaction Pricing for NMS Stocks](https://www.federalregister.gov/documents/2023/11/06/2023-23398/volume-based-exchange-transaction-pricing-for-nms-stocks), [[PDF] Payment for Order Flow and the Retail Trading Experience](https://wifpr.wharton.upenn.edu/wp-content/uploads/2023/10/Payment-for-Order-Flow.pdf), [Citadel Securities paid US$943m for retail US equity, options order flow ...](https://www.globaltrading.net/citadel-securities-paid-us943m-for-retail-us-equity-options-order-flow-in-nine-months), [[PDF] August 2, 2024 Vanessa A. Countryman Secretary U.S. Securities ...](https://bettermarkets.org/wp-content/uploads/2024/08/Better-Markets-Supplemental-Comment-Letter-SEC-Volume-Based-Pricing.pdf), [SEC takes hatchet to payment for order flow, best execution ...](https://www.globaltrading.net/sec-takes-hatchet-to-payment-for-order-flow-best-execution-proposals-and-12-more-rules), [Statement on Volume-Based Exchange Transaction Pricing for NMS Stocks](https://www.sec.gov/news/statement/crenshaw-statement-volume-based-rebates-and-fees-101823)",Neutral,"The article discusses concerns and regulatory considerations about volume-based exchange transaction pricing, focusing on competitive inequities, conflicts of interest, and market power issues. The tone is analytical and cautious, aiming to address problems and solicit feedback rather than expressing strong positive or negative sentiment. Therefore, the sentiment is best classified as Neutral.","The statement SEC Commissioner Caroline Crenshaw addresses concerns about volume-based exchange transaction pricing in U.S. equity markets. It highlights competitive inequities where high-volume broker-dealers gain advantages through tiered pricing, potentially disadvantaging smaller firms. The proposal suggests a partial ban on tiered pricing for agency-related volume to promote fair competition and transparency, while soliciting feedback on whether a full ban for all volume might be more appropriate."
https://sec.gov/rules-regulations/staff-guidance/trading-markets-frequently-asked-questions/faq-rule-606-regulation,Responses to Frequently Asked Questions Concerning Rule 606 of Regulation NMS,,Securities and Exchange Commission,Regulator,8/16/19,"The article is a FAQ from the SEC regarding Rule 606 of Regulation NMS. The crawled content mentions 'payment for order flow arrangements' and 'require broker-dealers to describe any terms of payment for order flow arrangements and profit-sharing relationships'. This indicates that the article discusses payment for order flow in the context of US equity markets.
References: [Disclosure of Routing Information | FINRA.org](https://www.finra.org/rules-guidance/guidance/reports/2023-finras-examination-and-risk-monitoring-program/disclosure-routing-information), [Responses to Frequently Asked Questions Concerning Rule 606 of ...](https://www.sec.gov/rules-regulations/staff-guidance/trading-markets-frequently-asked-questions/faq-rule-606-regulation), [Payment for order flow : r/etrade](https://www.reddit.com/r/etrade/comments/omwh68/payment_for_order_flow), [17 CFR § 242.606 - Disclosure of order routing information.](https://www.law.cornell.edu/cfr/text/17/242.606), [Disclosure of Order Handling Information - SEC.gov](https://www.sec.gov/rules-regulations/2016/07/disclosure-order-handling-information), [Payment for order flow](https://api.exa.ai/crawl-ping?value=Payment%20for%20order%20flow%20is%20the%20compensation%20that%20a%20stockbroker%20receives%20from%20a%20market%20maker%20in%20exchange%20for%20the%20broker%20routing%20its%20clients%27%20trades%20to%20that%20market%20maker.%20The%20market%20maker%20profits%20from%20the%20bid-ask%20spread%20and%20rebates%20a%20portion%20of%20this...%0Aundefined), [Payment for Order Flow (PFOF): Definition and How It Works](https://www.investopedia.com/terms/p/paymentoforderflow.asp), [Robinhood CEO says payment for order flow is 'here to stay' - CNBC](https://www.cnbc.com/2023/12/01/robinhood-ceo-says-payment-for-order-flow-is-here-to-stay.html), [Payment for order flow - Wikipedia](https://en.wikipedia.org/wiki/Payment_for_order_flow), [Payment for Order Flow Questions : r/investing - Reddit](https://www.reddit.com/r/investing/comments/18n4dt3/payment_for_order_flow_questions), [PAYMENT FOR ORDER FLOW](https://rpc.cfainstitute.org/sites/default/files/-/media/documents/issue-brief/payment-for-order-flow.pdf), [[PDF] Payment for Order Flow and the Retail Trading Experience](https://wifpr.wharton.upenn.edu/wp-content/uploads/2023/10/Payment-for-Order-Flow.pdf), [What is Payment for Order Flow (PFOF)? | eToro US Help](https://help.etoro.com/en-us/s/article/What-is-Payment-for-Order-Flow-PFOF-US), [Payment For Order Flow & Market Implications - Bloomberg Law](https://www.bloomberglaw.com/external/document/X1RP679S000000/capital-markets-professional-perspective-payment-for-order-flow-), [Payment for Order Flow (PFOF): Definition and How It Works - SoFi](https://www.sofi.com/learn/content/payment-for-order-flow)",Neutral,"The article is a formal and informative FAQ from the SEC regarding Rule 606 of Regulation NMS. It provides regulatory guidance and clarifications without expressing opinions or emotional language. The tone is neutral, focusing on explaining compliance requirements and staff views, which is typical for regulatory documents.","This SEC FAQ document explains amendments to Rule 606 of Regulation NMS, which require broker-dealers to provide enhanced disclosures about the handling and routing of customer orders in US equity markets. It clarifies disclosure obligations for different types of orders, including 'not held' and 'held' orders, and details requirements related to payment for order flow and order routing transparency. The guidance helps broker-dealers comply with new reporting standards to improve market transparency and customer understanding of order execution."
https://federalregister.gov/documents/2023/01/27/2022-27644/regulation-best-execution,Regulation Best Execution,,U.S. Securities and Exchange Commission,Regulator,1/27/23,"The Federal Register 'Regulation Best Execution' article discusses payment for order flow as a conflicts-of-interest factor within proposed broker-dealer best-execution rules, explicitly in the context of US equity markets: it mentions 'retail customer transactions that present conflicts of interest, such as payment for order flow or internalization' and references the 'NMS Stock Market Conflicts of Interest' when applying proposed Rule 1101(b). This demonstrates PFOF discussion tied to US equities.
References: [Regulation Best Execution](https://www.federalregister.gov/documents/2023/01/27/2022-27644/regulation-best-execution)",Neutral,"The article is a formal regulatory proposal the SEC outlining rules for best execution broker-dealers. It focuses on investor protection, compliance, and addressing conflicts of interest such as payment for order flow. The tone is informative and objective without expressing positive or negative opinions, indicating a neutral sentiment.","The document outlines the SEC's proposal for Regulation Best Execution, establishing a comprehensive best execution standard for broker-dealers under the Exchange Act. It requires broker-dealers to implement written policies and procedures to ensure customer orders are executed on the most favorable terms reasonably available. The proposal addresses conflicts of interest, such as payment for order flow, mandates regular reviews of execution quality, and requires documentation to support compliance. The regulation aims to enhance investor protection and market integrity promoting consistent and transparent best execution practices."
https://sec.gov/newsroom/speeches-statements/gensler-remarks-piper-sandler-global-exchange-conference-060822,Market Structure and the Retail Investor: Remarks Before the Piper Sandler Global Exchange Conference,,U.S. Securities and Exchange Commission,Regulator,6/8/22,"Yes. The article explicitly discusses Payment for Order Flow (PFOF) as part of a SEC speech focusing on US equity markets. The crawled content lists “Payment for Order Flow, Exchange Rebates, and Related Access Fees” as a key topic, and the surrounding text discusses retail investors, order handling, and other US equity market structures, confirming the context is US equities.
References: [“Market Structure and the Retail Investor:” Remarks Before the Piper ...](https://www.sec.gov/newsroom/speeches-statements/gensler-remarks-piper-sandler-global-exchange-conference-060822), [[PDF] Testimony of Gary Gensler - Senate Banking Committee](https://www.banking.senate.gov/download/gensler-testimony-9-15-22), [SEC eyes payment for order flow, Gensler says](https://www.regcompliancewatch.com/sec-eyes-payment-for-order-flow-gensler-says), [Chair Gensler Directs SEC Staff to Consider Recommendations for ...](https://www.stblaw.com/about-us/publications/view/2022/07/05/chair-gensler-directs-sec-staff-to-consider-recommendations-for-market-structure-changes-affecting-retail-investors-(registered-funds-regulatory-update)), [[PDF] Dear Chair Gensler, I write to express my concerns regarding the ...](https://www.sec.gov/comments/s7-31-22/s73122-197539-394182.pdf)",Neutral,"The article is a speech SEC Chair Gary Gensler that critically analyzes the current US equity market structure, highlighting challenges such as market segmentation, concentration, and inefficiencies. However, it also discusses ongoing and proposed regulatory reforms aimed at improving fairness, transparency, and competition. The tone is analytical and constructive rather than emotional or biased, making the overall sentiment Neutral.","Chair Gary Gensler's speech at the Piper Sandler Global Exchange Conference addresses the impact of technological changes on US equity markets, highlighting challenges such as market segmentation, concentration, and lack of a level playing field for retail investors. He discusses key areas for potential regulatory updates, including minimum pricing increments (tick size), the National Best Bid and Offer (NBBO), order execution quality disclosure, best execution standards, and payment for order flow. The speech emphasizes the need to modernize market structure rules to enhance fairness, transparency, and competition for retail investors."
https://sec.gov/newsroom/speeches-statements/gensler-volume-based-rebates-fees-101823,Statement on Exchanges’ Volume-Based Rebates and Fees,,U.S. Securities and Exchange Commission,Regulator,10/18/23,"The SEC speech 'Statement on Exchanges’ Volume-Based Rebates and Fees' clearly discusses volume-based rebates and order flow in the context of US equity markets. It states that exchanges pay rebates to brokers that vary trading volume and explicitly notes that, in some cases, large brokers receive rebates larger than the fees they pay, effectively paying for their order flow (order routing). This directly ties to PFOF concepts within US equities (brokers receiving compensation from market makers via rebates) and references US trading venues and brokers. See passages describing 'volume-based transaction pricing', 'rebates back to brokers that vary depending on the brokers’ trading volume', and 'exchange actually pays on net large brokers for their order flow.' URL: https://www.sec.gov/newsroom/speeches-statements/gensler-volume-based-rebates-fees-101823.
References: [Statement on Exchanges’ Volume-Based Rebates and Fees](https://www.sec.gov/newsroom/speeches-statements/gensler-volume-based-rebates-fees-101823)",Neutral,"The article presents a factual and regulatory perspective on volume-based rebates and fees in US equity markets. It acknowledges concerns about competition and fairness but focuses on seeking public feedback and proposing regulatory measures to address these issues. The tone is balanced and does not express a positive or negative bias, making the sentiment neutral.","The statement SEC Chair Gary Gensler discusses a proposal on exchanges' volume-based rebates and fees in US equity markets. It highlights concerns that current volume-based transaction pricing creates an uneven playing field favoring large brokers who receive larger rebates, sometimes exceeding their fees, effectively being paid for order flow. The proposal seeks public feedback on whether to prohibit these volume-based discounts and considers new disclosure requirements to promote competition among brokers and trading venues."
https://sec.gov/newsroom/speeches-statements/crenshaw-equity-market-20221214,Statement on Proposals Related to Equity Market Structure,,U.S. Securities and Exchange Commission,Regulator,12/14/22,"The article, a statement SEC Commissioner Caroline A. Crenshaw on Proposals Related to Equity Market Structure, discusses amendments to Rule 605 and tick sizes, access fees, odd lots and round lots. The search results confirm that these proposals relate to equity market structure and that payment for order flow is a relevant aspect of this structure. The article itself mentions that the rise of order incentives like payment for order flow can create conflicts of interest. Therefore, the article discusses payment for order flow in the context of US equity markets.
References: [[PDF] Payment for Order Flow and the Retail Trading Experience](https://wifpr.wharton.upenn.edu/wp-content/uploads/2023/10/Payment-for-Order-Flow.pdf), [Statement on Proposals Related to Equity Market Structure - SEC.gov](https://www.sec.gov/newsroom/speeches-statements/crenshaw-equity-market-20221214), [Payment for order flow - Wikipedia](https://en.wikipedia.org/wiki/Payment_for_order_flow), [SEC Commissioner Crenshaw talks fixed income, options and more](https://www.regcompliancewatch.com/sec-commissioner-crenshaw-talks-fixed-income-options-and-more), [SEC Proposes Sweeping Changes To Stock Trading And Payments ...](https://www.fa-mag.com/news/sec-proposes-sweeping-changes-to-stock-trading-and-payments-for-order-flow-71106.html), [SEC takes hatchet to payment for order flow, best execution ...](https://www.globaltrading.net/sec-takes-hatchet-to-payment-for-order-flow-best-execution-proposals-and-12-more-rules), [Payment For Order Flow (PFOF): Meaning & Examples - Britannica](https://www.britannica.com/money/payment-for-order-flow-explained), [What's Next for the SEC's Equity Market Structure Proposals in 2024?](https://flextrade.com/resources/equity-market-structure-2024), [Payment for Order Flow (PFOF) and Broker-Dealer Regulation](https://www.congress.gov/crs-product/IF12594), [Market Microstructure And Order Flow In CFD Trading - Equiti](https://www.equiti.com/sc-en/education/market-analysis/order-flow-and-market-microstructure), [Dark Pools, Payment for Order Flow & Market Structure - SEC.gov](https://www.sec.gov/newsroom/speeches-statements/office-hours-gary-gensler-dark-pools-payment-order-flow-market-structure), [Citadel Securities paid US$943m for retail US equity, options order flow ...](https://www.globaltrading.net/citadel-securities-paid-us943m-for-retail-us-equity-options-order-flow-in-nine-months), [SEC Market Structure Reforms](https://bettermarkets.org/analysis/sec-market-structure-reforms)",Positive,"The article is a statement SEC Commissioner Caroline A. Crenshaw discussing proposals to improve equity market structure. The tone is constructive and supportive of regulatory improvements aimed at increasing transparency, competition, and fairness in the markets. It emphasizes the importance of investor confidence and well-regulated markets, and it seeks public input to optimize the proposals. There is no negative or neutral tone detected; the overall sentiment is positive towards the proposed changes.","The statement SEC Commissioner Caroline A. Crenshaw outlines proposals to enhance the U.S. equity market structure. Key initiatives include updating Rule 605 to improve execution quality disclosures, adjusting tick sizes, lowering access fee caps, and increasing transparency around smaller orders. The proposals aim to boost competition, transparency, and investor confidence in the markets, with a focus on protecting retail investors. Public feedback is encouraged to refine these regulatory changes."
https://sec.gov/news/speech/gensler-remarks-piper-sandler-global-exchange-conference-060822,Market Structure and the Retail Investor: Remarks Before the Piper Sandler Global Exchange Conference,,U.S. Securities and Exchange Commission,Regulator,6/8/22,"The article, titled 'Market Structure and the Retail Investor,' explicitly discusses 'Payment for Order Flow' (PFOF) in the context of US equity markets. It mentions that '90-plus percent of retail marketable orders are routed to a small, concentrated group of wholesalers that pay for this retail market order flow.' This clearly indicates a discussion of PFOF within the US equity market.
References: [“Market Structure and the Retail Investor:” Remarks Before the Piper ...](https://www.sec.gov/newsroom/speeches-statements/gensler-remarks-piper-sandler-global-exchange-conference-060822), [We've Seen This Story Before - remarks before the Piper Sandler ...](https://www.sec.gov/newsroom/speeches-statements/gensler-remarks-piper-sandler-060823), [Gary Gensler - Wikipedia](https://en.wikipedia.org/wiki/Gary_Gensler), [Market Structure and the Retail Investor: Remarks Before the Piper Sandler Global Exchange Conference](https://www.sec.gov/news/speech/gensler-remarks-piper-sandler-global-exchange-conference-060822)",Neutral,"The article discusses challenges and issues in the US equity markets, including market segmentation, concentration, and fairness concerns for retail investors. It also outlines potential regulatory updates and improvements aimed at promoting fairness and competition. The tone is analytical and focused on identifying problems and proposing solutions, without strong positive or negative bias. Therefore, the sentiment is best described as Neutral.","The speech SEC Chair Gary Gensler addresses challenges and inefficiencies in the U.S. equity market structure, particularly affecting retail investors. He discusses issues such as market segmentation, concentration, and the lack of a level playing field among trading venues. Key topics include the minimum pricing increment (tick size), National Best Bid and Offer (NBBO) transparency, disclosure of order execution quality, best execution rules, order-by-order competition, and payment for order flow. Gensler highlights the need for updated regulations to promote fairness, competition, and transparency in the equity markets."
https://sec.gov/newsroom/speeches-statements/jackson-unfair-exchange-state-americas-stock-markets,Unfair Exchange: The State of America's Stock Markets,,U.S. Securities and Exchange Commission,Regulator,9/19/18,"The article discusses payments exchanges make to brokers who send orders their way, which is directly related to payment for order flow in the context of US equity markets. The speech also mentions the routing of orders to different platforms and the complexity of the market structure, further supporting the presence of PFOF discussion.
References: [Unfair Exchange: The State of America's Stock Markets - SEC.gov](https://www.sec.gov/newsroom/speeches-statements/jackson-unfair-exchange-state-americas-stock-markets), [Unfair Exchange: The State of America's Stock Markets](https://mendoza.nd.edu/news/unfair-exchange-the-state-of-americas-stock-markets), [Securities and Exchange Commission (SEC) | USAGov](https://www.usa.gov/agencies/securities-and-exchange-commission), [[PDF] Payment for Order Flow and the Great Missed Opportunity](https://openscholarship.wustl.edu/cgi/viewcontent.cgi?article=1310&context=law_scholarship), [A Disclosure Gap in the Market for Order Flow](https://businesslawreview.uchicago.edu/print-archive/disclosure-gap-market-order-flow)",Negative,"The article critically examines the current state of America's stock markets, emphasizing issues such as concentrated market power, profit-driven exchanges raising costs for investors, and regulatory challenges. The tone is concerned and calls for reform, indicating a negative sentiment towards the existing market conditions.","The speech ""Unfair Exchange: The State of America's Stock Markets"" Robert J. Jackson Jr. critically examines the U.S. stock markets, highlighting how the shift of exchanges from not-for-profit to for-profit entities has concentrated market power among a few corporations. This has led to increased costs and fees for investors, complex market structures, and regulatory challenges. The speech calls for reforms to restore competition and better protect American investors."
https://investor.gov/introduction-investing/investing-basics/how-stock-markets-work/executing-order,Executing an Order,,U.S. Securities and Exchange Commission,Regulator,,"The article from investor.gov, titled ""Executing an Order,"" explicitly discusses payment for order flow in the context of stock trading, which falls under US equity markets. It explains how market makers pay brokers for routing orders to them, a practice directly related to US equity markets.
References: [Executing an Order | Investor.gov](https://www.investor.gov/introduction-investing/investing-basics/how-stock-markets-work/executing-order), [Executing an Order - Investor.gov](https://www.investor.gov/introduction-investing/investing-basics/glossary/executing-order), [PFOF is going away, but the problem isn't - Optiver](https://optiver.com/insights/pfof-is-going-away-but-the-problem-isnt)",Neutral,"The article 'Executing an Order' from investor.gov provides factual, educational information about the stock order execution process, broker roles, and payment for order flow. It maintains a neutral tone without expressing positive or negative opinions, focusing on informing investors about the mechanics and considerations of trade execution.",The article explains how stock orders are executed through brokers who choose markets or market makers to complete trades. It highlights that trade execution is not instantaneous and prices can change quickly. Brokers may receive payment for order flow from market makers. They have a duty to seek the best execution for customers and may offer options for directing trades to specific venues.
https://sec.gov/newsroom/speeches-statements/office-hours-gary-gensler-dark-pools-payment-order-flow-market-structure,"Office Hours with Gary Gensler: Dark Pools, Payment for Order Flow & Market Structure",,U.S. Securities and Exchange Commission,Regulator,3/3/22,"The article titled 'Office Hours with Gary Gensler: Dark Pools, Payment for Order Flow & Market Structure' explicitly mentions 'Payment for Order Flow' in its title. The article's content begins discussing how retail orders are routed when buying stock in an app, which is directly related to the practice of payment for order flow in US equity markets.
References: [Office Hours with Gary Gensler: Dark Pools, Payment for Order Flow & Market Structure](https://www.sec.gov/newsroom/speeches-statements/office-hours-gary-gensler-dark-pools-payment-order-flow-market-structure)",Negative,"The article critically discusses the practice of payment for order flow and dark pools, highlighting conflicts of interest and potential harm to retail investors. It emphasizes that these practices may not provide the best execution or serve the best interests of investors, and points out hidden costs despite zero commissions. The tone is cautionary and critical, indicating a negative sentiment toward these market practices.","The article explains how stock orders placed through apps are often routed to wholesalers in dark markets via payment for order flow, which can create conflicts of interest and may not ensure the best execution price for investors. It highlights concerns about market transparency, fairness, and hidden costs despite zero commissions, emphasizing the need for markets to work in the best interest of all participants."
https://tastylive.com/shows/the-skinny-on-options-abstract-applications/episodes/payment-for-order-flow-a-good-thing-01-09-2023,Payment For Order Flow A Good Thing,,"Tastylive, Inc.",Retail broker,1/9/23,"The article titled 'Payment For Order Flow A Good Thing' discusses payment for order flow and mentions Robinhood and GME sagas, which are related to US equity markets. The article also discusses whether PFOF is bad for the retail trader. This indicates that the article discusses payment for order flow in the context of US equity markets.
References: [Payment For Order Flow A Good Thing](https://www.tastylive.com/shows/the-skinny-on-options-abstract-applications/episodes/payment-for-order-flow-a-good-thing-01-09-2023)",Positive,"The article's title 'Payment For Order Flow A Good Thing' explicitly conveys a positive sentiment towards payment for order flow. The content discusses the common criticism of PFOF but argues that the opposite is true, indicating a favorable view of PFOF for retail traders. There is no indication of negative or neutral sentiment in the article.","The article discusses the controversy surrounding payment for order flow (PFOF) in active trading, particularly in light of the Robinhood and GME events. It challenges the negative perception of PFOF, arguing that it can actually be beneficial for retail traders. The content is educational and provided tastylive, Inc."
https://robinhood.com/us/en/support/articles/stock-order-routing,"Stock, ETF, and options order routing | Robinhood",,Robinhood,Retail broker,9/24/19,"The Robinhood article explicitly describes order routing to market makers and states that market makers provide rebates to brokerages, which constitute payment for order flow (PFOF). It notes rebates as a revenue stream, that orders are routed to market makers for execution (often with NBBO considerations), and that all market makers pay rebates at the same rate (no incentive to a single market maker). This directly addresses PFOF in the context of US equity trading (stocks), as reflected in the article content titled 'Stock, ETF, and options order routing' from Robinhood. Source materials include the crawled article text showing: 'we generally send your orders to market makers that typically offer better prices', 'market makers ... offer rebates to brokerages like ours', and 'Is order routing incentivized through specific market makers? No. All market makers ... pay us rebates at the same rate.'
References: [Stock, ETF, and options order routing | Robinhood](https://robinhood.com/us/en/support/articles/stock-order-routing)",Neutral,"The article provides a factual and informative explanation of order routing, market makers, and rebates without expressing strong positive or negative opinions. It emphasizes transparency, execution quality, and equal treatment of market makers, indicating a neutral and balanced tone.","The article explains Robinhood's order routing process for stocks, ETFs, and options, where orders are sent to market makers who provide rebates to the brokerage. It highlights that order routing aims to achieve the best execution price, typically at or better than the National Best Bid and Offer (NBBO). Robinhood maintains execution quality through regular reviews and discloses its routing practices per SEC rules. The article clarifies that rebates are uniform across market makers, ensuring no incentive bias in order routing."
https://alphacution.com/robinhood-and-payments-for-order-flow,Robinhood and Payments for Order Flow,,Alphacution Research Conservatory,Trade analytics / Research,11/14/18,"The article is titled 'Robinhood and Payments for Order Flow'. The content mentions Robinhood, which is a major broker in US equities. This strongly suggests that the article discusses payment for order flow in the context of US equity markets, satisfying the criterion.
References: [Robinhood and Payments for Order Flow](https://alphacution.com/robinhood-and-payments-for-order-flow)",Neutral,The article is an analytical and informational piece discussing payment for order flow in the context of US equity markets without expressing explicit positive or negative opinions. The tone is factual and neutral.,"The article discusses the practice of payment for order flow in the US equity markets, focusing on Robinhood's role as a major broker. It provides an analytical overview of how this practice impacts trading and market dynamics, authored Paul Rowady, Director of Research at Alphacution Research Conservatory."
https://bestexresearch.com/insights/let-the-pfof-debate-begin,Let the PFOF Debate Begin,,BestEx Research,Trade analytics / Research,5/4/21,"The article explicitly discusses payment for order flow (PFOF) in the context of US equity markets. It states that 25% of market volume is retail, frames PFOF as a market-structure issue affecting retail investors, references US market participants (e.g., Citadel Securities), discusses NBBO and wholesale market dynamics, and cites related US regulatory context. This aligns with the criterion requiring PFOF discussion within US equity trading. Sources drawn from the crawled page content: lines about PFOF affecting retail investors, Citadel/Virtu wholesale share, NBBO, and references to US market structure and SEC discussions.
References: [Let the PFOF Debate Begin - BestEx Research](https://www.bestexresearch.com/insights/let-the-pfof-debate-begin), [Articles - BestEx Research](https://www.bestexresearch.com/insight/articles), [Let the Payment for Order Flow Debate Begin - From TABB | Elite ...](https://elitetrader.com/et/threads/let-the-payment-for-order-flow-debate-begin-from-tabb.358427), [The Good, The Bad, & The Ugly of Payment for Order Flow](https://www.bestexresearch.com/research/the-good-the-bad-the-ugly-of-payment-for-order-flow), [Hitesh Mittal's Post - LinkedIn](https://www.linkedin.com/posts/hitesh-mittal-272a36_equities-futures-transactioncost-activity-7247606997288718338-1t2b), [Impact of retail off-exchange trading on U.S. equity market](https://www.tdsecurities.com/ca/en/retail-off-exchange-trading-us-equity-market), [[PDF] Eliminating Payment for Order Flow to Ensure Loyal Agents](https://bclawreview.bc.edu/articles/3061/files/6425deca63493.pdf), [Hitesh Mittal - Welcome to the team Hector Robles! - LinkedIn](https://www.linkedin.com/posts/hitesh-mittal-272a36_welcome-to-the-team-hector-robles-our-futures-activity-6863482252106575872-3XdD), [[PDF] Expert Opinion - Trade Republic](https://assets.traderepublic.com/assets/files/Impact_of_PFOF_on_Market_Quality%E2%80%93Elsas_Johanning_Theissen.pdf), [Payment for Order Flow: A Prisoner's Dilemma - TabbFORUM](https://tabbforum.com/opinions/payment-for-order-flow-a-prisoners-dilemma)",Negative,"The article discusses payment for order flow (PFOF) in US equity markets with a critical tone. It highlights the monopolistic market structure created PFOF, the harm it causes to market participants, and the informational advantage wholesalers have, which are negative aspects. While it acknowledges some positive suggestions from Citadel Securities, the overall sentiment is critical and focused on the negative implications and need for regulatory changes. Therefore, the sentiment is best classified as Negative.","The article discusses the implications of payment for order flow (PFOF) in US equity markets, highlighting concerns about monopolistic market structures created wholesalers like Citadel and Virtu. It critiques current market practices and regulatory proposals, emphasizing the need for greater transparency and structural changes to ensure fairer competition and better execution outcomes for all market participants, including retail and institutional investors."
https://bestexresearch.com,BestEx Research,,BestEx Research,Trade analytics / Research,5/3/21,"The article discusses payment for order flow (PFOF) in the context of US equity markets. The crawled content from BestEx Research includes articles specifically addressing PFOF and its implications for retail investors and market structure in the US equity market. For example, the article ""The Good, The Bad, & The Ugly of Payment for Order Flow"" directly discusses PFOF, Robinhood, market makers like Citadel, and the impact on retail investors in the US equity market.
References: [The Good, The Bad, & The Ugly of Payment for Order Flow](https://www.bestexresearch.com/research/the-good-the-bad-the-ugly-of-payment-for-order-flow), [The Good, The Bad & The Ugly of Payment for Order Flow](https://www.bestexresearch.com/insights/the-good-the-bad-the-ugly-of-payment-for-order-flow), [PFOF is going away, but the problem isn't - Optiver](https://optiver.com/insights/pfof-is-going-away-but-the-problem-isnt), [BestEx Research](https://www.bestexresearch.com/insight/research), [Payment for Order Flow: A Prisoner's Dilemma - BestEx Research](https://www.bestexresearch.com/insights/payment-for-order-flow-a-prisoners-dilemma), [BestEx Research](https://bestexresearch.com)",Neutral,"The article titled 'The Good, The Bad, & The Ugly of Payment for Order Flow' from BestEx Research discusses payment for order flow in US equity markets presenting both positive and negative aspects, as indicated the title and content summaries. This balanced coverage suggests a neutral sentiment overall, rather than solely positive or negative.
References: [BestEx Research](https://bestexresearch.com)","BestEx Research specializes in high-performance execution algorithms for equities, futures, and FX markets, aiming to reduce transaction costs through advanced quantitative design and customization. They provide multi-asset trade analytics, an algo management system for transparency and control, and conduct quantitative research on market structure topics such as payment for order flow in US equity markets."
https://nanex.net/aqck2/What-Every-Retail-Investor-Needs-to-Know.pdf,What Every Retail Investor Needs to Know,,Nanex,Trade analytics / Research,,"The article explicitly discusses 'Payment for Order Flow' (PFOF) in the context of the US equity market. It mentions retail investors, retail brokerage firms, and wholesalers, which are all relevant to the criterion.
References: [What Every Retail Investor Needs to Know](http://www.nanex.net/aqck2/What-Every-Retail-Investor-Needs-to-Know.pdf)",Neutral,"The article provides an informative and factual discussion on Payment for Order Flow (PFOF) in the US equity markets. It highlights potential conflicts of interest and how wholesalers profit from retail orders, which is somewhat critical. However, it also offers practical tips for retail investors to improve their order execution quality. The tone is primarily educational and balanced without overtly positive or negative bias, making the overall sentiment neutral.",The article explains how retail investor orders in the US equity market are typically routed to wholesalers through Payment for Order Flow (PFOF) arrangements. It details how wholesalers profit trading against retail orders using faster market data and price improvements that may be economically insignificant to investors. The article also provides tips for retail investors on using market and marketable limit orders during normal trading hours to improve execution quality and avoid potential disadvantages from these arrangements.
https://euronext.com/en/news/rise-retail-new-investment-tactics-and-execution-quality,The rise of retail: new investment tactics and execution quality,,Euronext,Trading Venue,2/15/21,"The crawled article explicitly discusses 'payment for order flow' (PFOF) in the US context: it cites the GameStop controversy and questions about US brokers' execution services, and includes a section titled 'Paying to receive clients’ orders in the US' describing brokers routing orders to a single market maker in exchange for remuneration, i.e., PFOF. It also notes that in the US such remuneration can occur and references market makers (e.g., Citadel Securities) and NBBO-related best-execution rules, all within US equity trading context. This satisfies the criterion that the article discusses PFOF in US equity markets.
References: [The rise of retail: new investment tactics and execution quality](https://www.euronext.com/en/news/rise-retail-new-investment-tactics-and-execution-quality)",Negative,"The article discusses the negative aspects of payment for order flow practices, highlighting conflicts of interest and detrimental effects on retail investors. It criticizes the US and European systems where these practices exist and emphasizes the need for transparency and better execution quality for retail investors. The overall tone is critical and concerned, indicating a negative sentiment.","The article discusses the rise of retail investors using sophisticated trading strategies, highlighted the GameStop stock event. It critiques the practice of payment for order flow (PFOF) in the US, where brokers route orders to market makers in exchange for compensation, creating conflicts of interest and potentially harming retail investors. The article also examines similar practices in Europe, noting regulatory differences and the impact on execution quality. Euronext emphasizes the importance of transparency for retail investors regarding order execution and PFOF."
https://memx.com/insights/key-trading-trends-that-defined-another-banner-year-in-the-markets,Key trading trends that defined another banner year in the markets,,MEMX,Trading venue / Exchange,1/10/25,"The article mentions increased retail participation and off-exchange trading, driven major retail wholesalers like Citadel and Virtu. These firms are known to engage in payment for order flow in US equity markets. While the article doesn't explicitly use the term 'payment for order flow,' the context strongly implies its presence through the discussion of retail order flow and the involvement of known PFOF participants in US equity markets.
References: [MEMX Equities Fee Schedule](https://info.memxtrading.com/equities-trading-resources/us-equities-fee-schedule), [Exchange introduction and market competition - ScienceDirect.com](https://www.sciencedirect.com/science/article/abs/pii/S1044028322000588), [Payment For Order Flow (PFOF): Meaning & Examples - Britannica](https://www.britannica.com/money/payment-for-order-flow-explained), [Key trading trends that defined another banner year in the markets](https://memx.com/insights/key-trading-trends-that-defined-another-banner-year-in-the-markets)",Positive,"The article highlights positive market trends such as increased retail participation, growth in equity and options volumes, expansion of trading hours, and regulatory changes aimed at enhancing market structure. While it mentions some challenges, the overall tone is optimistic and focused on growth and improvement in the markets, indicating a Positive sentiment.","The article reviews key trading trends in US equity and options markets in 2024, highlighting increased retail participation, growth in off-exchange trading, and significant volume rises in semiconductor and bitcoin-related securities. It notes expanded pre-market trading hours, the introduction of cryptocurrency investments traditional brokers, and major upcoming regulatory changes. Options activity also grew, especially in short-dated contracts and key stocks like SPY, QQQ, and NVDA, with MEMX gaining market share in options trading."