Day,Market Participant,Tape A Shares,Tape B Shares,Tape C Shares,Total Shares,Tape A Notional,Tape B Notional,Tape C Notional,Total Notional,Tape A Trade Count,Tape B Trade Count,Tape C Trade Count,Total Trade Count
12/29/23,NYSE American (A),6487066,21152326,6294308,33933700,224552725.1,345853816.1,267905009.1,838311550.3,91363,65789,76478,233630
12/29/23,NASDAQ BX (B),8975488,10066928,15149437,34191853,449996909.6,677415750.4,696502052.8,1823914713,138998,51582,149297,339877
12/29/23,NYSE National (C),14727590,8562697,14756627,38046914,449932727.2,349625735.3,402293291.5,1201851754,274096,47795,193188,515079
12/29/23,FINRA / Nasdaq TRF Chicago (DB),3910057,2393651,11251699,17555407,128345365.1,109521985.3,749941112.3,987808462.7,19443,8554,54110,82107
12/29/23,FINRA / NYSE TRF (DN),46455569,35019140,230655923,312130632,1161100267,1568957109,3555858891,6285916267,253038,117550,563618,934206
12/29/23,FINRA / Nasdaq TRF Carteret (DQ),1166052659,832178611,2196646235,4194877505,49316966814,58958738364,90813727594,1.99089E+11,8246173,2606691,9283589,20136453
12/29/23,MIAX Pearl (H),51383029,61302298,75387300,188072627,1159824919,2750000311,1950451219,5860276450,453900,256130,444775,1154805
12/29/23,EDGA Equities (J),77534661,62171264,75720333,215426258,1862077094,2361492986,2443107133,6666677214,804793,273577,707057,1785427
12/29/23,EDGX Equities (K),160194967,119811664,472499454,752506085,4493456088,7092693548,11806540571,23392690207,1280499,548096,1845424,3674019
12/29/23,LTSE (L),109224,157228,28022,294474,613974.47,5948676.62,8468922.11,15031573.2,200,391,226,817
12/29/23,NYSE Chicago (M),7883190,16945836,14971292,39800318,858601941.2,4167861752,2533146669,7559610361,65839,6032,68995,140866
12/29/23,NYSE (N),871765117,46197356,99187577,1017150050,43357036963,3534344340,3571650296,50463031599,2666518,172492,525580,3364590
12/29/23,NYSE Arca (P),139659046,346358491,694162652,1180180189,5215860897,24239696395,12403884308,41859441599,1601657,1382471,2689732,5673860
12/29/23,NASDAQ (Q),313324065,187605116,1123757252,1624686433,13880657510,17058821226,56700255460,87639734196,4677384,1168151,6804639,12650174
12/29/23,Members Exchange (U),90515845,56014501,178415417,324945763,2876876744,3402040337,5005215048,11284132129,1003407,300479,1059912,2363798
12/29/23,Investors Exchange (V),69642463,28269751,73773149,171685363,3478228743,3519159312,3716639408,10714027464,1111801,164312,940546,2216659
12/29/23,NASDAQ PSX (X),5862575,7337760,10541513,23741848,276481478.8,760481493.7,562384464.4,1599347437,108333,36619,98045,242997
12/29/23,BYX Equities (Y),29895897,27903216,50429880,108228993,715024532.3,1843290444,1133663110,3691978087,287916,115856,297524,701296
12/29/23,BZX Equities (Z),129735256,103087191,296586587,529409034,5394171555,7822541455,9132771051,22349484061,1805696,521305,1795636,4122637
12/28/23,NYSE American (A),4516752,18225270,4392594,27134616,154964017.1,281419468.5,173159273,609542758.7,65041,56366,52739,174146
12/28/23,NASDAQ BX (B),8304638,8495038,12696433,29496109,408926817.8,543516853.6,553366416,1505810087,131070,43775,141764,316609
12/28/23,NYSE National (C),13544148,8649636,11353819,33547603,413179341.8,279602104.1,318174728.4,1010956174,245230,41526,163730,450486
12/28/23,FINRA / Nasdaq TRF Chicago (DB),3707223,1921554,10823519,16452296,124086219.8,81309394.51,606792533.2,812188147.6,17889,6627,49334,73850
12/28/23,FINRA / NYSE TRF (DN),39526505,32253214,229482613,301262332,1034507369,1309540760,4314647879,6658696008,230024,108659,517676,856359
12/28/23,FINRA / Nasdaq TRF Carteret (DQ),1040378223,694086327,2164832598,3899297148,45029284692,47151335632,82987742901,1.75168E+11,7917679,2598283,9009284,19525246
12/28/23,MIAX Pearl (H),41902321,48082674,72413925,162398920,1034349993,1939339032,1533853080,4507542105,363843,193565,414985,972393
12/28/23,EDGA Equities (J),60083347,40118118,59026034,159227499,1591899270,1479008794,1818906993,4889815057,694890,185048,584105,1464043
12/28/23,EDGX Equities (K),142996054,94811455,459552361,697359870,4368233701,5148874063,10775550615,20292658379,1182197,462784,1887089,3532070
12/28/23,LTSE (L),75042,195416,105859,376317,703945,5958279.56,855833.3215,7518057.882,108,363,468,939
12/28/23,NYSE Chicago (M),12396721,30034429,9376517,51807667,875678855.4,5322678455,1596344746,7794702057,59109,5590,60938,125637
12/28/23,NYSE (N),662416240,39587883,80913229,782917352,32813703286,2678035100,3120445709,38612184094,2494217,149461,505304,3148982
12/28/23,NYSE Arca (P),127233925,294426987,616996584,1038657496,5003289189,19010656172,11189682197,35203627558,1485689,1176208,2801398,5463295
12/28/23,NASDAQ (Q),288395009,144225113,972884767,1405504889,13206913959,11408446702,44828910315,69444270976,4334728,897460,6341551,11573739
12/28/23,Members Exchange (U),82158526,44969774,164357179,291485479,2793150131,2396509392,4190534072,9380193595,941828,247470,1001734,2191032
12/28/23,Investors Exchange (V),68744805,23241855,70103670,162090330,3645037511,1616206582,3599938666,8861182760,1101796,141987,932877,2176660
12/28/23,NASDAQ PSX (X),4625286,5879250,7394425,17898961,204655096.3,446251656.3,420075477.2,1070982230,89871,29469,86772,206112
12/28/23,BYX Equities (Y),26113433,24024471,37758112,87896016,673686612.8,1093196683,910339231.6,2677222527,261292,93527,265327,620146
12/28/23,BZX Equities (Z),116403983,86151905,276804337,479360225,5108328433,6062669861,7587612883,18758611177,1690979,442917,1709091,3842987
12/27/23,NYSE American (A),4285935,16432965,4988326,25707226,143583684.7,287306197.6,162700042,593589924.3,59196,59733,50641,169570
12/27/23,NASDAQ BX (B),9101240,9212434,16227012,34540686,450486319.9,521298607.2,664683977.3,1636468904,152961,45749,160009,358719
12/27/23,NYSE National (C),12132178,7108400,13584889,32825467,337092254.5,257667492.9,335279116.2,930038863.7,215424,39614,160734,415772
12/27/23,FINRA / Nasdaq TRF Chicago (DB),3916168,2094912,10838808,16849888,119649845.4,87940552.43,680379336.3,887969734.2,17808,7045,47729,72582
12/27/23,FINRA / NYSE TRF (DN),42206914,30317947,423346413,495871274,1027483360,1202058780,5464408481,7693950620,236188,106714,499579,842481
12/27/23,FINRA / Nasdaq TRF Carteret (DQ),1072154628,737507099,3103629477,4913291204,47490502741,43495463327,84512910804,1.75499E+11,7920756,2374524,9041236,19336516
12/27/23,MIAX Pearl (H),46549948,49337331,90081132,185968411,1074147111,1941534730,1721959584,4737641425,420664,183728,432876,1037268
12/27/23,EDGA Equities (J),60157638,40025507,71959170,172142315,1525026899,1616573544,1934598465,5076198909,705447,199428,631642,1536517
12/27/23,EDGX Equities (K),142760237,106056411,746839106,995655754,4432660981,5794400500,11575180392,21802241872,1221114,503937,1904619,3629670
12/27/23,LTSE (L),288935,384471,61922,735328,1315575.13,9843605.6,7112575.21,18271755.94,267,301,397,965
12/27/23,NYSE Chicago (M),11867919,11778006,15102055,38747980,854773918.7,2105380737,2304855473,5265010129,61310,5445,59996,126751
12/27/23,NYSE (N),665912475,42565945,100558166,809036586,35296367790,3075740964,3213189226,41585297981,2567653,161616,543963,3273232
12/27/23,NYSE Arca (P),127835933,310936798,1133159362,1571932093,5057843954,21208353059,12064317880,38330514893,1516257,1245161,2793240,5554658
12/27/23,NASDAQ (Q),294376855,158407224,1149875768,1602659847,13506621321,12682113875,50205661539,76394396735,4489206,994810,6655191,12139207
12/27/23,Members Exchange (U),84914299,50147363,269747252,404808914,2842620384,2764695044,4710036784,10317352212,981125,281995,1067433,2330553
12/27/23,Investors Exchange (V),68789748,23615266,77508938,169913952,3531651750,1677943298,3619267862,8828862910,1051276,150842,905771,2107889
12/27/23,NASDAQ PSX (X),4912993,6214652,9775400,20903045,225410186.2,535917971.4,452178289.8,1213506447,98503,33593,93434,225530
12/27/23,BYX Equities (Y),24521410,23652241,58747028,106920679,650101187.5,1211581394,958630110.9,2820312693,265117,93127,291578,649822
12/27/23,BZX Equities (Z),119210964,95505528,390992383,605708875,5144403110,6694129452,8378197589,20216730151,1777193,503163,1877443,4157799
12/26/23,NYSE American (A),4356209,14688649,4571408,23616266,148724253.1,215448785.4,148877041.4,513050079.8,59191,51490,46627,157308
12/26/23,NASDAQ BX (B),7685818,6093429,14215349,27994596,371541042.2,349708527.6,462400650.4,1183650220,132537,34615,127660,294812
12/26/23,NYSE National (C),11713158,5230686,12886431,29830275,332789389.5,186453150.1,298881636.9,818124176.5,225832,33396,152196,411424
12/26/23,FINRA / Nasdaq TRF Chicago (DB),4283145,1868321,10654986,16806452,131132486.3,83173473.26,516539429.4,730845388.9,19815,7430,44969,72214
12/26/23,FINRA / NYSE TRF (DN),41664406,29877379,341019148,412560933,1043046420,930820257,3055832263,5029698940,240440,106481,466540,813461
12/26/23,FINRA / Nasdaq TRF Carteret (DQ),1027058145,606960557,2578352197,4212370899,48567588374,35638983477,76761290966,1.60968E+11,7567640,2267006,8547103,18381749
12/26/23,MIAX Pearl (H),42855857,35539895,89195631,167591383,973432178.3,1503062655,1393674604,3870169437,398290,147895,385627,931812
12/26/23,EDGA Equities (J),51316508,31732787,62291998,145341293,1312463028,1229622868,1633496899,4175582795,634398,162055,568995,1365448
12/26/23,EDGX Equities (K),139186707,81798353,556887623,777872683,4257068245,4434911162,9239217767,17931197175,1183690,428110,1716849,3328649
12/26/23,LTSE (L),21510,111584,24050,157144,1689718.22,6020198.75,1079911.36,8789828.33,199,207,293,699
12/26/23,NYSE Chicago (M),14756692,11706699,11829628,38293019,1020228380,2430546666,1916695266,5367470313,63040,6008,61650,130698
12/26/23,NYSE (N),591368338,32756539,106721824,730846701,28628625507,2389689115,2567689381,33586004003,2264506,129684,471071,2865261
12/26/23,NYSE Arca (P),113207817,227509021,980815309,1321532147,4484109924,15071482598,8945252304,28500844826,1376562,1006813,2460246,4843621
12/26/23,NASDAQ (Q),264034523,111927729,937238914,1313201166,11799169006,9542522730,41453238148,62794929885,3982519,777113,5892179,10651811
12/26/23,Members Exchange (U),74451302,37036395,243581814,355069511,2562386147,2032891846,3649085191,8244363183,865388,212839,905983,1984210
12/26/23,Investors Exchange (V),59647267,18397767,64236335,142281369,3132425068,1437128876,3186720542,7756274486,954751,125006,831487,1911244
12/26/23,NASDAQ PSX (X),5612128,4810172,10258800,20681100,250706341.9,370800225.6,423299098.2,1044805666,111100,27433,102393,240926
12/26/23,BYX Equities (Y),20434906,17435821,36407444,74278171,558659036.2,1004733350,778145912.5,2341538299,241761,83661,256867,582289
12/26/23,BZX Equities (Z),108023712,67402114,381348792,556774618,4611889206,5097368272,6486971786,16196229264,1573878,392469,1647785,3614132
12/22/23,NYSE American (A),5444511,15189547,5340813,25974871,185018139.6,309704697.3,197762708.7,692485545.5,72366,59310,56830,188506
12/22/23,NASDAQ BX (B),10159544,9108528,14203317,33471389,511983646.5,570025351,658310606.6,1740319604,161335,50072,157204,368611
12/22/23,NYSE National (C),14545972,6732932,13943481,35222385,457366455.7,256550876.6,409649838,1123567170,252191,45131,186829,484151
12/22/23,FINRA / Nasdaq TRF Chicago (DB),4181169,2203481,10184075,16568725,158064000.4,99116856.04,649598591.4,906779447.8,19466,7400,48774,75640
12/22/23,FINRA / NYSE TRF (DN),42988766,32155055,199880677,275024498,1316090733,1216668152,3512299064,6045057949,246461,122423,483125,852009
12/22/23,FINRA / Nasdaq TRF Carteret (DQ),1181418484,735553015,2149474736,4066446235,55381502872,43617460979,86524799919,1.85524E+11,8379625,2648584,9019106,20047315
12/22/23,MIAX Pearl (H),52943055,58488906,79630675,191062636,1258599667,2488352140,1968399987,5715351794,495895,220122,477304,1193321
12/22/23,EDGA Equities (J),73758850,52477898,67774036,194010784,1774399192,1935627101,1937802387,5647828681,774614,224195,660503,1659312
12/22/23,EDGX Equities (K),154650756,108219197,355152046,618021999,5071102271,6048386531,11214491991,22333980793,1388413,553026,1856076,3797515
12/22/23,LTSE (L),85104,133431,66197,284732,1192348.21,10208475.51,9656178.36,21057002.08,237,124,317,678
12/22/23,NYSE Chicago (M),8583106,13287123,26762871,48633100,797145115.5,1856594591,2731776570,5385516277,72469,5487,76756,154712
12/22/23,NYSE (N),718175672,43702157,85024008,846901837,36165164468,3319411152,3377431699,42862007318,2877955,179048,568940,3625943
12/22/23,NYSE Arca (P),146277356,303471075,482177949,931926380,5943776050,19841936519,12206908811,37992621381,1702956,1310347,2786583,5799886
12/22/23,NASDAQ (Q),338457867,167207381,948582105,1454247353,15452479090,13483561694,48938205311,77874246094,4981047,1125709,7077475,13184231
12/22/23,Members Exchange (U),92706682,53578774,156816212,303101668,3184688687,3029206069,5058131144,11272025900,1067737,307884,1102634,2478255
12/22/23,Investors Exchange (V),85308279,25381786,75211931,185901996,4482592484,1950142023,4470780741,10903515247,1206831,160067,1003244,2370142
12/22/23,NASDAQ PSX (X),5775408,6495199,9785288,22055895,269711578.3,584429175,493816745.1,1347957498,107094,37168,112053,256315
12/22/23,BYX Equities (Y),29067480,22423462,33561999,85052941,737315481.7,1377976320,968120741.8,3083412544,286360,98897,285617,670874
12/22/23,BZX Equities (Z),142746341,97135643,230414696,470296680,6277079001,7164190431,9257193533,22698462965,2066393,552206,2001971,4620570
12/21/23,NYSE American (A),5813641,23067747,5230042,34111430,209888884.3,412550603.4,236328537.5,858768025.3,78051,64282,59668,202001
12/21/23,NASDAQ BX (B),12325831,11255414,21563680,45144925,616963375,670498723,753089078.3,2040551176,193116,53905,165043,412064
12/21/23,NYSE National (C),15999099,10324400,19990004,46313503,502237112.7,375429939.2,503205987.3,1380873039,280589,55364,200404,536357
12/21/23,FINRA / Nasdaq TRF Chicago (DB),4107724,2306577,11024838,17439139,156095147.5,93928494.26,793608708,1043632350,19662,7087,50866,77615
12/21/23,FINRA / NYSE TRF (DN),42327563,31559438,217775289,291662290,1344266216,1583695331,3738039288,6666000836,247535,109945,471864,829344
12/21/23,FINRA / Nasdaq TRF Carteret (DQ),1347704557,788327190,2501308329,4637340076,62577384009,50380777785,99487264079,2.12445E+11,9255902,2532310,9462241,21250453
12/21/23,MIAX Pearl (H),56847517,75897166,90004336,222749019,1394174558,3048587871,2292093976,6734856406,528998,249133,493193,1271324
12/21/23,EDGA Equities (J),79717395,60934997,80263040,220915432,1995203256,2267841823,2346802202,6609847282,842141,257758,683870,1783769
12/21/23,EDGX Equities (K),163363810,123628639,386486088,673478537,5584026414,7268552383,12736992633,25589571430,1481825,598924,1924215,4004964
12/21/23,LTSE (L),52345,35365,42525,130235,1147149.43,2168455.14,10773993.41,14089597.98,228,92,234,554
12/21/23,NYSE Chicago (M),12064064,17035678,19039529,48139271,1023349695,1266067821,2221859410,4511276926,92331,5639,83009,180979
12/21/23,NYSE (N),841473322,50157518,93764032,985394872,43472226472,3949321172,3906226779,51327774423,3190989,196391,597708,3985088
12/21/23,NYSE Arca (P),160263567,350488976,562266308,1073018851,6999157651,23999856065,14192640676,45191654392,1898155,1418217,2897355,6213727
12/21/23,NASDAQ (Q),368074501,192905453,1043154297,1604134251,17697971715,16000009372,58015973181,91713954267,5527917,1246732,7438996,14213645
12/21/23,Members Exchange (U),115700705,62560868,191202415,369463988,3947519501,3775266788,5511340714,13234127004,1167348,337357,1127674,2632379
12/21/23,Investors Exchange (V),100973550,27154656,88977466,217105672,5547520401,2197685609,5141780123,12886986133,1411979,165368,1101995,2679342
12/21/23,NASDAQ PSX (X),5391865,7583405,12570438,25545708,248280935.4,745054640.2,592065442.9,1585401018,98469,40964,103847,243280
12/21/23,BYX Equities (Y),32362534,30040891,45408533,107811958,840243446.9,1777349869,1181209081,3798802396,323932,115872,313863,753667
12/21/23,BZX Equities (Z),152243268,115070791,244536443,511850502,6904673171,8524951621,10502347602,25931972394,2245349,618510,2081555,4945414
12/20/23,NYSE American (A),7741212,22271043,7092792,37105047,322086757.2,455819785.5,332880163.8,1110786706,96571,88042,76664,261277
12/20/23,NASDAQ BX (B),12961005,12687454,20434542,46083001,738791550.3,783644901.9,965082905.9,2487519358,198589,68888,197962,465439
12/20/23,NYSE National (C),19251939,11582449,20897854,51732242,627327949.1,426763445.8,600682325.1,1654773720,298968,64610,223818,587396
12/20/23,FINRA / Nasdaq TRF Chicago (DB),5422481,3024782,13877518,22324781,215037371.9,125035101.4,928998491.2,1269070964,26907,12311,61355,100573
12/20/23,FINRA / NYSE TRF (DN),58252125,42250261,251570698,352073084,1743247666,1587887108,4595846305,7926981078,305193,147560,546650,999403
12/20/23,FINRA / Nasdaq TRF Carteret (DQ),1561371979,1031088385,2814695170,5407155534,74914660415,62464410821,1.15206E+11,2.52585E+11,10647210,3122748,10911636,24681594
12/20/23,MIAX Pearl (H),64425227,77156721,96200829,237782777,1740416603,3412937917,2642250030,7795604550,547695,298174,573210,1419079
12/20/23,EDGA Equities (J),90300414,57070174,87869242,235239830,2348375302,2381949634,2735333404,7465658340,955899,296307,817111,2069317
12/20/23,EDGX Equities (K),195730307,143825681,464463930,804019918,6894074672,7880896361,15053518026,29828489060,1730315,755974,2251214,4737503
12/20/23,LTSE (L),113382,84139,79035,276556,1531641.66,8378618.36,7354980.47,17265240.49,239,139,333,711
12/20/23,NYSE Chicago (M),19396508,19901739,36274322,75572569,1694936859,1896107038,2745495139,6336539036,100138,6106,100079,206323
12/20/23,NYSE (N),1026089822,59001128,108624472,1193715422,54621486380,5010200420,4907117544,64538804344,3721054,234636,725662,4681352
12/20/23,NYSE Arca (P),197193993,433814292,600759241,1231767526,8649518401,29407754532,18069367076,56126640008,2241863,1825955,3347665,7415483
12/20/23,NASDAQ (Q),458483452,233374708,1299829401,1991687561,22021816767,19696118159,73543742888,1.15262E+11,6570483,1517040,9051602,17139125
12/20/23,Members Exchange (U),141727061,73813078,215334174,430874313,4804081848,4282561862,7101691598,16188335308,1417546,400470,1403541,3221557
12/20/23,Investors Exchange (V),115125528,38016068,102721771,255863367,6482924690,2800043849,6209612047,15492580586,1556899,212870,1242290,3012059
12/20/23,NASDAQ PSX (X),8061687,9115946,14605091,31782724,378730749.9,904739920.4,892278187,2175748857,112221,50595,136527,299343
12/20/23,BYX Equities (Y),38203126,35395795,49944436,123543357,1140709802,2223123538,1471774274,4835607614,382816,152473,382121,917410
12/20/23,BZX Equities (Z),187581726,130261874,289718327,607561927,8517245665,9607062452,12813824555,30938132673,2597180,734594,2479590,5811364
12/19/23,NYSE American (A),6801671,22400305,5389649,34591625,255130715.4,358070356.1,225866797.9,839067869.4,91965,63795,67450,223210
12/19/23,NASDAQ BX (B),13025818,8823267,18341039,40190124,681954526.9,538405339.8,829438006.5,2049797873,208943,48654,192701,450298
12/19/23,NYSE National (C),19646262,7400336,19215417,46262015,629938753.6,311210450.3,522219649.8,1463368854,328331,48275,230671,607277
12/19/23,FINRA / Nasdaq TRF Chicago (DB),4639035,1864257,12084213,18587505,178813530.6,91625262.39,833384347.4,1103823140,23443,7072,56888,87403
12/19/23,FINRA / NYSE TRF (DN),56761236,30896822,226125112,313783170,2066421625,1438133303,4374523459,7879078388,285722,100639,511842,898203
12/19/23,FINRA / Nasdaq TRF Carteret (DQ),1627861713,809614946,2728390645,5165867304,77668224265,48261646540,1.13393E+11,2.39322E+11,10244651,2550622,10566714,23361987
12/19/23,MIAX Pearl (H),56575817,53339700,76765713,186681230,1429624828,2215799298,1912138204,5557562330,471543,208808,504018,1184369
12/19/23,EDGA Equities (J),83507526,41981000,76617251,202105777,2208093723,1765810056,2206694965,6180598744,964999,213568,788691,1967258
12/19/23,EDGX Equities (K),181678842,101518284,386003454,669200580,6132206974,5587089902,12579875894,24299172769,1590723,502062,2032291,4125076
12/19/23,LTSE (L),28101,50430,82666,161197,1229437.2,4241832.85,3997368.39,9468638.44,232,113,236,581
12/19/23,NYSE Chicago (M),34314256,28126006,17331179,79771441,1753676332,2399312517,2338414773,6491403622,77450,4977,76032,158459
12/19/23,NYSE (N),1007286292,43313879,90422155,1141022326,52996803338,3416105063,3754995813,60167904215,3341709,175183,633151,4150043
12/19/23,NYSE Arca (P),177065003,307646682,525321394,1010033079,7735880466,20426301747,13447692734,41609874948,2065044,1258985,3024730,6348759
12/19/23,NASDAQ (Q),416853032,169429628,1192696226,1778978886,19600337007,13880788733,62664598469,96145724210,6010400,1084568,8102328,15197296
12/19/23,Members Exchange (U),116913548,50024037,169332457,336270042,4180251448,2794631979,5227007827,12201891255,1301502,288440,1225315,2815257
12/19/23,Investors Exchange (V),112639960,26415533,96975459,236030952,5951496841,1944116130,5496719591,13392332562,1526992,169173,1230141,2926306
12/19/23,NASDAQ PSX (X),7815573,6383167,10022883,24221623,418658617.1,503060576.4,604286762.4,1526005956,130707,33245,123679,287631
12/19/23,BYX Equities (Y),36626409,23065492,47566528,107258429,1061300846,1433474344,1274665072,3769440261,375007,100496,377982,853485
12/19/23,BZX Equities (Z),170215619,95359114,240476666,506051399,7538506563,6822012111,9833547694,24194066368,2357327,527140,2153335,5037802
12/18/23,NYSE American (A),6579786,19861568,5740492,32181846,251611312.8,408700943.9,270117115.1,930429371.8,96835,64879,72551,234265
12/18/23,NASDAQ BX (B),13840439,9319935,19416618,42576992,703888621.5,590580303.8,801100699.1,2095569624,222442,49601,200130,472173
12/18/23,NYSE National (C),19113042,7181590,17272973,43567605,622120948.3,328881834.8,534385564.7,1485388348,351445,49450,240356,641251
12/18/23,FINRA / Nasdaq TRF Chicago (DB),4720392,1817996,12556697,19095085,180906124.3,91983611.06,932693314.9,1205583050,24295,6987,60558,91840
12/18/23,FINRA / NYSE TRF (DN),63724335,35071552,261812607,360608494,2165498719,1447554796,5180907916,8793961431,333417,126459,605145,1065021
12/18/23,FINRA / Nasdaq TRF Carteret (DQ),1569246026,833835455,2705902204,5108983685,77434884974,55802309256,1.15572E+11,2.48809E+11,10663663,2590619,10858020,24112302
12/18/23,MIAX Pearl (H),54818888,48132926,92318789,195270603,1410708267,2227635191,2019393748,5657737206,486971,212643,510749,1210363
12/18/23,EDGA Equities (J),81762457,37722771,76212041,195697269,2327597809,1629493015,2346586319,6303677143,1000288,210264,808017,2018569
12/18/23,EDGX Equities (K),187197653,96653657,432766376,716617686,6139290590,5914309369,13504650221,25558250180,1660719,518569,2174722,4354010
12/18/23,LTSE (L),83812,48470,55601,187883,1738401.5,1274209.44,9340341.82,12352952.76,267,178,432,877
12/18/23,NYSE Chicago (M),20639906,18851650,23062036,62553592,1334289884,1894181811,4317142180,7545613875,85765,4872,83021,173658
12/18/23,NYSE (N),1030135131,42768497,96362666,1169266294,53700105034,3601732051,4283825188,61585662273,3502911,182016,689925,4374852
12/18/23,NYSE Arca (P),199528604,292426165,494019116,985973885,8329788591,20389906498,13454237342,42173932432,2228630,1260405,2997790,6486825
12/18/23,NASDAQ (Q),456588079,166276981,1226316025,1849181085,21414234905,13973698145,65938166004,1.01326E+11,6423160,1150038,8443101,16016299
12/18/23,Members Exchange (U),124037655,48948180,199982590,372968425,4545887028,2932304153,6276455710,13754646890,1464538,301702,1357493,3123733
12/18/23,Investors Exchange (V),117390914,28401409,98086181,243878504,6440039931,2291163327,5528000723,14259203981,1631033,186056,1269139,3086228
12/18/23,NASDAQ PSX (X),8720039,6791102,12650393,28161534,375339923.1,587455172.9,667059012.8,1629854109,132993,36536,130816,300345
12/18/23,BYX Equities (Y),34350874,24407526,47118883,105877283,1027416161,1561889091,1260613624,3849918876,381560,103060,363615,848235
12/18/23,BZX Equities (Z),184485411,92370538,285718839,562574788,8559782644,7044727652,11563859369,27168369665,2615281,546179,2404007,5565467
12/15/23,NYSE American (A),9001639,86900252,6585625,102487516,355098055.7,958558652.9,370705236,1684361945,136273,73635,94979,304887
12/15/23,NASDAQ BX (B),18307949,12568644,22560496,53437089,1023716794,850296431.1,1085920015,2959933240,283054,65848,234465,583367
12/15/23,NYSE National (C),29302733,11534842,21951935,62789510,985587897.6,485775402.9,676330972.6,2147694273,505483,68913,320903,895299
12/15/23,FINRA / Nasdaq TRF Chicago (DB),5426116,2370900,11446553,19243569,208337462.2,109109945.2,868371300.9,1185818708,25941,8045,54628,88614
12/15/23,FINRA / NYSE TRF (DN),61149716,32834247,167894492,261878455,2052979411,1733264521,4838624125,8624868057,280655,102557,425339,808551
12/15/23,FINRA / Nasdaq TRF Carteret (DQ),2836803650,935380851,3292134372,7064318873,1.50179E+11,78106047090,1.76668E+11,4.04953E+11,12566328,2805301,11578231,26949860
12/15/23,MIAX Pearl (H),77973633,74500540,92884933,245359106,2162349796,3380211881,2640977716,8183539392,670593,304522,596630,1571745
12/15/23,EDGA Equities (J),108301774,57584835,83191496,249078105,3156104780,2580586262,3009372842,8746063885,1207935,276236,887947,2372118
12/15/23,EDGX Equities (K),239935639,133337349,362659665,735932653,8113375812,8721655262,14806384203,31641415277,2029135,665290,2159445,4853870
12/15/23,LTSE (L),158894,140337,43425,342656,3941094.02,9899512.52,7683220.99,21523827.53,252,204,245,701
12/15/23,NYSE Chicago (M),29470128,25751776,55987373,111209277,2004375159,3694404345,4852475058,10551254561,115479,8716,106520,230715
12/15/23,NYSE (N),3847594136,62482096,117000336,4027076568,2.03711E+11,4581009500,5809793904,2.14102E+11,4596328,235626,897200,5729154
12/15/23,NYSE Arca (P),283358096,427696146,575049819,1286104061,11441780151,32086231946,19226484849,62754496945,3071481,1770435,3691300,8533216
12/15/23,NASDAQ (Q),606473711,235340406,3446226125,4288040242,29890292413,21035203706,2.07805E+11,2.58731E+11,8255797,1566126,10030004,19851927
12/15/23,Members Exchange (U),172339365,71406690,196552530,440298585,6525850041,4439624832,7390990811,18356465683,1980857,419465,1594318,3994640
12/15/23,Investors Exchange (V),149708168,39061338,115285850,304055356,8449017091,3349338626,7047552488,18845908204,2000670,225958,1483245,3709873
12/15/23,NASDAQ PSX (X),12667324,9702890,16245158,38615372,638548790.8,1018099469,959032131.1,2615680391,158093,51805,151978,361876
12/15/23,BYX Equities (Y),48110267,33113605,48860145,130084017,1432435008,2049365097,1601052486,5082852592,513912,137727,433476,1085115
12/15/23,BZX Equities (Z),286953604,136128692,308112643,731194939,13600436187,10874894773,15852167600,40327498560,3342066,746036,2885944,6974046
12/14/23,NYSE American (A),11553887,23414206,10032166,45000259,465448255.5,567759700,457282407.5,1490490363,154818,81083,113237,349138
12/14/23,NASDAQ BX (B),23170881,15810998,26772663,65754542,1238003711,1146412259,1339341275,3723757245,349145,81320,290944,721409
12/14/23,NYSE National (C),30929901,12939413,26163261,70032575,992263485.8,541004991.4,888722381.4,2421990859,454502,79876,330332,864710
12/14/23,FINRA / Nasdaq TRF Chicago (DB),7608417,3436214,16516768,27561399,321727601.2,165932884.8,1156016378,1643676864,34241,10624,71833,116698
12/14/23,FINRA / NYSE TRF (DN),74565651,49731013,268752209,393048873,2555538628,2698149038,5301871125,10555558791,368336,137701,634929,1140966
12/14/23,FINRA / Nasdaq TRF Carteret (DQ),2379844549,1091268463,3484515822,6955628834,1.14546E+11,76382229960,1.48743E+11,3.39671E+11,14807609,3373835,13963317,32144761
12/14/23,MIAX Pearl (H),97421934,95297391,124426261,317145586,2596285610,4537144830,3427347731,10560778171,801884,376050,748754,1926688
12/14/23,EDGA Equities (J),132006731,67895714,111608692,311511137,3866536547,3177880646,3973141953,11017559146,1394401,331675,1092308,2818384
12/14/23,EDGX Equities (K),293813999,159145927,576444774,1029404700,10287159205,9835405602,18592377401,38714942208,2454144,793207,2864678,6112029
12/14/23,LTSE (L),52948,142903,12993,208844,2548760.71,9224424.55,1442179.01,13215364.27,192,123,137,452
12/14/23,NYSE Chicago (M),25494598,23264018,30271437,79030053,1778022805,3499431358,2739859569,8017313732,110751,9576,110729,231056
12/14/23,NYSE (N),1508025841,71016211,159405915,1738447967,77447295248,5599425264,7521694090,90568414602,5287602,282307,1081324,6651233
12/14/23,NYSE Arca (P),323700460,498427812,770400724,1592528996,14028194557,35589006307,23751064141,73368265005,3436253,2147195,4529252,10112700
12/14/23,NASDAQ (Q),732077902,292555936,1707914639,2732548477,36844260940,25662217353,97302254620,1.59809E+11,9473980,1937488,12026248,23437716
12/14/23,Members Exchange (U),201071463,84959659,243075107,529106229,7475668065,5357893721,9154283639,21987845425,2187497,502964,1904745,4595206
12/14/23,Investors Exchange (V),190449380,45508732,153726494,389684606,10917552664,3772307710,9335440159,24025300534,2193838,264852,1743456,4202146
12/14/23,NASDAQ PSX (X),14485301,12185820,22593631,49264752,838674409.8,1137276477,1415448196,3391399083,209116,63665,212988,485769
12/14/23,BYX Equities (Y),57287708,41810397,67867944,166966049,1607796759,2532553703,1875436409,6015786872,515243,164561,480855,1160659
12/14/23,BZX Equities (Z),315463292,158363830,401180640,875007762,14576762487,12745240533,17746024057,45068027077,3946153,912426,3503531,8362110
12/13/23,NYSE American (A),9118737,23156302,8426510,40701549,332841291.2,552978243.2,428504204.3,1314323739,121601,76874,92155,290630
12/13/23,NASDAQ BX (B),14987086,12632372,22663155,50282613,741658927,854573731.2,1111744558,2707977216,247055,59064,237569,543688
12/13/23,NYSE National (C),25355933,12864527,23105531,61325991,710606069,533480564.8,693786111.5,1937872745,395943,67162,277339,740444
12/13/23,FINRA / Nasdaq TRF Chicago (DB),6336372,2406131,13530096,22272599,250101160.9,108335161.6,1050001961,1408438283,28209,8575,63693,100477
12/13/23,FINRA / NYSE TRF (DN),63346340,37125740,232487545,332959625,1713820057,1617221223,4611269220,7942310501,305481,116627,516985,939093
12/13/23,FINRA / Nasdaq TRF Carteret (DQ),2004127872,932712993,3164967604,6101808469,87647073072,58147082939,1.30914E+11,2.76708E+11,11640466,2912620,11555885,26108971
12/13/23,MIAX Pearl (H),86999472,96483596,114539003,298022071,2041445864,5395756352,3258026802,10695229018,683353,378583,658451,1720387
12/13/23,EDGA Equities (J),112699405,62438254,103556728,278694387,2802048169,2792444135,3360690910,8955183214,1177602,317015,982099,2476716
12/13/23,EDGX Equities (K),245547794,147004811,493399099,885951704,8040952956,9167979339,17561627136,34770559431,2111460,750903,2584405,5446768
12/13/23,LTSE (L),27535,32427,22270,82232,1048441.93,1185939.71,6293188.7,8527570.34,201,37,72,310
12/13/23,NYSE Chicago (M),22233550,22777736,26939936,71951222,1512214246,2832486437,4365529174,8710229856,94760,6054,102575,203389
12/13/23,NYSE (N),1302622694,72279919,142593123,1517495736,65542274589,5684458240,7077315219,78304048047,4273645,262913,965107,5501665
12/13/23,NYSE Arca (P),251525153,456497782,763328167,1471351102,10320612926,32442997210,23686161274,66449771411,2849476,1912687,4266338,9028501
12/13/23,NASDAQ (Q),454184700,240704775,1225211404,1920100879,20066990170,19666630383,69782949951,1.09517E+11,6065826,1548621,8233856,15848303
12/13/23,Members Exchange (U),168284721,79369065,227430353,475084139,5811785747,5206459176,8226395462,19244640385,1862025,472693,1713491,4048209
12/13/23,Investors Exchange (V),142804347,38305583,123003845,304113775,7469639964,3153505836,7469716059,18092861860,1816953,221754,1504623,3543330
12/13/23,NASDAQ PSX (X),9661489,10899235,16869441,37430165,449292480.1,1062440031,1084586897,2596319408,143602,60217,158357,362176
12/13/23,BYX Equities (Y),45054059,35746710,56938008,137738777,1214393630,2385894231,1687341791,5287629652,421992,143530,416397,981919
12/13/23,BZX Equities (Z),252843954,149441115,358732395,761017464,11093010092,11827640225,16190834900,39111485218,3241638,847184,3033576,7122398
12/12/23,NYSE American (A),7010539,14593956,5569520,27174015,245571213.6,290394497.2,248221383.8,784187094.5,101765,59679,70353,231797
12/12/23,NASDAQ BX (B),14820227,8510624,19371290,42702141,737262207.6,567313943.6,917694855.2,2222271006,244038,47815,215249,507102
12/12/23,NYSE National (C),19967948,8103630,18328714,46400292,546045879.5,338405837.9,491790745.8,1376242463,347610,51998,241799,641407
12/12/23,FINRA / Nasdaq TRF Chicago (DB),4654349,2119000,10459530,17232879,171416988.2,87868023.5,822182613.7,1081467625,21216,6267,51549,79032
12/12/23,FINRA / NYSE TRF (DN),44471769,26687434,176980449,248139652,1281537819,904127322.3,3966075348,6151740489,250672,95154,426477,772303
12/12/23,FINRA / Nasdaq TRF Carteret (DQ),1574938927,783363963,2243412578,4601715468,71517966596,46103014733,1.05987E+11,2.23608E+11,10154721,2504386,9857802,22516909
12/12/23,MIAX Pearl (H),56551222,51438979,81795985,189786186,1439983595,2302943443,2157172592,5900099630,490275,213534,478851,1182660
12/12/23,EDGA Equities (J),77030542,37164751,69617817,183813110,2120683165,1600104893,2486046732,6206834791,912799,198347,735028,1846174
12/12/23,EDGX Equities (K),172956008,97439794,335311413,605707215,5951535888,5557072545,12585281697,24093890130,1599440,500472,1915671,4015583
12/12/23,LTSE (L),66984,29022,375958,471964,3476302.54,10320677.25,21327295.04,35124274.83,222,40,561,823
12/12/23,NYSE Chicago (M),13446922,17042397,22977149,53466468,1075018886,2816708534,3338259763,7229987183,69078,4095,67349,140522
12/12/23,NYSE (N),876637809,40198117,86053337,1002889263,44456496561,3080905620,4431963951,51969366132,3142015,158542,660338,3960895
12/12/23,NYSE Arca (P),175134743,286964610,490724657,952824010,7324407455,20442350845,15172562548,42939320847,2090600,1216495,3004444,6311539
12/12/23,NASDAQ (Q),413252659,157110957,1014169767,1584533383,19235190091,12800098212,61379603222,93414891525,5814415,1020697,7699436,14534548
12/12/23,Members Exchange (U),120281282,48927852,146652075,315861209,4229473505,2982846161,5842462485,13054782152,1386202,282942,1253328,2922472
12/12/23,Investors Exchange (V),114241563,25185781,91987704,231415048,5994572468,1959069849,5612419794,13566062112,1596002,161860,1234871,2992733
12/12/23,NASDAQ PSX (X),7482858,6477123,11162846,25122827,356369587.6,577901578.6,746185216.7,1680456383,120350,33040,119994,273384
12/12/23,BYX Equities (Y),33313349,21825931,40468160,95607440,883016720.3,1374463475,1299636067,3557116262,339397,94734,327182,761313
12/12/23,BZX Equities (Z),166740257,90208511,228531513,485480281,7456982944,6951846432,10653426104,25062255480,2381952,519267,2168409,5069628
12/11/23,NYSE American (A),6714684,17487345,5695299,29897328,272547806.3,288670528.1,322557896.7,883776231.1,100612,61061,77762,239435
12/11/23,NASDAQ BX (B),13593489,8762954,16915034,39271477,681291627.8,585483829.6,881335056.1,2148110513,242137,46564,218566,507267
12/11/23,NYSE National (C),17576234,9090261,17345811,44012306,509893565.6,349623014.3,430248282.3,1289764862,313761,48009,225814,587584
12/11/23,FINRA / Nasdaq TRF Chicago (DB),5011295,2149830,11611030,18772155,210397972.5,82190603.37,926241245.6,1218829821,23166,7641,56704,87511
12/11/23,FINRA / NYSE TRF (DN),48071166,34845888,189576488,272493542,1854597672,1238560241,3810426041,6903583955,271041,116762,476349,864152
12/11/23,FINRA / Nasdaq TRF Carteret (DQ),1562939251,828982127,2536703868,4928625246,71656948478,46969901619,1.14513E+11,2.3314E+11,10483427,2613384,10847614,23944425
12/11/23,MIAX Pearl (H),56250131,56260191,90817974,203328296,1411152543,2525765197,2200374323,6137292063,500920,231252,513878,1246050
12/11/23,EDGA Equities (J),74303992,41087393,74894263,190285648,2076284809,1681994759,2514442493,6272722061,895527,203664,776503,1875694
12/11/23,EDGX Equities (K),176916205,102983760,391819572,671719537,6097066532,5850983120,14069341683,26017391335,1604041,532898,2052972,4189911
12/11/23,LTSE (L),78680,77593,28441,184714,3335382.47,5917182.35,8097519.31,17350084.13,362,52,273,687
12/11/23,NYSE Chicago (M),14515061,12791778,17581740,44888579,1324335475,2022387539,2727818678,6074541692,73852,4025,75708,153585
12/11/23,NYSE (N),924415408,41811544,95336829,1061563781,48852596676,3271022723,4925309157,57048928556,3256653,169722,730593,4156968
12/11/23,NYSE Arca (P),176388597,308287507,599147976,1083824080,7764607063,20784099727,16728935232,45277642022,2030128,1332348,3162756,6525232
12/11/23,NASDAQ (Q),417758142,168321895,1119013486,1705093523,20312342938,14466873596,70349231885,1.05128E+11,6013772,1128328,8272463,15414563
12/11/23,Members Exchange (U),112866323,52062200,160441738,325370261,4049953277,3022179020,5925004081,12997136378,1321962,301891,1261360,2885213
12/11/23,Investors Exchange (V),115249167,26732062,98746481,240727710,6210713484,2226043771,6271204275,14707961531,1612644,174972,1324574,3112190
12/11/23,NASDAQ PSX (X),7334664,6998049,12141400,26474113,399310010.6,640012541.6,844406453.6,1883729006,134106,38623,143127,315856
12/11/23,BYX Equities (Y),31560851,23809330,43096333,98466514,886057095.6,1525565331,1249835223,3661457650,317900,98461,324968,741329
12/11/23,BZX Equities (Z),164127084,95558813,259007836,518693733,7612092554,7352505168,12327166662,27291764384,2355889,559325,2337161,5252375
12/8/23,NYSE American (A),7183129,15323340,5574724,28081193,234478149.4,364094107.9,273663956.6,872236213.9,85682,60158,65605,211445
12/8/23,NASDAQ BX (B),13083544,9383112,17837103,40303759,594195871.5,702758471.7,845598570.1,2142552913,211068,50457,196042,457567
12/8/23,NYSE National (C),17405089,8317874,16757942,42480905,468930734.9,348211191.7,438343353,1255485279,279662,46587,194989,521238
12/8/23,FINRA / Nasdaq TRF Chicago (DB),4372435,1874536,10057429,16304400,158497873.3,106430458.6,715930501.3,980858833.2,19690,7030,48573,75293
12/8/23,FINRA / NYSE TRF (DN),44443339,31408661,205295464,281147464,1276859754,1894725527,3728887890,6900473171,235281,95473,430070,760824
12/8/23,FINRA / Nasdaq TRF Carteret (DQ),1489260672,717784983,2460401960,4667447615,68013618069,44569143316,1.05626E+11,2.18208E+11,9562868,2454327,9599930,21617125
12/8/23,MIAX Pearl (H),56796707,70590191,91943583,219330481,1441936650,2997830446,2593312885,7033079982,499245,253670,527252,1280167
12/8/23,EDGA Equities (J),77651753,42296568,70911641,190859962,2051203581,1932315169,2476542814,6460061564,875248,216743,717629,1809620
12/8/23,EDGX Equities (K),167304266,110171212,379567609,657043087,5605171349,6293767736,13436421515,25335360600,1505272,537119,1887711,3930102
12/8/23,LTSE (L),72714,44683,120425,237822,2013587.41,2974606.73,11250292.7,16238486.84,298,143,712,1153
12/8/23,NYSE Chicago (M),22170057,11620425,21818062,55608544,1394015059,1680040383,2880092929,5954148371,83960,5436,85345,174741
12/8/23,NYSE (N),883078020,47304383,97099622,1027482025,46112546685,3561860286,4483498605,54157905577,3239489,174466,662757,4076712
12/8/23,NYSE Arca (P),169299675,325245493,549554528,1044099696,7037937436,20865499226,14935499758,42838936420,2028071,1334983,2949440,6312494
12/8/23,NASDAQ (Q),411850555,182611192,1082246166,1676707913,19225922591,15318494506,59736375315,94280792411,5929154,1195313,7732076,14856543
12/8/23,Members Exchange (U),111353481,56693676,168491462,336538619,3785624446,3298582452,5885239765,12969446663,1235351,317733,1172579,2725663
12/8/23,Investors Exchange (V),106993328,26746836,91580540,225320704,5595717270,2096068440,5162729484,12854515195,1398676,159560,1113522,2671758
12/8/23,NASDAQ PSX (X),6886308,7211895,12107059,26205262,324107711.5,692506549.7,768393459.3,1785007721,112214,38669,118327,269210
12/8/23,BYX Equities (Y),32260739,23800661,45857954,101919354,810396712.7,1657834007,1247434460,3715665179,296178,100020,289906,686104
12/8/23,BZX Equities (Z),165429136,105222911,273613602,544265649,7088038877,7931724311,11320251385,26340014573,2278075,579376,2136341,4993792
12/7/23,NYSE American (A),7123349,14092818,6375901,27592068,264056507.8,331555505.7,270462977.3,866074990.8,97152,55613,74760,227525
12/7/23,NASDAQ BX (B),14112540,8277302,17442788,39832630,658795627.7,575597595.7,837441358.5,2071834582,251379,44012,216077,511468
12/7/23,NYSE National (C),18118788,7771715,18537167,44427670,520983912.8,344227096.7,458086182,1323297192,309566,44845,223171,577582
12/7/23,FINRA / Nasdaq TRF Chicago (DB),4137547,1669768,10564838,16372153,147160896.3,82825559.69,776046193.5,1006032650,20244,6322,49132,75698
12/7/23,FINRA / NYSE TRF (DN),47364351,29497503,207137593,283999447,1330780841,1296733050,3729728665,6357242556,245569,95736,445773,787078
12/7/23,FINRA / Nasdaq TRF Carteret (DQ),1548027827,755843994,2607710337,4911582158,70936185761,42737390863,1.10833E+11,2.24507E+11,10097108,2292734,9949468,22339310
12/7/23,MIAX Pearl (H),57744058,63014746,91088524,211847328,1542880665,2443213753,2366508350,6352602769,538183,235166,529454,1302803
12/7/23,EDGA Equities (J),78185518,42563654,75730275,196479447,2153399773,1885838407,2524148698,6563386878,919109,212313,742568,1873990
12/7/23,EDGX Equities (K),172382789,96335132,397045844,665763765,5622747543,5521935373,12565880188,23710563104,1570402,471980,1968585,4010967
12/7/23,LTSE (L),146288,86633,182604,415525,1892485.18,5587441.69,1720371.87,9200298.74,325,198,191,714
12/7/23,NYSE Chicago (M),14029455,10887304,17575796,42492555,1100975803,2176518341,2513367739,5790861883,86448,5031,82010,173489
12/7/23,NYSE (N),886749930,40162346,92991858,1019904134,44105074743,3157642166,4390003621,51652720531,3337722,155343,656107,4149172
12/7/23,NYSE Arca (P),178627204,292875093,597362109,1068864406,7523772314,19622172824,16100248832,43246193971,2153578,1210936,3174094,6538608
12/7/23,NASDAQ (Q),431929326,160789522,1134054408,1726773256,19839300181,13527377476,61593506876,94960184534,6207821,1066880,8000057,15274758
12/7/23,Members Exchange (U),116704888,49888098,179247767,345840753,4091939858,2902319371,5633970209,12628229439,1366925,287176,1196097,2850198
12/7/23,Investors Exchange (V),114183313,24550435,94808199,233541947,6060599339,1967673018,5421942499,13450214857,1501207,153210,1154466,2808883
12/7/23,NASDAQ PSX (X),6895680,6635732,11358870,24890282,339527147.8,644680368.3,710369281.9,1694576798,118707,35221,121492,275420
12/7/23,BYX Equities (Y),35618104,22730263,45563996,103912363,921797001.8,1474292092,1150368812,3546457906,337086,96311,310665,744062
12/7/23,BZX Equities (Z),173146023,91980461,268028472,533154956,7457387220,6878850745,10789923360,25126161325,2428007,507909,2224317,5160233
12/6/23,NYSE American (A),8447273,14031070,6127533,28605876,322905601.6,394357330.4,270681166,987944097.9,113315,66215,77933,257463
12/6/23,NASDAQ BX (B),15723040,8974534,16997430,41695004,797044588.1,617825499.7,939823947,2354694035,273964,54043,237272,565279
12/6/23,NYSE National (C),22173684,8827070,17005458,48006212,615550281.4,383726772.2,504223476.5,1503500530,347480,54643,226361,628484
12/6/23,FINRA / Nasdaq TRF Chicago (DB),5140232,2175376,11555703,18871311,188339346,100331210.8,812538308.3,1101208865,23731,7370,54686,85787
12/6/23,FINRA / NYSE TRF (DN),60450557,34967225,183953154,279370936,1677562711,1419821382,3672048541,6769432634,279594,101398,457461,838453
12/6/23,FINRA / Nasdaq TRF Carteret (DQ),1700954125,783729442,2335360501,4820044068,73675451168,45192860345,1.01921E+11,2.20789E+11,10878155,2446645,10249327,23574127
12/6/23,MIAX Pearl (H),66346211,63448061,89043777,218838049,1807534992,2740406309,2498388628,7046329929,595339,255022,564556,1414917
12/6/23,EDGA Equities (J),86523061,40903975,70171935,197598971,2387739686,1917710284,2496632109,6802082079,980285,221172,733373,1934830
12/6/23,EDGX Equities (K),205708660,114882458,369367350,689958468,6465767299,6248778730,12788719244,25503265273,1730272,564874,1991040,4286186
12/6/23,LTSE (L),26941,217010,82044,325995,1101838.13,5300134.84,9576627.76,15978600.73,239,219,350,808
12/6/23,NYSE Chicago (M),15534850,16286617,16291121,48112588,1082213643,1837701275,2082714276,5002629194,72661,4705,67068,144434
12/6/23,NYSE (N),943873858,45807534,92989786,1082671178,46265934963,3509427720,4175789052,53951151735,3570466,180314,664227,4415007
12/6/23,NYSE Arca (P),208547411,334947938,525493948,1068989297,8396857193,21105468341,14567335155,44069660688,2372435,1410700,3134857,6917992
12/6/23,NASDAQ (Q),504319947,183977502,1111464484,1799761933,23141821560,15263427410,58493979350,96899228321,6964905,1251643,8342189,16558737
12/6/23,Members Exchange (U),135421573,54843473,161889666,352154712,4510129711,3371801982,5616888952,13498820645,1474352,333821,1252143,3060316
12/6/23,Investors Exchange (V),123834770,27707252,92545284,244087306,6401879675,2073701811,5264611635,13740193121,1585117,164898,1179810,2929825
12/6/23,NASDAQ PSX (X),8990174,7220975,13130450,29341599,429756334.7,712467715.9,785356708.5,1927580759,137801,42243,143893,323937
12/6/23,BYX Equities (Y),36871411,24132495,39031666,100035572,1067447398,1693000754,1301928369,4062376520,359156,103006,325079,787241
12/6/23,BZX Equities (Z),195018772,108106005,239912880,543037657,8252843885,7913517577,10348126616,26514488077,2632710,603339,2246207,5482256
12/5/23,NYSE American (A),7610713,14693501,7817010,30121224,269793134.1,356080898.3,256733048.4,882607080.8,106298,59437,81575,247310
12/5/23,NASDAQ BX (B),15746984,9009608,18614259,43370851,695840843.2,562284675.9,910676953.5,2168802473,265450,50777,225472,541699
12/5/23,NYSE National (C),21867218,10123023,29237795,61228036,654590565.2,433618533.5,647290654.3,1735499753,368801,56854,264643,690298
12/5/23,FINRA / Nasdaq TRF Chicago (DB),4839695,1896385,12924951,19661031,176924520.7,85628700.8,863762007.8,1126315229,21582,6700,54545,82827
12/5/23,FINRA / NYSE TRF (DN),53189055,35028147,231536088,319753290,1685949567,1524020014,3659637420,6869607000,254987,98174,450397,803558
12/5/23,FINRA / Nasdaq TRF Carteret (DQ),1561848720,766908501,2705288163,5034045384,67386743955,46503510305,1.07325E+11,2.21215E+11,10596737,2431196,10398972,23426905
12/5/23,MIAX Pearl (H),61776425,71702298,107147435,240626158,1544227130,3108432052,2694562098,7347221280,560673,279027,571347,1411047
12/5/23,EDGA Equities (J),78701488,42269914,78521342,199492744,2096179422,1874103579,2522407082,6492690083,903309,226628,740742,1870679
12/5/23,EDGX Equities (K),179712616,105890682,491651359,777254657,5693937198,6385706868,13494892020,25574536086,1609258,558977,2124071,4292306
12/5/23,LTSE (L),58669,36088,55645,150402,2326005.33,1926829.79,1317248.81,5570083.93,436,219,153,808
12/5/23,NYSE Chicago (M),16349181,10539834,15356411,42245426,981315368.8,1219876266,2422167429,4623359064,70322,4908,68275,143505
12/5/23,NYSE (N),910182916,46558052,97753538,1054494506,45212966810,3460232240,4464284799,53137483849,3506699,180747,713142,4400588
12/5/23,NYSE Arca (P),178126402,340435791,678488012,1197050205,7398986396,21457943683,15958288178,44815218257,2190562,1398164,3305303,6894029
12/5/23,NASDAQ (Q),443477643,188599368,1199513589,1831590600,20648695197,15619714094,59004335475,95272744767,6365262,1283962,8289221,15938445
12/5/23,Members Exchange (U),111894520,54517451,201042690,367454661,3793574691,3383652170,5833092036,13010318897,1330639,325143,1257767,2913549
12/5/23,Investors Exchange (V),120603485,27391519,101579012,249574016,6212762861,2079892768,5801162724,14093818354,1609719,162471,1238212,3010402
12/5/23,NASDAQ PSX (X),9492259,11400401,15440747,36333407,396069140.6,823568819.6,812258116.8,2031896077,139735,51468,150596,341799
12/5/23,BYX Equities (Y),34559806,24072642,57758483,116390931,866435230.1,1457834093,1194049684,3518319007,331022,102472,326890,760384
12/5/23,BZX Equities (Z),175444607,103768499,312601277,591814383,7447420724,7861603324,10995021612,26304045661,2472779,607839,2334647,5415265
12/4/23,NYSE American (A),10132737,21595814,8566985,40295536,362164487.2,494018846.2,321445275.9,1177628609,127546,81006,93329,301881
12/4/23,NASDAQ BX (B),17704438,10221582,19836518,47762538,894412164.5,694548805.3,948024756.4,2536985726,304451,56922,255017,616390
12/4/23,NYSE National (C),24082980,10296240,20821322,55200542,726779552.5,498058427.1,583631536.4,1808469516,381657,67737,270305,719699
12/4/23,FINRA / Nasdaq TRF Chicago (DB),6351065,3094236,14403968,23849269,240731179.4,149287886.9,849574664.2,1239593731,28615,9143,61174,98932
12/4/23,FINRA / NYSE TRF (DN),232456473,157449207,590356361,980262041,6820442878,7100122138,18048068876,31968633892,982432,515530,1451428,2949390
12/4/23,FINRA / Nasdaq TRF Carteret (DQ),1555746272,748663999,2367032056,4671442327,73336480537,45977955717,91892852893,2.11207E+11,10984659,2592936,10411283,23988878
12/4/23,MIAX Pearl (H),65801686,68064664,102215920,236082270,1625828165,3324359524,2443921209,7394108897,575316,295401,586382,1457099
12/4/23,EDGA Equities (J),90854209,49744771,80707968,221306948,2455478323,2208866815,2662397056,7326742194,1018656,257404,808444,2084504
12/4/23,EDGX Equities (K),211175401,126541722,523764270,861481393,6851631933,7182530904,13896332369,27930495206,1833286,639892,2366671,4839849
12/4/23,LTSE (L),29957,95100,65688,190745,2609884.31,5729143,2256753.12,10595780.43,298,87,222,607
12/4/23,NYSE Chicago (M),14205535,7767833,15091194,37064562,1139003485,1030039732,1940883588,4109926805,73740,5721,69647,149108
12/4/23,NYSE (N),1020253533,53862916,100567050,1174683499,52217831790,4514019380,4912508362,61644359531,3800592,228568,753631,4782791
12/4/23,NYSE Arca (P),206454069,378248198,702041842,1286744109,8566091292,24396638257,16045720685,49008450234,2481967,1578206,3666257,7726430
12/4/23,NASDAQ (Q),495638604,210325219,1272797239,1978761062,23044979392,17593342638,63933138910,1.04571E+11,7071998,1382433,8987841,17442272
12/4/23,Members Exchange (U),135017146,62023452,195545897,392586495,4480305611,3573960656,6073642383,14127908649,1507483,362289,1377916,3247688
12/4/23,Investors Exchange (V),127831547,31566946,106020825,265419318,6787986277,2352332982,5911535479,15051854738,1661654,191328,1290944,3143926
12/4/23,NASDAQ PSX (X),11056564,13641343,16457370,41155277,523173529.3,976034140,963806037.2,2463013707,166257,61109,167350,394716
12/4/23,BYX Equities (Y),36849390,28673280,46311809,111834479,970259787.9,1804649538,1202270415,3977179740,358016,121619,328465,808100
12/4/23,BZX Equities (Z),206767231,120723884,316746475,644237590,8772269331,8691699025,11898117650,29362086007,2825117,688196,2647835,6161148
12/1/23,NYSE American (A),9218528,17792861,7463604,34474993,360535108.9,486964581.3,306938888.2,1154438578,123396,75365,92755,291516
12/1/23,NASDAQ BX (B),18783296,12668181,20502188,51953665,943505974.2,794009995,1053885805,2791401774,324814,67773,273078,665665
12/1/23,NYSE National (C),24553074,12221303,21739255,58513632,695545889.8,543444261.4,648475459,1887465610,382424,69511,274124,726059
12/1/23,FINRA / Nasdaq TRF Chicago (DB),5911522,3148268,11813252,20873042,235358400.3,138903446.8,883840973.4,1258102821,27493,8604,55064,91161
12/1/23,FINRA / NYSE TRF (DN),240743923,179111101,579525859,999380883,7231926956,8207999855,19212106144,34652032954,974764,466309,1363262,2804335
12/1/23,FINRA / Nasdaq TRF Carteret (DQ),1505116522,781324574,2070593237,4357034333,71135998846,49121464857,87296982343,2.07554E+11,10837578,2469661,9801364,23108603
12/1/23,MIAX Pearl (H),75493135,94472570,99405378,269371083,1871445738,4245808598,2852213176,8969467512,703592,363766,607696,1675054
12/1/23,EDGA Equities (J),94194223,58384565,82867993,235446781,2555329682,2572412141,2832742484,7960484307,1063195,277147,834365,2174707
12/1/23,EDGX Equities (K),207162265,139318584,394003447,740484296,7069948211,7990710659,13385107798,28445766668,1825356,647838,2181364,4654558
12/1/23,LTSE (L),74957,18291,113297,206545,2085597.97,715310.79,1174557.4,3975466.16,336,99,329,764
12/1/23,NYSE Chicago (M),17884539,17368121,15757909,51010569,1249349527,2195061845,1449989911,4894401283,72969,6224,65686,144879
12/1/23,NYSE (N),1027599964,61208209,108400364,1197208537,51042690375,4775036051,4937338247,60755064674,3909234,223252,806210,4938696
12/1/23,NYSE Arca (P),210352354,435826667,524302852,1170481873,9100562435,29811396903,15898240304,54810199642,2519311,1656597,3442409,7618317
12/1/23,NASDAQ (Q),501324319,238928057,1193457704,1933710080,24185963504,19621638245,63087724767,1.06895E+11,7144495,1507177,8930965,17582637
12/1/23,Members Exchange (U),141096840,68635677,175434305,385166822,4990183691,4313351773,6536084057,15839619521,1591748,407205,1393927,3392880
12/1/23,Investors Exchange (V),132742164,34129521,108186330,275058015,6961678852,2644862377,6270708170,15877249398,1721681,199530,1312175,3233386
12/1/23,NASDAQ PSX (X),12331065,15728382,17744246,45803693,580591159.6,1251532186,1012886782,2845010128,179526,64739,173630,417895
12/1/23,BYX Equities (Y),38899240,31131085,46047340,116077665,1062831388,1789612345,1318319801,4170763534,384893,124172,348755,857820
12/1/23,BZX Equities (Z),207866946,134184918,282847309,624899173,9349544222,10256718556,12156831790,31763094568,2943016,729029,2559168,6231213
11/30/23,NYSE American (A),9040802,20199071,6573795,35813668,353297378.4,558773048.9,349739267.2,1261809694,129920,66486,88918,285324
11/30/23,NASDAQ BX (B),16607015,11311711,18210175,46128901,821905501.2,688168586,1011939235,2522013322,280883,55717,226405,563005
11/30/23,NYSE National (C),26653643,10884367,19015805,56553815,894057988.3,470213511.5,662909135.8,2027180636,430778,57294,253285,741357
11/30/23,FINRA / Nasdaq TRF Chicago (DB),4972992,2752215,10373116,18098323,226341080.6,113530854.2,830608389.6,1170480324,22960,7488,53678,84126
11/30/23,FINRA / NYSE TRF (DN),46777557,40996992,161622603,249397152,1315360031,1466289829,3335612927,6117262787,214568,89304,411351,715223
11/30/23,FINRA / Nasdaq TRF Carteret (DQ),1976268399,849137671,2462273568,5287679638,93404373074,49102768979,1.20148E+11,2.62655E+11,11064868,2443407,10285285,23793560
11/30/23,MIAX Pearl (H),74207495,77587939,82622493,234417927,1932680095,3207466110,2934992445,8075138649,667639,285990,549106,1502735
11/30/23,EDGA Equities (J),100928196,67902348,78210365,247040909,2759221630,2717209167,2886181277,8362612075,1081785,291716,774482,2147983
11/30/23,EDGX Equities (K),195563639,122576937,330317336,648457912,6877562587,6850854856,13028813528,26757230971,1719719,577181,1987101,4284001
11/30/23,LTSE (L),96045,118625,92352,307022,644001.27,6566104.72,5892595.99,13102701.98,136,181,469,786
11/30/23,NYSE Chicago (M),20891220,16312777,16030283,53234280,1365980414,1098644353,2061034658,4525659425,75723,5312,66483,147518
11/30/23,NYSE (N),1925857225,50933699,88251131,2065042055,1.04496E+11,3665513111,4646314793,1.12808E+11,3812123,185615,676543,4674281
11/30/23,NYSE Arca (P),210871570,394809157,468960529,1074641256,9243977653,25993663349,16605616823,51843257825,2420916,1449737,3212277,7082930
11/30/23,NASDAQ (Q),502027868,196191911,1632187057,2330406836,23888634255,16583376029,99679513751,1.40152E+11,6900657,1211305,8307768,16419730
11/30/23,Members Exchange (U),139264935,60142076,153839969,353246980,4783377070,3486937905,5989406716,14259721691,1527101,339528,1263291,3129920
11/30/23,Investors Exchange (V),127204634,31030844,96585813,254821291,6650703008,2195223953,5827646635,14673573596,1641152,167438,1230496,3039086
11/30/23,NASDAQ PSX (X),14013157,12316194,16777224,43106575,639664664,906389331.9,1038357362,2584411358,186260,52366,165042,403668
11/30/23,BYX Equities (Y),40469372,32837752,43672642,116979766,1128340389,1818773983,1422224457,4369338830,376780,115674,331275,823729
11/30/23,BZX Equities (Z),207595701,119359030,232090387,559045118,9250116565,8859455504,11953852759,30063424828,2721060,628872,2349946,5699878
11/29/23,NYSE American (A),9909600,18309570,6793314,35012484,371526102.1,355657486.3,349693137.4,1076876726,129121,70264,93133,292518
11/29/23,NASDAQ BX (B),16514172,9880758,16216970,42611900,804376048.9,564251588.4,907880713.1,2276508350,289426,52477,229409,571312
11/29/23,NYSE National (C),22628854,8799757,16179989,47608600,677110974.6,380902838.8,605535140.7,1663548954,373260,57133,245800,676193
11/29/23,FINRA / Nasdaq TRF Chicago (DB),6219953,2269705,10725351,19215009,183853489.5,92001690.35,861160236.8,1137015417,24181,7474,54527,86182
11/29/23,FINRA / NYSE TRF (DN),72424857,46272930,161931927,280629714,2046636149,1250638035,4881342564,8178616748,274616,100735,434057,809408
11/29/23,FINRA / Nasdaq TRF Carteret (DQ),1761615036,869521065,2241255152,4872391253,74068101667,42105099262,1.10654E+11,2.26828E+11,11075878,2444357,10273113,23793348
11/29/23,MIAX Pearl (H),70707419,74913579,77027721,222648719,1678019523,3256857379,2382058627,7316935528,617155,280107,502345,1399607
11/29/23,EDGA Equities (J),96904748,60272123,76367296,233544167,2496058978,2308609354,2733298600,7537966932,1048300,276640,759781,2084721
11/29/23,EDGX Equities (K),213779653,129409967,318909315,662098935,6862714952,6077198886,13911538234,26851452072,1779099,555921,2020940,4355960
11/29/23,LTSE (L),199385,32061,44710,276156,2673810.88,2838298.52,2441852.87,7953962.27,391,41,338,770
11/29/23,NYSE Chicago (M),17948703,13537191,17032133,48518027,1140218350,2034249235,1816319499,4990787084,71476,5059,62277,138812
11/29/23,NYSE (N),987346980,45668479,89272318,1122287777,46971640063,3209156350,4578018969,54758815382,3500651,167928,672516,4341095
11/29/23,NYSE Arca (P),209174861,370488978,427559370,1007223209,8753295397,19750026489,15420690367,43924012252,2355029,1326059,3068722,6749810
11/29/23,NASDAQ (Q),491098998,194691486,1066949129,1752739613,22679707615,14048710412,60295266673,97023684699,6693279,1173920,7898834,15766033
11/29/23,Members Exchange (U),141433315,59073728,145013816,345520859,4588794384,3074509905,5740688601,13403992890,1493631,308252,1206829,3008712
11/29/23,Investors Exchange (V),127567153,28776954,90235096,246579203,6619815465,2031031410,5438869326,14089716201,1593790,161538,1154417,2909745
11/29/23,NASDAQ PSX (X),14114084,9468216,17562629,41144929,602486018.7,725626404.6,952711768.9,2280824192,194397,47274,175624,417295
11/29/23,BYX Equities (Y),38678663,27486613,37378866,103544142,975310965.1,1533747716,1166218345,3675277026,351490,109889,301722,763101
11/29/23,BZX Equities (Z),199784124,108603559,214817900,523205583,8577546292,7108402704,11070145726,26756094722,2636377,569843,2242410,5448630
11/28/23,NYSE American (A),10350174,15617266,7713128,33680568,343227364.7,364047304.2,322154865.7,1029429535,124900,65327,99555,289782
11/28/23,NASDAQ BX (B),13586590,8326147,15330496,37243233,643169362.4,501999737.2,842216938,1987386038,238658,45894,213514,498066
11/28/23,NYSE National (C),18293627,9625327,18337359,46256313,562506965.6,397334616.3,599919008.2,1559760590,322826,49054,246220,618100
11/28/23,FINRA / Nasdaq TRF Chicago (DB),4462087,1906549,10513342,16881978,139455565.6,76255807.76,891575690.6,1107287064,19001,7075,53233,79309
11/28/23,FINRA / NYSE TRF (DN),42133627,32460749,138746424,213340800,1087948645,1044185408,3684033095,5816167147,228270,93745,415565,737580
11/28/23,FINRA / Nasdaq TRF Carteret (DQ),1451588614,810286574,2073304634,4335179822,62233404709,40637455814,1.01613E+11,2.04483E+11,9390344,2395790,9654962,21441096
11/28/23,MIAX Pearl (H),62801466,65782261,71757581,200341308,1414500701,2756159070,2046692141,6217351913,534685,257068,472823,1264576
11/28/23,EDGA Equities (J),84892740,56182872,73883689,214959301,2044402421,2139042384,2621817189,6805261995,921109,256790,729139,1907038
11/28/23,EDGX Equities (K),160559563,114957699,296106058,571623320,4997634541,5913489421,13275016846,24186140808,1425019,528221,1911107,3864347
11/28/23,LTSE (L),150666,128015,16104,294785,3143323.76,8023469.7,785694.98,11952488.44,430,86,202,718
11/28/23,NYSE Chicago (M),14393431,13319813,18899582,46612826,970828148.4,1778348628,2857826358,5607003134,62029,4700,57613,124342
11/28/23,NYSE (N),827807107,45883296,81048603,954739006,41403947226,3137172406,3587472035,48128591667,3022702,164806,593853,3781361
11/28/23,NYSE Arca (P),161062585,338691140,380547130,880300855,6303260109,20038313696,14464752162,40806325967,1885592,1288316,2806412,5980320
11/28/23,NASDAQ (Q),400174906,180675917,951048330,1531899153,17618335048,13815269711,56668399301,88102004060,5562640,1108885,7318537,13990062
11/28/23,Members Exchange (U),115520048,56006436,137880862,309407346,3630563036,3023557276,5750620519,12404740831,1232188,307504,1158127,2697819
11/28/23,Investors Exchange (V),106674504,26337528,84150496,217162528,5414557361,1765639296,4924955229,12105151887,1380572,152758,1109943,2643273
11/28/23,NASDAQ PSX (X),6839700,10951469,12715782,30506951,257307592,739515378.1,711186164,1708009134,103902,46888,121936,272726
11/28/23,BYX Equities (Y),32884535,24624841,35963783,93473159,778228240.1,1336882793,1050710971,3165822004,295950,94663,287308,677921
11/28/23,BZX Equities (Z),165477836,103146046,190763752,459387634,6691804321,7186993730,10272038737,24150836788,2204308,561314,2031988,4797610
11/27/23,NYSE American (A),8534020,14697808,6418105,29649933,308587020.1,331860963.7,294698940.4,935146924.2,110007,56083,84240,250330
11/27/23,NASDAQ BX (B),12129835,7250469,13077452,32457756,611100746.3,473174258.7,810611912.6,1894886918,233191,39368,209834,482393
11/27/23,NYSE National (C),16656451,7359833,12822590,36838874,481210944.9,311943395,517818654,1310972994,296050,42949,201381,540380
11/27/23,FINRA / Nasdaq TRF Chicago (DB),3946524,1999054,9556818,15502396,149513119.9,77675992.76,763031518.7,990220631.4,19406,6146,48632,74184
11/27/23,FINRA / NYSE TRF (DN),36851215,25889450,138334738,201075403,1078649440,845886289.4,3242125762,5166661491,229706,85468,379919,695093
11/27/23,FINRA / Nasdaq TRF Carteret (DQ),1372062906,711244940,1962104981,4045412827,63745839327,39103396208,95380586685,1.9823E+11,9463180,2258651,9522147,21243978
11/27/23,MIAX Pearl (H),58547591,58753541,58380260,175681392,1374742690,2391194588,1779914727,5545852006,519127,210668,423074,1152869
11/27/23,EDGA Equities (J),66121367,35574426,54832669,156528462,1766823189,1534820485,2087500464,5389144138,808000,172259,629978,1610237
11/27/23,EDGX Equities (K),148802337,90967695,281120661,520890693,4745020381,4806377212,11415261172,20966658765,1396985,414974,1753668,3565627
11/27/23,LTSE (L),31049,71206,63395,165650,2205011.79,6374039.51,5861223.64,14440274.94,209,50,313,572
11/27/23,NYSE Chicago (M),15313651,15719602,11130887,42164140,973061122.9,1912939087,1480037131,4366037341,55820,3951,51641,111412
11/27/23,NYSE (N),848268753,38880991,70836290,957986034,41954033671,2704809452,3555754222,48214597346,2910899,140154,575016,3626069
11/27/23,NYSE Arca (P),141442722,276145301,358477114,776065137,5930411402,16920194400,12454106958,35304712759,1761468,1059615,2613364,5434447
11/27/23,NASDAQ (Q),361039595,143835174,922731997,1427606766,16556048809,11420773647,55850248143,83827070598,5256072,918552,6914021,13088645
11/27/23,Members Exchange (U),104863216,42457271,123782999,271103486,3458770652,2307482779,4930326258,10696579689,1197042,238708,1087331,2523081
11/27/23,Investors Exchange (V),96325692,24230650,75054092,195610434,5242482179,1595168340,4655907607,11493558126,1354095,137497,1036142,2527734
11/27/23,NASDAQ PSX (X),7107045,8765487,10584689,26457221,304328270.6,588896307,675606585.7,1568831163,116311,38553,126453,281317
11/27/23,BYX Equities (Y),28587233,22003781,31463501,82054515,746962013.8,1243072329,1031990228,3022024571,291489,83696,279774,654959
11/27/23,BZX Equities (Z),147901786,82624416,172579581,403105783,6358365659,6058252649,9234277613,21650895922,2148104,457733,1966330,4572167
11/24/23,NYSE American (A),5088201,8476919,3980273,17545393,206534187.1,168304249.1,210866674.5,585705110.8,62138,33379,49080,144597
11/24/23,NASDAQ BX (B),7081985,4290727,8504779,19877491,356858700,223758657.2,498441681,1079059038,132341,23332,121822,277495
11/24/23,NYSE National (C),9394931,3329464,6780596,19504991,254974610,120794883.5,211521701.1,587291194.5,151419,22726,103686,277831
11/24/23,FINRA / Nasdaq TRF Chicago (DB),2291762,1167156,5869691,9328609,75280934.16,39137293.87,469087758.7,583505986.7,10596,3523,28854,42973
11/24/23,FINRA / NYSE TRF (DN),20982729,13742917,112870624,147596270,608587713,337670941.6,1749449671,2695708326,120412,52986,220195,393593
11/24/23,FINRA / Nasdaq TRF Carteret (DQ),603815351,313562530,1149255707,2066633588,26993628554,17981426583,45160865182,90135920319,4509414,1123052,4962410,10594876
11/24/23,MIAX Pearl (H),27520779,32169789,38421407,98111975,619265395.2,1109845093,906707094.1,2635817582,262064,114852,226141,603057
11/24/23,EDGA Equities (J),33328561,21303406,32861154,87493121,813976611,771482322,1031473295,2616932228,392183,106748,332516,831447
11/24/23,EDGX Equities (K),83074717,49407636,190005720,322488073,2380646985,2218826187,6379502094,10978975266,693558,238099,981794,1913451
11/24/23,LTSE (L),91864,362,213013,305239,2081983.56,16499.62,16030408.2,18128891.38,151,6,280,437
11/24/23,NYSE Chicago (M),15753504,5295748,7935935,28985187,651137345.7,1185907475,835348234.8,2672393056,42045,2639,38397,83081
11/24/23,NYSE (N),375547950,21739356,42644899,439932205,17065214165,1363166101,1989509128,20417889395,1497386,80452,318179,1896017
11/24/23,NYSE Arca (P),83501648,150685103,249321269,483508020,3102459654,8086985155,6436579455,17626024265,962734,606107,1484788,3053629
11/24/23,NASDAQ (Q),191475570,76721604,478407542,746604716,7956704206,5299650639,25931289560,39187644405,2657514,512053,3551171,6720738
11/24/23,Members Exchange (U),53639779,22869856,73723968,150233603,1670420437,1083814615,2600218212,5354453264,632348,136402,571885,1340635
11/24/23,Investors Exchange (V),46318769,10466067,37868613,94653449,2285707940,738701674.3,2167729038,5192138652,672754,70954,533082,1276790
11/24/23,NASDAQ PSX (X),3739422,4481691,6232208,14453321,155018461.3,258971301.7,317280218.5,731269981.5,55407,21390,62764,139561
11/24/23,BYX Equities (Y),14845433,12259654,20227297,47332384,386019064.5,544405903,537113755.2,1467538723,150789,45728,151841,348358
11/24/23,BZX Equities (Z),76829435,46446635,127894647,251170717,2981041034,2862907861,4933526643,10777475537,1042271,265174,1001706,2309151
11/22/23,NYSE American (A),9274028,12805669,6521735,28601432,365126981.4,360859550.4,391570589.8,1117557122,136899,57087,101652,295638
11/22/23,NASDAQ BX (B),13328902,8719085,13486800,35534787,631463520.2,578237284.6,913904068.9,2123604874,248200,45464,216361,510025
11/22/23,NYSE National (C),15308645,8215208,12765582,36289435,453189560.8,320021740.1,435487846.5,1208699147,302919,43434,209132,555485
11/22/23,FINRA / Nasdaq TRF Chicago (DB),3883173,2278523,10323136,16484832,151383038.7,79685419.96,1090582066,1321650525,17436,6370,55553,79359
11/22/23,FINRA / NYSE TRF (DN),45589010,28336831,134479515,208405356,1397219267,1052161719,4247436283,6696817268,200230,81609,366252,648091
11/22/23,FINRA / Nasdaq TRF Carteret (DQ),1167108507,667617383,1779818035,3614543925,51853375979,35100629413,1.00607E+11,1.87561E+11,8434878,2045551,8828782,19309211
11/22/23,MIAX Pearl (H),54384739,66698336,66602064,187685139,1283525030,2745480797,2022207650,6051213477,485987,237591,414098,1137676
11/22/23,EDGA Equities (J),60606214,42379380,56004295,158989889,1602545343,1630984826,2004238161,5237768330,751526,189412,600487,1541425
11/22/23,EDGX Equities (K),145008834,100907395,264352031,510268260,4720903301,5504274624,13890186944,24115364870,1307197,462527,1705569,3475293
11/22/23,LTSE (L),208729,4280,142956,355965,2355802.52,149599.61,8056100.39,10561502.52,403,41,315,759
11/22/23,NYSE Chicago (M),16700455,13923426,11663929,42287810,1075274367,2050412855,1366295252,4491982474,62587,4015,60770,127372
11/22/23,NYSE (N),705428006,42679314,68103608,816210928,35085713163,2968464686,3849454836,41903632684,2793412,152577,540953,3486942
11/22/23,NYSE Arca (P),143973239,289074423,325067108,758114770,5936472362,17939396510,14503091552,38378960424,1760675,1159994,2458927,5379596
11/22/23,NASDAQ (Q),346303980,160109699,794246284,1300659963,16085016106,12714014096,51797404280,80596434482,5041009,1034770,6569572,12645351
11/22/23,Members Exchange (U),100598942,49355232,121410277,271364451,3403446426,2679200767,5880312341,11962959533,1153438,270543,1048298,2472279
11/22/23,Investors Exchange (V),89977706,21689790,69152318,180819814,4888846502,1532546134,4496793232,10918185868,1268357,130660,977616,2376633
11/22/23,NASDAQ PSX (X),5808298,9434601,9768783,25011682,239876289.8,625796941.1,642957682.8,1508630914,96867,40778,103505,241150
11/22/23,BYX Equities (Y),27206784,28250382,30551732,86008898,752597985,1326323488,1069321854,3148243327,274524,85445,254172,614141
11/22/23,BZX Equities (Z),142810125,95906746,171569710,410286581,6239902885,6825088200,10707491670,23772482755,2055380,513379,1859767,4428526
11/21/23,NYSE American (A),9671784,14198580,7000801,30871165,372664474.3,361517389.6,419251144.6,1153433008,127695,64744,96260,288699
11/21/23,NASDAQ BX (B),13580029,9792582,13904868,37277479,648130440,598955900.4,907492607.3,2154578948,252553,49594,206414,508561
11/21/23,NYSE National (C),17283188,8661798,14230188,40175174,514702462.9,388860710.5,507750742.2,1411313916,309824,49127,208997,567948
11/21/23,FINRA / Nasdaq TRF Chicago (DB),4262408,2126428,9251802,15640638,151211220.6,77076431.76,738504017.1,966791669.5,18722,6238,45469,70429
11/21/23,FINRA / NYSE TRF (DN),44504777,31718350,124740730,200963857,1290541988,1203699564,4033394398,6527635950,230064,87988,386126,704178
11/21/23,FINRA / Nasdaq TRF Carteret (DQ),1418689306,702999993,1872204684,3993893983,62278236578,36866460398,97617999087,1.96763E+11,9481332,2207913,9414767,21104012
11/21/23,MIAX Pearl (H),59758702,62652547,72115934,194527183,1474612162,2602940229,2518809787,6596362177,550045,246469,501323,1297837
11/21/23,EDGA Equities (J),66980143,39507639,54808187,161295969,1837104916,1636489490,2089071983,5562666388,810072,195578,622611,1628261
11/21/23,EDGX Equities (K),161693847,101743914,283772609,547210370,5083079121,5062361408,12451803750,22597244279,1434832,470152,1774903,3679887
11/21/23,LTSE (L),44126,322242,193471,559839,3566620.27,8476182.51,26354894.45,38397697.23,453,310,164,927
11/21/23,NYSE Chicago (M),28818429,13016970,19273629,61109028,1384653179,1259746674,2706812271,5351212124,61487,4121,64513,130121
11/21/23,NYSE (N),790950572,44959819,75317706,911228097,38260150728,2976755657,3939676011,45176582395,3023170,161103,599557,3783830
11/21/23,NYSE Arca (P),159696031,300314473,365813902,825824406,6705077059,17729485071,16284487842,40719049972,1941372,1204573,2770564,5916509
11/21/23,NASDAQ (Q),390137261,163579895,886660397,1440377553,17641464410,12247955615,51955369976,81844790001,5560973,1052227,7080665,13693865
11/21/23,Members Exchange (U),110648417,51693956,125371887,287714260,3670525214,2567639184,5534363321,11772527719,1256197,281141,1132735,2670073
11/21/23,Investors Exchange (V),101061177,23655751,80592868,205309796,5511937909,1683906007,4938686288,12134530204,1393638,148319,1081299,2623256
11/21/23,NASDAQ PSX (X),6917503,9299181,11890050,28106734,280223748.6,618348173.6,703950927.8,1602522850,103840,42100,117353,263293
11/21/23,BYX Equities (Y),29142127,21985137,31647491,82774755,807783376,1241945764,1078265896,3127995037,308534,88064,276673,673271
11/21/23,BZX Equities (Z),153944237,92069484,184072973,430086694,6748106729,6083831878,10082597717,22914536324,2218613,513009,1998422,4730044
11/20/23,NYSE American (A),7181117,14915274,6118630,28215021,266824136.6,362846859.4,291226352.5,920897348.6,97215,61704,75685,234604
11/20/23,NASDAQ BX (B),13904022,8608241,14217250,36729513,679101502.3,553508949,872871763.4,2105482215,244971,47370,214448,506789
11/20/23,NYSE National (C),18149154,7617666,15089515,40856335,532553273.2,329267940.2,498417671.8,1360238885,304934,45034,210502,560470
11/20/23,FINRA / Nasdaq TRF Chicago (DB),4848475,2175018,9972393,16995886,187505105.2,102568854.7,852729836.7,1142803797,22352,7055,51185,80592
11/20/23,FINRA / NYSE TRF (DN),45322192,31567832,138796745,215686769,1339685852,1308094536,4390862399,7038642788,250997,99176,419403,769576
11/20/23,FINRA / Nasdaq TRF Carteret (DQ),1459649990,739621142,2103724806,4302995938,66531572210,40674744493,1.01844E+11,2.0905E+11,9875654,2399746,10027420,22302820
11/20/23,MIAX Pearl (H),62913434,62207557,71847640,196968631,1471212036,2829724911,2342280851,6643217799,545086,217881,465269,1228236
11/20/23,EDGA Equities (J),73096332,40716772,63872557,177685661,2023068916,1739510784,2376776707,6139356407,852552,196502,693916,1742970
11/20/23,EDGX Equities (K),169929668,101848723,312002595,583780986,5420611713,5694506702,13173943458,24289061873,1487225,475221,1918560,3881006
11/20/23,LTSE (L),74263,48130,21004,143397,1421382.43,4150592.7,1025625.68,6597600.81,245,44,165,454
11/20/23,NYSE Chicago (M),30083885,13147545,17204176,60435606,1463237741,1664299421,2111158238,5238695400,61471,4264,63375,129110
11/20/23,NYSE (N),865461438,46066902,82996432,994524772,42546314825,3369769062,4187188272,50103272159,3116324,162345,630091,3908760
11/20/23,NYSE Arca (P),164169776,322700453,406963375,893833604,6658966868,20148254279,14282442689,41089663836,1917467,1207393,2876168,6001028
11/20/23,NASDAQ (Q),398037205,160791313,979287135,1538115653,17798927937,13228500012,57965621702,88993049652,5600133,1031981,7423962,14056076
11/20/23,Members Exchange (U),113040747,51081928,135091026,299213701,3761102377,2763334545,5937475046,12461911969,1221573,269146,1154546,2645265
11/20/23,Investors Exchange (V),104573426,24878690,84760535,214212651,5338255329,1930086601,4950107652,12218449582,1405452,148415,1122453,2676320
11/20/23,NASDAQ PSX (X),6981041,8783580,11806510,27571131,268759152.5,616253276.2,754736178.8,1639748608,106924,41468,132033,280425
11/20/23,BYX Equities (Y),31374757,22618690,35845686,89839133,825746923.1,1392287033,1116378324,3334412280,298039,89053,289270,676362
11/20/23,BZX Equities (Z),162274997,91908619,198455903,452639519,6927274530,6871652024,10385675729,24184602283,2262195,504270,2119423,4885888
11/17/23,NYSE American (A),7962713,16562439,5558717,30083869,313559274.2,296770206.6,305864370.9,916193851.8,109685,56238,74321,240244
11/17/23,NASDAQ BX (B),14758775,8669995,14609962,38038732,686355587.1,522974198.9,819654546.8,2028984333,268378,44450,218613,531441
11/17/23,NYSE National (C),19559645,8759751,15538000,43857396,580710597.5,316582633.3,566458119.5,1463751350,326760,48089,220962,595811
11/17/23,FINRA / Nasdaq TRF Chicago (DB),4701858,2131081,8844303,15677242,189966277.7,100455822,699385426.1,989807525.8,21281,6749,43934,71964
11/17/23,FINRA / NYSE TRF (DN),48095425,28108976,124695954,200900355,1305969632,1080448221,3715793950,6102211803,235116,86477,357391,678984
11/17/23,FINRA / Nasdaq TRF Carteret (DQ),1446928936,745076460,1996543687,4188549083,63726354780,49804371813,1.01142E+11,2.14673E+11,9685711,2211728,9364216,21261655
11/17/23,MIAX Pearl (H),70131270,72285993,73083767,215501030,1760944632,2939900102,2416427336,7117272070,667138,268266,502876,1438280
11/17/23,EDGA Equities (J),70646715,42068714,64600509,177315938,1917151566,1760329118,2306186461,5983667145,852991,192724,697303,1743018
11/17/23,EDGX Equities (K),165976101,105509684,265503836,536989621,5268023792,5328164560,12584103915,23180292267,1487678,468117,1840013,3795808
11/17/23,LTSE (L),32166,1205,121019,154390,1860616.12,25152.5,7053819.4,8939588.02,343,14,152,509
11/17/23,NYSE Chicago (M),17643941,25405927,21441133,64491001,1343957316,3688728682,3123640422,8156326420,63965,3921,59840,127726
11/17/23,NYSE (N),982917759,42704704,73781993,1099404456,47734061906,2935416339,3829546320,54499024566,3142267,157230,605389,3904886
11/17/23,NYSE Arca (P),167842151,321541861,358249770,847633782,6888749128,19592831237,13850202151,40331782516,1990811,1229462,2762051,5982324
11/17/23,NASDAQ (Q),384054343,171372215,1017634986,1573061544,17010118076,13020932572,59065191324,89096241972,5463183,1070078,7052623,13585884
11/17/23,Members Exchange (U),117727277,50371198,138681189,306779664,3869177592,2646461051,6697791607,13213430250,1343533,282245,1217938,2843716
11/17/23,Investors Exchange (V),112343131,26448396,87482283,226273810,5509720419,1736461597,4923767032,12169949048,1461671,153043,1132368,2747082
11/17/23,NASDAQ PSX (X),6925000,9568641,14423455,30917096,258713763.7,654984137.5,719246494.7,1632944396,101529,41282,121486,264297
11/17/23,BYX Equities (Y),33419120,28814709,34668503,96902332,900476399.6,1469091771,1134782071,3504350241,311122,94235,290076,695433
11/17/23,BZX Equities (Z),169497336,101187476,194629213,465314025,7224496689,7002238377,10668549788,24895284854,2389741,529627,2102946,5022314
11/16/23,NYSE American (A),7909053,14964326,5940627,28814006,312810806.3,390142185.4,320033959.3,1022986951,107861,61175,75790,244826
11/16/23,NASDAQ BX (B),16889025,11305290,15798657,43992972,746563823.3,616302595.3,840536731.5,2203403150,281414,53875,226899,562188
11/16/23,NYSE National (C),20453215,10899481,15794087,47146783,621292277.1,431876226.2,505945449.8,1559113953,343595,62955,225902,632452
11/16/23,FINRA / Nasdaq TRF Chicago (DB),5155963,2970938,9831001,17957902,202233317.4,105991370.2,758178358.2,1066403046,23002,7383,46692,77077
11/16/23,FINRA / NYSE TRF (DN),44797336,38244480,135832078,218873894,1319594159,1718148325,3712533559,6750276043,267827,97578,404911,770316
11/16/23,FINRA / Nasdaq TRF Carteret (DQ),1562184515,800253106,2048075737,4410513358,69952284733,41029907937,1.01987E+11,2.1297E+11,10504880,2426608,9926866,22858354
11/16/23,MIAX Pearl (H),68815624,89460289,75151279,233427192,1740047680,3684253291,2623166018,8047466990,632361,337117,533319,1502797
11/16/23,EDGA Equities (J),78724879,52131254,67236240,198092373,2114382593,2069898632,2450054152,6634335377,921014,247437,738759,1907210
11/16/23,EDGX Equities (K),184293713,135026334,290416717,609736764,6233716829,6627570971,13550032209,26411320009,1723624,581634,1953474,4258732
11/16/23,LTSE (L),483498,47122,248793,779413,14716716.89,2020387.29,10799961.78,27537065.96,523,103,451,1077
11/16/23,NYSE Chicago (M),17003256,15161622,14565910,46730788,1136040480,1758071857,1988760442,4882872779,80575,5328,74946,160849
11/16/23,NYSE (N),906293358,52527337,84289070,1043109765,44282026335,3620501344,4400472845,52303000523,3489236,191149,629681,4310066
11/16/23,NYSE Arca (P),188246322,408137388,388680208,985063918,8155630981,22880531243,15994595317,47030757541,2171245,1511640,2925871,6608756
11/16/23,NASDAQ (Q),453832104,219967230,1014047780,1687847114,21428508940,16522940299,60498972110,98450421349,6356354,1364985,7920739,15642078
11/16/23,Members Exchange (U),128752782,65454388,143501053,337708223,4306670240,3375819070,6332465090,14014954399,1411799,355775,1235289,3002863
11/16/23,Investors Exchange (V),131372248,31777021,105641758,268791027,7088077544,2096430264,6261176840,15445684648,1625688,177941,1250246,3053875
11/16/23,NASDAQ PSX (X),7610646,13223862,13595847,34430355,327920471.8,802006159.6,795697245.8,1925623877,119519,52843,134071,306433
11/16/23,BYX Equities (Y),37196569,30378132,36774529,104349230,1053175612,1576464775,1260807605,3890447991,355446,118418,320338,794202
11/16/23,BZX Equities (Z),185751124,131478309,205435208,522664641,7950170140,8698351052,11836442796,28484963987,2508430,671820,2229839,5410089
11/15/23,NYSE American (A),8764554,15178265,6521097,30463916,336530067.3,399861990.3,346831686.9,1083223744,122285,60607,89780,272672
11/15/23,NASDAQ BX (B),17634937,11833767,17914800,47383504,901953328.6,711346485.7,1030658775,2643958589,322831,59473,261311,643615
11/15/23,NYSE National (C),22287237,11520734,17748977,51556948,688908704.7,492221149.7,574675254.7,1755805109,373922,67566,264470,705958
11/15/23,FINRA / Nasdaq TRF Chicago (DB),5624283,2556962,11859084,20040329,217454570.9,116145773.6,851243851.6,1184844196,26097,7726,53733,87556
11/15/23,FINRA / NYSE TRF (DN),56876159,44469652,145506048,246851859,1623026796,2053730973,4193585552,7870343321,266765,110390,434461,811616
11/15/23,FINRA / Nasdaq TRF Carteret (DQ),1748940398,892085726,2264368149,4905394273,77952336905,48433490639,1.14715E+11,2.41101E+11,11204885,2636348,10858848,24700081
11/15/23,MIAX Pearl (H),68843906,79291784,85494746,233630436,1765193319,3429402616,2813332828,8007928763,683123,319446,599652,1602221
11/15/23,EDGA Equities (J),80452651,47940033,74762478,203155162,2346673426,2076405433,2543544947,6966623805,995476,237823,816950,2050249
11/15/23,EDGX Equities (K),192906414,128802843,325897227,647606484,6639539963,7113177398,15253320705,29006038066,1722081,589545,2137124,4448750
11/15/23,LTSE (L),567875,76134,18944,662953,6041184.11,6910931.28,768570.15,13720685.54,573,80,97,750
11/15/23,NYSE Chicago (M),14345105,18364075,17781580,50490760,1056379804,2584011411,2431194871,6071586086,75876,4878,72032,152786
11/15/23,NYSE (N),1003626898,55135316,96353391,1155115605,50178179929,4016875959,4598107195,58793163083,3807843,198422,724384,4730649
11/15/23,NYSE Arca (P),193989254,384132053,428968655,1007089962,8283578200,24004853352,17011945309,49300376861,2372500,1542489,3313929,7228918
11/15/23,NASDAQ (Q),493726440,212425007,1153537004,1859688451,23704571997,16661162981,65629106275,1.05995E+11,7082279,1329999,8870747,17283025
11/15/23,Members Exchange (U),135138627,63475876,164575121,363189624,4555980855,3484948054,6881473249,14922402158,1553581,345164,1422791,3321536
11/15/23,Investors Exchange (V),139361550,33782052,105726147,278869749,7330984624,2368025930,5920382533,15619393087,1786097,193290,1316987,3296374
11/15/23,NASDAQ PSX (X),7986506,12927918,14919889,35834313,340237815,928290859,922202215.2,2190730889,122575,52562,147529,322666
11/15/23,BYX Equities (Y),34856387,30932108,40117641,105906136,1080299445,1710616517,1366486857,4157402819,371534,123779,354649,849962
11/15/23,BZX Equities (Z),195650899,121923716,225940279,543514894,8766550680,9021393182,12185792334,29973736196,2781600,665515,2492627,5939742
11/14/23,NYSE American (A),10314040,17241804,7650398,35206242,372184888,510044208.2,429647870.3,1311876967,139866,68898,102300,311064
11/14/23,NASDAQ BX (B),19543660,15356401,19732455,54632516,938804112.2,986786322.6,1124077192,3049667627,355048,66816,282112,703976
11/14/23,NYSE National (C),25535114,13592741,20630036,59757891,672120702.5,549957020.8,605861996.2,1827939719,419986,73863,283704,777553
11/14/23,FINRA / Nasdaq TRF Chicago (DB),5985710,2617070,11935902,20538682,207906278,104420475.1,811955350.9,1124282104,27658,8111,56229,91998
11/14/23,FINRA / NYSE TRF (DN),56153701,41100614,151938021,249192336,1440549515,1836290482,4019299440,7296139436,295742,111199,448741,855682
11/14/23,FINRA / Nasdaq TRF Carteret (DQ),1840521179,940858442,2335239021,5116618642,77085318401,54542969607,1.10999E+11,2.42627E+11,11765388,2868284,11090958,25724630
11/14/23,MIAX Pearl (H),81028139,104314195,94110932,279453266,1905610953,4840124964,3447845495,10193581412,729652,387325,663457,1780434
11/14/23,EDGA Equities (J),92755794,60556112,81270706,234582612,2417046786,2691524559,2996560536,8105131881,1095988,277190,889304,2262482
11/14/23,EDGX Equities (K),220821693,150587559,344502888,715912140,6945264994,8505249302,16260193263,31710707559,1902494,682312,2224410,4809216
11/14/23,LTSE (L),1249810,92540,40730,1383080,4076846.95,7747357.76,1388224.63,13212429.34,482,122,105,709
11/14/23,NYSE Chicago (M),19381826,25808731,18790523,63981080,1353277407,2848790921,2960560184,7162628512,94837,5556,83509,183902
11/14/23,NYSE (N),1071674993,65991671,101153117,1238819781,50614780471,5222275700,4885345089,60722401259,4088545,228169,769595,5086309
11/14/23,NYSE Arca (P),226072492,471462240,443287435,1140822167,8710728614,30393562019,18711684356,57815974989,2602267,1806066,3439472,7847805
11/14/23,NASDAQ (Q),541554190,267524005,1223297689,2032375884,24136785322,21210659579,70985086502,1.16333E+11,7607120,1606024,9285435,18498579
11/14/23,Members Exchange (U),154982155,74786419,178212782,407981356,4956151282,4510719922,7992799341,17459670545,1692703,403998,1529021,3625722
11/14/23,Investors Exchange (V),148169182,41543404,117410388,307122974,7309893817,3111152473,6629374322,17050420612,1804618,227216,1383489,3415323
11/14/23,NASDAQ PSX (X),11504375,16967713,19195921,47668009,465307307.7,1288721442,1104745409,2858774159,167968,68483,182516,418967
11/14/23,BYX Equities (Y),42520398,41402633,45355472,129278503,1283997090,2365471420,1734839773,5384308284,434463,143256,402753,980472
11/14/23,BZX Equities (Z),221822726,157409245,244093594,623325565,9235489986,11166494851,13620169489,34022154326,3041534,805815,2698807,6546156
11/13/23,NYSE American (A),7579143,12563173,5330590,25472906,247233818.3,274428214.2,246154181,767816213.6,101901,51645,73852,227398
11/13/23,NASDAQ BX (B),13730711,7572886,14285558,35589155,686557056.2,497951300.3,785475534.6,1969983891,262203,41661,218964,522828
11/13/23,NYSE National (C),17232236,6675352,14596881,38504469,475035213.4,279631861.2,389204536.1,1143871611,293633,42577,206510,542720
11/13/23,FINRA / Nasdaq TRF Chicago (DB),4173442,1842591,9950673,15966706,158188083.9,64469144.36,738355865.2,961013093.4,20836,5375,47984,74195
11/13/23,FINRA / NYSE TRF (DN),34661772,27275469,146382965,208320206,1016988395,1033320639,3261499385,5311808419,215855,83435,364985,664275
11/13/23,FINRA / Nasdaq TRF Carteret (DQ),1358822300,726186454,2045976288,4130985042,62822806171,38598518859,90729187329,1.92151E+11,9183452,2165535,9258016,20607003
11/13/23,MIAX Pearl (H),56121746,67087419,72133911,195343076,1276567924,2821075611,2202828428,6300471963,528539,261153,474761,1264453
11/13/23,EDGA Equities (J),62509674,30879934,59707557,153097165,1680337166,1374226748,1901042142,4955606057,773991,163216,652005,1589212
11/13/23,EDGX Equities (K),139676019,91625586,278577936,509879541,4589371709,4797389369,11489194370,20875955449,1301039,424010,1682934,3407983
11/13/23,LTSE (L),14520,85743,118248,218511,1162619.04,6906108.41,621654.82,8690382.27,118,93,98,309
11/13/23,NYSE Chicago (M),14876986,12537259,12817881,40232126,905700352.9,1375812262,1741298343,4022810958,66471,4775,61852,133098
11/13/23,NYSE (N),788116255,38996682,71801958,898914895,36489116604,2787174345,3411918294,42688209243,3058741,148812,567828,3775381
11/13/23,NYSE Arca (P),142592363,278730968,371427698,792751029,5855951473,16687432208,11756350927,34299734609,1798586,1119558,2641631,5559775
11/13/23,NASDAQ (Q),361583000,149251613,905312454,1416147067,16367453682,10797682454,47829761987,74994898123,5429319,981645,7110295,13521259
11/13/23,Members Exchange (U),103195390,41661110,130290367,275146867,3411356427,2188522733,5312810353,10912689513,1193328,236982,1110026,2540336
11/13/23,Investors Exchange (V),108617984,21655555,83935379,214208918,5355740507,1527497141,4486912006,11370149654,1443783,139865,1074430,2658078
11/13/23,NASDAQ PSX (X),6853020,8590472,10353943,25797435,313725418,543520277.8,636724169.1,1493969865,114435,38083,128920,281438
11/13/23,BYX Equities (Y),30905416,18063187,34731880,83700483,867084771.2,1026068927,1041233670,2934387368,308866,77425,304568,690859
11/13/23,BZX Equities (Z),145349850,87695741,188141361,421186952,6041302866,6112421538,9048370497,21202094902,2104148,499283,2010271,4613702
11/10/23,NYSE American (A),7907125,12844873,6447995,27199993,259318988,360315339.8,329569955.8,949204283.6,108228,52429,81729,242386
11/10/23,NASDAQ BX (B),14485483,8704045,16962075,40151603,680591188,524834694.1,814681858.2,2020107740,269610,44351,235026,548987
11/10/23,NYSE National (C),19493389,8992236,19475179,47960804,546808928.9,329310059.3,512840892.5,1388959881,325835,51836,249739,627410
11/10/23,FINRA / Nasdaq TRF Chicago (DB),4954661,3031440,10503507,18489608,186629967.8,97745102.51,816180255.6,1100555326,20843,7266,49920,78029
11/10/23,FINRA / NYSE TRF (DN),44697726,33603771,132121193,210422690,1389502163,1255758143,3495902637,6141162943,230028,90798,399237,720063
11/10/23,FINRA / Nasdaq TRF Carteret (DQ),1460842340,730863748,2131257573,4322963661,62880469060,41959228744,1.02298E+11,2.07138E+11,9582335,2270983,9761932,21615250
11/10/23,MIAX Pearl (H),62399273,74937764,83490023,220827060,1455405044,3482310925,3284143078,8221859048,573535,304885,573589,1452009
11/10/23,EDGA Equities (J),71932623,39654903,69634874,181222400,1926001791,1735765588,2421597077,6083364456,846001,192484,738511,1776996
11/10/23,EDGX Equities (K),162512649,110535866,290698031,563746546,5108407625,6294164746,13290738259,24693310630,1449381,496053,1871042,3816476
11/10/23,LTSE (L),297047,25180,177022,499249,16161822.45,2035310,2478818.51,20675950.96,108,61,264,433
11/10/23,NYSE Chicago (M),14382521,14022483,15152344,43557348,947436851.6,1763474547,2173311174,4884222572,73851,4308,72100,150259
11/10/23,NYSE (N),876683213,47725366,87847087,1012255666,41229198387,3724555655,4392914460,49346668502,3259780,176499,677782,4114061
11/10/23,NYSE Arca (P),160329206,319455870,379863177,859648253,6357940247,21047607207,15319165422,42724712877,1966548,1302873,2933889,6203310
11/10/23,NASDAQ (Q),407211485,174333623,1083355487,1664900595,18179004378,14547188683,62142641862,94868834923,5850830,1144484,7794440,14789754
11/10/23,Members Exchange (U),113868475,50563800,148456522,312888797,3692378785,2813442752,6520007011,13025828547,1245654,278443,1232371,2756468
11/10/23,Investors Exchange (V),115221645,24673708,92824788,232720141,5511723819,1941088953,5025207840,12478020612,1463613,144364,1137977,2745954
11/10/23,NASDAQ PSX (X),7561359,9959319,12910544,30431222,297736317.4,752135150.2,812545987.6,1862417455,111017,45318,140054,296389
11/10/23,BYX Equities (Y),31044420,26364227,39627826,97036473,848536359.8,1484300101,1290468238,3623304699,304689,93013,319551,717253
11/10/23,BZX Equities (Z),166254788,103193402,208211162,477659352,6809671286,7990602058,11775282441,26575555785,2288242,576217,2254869,5119328
11/9/23,NYSE American (A),10256975,15807427,8905881,34970283,398281007.8,424394912.1,416785462.9,1239461383,136718,58338,105411,300467
11/9/23,NASDAQ BX (B),16315949,11928142,19386275,47630366,754095677.1,659313939.9,981741921.2,2395151538,282899,55473,252611,590983
11/9/23,NYSE National (C),20934035,11954694,20901999,53790728,583292792.1,422286103.1,570623300.2,1576202195,350716,63429,264459,678604
11/9/23,FINRA / Nasdaq TRF Chicago (DB),5101838,2731059,12368763,20201660,217302699.2,99313098.77,909129790.5,1225745588,23402,7171,58270,88843
11/9/23,FINRA / NYSE TRF (DN),50015727,37202466,160132121,247350314,1407424035,1322793402,3654291459,6384508896,252233,91952,436837,781022
11/9/23,FINRA / Nasdaq TRF Carteret (DQ),1523504999,801224019,2401584819,4726313837,66759587247,42950395862,1.06288E+11,2.15998E+11,10238885,2389026,10365307,22993218
11/9/23,MIAX Pearl (H),65231803,100598369,97475815,263305987,1526613200,4157589689,3025495227,8709698116,600527,372658,602911,1576096
11/9/23,EDGA Equities (J),75623290,55038809,81009650,211671749,2017582826,2145335475,2752290299,6915208599,887728,239474,799319,1926521
11/9/23,EDGX Equities (K),177676109,129991607,340284392,647952108,5618873586,6829760878,13586842374,26035476838,1594726,577638,2035425,4207789
11/9/23,LTSE (L),7666,80184,101016,188866,412827.84,7339777.88,5021792.25,12774397.97,68,60,242,370
11/9/23,NYSE Chicago (M),24746303,13198310,19236153,57180766,1113952802,1308874808,2756598839,5179426448,88574,4904,85726,179204
11/9/23,NYSE (N),899295463,60468587,98375584,1058139634,42753420415,4270538170,4622407129,51646365715,3592981,210105,726804,4529890
11/9/23,NYSE Arca (P),185278271,401944730,459563792,1046786793,7194554597,24003088582,15935331050,47132974229,2197322,1534341,3210944,6942607
11/9/23,NASDAQ (Q),441749622,223829971,1160828587,1826408180,19526071284,16704538595,62088790875,98319400754,6269961,1371499,8732152,16373612
11/9/23,Members Exchange (U),128965948,61978377,170514442,361458767,4055284276,3475142140,6640437386,14170863802,1428900,354725,1396060,3179685
11/9/23,Investors Exchange (V),123903921,31279720,103531754,258715395,6067756986,1932515186,5128724381,13128996553,1556134,169305,1196430,2921869
11/9/23,NASDAQ PSX (X),7876004,12754232,16359898,36990134,396275332.9,893709097.6,1047795803,2337780234,119590,50960,166999,337549
11/9/23,BYX Equities (Y),35022200,32295896,46347280,113665376,918928199.8,1529249428,1420172713,3868350341,334345,112297,350098,796740
11/9/23,BZX Equities (Z),184250368,131465357,240798580,556514305,7572902484,8898116953,11964789710,28435809147,2525760,693243,2425968,5644971
11/8/23,NYSE American (A),10504550,14638540,7396976,32540066,469055429,414200967.3,364998825.4,1248255222,143834,56388,101820,302042
11/8/23,NASDAQ BX (B),16131274,7886757,16986548,41004579,796234287.6,451259120.2,806387045,2053880453,294903,45325,239213,579441
11/8/23,NYSE National (C),20797052,8124435,18059170,46980657,599813716.2,339888299.3,495295431.9,1434997447,350222,50641,246726,647589
11/8/23,FINRA / Nasdaq TRF Chicago (DB),4646850,2946734,10498024,18091608,232400842.7,85812029.43,653143473.9,971356346,20971,6540,46259,73770
11/8/23,FINRA / NYSE TRF (DN),42760005,31616518,140502708,214879231,1461931691,1133749367,3414726130,6010407188,237229,88692,394107,720028
11/8/23,FINRA / Nasdaq TRF Carteret (DQ),1448694439,750771914,2146637822,4346104175,64504229457,40129497377,90876629131,1.9551E+11,10127780,2354822,9743274,22225876
11/8/23,MIAX Pearl (H),60080487,78037362,75051352,213169201,1510152858,3146569289,2510126110,7166848257,580064,296281,525926,1402271
11/8/23,EDGA Equities (J),71705943,37248044,66631055,175585042,1994880655,1579547869,2100741786,5675170310,881838,192804,723732,1798374
11/8/23,EDGX Equities (K),159984113,105885197,294478337,560347647,5562494974,5679370100,11152287762,22394152837,1521109,484995,1804088,3810192
11/8/23,LTSE (L),39852,84564,16808,141224,3713568.73,7734552.92,708967.86,12157089.51,214,175,92,481
11/8/23,NYSE Chicago (M),15560393,17057362,19918475,52536230,1124129388,2130986768,1823226533,5078342688,83561,4204,75478,163243
11/8/23,NYSE (N),886249893,48118167,85166590,1019534650,42217196340,3320017937,3644086621,49181300899,3402897,173933,656918,4233748
11/8/23,NYSE Arca (P),179527237,325768745,387694873,892990855,7483802285,19472749545,12749370154,39705921984,2182595,1315946,2925927,6424468
11/8/23,NASDAQ (Q),433902982,180841305,1033532284,1648276571,19525582920,13530652478,51684945996,84741181395,6080553,1137708,7707797,14926058
11/8/23,Members Exchange (U),120797213,51880316,154345476,327023005,4045990201,2877343147,5411149127,12334482475,1393590,296055,1255584,2945229
11/8/23,Investors Exchange (V),116322840,27658721,97133290,241114851,5877615248,1682627649,4643682837,12203925734,1509911,157242,1163989,2831142
11/8/23,NASDAQ PSX (X),8971742,11054889,12864073,32890704,435158833.6,795133843.3,758791719.7,1989084397,136235,47779,148024,332038
11/8/23,BYX Equities (Y),33228217,21823175,39602090,94653482,942394218.7,1086471939,993444865.9,3022311023,327175,93358,306753,727286
11/8/23,BZX Equities (Z),173071229,106526563,214577561,494175353,7098152585,7353364490,9335434152,23786951227,2409324,579005,2204270,5192599
11/7/23,NYSE American (A),11057706,17290686,7370770,35719162,428936822.4,384637694.2,374630792.7,1188205309,143226,65647,100876,309749
11/7/23,NASDAQ BX (B),15581067,8560497,14952489,39094053,711961635.1,486819145.5,775513399.9,1974294180,268052,48234,220967,537253
11/7/23,NYSE National (C),19416053,8375676,16383455,44175184,536369110,354984961.3,491276690.1,1382630761,322217,53539,225056,600812
11/7/23,FINRA / Nasdaq TRF Chicago (DB),4389549,2563160,9885614,16838323,177639630.6,75248582.95,691401735.4,944289948.9,21255,6772,48516,76543
11/7/23,FINRA / NYSE TRF (DN),39154415,38031583,118452884,195638882,1183804677,1252388765,3689614877,6125808319,219526,93292,369418,682236
11/7/23,FINRA / Nasdaq TRF Carteret (DQ),1514238081,804770091,2014814117,4333822289,68832310138,39384963039,99404926591,2.07622E+11,10170941,2402778,9727321,22301040
11/7/23,MIAX Pearl (H),60883893,74685027,70388089,205957009,1516435372,3200308914,2708717662,7425461948,567038,294831,503634,1365503
11/7/23,EDGA Equities (J),73480544,37840478,60303865,171624887,1973178842,1621173595,2269268815,5863621252,852124,195259,699201,1746584
11/7/23,EDGX Equities (K),159633036,112904426,258726037,531263499,5416306169,5552330456,11551129777,22519766403,1493160,498924,1726039,3718123
11/7/23,LTSE (L),23127,19690,20656,63473,587758.97,1781417.13,1015850.5,3385026.6,77,15,68,160
11/7/23,NYSE Chicago (M),9676822,14114200,18995062,42786084,844558094.9,2288039342,2175495129,5308092566,81547,6492,76800,164839
11/7/23,NYSE (N),883474289,49822950,81119180,1014416419,41573395897,3387922532,4078638428,49039956856,3334250,174994,652041,4161285
11/7/23,NYSE Arca (P),180653598,339755239,366555145,886963982,7673012872,19613829533,14584711983,41871554388,2175237,1330894,2912677,6418808
11/7/23,NASDAQ (Q),433995997,189187262,976546535,1599729794,19606866141,14177189966,54866123234,88650179342,6091249,1165044,7619184,14875477
11/7/23,Members Exchange (U),122308040,54304879,137461715,314074634,4040152275,2871603673,6344584189,13256340138,1405280,303299,1244386,2952965
11/7/23,Investors Exchange (V),120085315,27272403,94187174,241544892,6135316113,1818837012,4983165401,12937318526,1527443,168015,1158628,2854086
11/7/23,NASDAQ PSX (X),7244786,11272159,12483582,31000527,328868854.2,771127426.2,719947010.1,1819943291,116609,46457,140275,303341
11/7/23,BYX Equities (Y),33829028,22929847,32487820,89246695,854918418.5,1136462553,1030057944,3021438915,308813,95842,285177,689832
11/7/23,BZX Equities (Z),173125026,106980390,191422379,471527795,7105487844,7474337325,10183190409,24763015578,2391181,585856,2139229,5116266
11/6/23,NYSE American (A),9664761,17188548,7081740,33935049,403761450.1,495613292.3,352058985.7,1251433728,135067,65655,104487,305209
11/6/23,NASDAQ BX (B),14748628,8556684,15826616,39131928,671068810.2,546410768,806453120.6,2023932699,264970,53923,229136,548029
11/6/23,NYSE National (C),19429322,8664045,16217331,44310698,525033913.8,389843054.1,478311275.4,1393188243,333054,60121,221116,614291
11/6/23,FINRA / Nasdaq TRF Chicago (DB),4283935,2360529,10177754,16822218,170933425.3,83452124.65,634235052.6,888620602.5,20619,6760,48388,75767
11/6/23,FINRA / NYSE TRF (DN),50819172,37207373,133093382,221119927,1599577445,1513299356,3446647023,6559523824,249321,102094,392303,743718
11/6/23,FINRA / Nasdaq TRF Carteret (DQ),1411273035,876676695,1983015838,4270965568,65161181353,49473941903,95591634965,2.10227E+11,10306607,2667990,10091102,23065699
11/6/23,MIAX Pearl (H),71664961,69964458,69827105,211456524,1811346947,3232181542,2536017334,7579545823,705116,291212,510083,1506411
11/6/23,EDGA Equities (J),71279605,37363126,64054513,172697244,1914370563,1778218368,2212271820,5904860752,856180,194788,715606,1766574
11/6/23,EDGX Equities (K),152485660,102757487,253904471,509147618,4994219078,5766893997,11151031680,21912144755,1457522,488527,1730340,3676389
11/6/23,LTSE (L),8044,130977,56493,195514,328785.57,11975820.92,2822917.81,15127524.3,77,47,106,230
11/6/23,NYSE Chicago (M),14002225,21189747,14014503,49206475,989056598.9,2463874984,1485847894,4938779477,64912,4603,62014,131529
11/6/23,NYSE (N),900893289,48465609,81069737,1030428635,43421323277,3301737771,3876987676,50600048724,3376177,179289,662301,4217767
11/6/23,NYSE Arca (P),166979997,345528326,361068100,873576423,7015557228,20875536705,13464834727,41355928660,2104460,1327595,2925818,6357873
11/6/23,NASDAQ (Q),402792168,177873569,988324105,1568989842,18199566759,13980671020,52347851090,84528088869,5998908,1120007,7636890,14755805
11/6/23,Members Exchange (U),118219116,55770150,136405778,310395044,3876902430,2982762585,5618717570,12478382585,1394828,305433,1249954,2950215
11/6/23,Investors Exchange (V),111824271,30557783,90631806,233013860,5524424709,2126456445,4681758740,12332639894,1498990,187691,1153477,2840158
11/6/23,NASDAQ PSX (X),7503176,11267869,11947140,30718185,356852343.5,799083420.8,639302408.8,1795238173,118917,49911,136200,305028
11/6/23,BYX Equities (Y),33138755,22979566,34238079,90356400,818045070.1,1289741027,1024690677,3132476774,313757,97892,293480,705129
11/6/23,BZX Equities (Z),162706516,104332185,186196830,453235531,6783977975,7609981109,9389778949,23783738033,2347054,582897,2161838,5091789
11/3/23,NYSE American (A),9673194,20311636,6730857,36715687,334598890.5,625569712.2,338400338.6,1298568941,133638,71879,96325,301842
11/3/23,NASDAQ BX (B),18651730,14973679,18002153,51627562,835705182,938030301.9,945012066,2718747550,343538,68750,273081,685369
11/3/23,NYSE National (C),24224150,15179339,19746035,59149524,671691420.2,573026046.3,671941064,1916658530,413899,80078,300754,794731
11/3/23,FINRA / Nasdaq TRF Chicago (DB),6203553,3440826,11517326,21161705,216352670.2,126965525.2,842177045.8,1185495241,30760,9417,56048,96225
11/3/23,FINRA / NYSE TRF (DN),55151987,49374478,131494425,236020890,1745115274,1803283067,3915225687,7463624028,270802,111692,405824,788318
11/3/23,FINRA / Nasdaq TRF Carteret (DQ),1766288293,996262354,2162304645,4924855292,76830095714,55779834103,1.06921E+11,2.39531E+11,12024595,2877594,11260823,26163012
11/3/23,MIAX Pearl (H),92941572,99003455,90541358,282486385,2197783664,4398316906,2992984875,9589085445,805583,366156,619116,1790855
11/3/23,EDGA Equities (J),91507754,61537952,78006310,231052016,2478867459,2698695094,3112662230,8290224784,1103461,287854,898100,2289415
11/3/23,EDGX Equities (K),206630789,143009814,287395213,637035816,6599854113,8169201339,14363601080,29132656532,1896559,640880,2076824,4614263
11/3/23,LTSE (L),19674,2701,43653,66028,671124.18,902937.06,11223064.54,12797125.78,100,7,135,242
11/3/23,NYSE Chicago (M),15373600,18707481,19282588,53363669,1167188324,3080409365,2025164900,6272762589,95449,6433,93843,195725
11/3/23,NYSE (N),1035414936,65918996,104860209,1206194141,48216971398,4971754036,5392393199,58581118634,4198001,234649,841431,5274081
11/3/23,NYSE Arca (P),226699340,457422191,393788080,1077909611,9004188898,28304499519,17192879509,54501567927,2649785,1720790,3403408,7773983
11/3/23,NASDAQ (Q),525830451,261740987,1121425258,1908996696,23624394988,20348782102,62717894832,1.06691E+11,7285021,1570140,9078055,17933216
11/3/23,Members Exchange (U),151314571,72126472,163443095,386884138,4762065994,4048875777,7334421939,16145363710,1643052,389269,1520715,3553036
11/3/23,Investors Exchange (V),145133089,39862018,116352958,301348065,7365478220,2665667593,6447456279,16478602092,1793338,222608,1418950,3434896
11/3/23,NASDAQ PSX (X),11003365,17428208,18123174,46554747,443695277.4,1225218893,1088813603,2757727774,164145,68517,191299,423961
11/3/23,BYX Equities (Y),40476448,40919644,39532353,120928445,1089115200,2124838714,1444334054,4658287968,403782,140365,365418,909565
11/3/23,BZX Equities (Z),221082184,142105633,233152145,596339962,9155598083,10268471280,12998506071,32422575434,2998728,768443,2721093,6488264
11/2/23,NYSE American (A),8729541,15972512,6404775,31106828,336205798,574687797.6,329353335.8,1240246931,119150,70435,88748,278333
11/2/23,NASDAQ BX (B),18625881,12325505,18708250,49659636,948418316.4,805945803.9,1009145957,2763510077,346291,65531,285305,697127
11/2/23,NYSE National (C),25576359,12665760,19825452,58067571,780459664.3,537212720.4,724354431,2042026816,422347,77344,300333,800024
11/2/23,FINRA / Nasdaq TRF Chicago (DB),6433490,3239539,11207052,20880081,271043088.3,99228186.51,724786760.8,1095058036,29463,7734,55103,92300
11/2/23,FINRA / NYSE TRF (DN),57397630,42241461,130477762,230116853,1439687202,2145182326,3992067629,7576937157,271387,102792,407062,781241
11/2/23,FINRA / Nasdaq TRF Carteret (DQ),1869688689,904176360,2222471950,4996336999,79498408852,51972387695,1.0914E+11,2.40611E+11,11778023,2781956,10992759,25552738
11/2/23,MIAX Pearl (H),83626230,88340545,79819184,251785959,2135692619,4146716066,2562333681,8844742365,782579,341269,562801,1686649
11/2/23,EDGA Equities (J),86273104,54654358,72714885,213642347,2463391462,2428604093,2985488074,7877483629,1069227,264428,863981,2197636
11/2/23,EDGX Equities (K),205895559,131535788,302408722,639840069,6739669628,7745321055,14446236015,28931226698,1897885,607948,2098818,4604651
11/2/23,LTSE (L),157356,46124,22253,225733,5013350.12,3096029.89,727644.14,8837024.15,42,138,48,228
11/2/23,NYSE Chicago (M),22932365,17328770,22434541,62695676,2195394853,2336413633,3474503952,8006312438,118588,6550,96615,221753
11/2/23,NYSE (N),1057075669,61941650,99969785,1218987104,50268525371,4648727451,5185161236,60102414057,4297665,226247,822863,5346775
11/2/23,NYSE Arca (P),227519920,418838410,410729553,1057087883,9545627072,26567193933,18539672670,54652493675,2694585,1659547,3513440,7867572
11/2/23,NASDAQ (Q),521481899,245086359,1125033759,1891602017,24540156196,19670948168,66697214921,1.10908E+11,7425064,1528540,9145128,18098732
11/2/23,Members Exchange (U),152432327,66450899,154731244,373614470,4870899195,3885358821,6612839695,15369097712,1692438,369199,1456578,3518215
11/2/23,Investors Exchange (V),152682704,36734066,120921507,310338277,7879959801,2526276588,6830629873,17236866262,1875154,222307,1440517,3537978
11/2/23,NASDAQ PSX (X),12725014,15294076,19083626,47102716,610004565.5,1229036131,1187423982,3026464678,197799,71095,220187,489081
11/2/23,BYX Equities (Y),38052585,33932723,39626527,111611835,1051470771,1833630846,1372406156,4257507773,391973,126950,352453,871376
11/2/23,BZX Equities (Z),212205832,137411219,241402634,591019685,9094624944,9911501722,13417336716,32423463382,2961879,751079,2717538,6430496
11/1/23,NYSE American (A),8025491,15726567,6024884,29776942,327934933.6,498066702.8,329294313.7,1155295950,110989,67315,77581,255885
11/1/23,NASDAQ BX (B),17984571,11792975,17975890,47753436,892773472.4,730755340.5,1086499212,2710028025,336595,66280,273505,676380
11/1/23,NYSE National (C),23246593,14248964,18090055,55585612,695671438,600147376.3,682834750.4,1978653565,369001,81037,258086,708124
11/1/23,FINRA / Nasdaq TRF Chicago (DB),5202590,2775715,10177447,18155752,253041229.4,106659921,739169149.8,1098870300,25977,7529,50425,83931
11/1/23,FINRA / NYSE TRF (DN),44832178,40348399,112864276,198044853,1402221100,1858009681,3890670700,7150901481,247239,100336,383737,731312
11/1/23,FINRA / Nasdaq TRF Carteret (DQ),1594354392,858126300,1979909604,4432390296,71441076329,50249171298,1.02374E+11,2.24064E+11,10991869,2681078,10317438,23990385
11/1/23,MIAX Pearl (H),84753444,116100331,91609426,292463201,2108821588,5009353199,3313736431,10431911217,787403,412016,579436,1778855
11/1/23,EDGA Equities (J),87360830,57905325,70382499,215648654,2306778881,2470080270,3026371830,7803230981,1027756,292832,831515,2152103
11/1/23,EDGX Equities (K),174670092,141065471,274816725,590552288,5893712824,8457431246,14291525901,28642669970,1711113,674649,1944693,4330455
11/1/23,LTSE (L),27267,37788,18052,83107,995180.68,2953433.74,382278.08,4330892.5,54,84,56,194
11/1/23,NYSE Chicago (M),23026125,12340282,20380597,55747004,1301045143,1487504713,2403959321,5192509177,87243,5675,71643,164561
11/1/23,NYSE (N),1031496027,77194562,102241062,1210931651,50219568217,5513331483,6030679873,61763579572,4167889,280864,831511,5280264
11/1/23,NYSE Arca (P),197234106,446186677,382834592,1026255375,8299866009,27102835605,17670602823,53073304438,2451184,1796222,3241256,7488662
11/1/23,NASDAQ (Q),480355722,274544887,1057205778,1812106387,22401000978,21470553763,64761522715,1.08633E+11,7052026,1727096,8453556,17232678
11/1/23,Members Exchange (U),143726213,75877265,148150723,367754201,4653580400,4619681467,7212816809,16486078676,1634947,425343,1365083,3425373
11/1/23,Investors Exchange (V),139241491,34798882,103460563,277500936,7167606625,2370941485,6249135917,15787684028,1760119,208574,1300606,3269299
11/1/23,NASDAQ PSX (X),10297003,17626999,17936767,45860769,478258139.7,1387197100,1123274862,2988730102,159342,79553,204456,443351
11/1/23,BYX Equities (Y),36758965,29884961,36026103,102670029,1024242371,1654904006,1390206021,4069352398,370294,125176,340193,835663
11/1/23,BZX Equities (Z),194530635,152639332,214403220,561573187,8201003237,11246549443,12799945454,32247498134,2781278,865719,2482006,6129003
10/31/23,NYSE American (A),7375961,17049836,4787918,29213715,238536672,393662459.9,227061875.6,859261007.6,95010,58090,66456,219556
10/31/23,NASDAQ BX (B),17546635,10867242,16186039,44599916,817731467,646933616.7,823929648.5,2288594732,300996,59419,237715,598130
10/31/23,NYSE National (C),21087558,10474942,15054114,46616614,608868826.6,443591893.1,484121482.3,1536582202,338007,66268,215096,619371
10/31/23,FINRA / Nasdaq TRF Chicago (DB),4290774,1931802,8751883,14974459,183620715.3,87784969.85,663471209.8,934876895,22032,6686,45174,73892
10/31/23,FINRA / NYSE TRF (DN),42917335,42666339,128156562,213740236,1330345609,1603064903,3660945597,6594356109,224620,102413,372937,699970
10/31/23,FINRA / Nasdaq TRF Carteret (DQ),1646446430,815988664,1913783447,4376218541,72909025401,46293067895,92312117896,2.11514E+11,10587277,2402829,9357391,22347497
10/31/23,MIAX Pearl (H),78637689,88527689,81212556,248377934,1968021485,3581533863,2981336401,8530891749,735227,329244,533712,1598183
10/31/23,EDGA Equities (J),76638768,42855155,60494732,179988655,2146786439,1825362813,2226596545,6198745797,928261,215103,697100,1840464
10/31/23,EDGX Equities (K),156945856,119479796,276147792,552573444,5102480099,6643571228,11573312861,23319364188,1509926,537367,1703822,3751115
10/31/23,LTSE (L),90691,1000,53950,145641,420499.31,79998,1933402.31,2433899.62,90,6,68,164
10/31/23,NYSE Chicago (M),15035551,9783784,17505112,42324447,861172884.6,957128141.9,1892226343,3710527369,79843,5963,69775,155581
10/31/23,NYSE (N),1115878303,56755434,85830131,1258463868,53677016494,3840256750,4346003535,61863276778,3622203,202133,701733,4526069
10/31/23,NYSE Arca (P),183285928,378693053,364017141,925996122,7563735248,22999791209,13717234864,44280761321,2180011,1447611,2779603,6407225
10/31/23,NASDAQ (Q),442075804,214105881,998351012,1654532697,19786496593,15886733837,53745599407,89418829837,6108629,1277664,7349745,14736038
10/31/23,Members Exchange (U),131014481,58804473,136753376,326572330,4246340924,3339616270,5809651656,13395608850,1477095,318167,1211747,3007009
10/31/23,Investors Exchange (V),138242539,32273715,93871017,264387271,6897278845,2048385360,5182524925,14128189130,1741446,183807,1233359,3158612
10/31/23,NASDAQ PSX (X),10691601,12427640,15080717,38199958,541500777.2,884995091.2,861799311.3,2288295180,156091,56579,175922,388592
10/31/23,BYX Equities (Y),35898643,28337539,35106502,99342684,1057591709,1406200866,1134741402,3598533977,361484,115187,309156,785827
10/31/23,BZX Equities (Z),182942314,115092384,193763825,491798523,7635988301,8419595337,9810982665,25866566303,2479978,631888,2121174,5233040
10/30/23,NYSE American (A),7317109,12415554,4848259,24580922,276285148,411140454.3,246339958.3,933765560.5,95423,56397,64750,216570
10/30/23,NASDAQ BX (B),17147083,9563103,14290246,41000432,755222606.7,598598928.9,814176151.8,2167997687,287969,52724,224329,565022
10/30/23,NYSE National (C),21401805,9818127,16153238,47373170,583866620.6,390040823.2,527865704.4,1501773148,318947,63728,215945,598620
10/30/23,FINRA / Nasdaq TRF Chicago (DB),3545731,2082293,9864948,15492972,144610678.2,81024654.34,792684183.1,1018319516,20484,6945,51562,78991
10/30/23,FINRA / NYSE TRF (DN),41226986,36021333,124787839,202036158,1147269756,1185006697,4383375910,6715652363,229378,101170,414868,745416
10/30/23,FINRA / Nasdaq TRF Carteret (DQ),1528531770,832261664,1875720290,4236513724,68331834555,46750910463,94132986895,2.09216E+11,10455774,2585123,9790195,22831092
10/30/23,MIAX Pearl (H),82399027,93841761,80109721,256350509,2072230205,3985294020,3173062321,9230586546,775188,369088,570990,1715266
10/30/23,EDGA Equities (J),76900847,42448190,57258727,176607764,2093623468,1912053520,2270308789,6275985777,919041,215745,690558,1825344
10/30/23,EDGX Equities (K),161940366,114707412,257259453,533907231,5231285763,6803901933,12098119936,24133307631,1561010,564394,1807734,3933138
10/30/23,LTSE (L),85759,0,37856,123615,4315862.3,0,262923.29,4578785.59,66,0,56,122
10/30/23,NYSE Chicago (M),13752516,9303316,18937329,41993161,907846713.7,986675466.7,2685947708,4580469888,70857,4539,69197,144593
10/30/23,NYSE (N),904996738,54993215,88176892,1048166845,41837880462,4001570167,4623100439,50462551068,3599306,209176,685149,4493631
10/30/23,NYSE Arca (P),180217233,376851417,345056799,902125449,7569431114,23326478553,14406737811,45302647479,2156879,1521505,2897339,6575723
10/30/23,NASDAQ (Q),458347175,230017057,891513784,1579878016,20315347353,17310733868,51305935903,88932017124,6439080,1359807,7763530,15562417
10/30/23,Members Exchange (U),129473504,59222424,136463200,325159128,4195098784,3158160682,5992818052,13346077517,1447816,329331,1263705,3040852
10/30/23,Investors Exchange (V),128395409,32903260,95069673,256368342,6468531830,2047540107,5570644168,14086716105,1656451,182661,1226239,3065351
10/30/23,NASDAQ PSX (X),10784441,12509757,14761023,38055221,526825071.7,958893490.1,833033623.8,2318752186,170590,53130,170332,394052
10/30/23,BYX Equities (Y),35147207,25164044,31919764,92231015,923770770.9,1391470811,1123377406,3438618989,335819,102788,293268,731875
10/30/23,BZX Equities (Z),184952512,118658171,199560589,503171272,7564442382,8833565439,10823154126,27221161947,2519444,671179,2264642,5455265
10/27/23,NYSE American (A),7873547,14499650,5412918,27786115,273129507.7,489841095.4,287034378.8,1050004982,100625,60108,73388,234121
10/27/23,NASDAQ BX (B),18032900,10521561,15405630,43960091,809903320.6,642578112.1,943064599.1,2395546032,307364,58394,242233,607991
10/27/23,NYSE National (C),22279738,13182401,14828217,50290356,593541880.9,521408797.5,512172115.2,1627122794,339054,70633,215125,624812
10/27/23,FINRA / Nasdaq TRF Chicago (DB),3996729,2331505,8471407,14799641,161767439.9,95457084.05,677239573.6,934464097.5,20739,7028,46394,74161
10/27/23,FINRA / NYSE TRF (DN),41480852,39740961,118399531,199621344,1210942024,1567947822,4519358968,7298248814,243653,108899,368396,720948
10/27/23,FINRA / Nasdaq TRF Carteret (DQ),1507981179,870242543,1800271397,4178495119,66450451386,52457683788,93059741786,2.11968E+11,10668335,2813174,9563599,23045108
10/27/23,MIAX Pearl (H),60101368,113560625,93693133,267355126,1599311035,4559651667,3450056281,9609018983,582194,410402,531506,1524102
10/27/23,EDGA Equities (J),86512731,51327540,61150700,198990971,2294234707,2173154918,2478263887,6945653511,997352,252740,714649,1964741
10/27/23,EDGX Equities (K),176691324,140777092,263550008,581018424,5694954041,8452894054,13230319605,27378167700,1694786,675551,1877583,4247920
10/27/23,LTSE (L),24510,6014,29424,59948,262882.1,551743.36,4972766.46,5787391.92,29,4,93,126
10/27/23,NYSE Chicago (M),17498673,18068530,14167392,49734595,1183706193,2119458848,2276257188,5579422229,95007,5855,79830,180692
10/27/23,NYSE (N),945507432,66771695,93837843,1106116970,45350734095,4832442972,5506759270,55689936338,3946280,246994,763471,4956745
10/27/23,NYSE Arca (P),185285659,428673730,344352684,958312073,7836774155,26580196330,16267244032,50684214516,2264852,1744086,2944750,6953688
10/27/23,NASDAQ (Q),501513384,274458646,957243004,1733215034,22395224806,21518192904,56910104111,1.00824E+11,6833350,1657809,8039646,16530805
10/27/23,Members Exchange (U),138496746,67709199,139293968,345499913,4596416084,4092185668,6723288443,15411890196,1582090,393324,1305139,3280553
10/27/23,Investors Exchange (V),138133821,36565146,97156358,271855325,7046492731,2412166730,5787263138,15245922599,1737821,202367,1235363,3175551
10/27/23,NASDAQ PSX (X),9202507,15566623,14570889,39340019,391210923.7,1237373535,774334323.7,2402918783,136713,64592,145626,346931
10/27/23,BYX Equities (Y),39363734,31574915,33319211,104257860,1001599183,1538122016,1180694070,3720415269,353713,115869,299407,768989
10/27/23,BZX Equities (Z),197813833,143500872,197472438,538787143,8357767929,10931764069,12556792385,31846324383,2741200,816611,2391228,5949039
10/26/23,NYSE American (A),7922641,15128365,5934813,28985819,306003244.5,469129921,356048994.7,1131182160,108322,61921,77566,247809
10/26/23,NASDAQ BX (B),18808504,10959185,18297327,48065016,898035702.8,664774453.4,1109315658,2672125814,327089,60397,267090,654576
10/26/23,NYSE National (C),22762137,13394304,18113027,54269468,644624660.6,515080818.7,688759233.4,1848464713,358424,79240,251388,689052
10/26/23,FINRA / Nasdaq TRF Chicago (DB),3981927,2579261,10178899,16740087,184905903.7,115353989,925813109.3,1226073002,20978,7687,55743,84408
10/26/23,FINRA / NYSE TRF (DN),50178524,42782254,148582760,241543538,1859954881,1673317382,4495769187,8029041449,235280,126362,448434,810076
10/26/23,FINRA / Nasdaq TRF Carteret (DQ),1589576104,918411061,2167671107,4675658272,72015176578,53929164860,1.10314E+11,2.36258E+11,10930527,2869727,10586162,24386416
10/26/23,MIAX Pearl (H),87209119,116249273,102745707,306204099,2316837012,4868605884,3849997190,11035440087,842635,419831,645748,1908214
10/26/23,EDGA Equities (J),87181322,51841036,73527101,212549459,2437666330,2251879873,3057757231,7747303434,1051784,259529,809432,2120745
10/26/23,EDGX Equities (K),180538343,145186060,341425965,667150368,5831927755,8508138236,15922041842,30262107833,1740713,701400,2178210,4620323
10/26/23,LTSE (L),59376,94940,28342,182658,1205593.73,8701759.6,1158384.41,11065737.74,35,121,76,232
10/26/23,NYSE Chicago (M),13298107,15845604,18686640,47830351,1116157647,1822626879,2139480245,5078264771,89945,4105,72942,166992
10/26/23,NYSE (N),1022686222,69709543,100079066,1192474831,48705501486,4961627899,5813520787,59480650172,4195999,261223,829501,5286723
10/26/23,NYSE Arca (P),206078596,450560342,439408980,1096047918,8641264625,28239055471,21617741855,58498061951,2519266,1858390,3481767,7859423
10/26/23,NASDAQ (Q),520853558,286664489,1064432622,1871950669,23328121851,22572869974,67519668243,1.13421E+11,7172136,1749396,8809880,17731412
10/26/23,Members Exchange (U),145211859,73212015,158653222,377077096,4774237419,4300865499,7681262281,16756365199,1682967,418412,1484289,3585668
10/26/23,Investors Exchange (V),150128446,38732970,106957459,295818875,7839231560,2711786520,7136699285,17687717366,1847912,218451,1372058,3438421
10/26/23,NASDAQ PSX (X),8761656,15791162,16231847,40784665,378605207.4,1140509009,932275469.4,2451389685,127503,67002,147951,342456
10/26/23,BYX Equities (Y),39633653,30408810,40602044,110644507,1035033502,1570113675,1393292715,3998439892,370786,123150,335828,829764
10/26/23,BZX Equities (Z),203281673,147271799,228775875,579329347,8535572282,11145169542,13232924607,32913666431,2838044,854273,2593088,6285405
10/25/23,NYSE American (A),7209870,15604070,6080798,28894738,279324925.3,452824642.2,370408815.4,1102558383,99541,56508,76259,232308
10/25/23,NASDAQ BX (B),17055137,12426619,17983073,47464829,777910057.1,726013270.9,1030517039,2534440367,301254,62164,261108,624526
10/25/23,NYSE National (C),20165838,13105278,17625277,50896393,590500261.5,508179252.4,651312089.1,1749991603,330143,75445,250977,656565
10/25/23,FINRA / Nasdaq TRF Chicago (DB),3681365,2412058,8895234,14988657,163333205.4,111320034.9,785258665.9,1059911906,21519,8536,50942,80997
10/25/23,FINRA / NYSE TRF (DN),41475914,36937310,126443451,204856675,1215686834,1537578713,4478965231,7232230778,224233,113343,414829,752405
10/25/23,FINRA / Nasdaq TRF Carteret (DQ),1440475684,808817793,2002713312,4252006789,66516311505,44009533144,1.04171E+11,2.14697E+11,10574999,2637580,10463931,23676510
10/25/23,MIAX Pearl (H),80855569,110114403,101555496,292525468,2147460785,4440660262,3628553167,10216674213,785027,407749,624384,1817160
10/25/23,EDGA Equities (J),76131275,49171345,71299922,196602542,2237758323,2240228796,3015370448,7493357567,972710,249242,816074,2038026
10/25/23,EDGX Equities (K),162845715,134472672,299183922,596502309,5327974397,7547729843,15184053631,28059757871,1627279,645984,2150587,4423850
10/25/23,LTSE (L),2972,141400,10428,154800,182850.76,10561844.72,297455.99,11042151.47,25,152,97,274
10/25/23,NYSE Chicago (M),17938043,15076798,17468414,50483255,1185581439,1421699882,2324339419,4931620741,74288,4950,67114,146352
10/25/23,NYSE (N),922481171,61453337,97696685,1081631193,43546579622,4557671698,5636601128,53740852447,3781629,241260,776362,4799251
10/25/23,NYSE Arca (P),185218363,422000903,382035240,989254506,8165279157,25023583352,20370940081,53559802590,2330031,1731278,3357712,7419021
10/25/23,NASDAQ (Q),459825915,236011678,1064224708,1760062301,21198707718,18010623545,66400214399,1.0561E+11,6630226,1431467,8570058,16631751
10/25/23,Members Exchange (U),131205205,67370851,148678116,347254172,4362860686,3922657610,7045114799,15330633095,1488375,379054,1361254,3228683
10/25/23,Investors Exchange (V),137763795,33350621,104721334,275835750,7200075525,2082969282,6790150759,16073195567,1752174,197964,1353582,3303720
10/25/23,NASDAQ PSX (X),7743533,14002946,12223949,33970428,335712192.6,929300330.5,778600556,2043613079,105957,56075,125740,287772
10/25/23,BYX Equities (Y),35741650,29979533,37917121,103638304,944428396.4,1717954871,1371447437,4033830705,356248,130269,325714,812231
10/25/23,BZX Equities (Z),177376336,135693071,206081005,519150412,7722060788,9681351695,12234712466,29638124948,2599927,760685,2477769,5838381
10/24/23,NYSE American (A),6970059,18149931,5487975,30607965,263109262.5,477822338.3,261719092,1002650693,97586,65414,70192,233192
10/24/23,NASDAQ BX (B),14678595,9979656,15784715,40442966,689045978.1,581177870.4,850910042.9,2121133891,272467,51608,221992,546067
10/24/23,NYSE National (C),19588597,10336105,17883688,47808390,598349328.9,420802134.7,571074316.1,1590225780,333702,61481,232956,628139
10/24/23,FINRA / Nasdaq TRF Chicago (DB),3128687,2006112,8594783,13729582,137102348.7,70605063.24,631310318.5,839017730.4,18815,6764,45364,70943
10/24/23,FINRA / NYSE TRF (DN),45434189,45306996,149319772,240060957,1426776915,1404961434,3967443904,6799182253,234845,105200,414828,754873
10/24/23,FINRA / Nasdaq TRF Carteret (DQ),1483683838,865786174,2112747481,4462217493,67739026137,42464835985,91133533869,2.01337E+11,10177104,2387094,9395848,21960046
10/24/23,MIAX Pearl (H),76836424,100320660,89330534,266487618,1914244751,4179326705,2697228499,8790799955,712030,346576,545917,1604523
10/24/23,EDGA Equities (J),74658885,47325732,66853661,188838278,2099517054,1896894686,2333438403,6329850143,936460,225462,749304,1911226
10/24/23,EDGX Equities (K),165923149,133355931,311061860,610340940,5304791451,6888121771,12664619143,24857532365,1563862,581767,1957505,4103134
10/24/23,LTSE (L),3062,1000,150682,154744,169352.11,127570,703952.87,1000874.98,34,1,203,238
10/24/23,NYSE Chicago (M),15198331,20137356,14632988,49968675,986037055.6,1691941940,2440271499,5118250494,67107,5953,56681,129741
10/24/23,NYSE (N),899693594,58263575,97295639,1055252808,41105212338,4022858031,4344504659,49472575029,3599732,212191,707851,4519774
10/24/23,NYSE Arca (P),189479815,391621394,376859373,957960582,7776026294,22226357962,15269093755,45271478011,2256089,1463047,2978445,6697581
10/24/23,NASDAQ (Q),443776575,219836914,965332330,1628945819,19914892056,15900918086,51979125482,87794935624,6232468,1316754,7480799,15030021
10/24/23,Members Exchange (U),126847399,63343955,152236636,342427990,4281835960,3377870243,5699004742,13358710945,1478986,331969,1289765,3100720
10/24/23,Investors Exchange (V),126357143,33196688,94470030,254023861,6511630052,1919908992,4971148044,13402687088,1625648,184067,1179779,2989494
10/24/23,NASDAQ PSX (X),7811742,12521817,12427013,32760572,321691356.4,864957510.3,592762464.9,1779411332,119091,50455,118731,288277
10/24/23,BYX Equities (Y),33639202,26065395,37715596,97420193,857070945.7,1309779088,1025304331,3192154365,344209,106927,318971,770107
10/24/23,BZX Equities (Z),177478359,124553861,211607904,513640124,7661992857,8623420191,10878371999,27163785047,2518758,655091,2260881,5434730
10/23/23,NYSE American (A),7437829,15924577,5641257,29003663,330398295.3,484255903.2,324182528.4,1138836727,108851,60605,76883,246339
10/23/23,NASDAQ BX (B),15538038,12318679,16380852,44237569,729040747.2,637427440.3,878170580.3,2244638768,281737,54380,229880,565997
10/23/23,NYSE National (C),20621924,11304014,16798079,48724017,635753658.4,452702479.6,574314884,1662771022,334950,63026,232153,630129
10/23/23,FINRA / Nasdaq TRF Chicago (DB),3814594,3690740,9779791,17285125,145015427.1,120822350,767796812.1,1033634589,21209,9473,53224,83906
10/23/23,FINRA / NYSE TRF (DN),41115601,45430266,150099923,236645790,1235078823,1597584693,4572007054,7404670569,221491,122925,415656,760072
10/23/23,FINRA / Nasdaq TRF Carteret (DQ),1435284672,918892386,2108339246,4462516304,64305506331,47684168775,97189626060,2.09179E+11,10170634,2771741,9731699,22674074
10/23/23,MIAX Pearl (H),76396897,113695806,89913849,280006552,1897250525,4709254104,2914588366,9521092996,716550,371512,555057,1643119
10/23/23,EDGA Equities (J),75754695,47452289,72674686,195881670,2184592956,2034871046,2615542463,6835006465,921477,232149,737014,1890640
10/23/23,EDGX Equities (K),155134194,143166812,318273976,616574982,4891626093,8050253447,12716122054,25658001593,1519854,658307,1919177,4097338
10/23/23,LTSE (L),32776,15245,250535,298556,2650467.04,1001754.33,17732651.53,21384872.9,49,7,234,290
10/23/23,NYSE Chicago (M),13396196,15604765,17985463,46986424,970819716.9,1662490114,3070965176,5704275006,66225,4022,55600,125847
10/23/23,NYSE (N),892762114,63097688,94316977,1050176779,40450693495,4679733944,4678455989,49808883429,3628875,235446,704855,4569176
10/23/23,NYSE Arca (P),175040090,408723586,411595668,995359344,7112876856,25071194019,14612356176,46796427051,2109452,1616548,2941990,6667990
10/23/23,NASDAQ (Q),446646723,254899812,968150711,1669697246,19649104936,19338931694,53098148614,92086185244,6257030,1523646,7734476,15515152
10/23/23,Members Exchange (U),126152256,69748877,149376952,345278085,4263072109,4009867030,5875391638,14148330777,1488543,374202,1286064,3148809
10/23/23,Investors Exchange (V),122024918,34735291,93334134,250094343,6283386437,2178441472,5085609814,13547437723,1529187,202633,1123410,2855230
10/23/23,NASDAQ PSX (X),7384411,13838644,13682162,34905217,308229236.6,930602939.5,713116666.7,1951948843,106536,51348,121515,279399
10/23/23,BYX Equities (Y),33494386,28489143,37889044,99872573,877368755.5,1429738162,1118377232,3425484149,330467,110057,297606,738130
10/23/23,BZX Equities (Z),176980815,134320350,218006318,529307483,7460482822,9771556179,11499666286,28731705288,2486860,727403,2272386,5486649
10/20/23,NYSE American (A),6598736,16961087,5093842,28653665,248998330.7,593491263.9,279762852.6,1122252447,91941,63524,67206,222671
10/20/23,NASDAQ BX (B),15342198,11260593,15530216,42133007,723609936.3,704307012.2,866780813.3,2294697762,287104,61773,235481,584358
10/20/23,NYSE National (C),21621860,11934812,17699611,51256283,649697062,486437794.9,618674627.9,1754809485,365090,74025,244013,683128
10/20/23,FINRA / Nasdaq TRF Chicago (DB),4153397,2325019,9532870,16011286,158265235.7,91610855.05,782384784.3,1032260875,24108,8954,53767,86829
10/20/23,FINRA / NYSE TRF (DN),39697303,43719188,145498146,228914637,1192750060,2244849500,4920600203,8358199763,221903,119409,420208,761520
10/20/23,FINRA / Nasdaq TRF Carteret (DQ),1414801783,885406392,1984848897,4285057072,62796689688,55477278437,99890847648,2.18165E+11,10049422,2821420,9652982,22523824
10/20/23,MIAX Pearl (H),75262312,125485398,86639438,287387148,1824766904,5834182382,3335739507,10994688793,698747,443671,549731,1692149
10/20/23,EDGA Equities (J),77102259,51984665,65320511,194407435,2134769836,2442707083,2544152584,7121629503,923263,266009,718462,1907734
10/20/23,EDGX Equities (K),161829063,140202445,294004597,596036105,5184746445,8996531646,13070701391,27251979482,1616160,683480,1926359,4225999
10/20/23,LTSE (L),1824,6169,21415,29408,73476.37,555351.99,740456.09,1369284.45,19,26,128,173
10/20/23,NYSE Chicago (M),18762270,23493963,25789160,68045393,1222666152,2664456623,4065649711,7952772486,64220,4971,53566,122757
10/20/23,NYSE (N),1113047328,67361169,87788707,1268197204,55178150130,5010959237,4703393878,64892503245,3692639,253326,693837,4639802
10/20/23,NYSE Arca (P),177636487,417886031,381385203,976907721,7322333901,26219968995,15039692621,48581995517,2156765,1691695,2929996,6778456
10/20/23,NASDAQ (Q),449352798,272283964,1131255302,1852892064,19997346798,22650917415,66951019940,1.09599E+11,6357700,1650857,7868378,15876935
10/20/23,Members Exchange (U),127433072,72900298,141052953,341386323,4113191990,4359505746,6410761177,14883458913,1418860,400881,1225959,3045700
10/20/23,Investors Exchange (V),125123965,39715216,91701166,256540347,6188651893,2590800122,5437841501,14217293516,1612541,204965,1178136,2995642
10/20/23,NASDAQ PSX (X),7328342,14087920,12919396,34335658,297920715.5,1129173417,723084434.8,2150178567,107942,57997,111829,277768
10/20/23,BYX Equities (Y),32992259,31913254,37794769,102700282,834024191.4,1772827078,1165936772,3772788041,321967,128814,286329,737110
10/20/23,BZX Equities (Z),185747064,143158483,217470213,546375760,7985269717,11220757540,13082891676,32288918933,2608640,810674,2340907,5760221
10/19/23,NYSE American (A),7646531,19558262,6679135,33883928,300019738.3,587085415.7,364640539.9,1251745694,108505,67968,78837,255310
10/19/23,NASDAQ BX (B),16040940,13379421,17528696,46949057,794426681.3,805275388,1150769379,2750471449,293069,73146,249043,615258
10/19/23,NYSE National (C),21541928,16343146,18927188,56812262,649227387.4,656920532,748516102.4,2054664022,345005,91765,246556,683326
10/19/23,FINRA / Nasdaq TRF Chicago (DB),3947143,2767082,10277020,16991245,169164902.9,105788643.7,825067056.3,1100020603,22823,8754,56486,88063
10/19/23,FINRA / NYSE TRF (DN),42096675,46195387,164856477,253148539,1337613152,1893099119,5236519032,8467231303,231471,126355,471582,829408
10/19/23,FINRA / Nasdaq TRF Carteret (DQ),1457463151,1060181346,2168439963,4686084460,65989224571,59368825598,1.07799E+11,2.33157E+11,9709005,2689957,9650479,22049441
10/19/23,MIAX Pearl (H),78897257,143652790,109655477,332205524,2025947776,6567398887,4056744310,12650090973,719652,533468,616824,1869944
10/19/23,EDGA Equities (J),81424647,63836320,76648272,221909239,2320068463,2817799483,3279150748,8417018694,951554,323329,783590,2058473
10/19/23,EDGX Equities (K),175399134,172055821,345793839,693248794,5808573282,10838031522,16553171774,33199776578,1694155,833081,2215942,4743178
10/19/23,LTSE (L),1121,58029,21465,80615,88545.74,3868679.33,901014.79,4858239.86,14,75,84,173
10/19/23,NYSE Chicago (M),11883996,12974278,17754805,42613079,893870826.4,1451125424,2483382343,4828378593,77187,5086,67049,149322
10/19/23,NYSE (N),973029941,81486523,103641420,1158157884,45572729808,6064979252,6198103098,57835812158,4065552,326004,772844,5164400
10/19/23,NYSE Arca (P),190987947,507979761,449953218,1148920926,8234897247,33104025482,20104040965,61442963694,2370238,2095042,3248709,7713989
10/19/23,NASDAQ (Q),479325614,331286509,1063407175,1874019298,21743220668,28052866369,68070066256,1.17866E+11,6757761,2069253,8577936,17404950
10/19/23,Members Exchange (U),135703176,87310630,161366886,384380692,4477908989,5295705738,7606997650,17380612377,1520505,483617,1371335,3375457
10/19/23,Investors Exchange (V),138263563,41339508,103005741,282608812,7409523539,2664026177,6402847170,16476396886,1842637,226709,1337356,3406702
10/19/23,NASDAQ PSX (X),7535768,17717869,17531224,42784861,332079960.3,1419088348,997699492.6,2748867800,107144,72988,135462,315594
10/19/23,BYX Equities (Y),35335862,36869686,46342114,118547662,976983489.7,1975069132,1619464086,4571516708,346726,149540,333600,829866
10/19/23,BZX Equities (Z),194554417,169939615,253158720,617652752,8495174201,13436269108,15248373164,37179816473,2634965,985935,2497923,6118823
10/18/23,NYSE American (A),6944893,15639897,5743813,28328603,267911914.5,527587043.5,300317381.1,1095816339,93408,62059,65351,220818
10/18/23,NASDAQ BX (B),15217344,10077527,15306528,40601399,761112235.2,652295660.3,967717878,2381125773,270927,55444,224964,551335
10/18/23,NYSE National (C),19563014,11544828,15806016,46913858,586619780.7,443260679.8,594554460.3,1624434921,316860,68901,208744,594505
10/18/23,FINRA / Nasdaq TRF Chicago (DB),4186143,2243346,9445589,15875078,158502394.3,81636512.33,692609459.3,932748365.9,22692,7616,46024,76332
10/18/23,FINRA / NYSE TRF (DN),39940132,40605421,165853851,246399404,1252548442,1383084796,4612275653,7247908891,237662,112926,448824,799412
10/18/23,FINRA / Nasdaq TRF Carteret (DQ),1407142814,794745985,2074016889,4275905688,64982903383,42706271676,96858434719,2.04548E+11,9954631,2511032,9463677,21929340
10/18/23,MIAX Pearl (H),74822341,109129375,89796958,273748674,2027203541,5097942795,3836121486,10961267823,723218,395718,570759,1689695
10/18/23,EDGA Equities (J),74129523,47117902,68886882,190134307,2175385625,2207167290,2624971939,7007524854,891011,238513,719713,1849237
10/18/23,EDGX Equities (K),164963309,131966265,343214485,640144059,5544308072,8456874859,13782133335,27783316266,1575273,649526,1960333,4185132
10/18/23,LTSE (L),20295,59812,11919,92026,889477.41,5377985.75,273676.88,6541140.04,47,21,51,119
10/18/23,NYSE Chicago (M),13243140,10357463,12074093,35674696,858495467.6,1335816053,1969843923,4164155444,71794,4488,61229,137511
10/18/23,NYSE (N),868455168,57746834,84156926,1010358928,42229866119,4386757366,4598759462,51215382948,3612840,229990,665766,4508596
10/18/23,NYSE Arca (P),175046616,382235881,438014884,995297381,7712874103,25129091732,16417969538,49259935373,2139101,1598701,3019879,6757681
10/18/23,NASDAQ (Q),431581730,237749369,941840294,1611171393,20079449601,19962448186,55575835641,95617733428,6184641,1469271,7526381,15180293
10/18/23,Members Exchange (U),121017622,64415807,141051478,326484907,4172597752,3932979315,6345694793,14451271860,1381451,362525,1203767,2947743
10/18/23,Investors Exchange (V),112820619,33050655,83769328,229640602,6206025543,2199006709,5248500137,13653532389,1563954,191870,1143707,2899531
10/18/23,NASDAQ PSX (X),6730739,12160952,12035066,30926757,299499204.7,1035989841,652377132.4,1987866178,106296,50785,110933,268014
10/18/23,BYX Equities (Y),34287607,28493456,36692997,99474060,873661803.9,1621666505,1193112386,3688440695,313473,119209,280466,713148
10/18/23,BZX Equities (Z),175992116,127709026,212769002,516470144,7660731924,9783290285,11545410527,28989432735,2384674,725197,2140501,5250372
10/17/23,NYSE American (A),7143357,18539137,5630171,31312665,253710603.4,505043338.2,300282248.5,1059036190,88885,58726,68716,216327
10/17/23,NASDAQ BX (B),15580247,8788247,15777024,40145518,775642999,610497278.9,1063451236,2449591514,267989,53240,241314,562543
10/17/23,NYSE National (C),18400281,10053536,15171923,43625740,550045742.1,445858889.1,543384913.2,1539289544,310869,63582,227045,601496
10/17/23,FINRA / Nasdaq TRF Chicago (DB),4093675,2194092,9607695,15895462,168256449.4,87176336.98,711002675.5,966435461.9,21490,6872,46540,74902
10/17/23,FINRA / NYSE TRF (DN),39534421,40077522,140895272,220507215,1297216486,1337461923,4443107685,7077786094,217022,102401,431644,751067
10/17/23,FINRA / Nasdaq TRF Carteret (DQ),1450235233,791769850,2052129881,4294134964,65451054879,40107388546,1.07537E+11,2.13096E+11,9853602,2390531,9762966,22007099
10/17/23,MIAX Pearl (H),76487101,98748102,77172440,252407643,2076958790,4431037798,3096993467,9604990056,731363,364848,538480,1634691
10/17/23,EDGA Equities (J),68853666,42507506,58954828,170316000,1994397340,1949291134,2502009856,6445698329,850284,217833,705047,1773164
10/17/23,EDGX Equities (K),158516003,124634621,286529605,569680229,5245757064,7202462992,13748970801,26197190857,1515993,593074,1928807,4037874
10/17/23,LTSE (L),40005,4692,67891,112588,2071529.54,118918.56,4477050.64,6667498.74,63,23,101,187
10/17/23,NYSE Chicago (M),9094291,12078710,13023509,34196510,719890498,1057472767,1590772547,3368135812,69553,3883,61718,135154
10/17/23,NYSE (N),978444948,52847494,82573218,1113865660,46445177160,3706968803,4625755421,54777901384,3314856,204743,680902,4200501
10/17/23,NYSE Arca (P),168155158,338419563,394974579,901549300,7172938728,21428795114,15164031534,43765765376,2041098,1429337,2893935,6364370
10/17/23,NASDAQ (Q),424586336,212729474,992818386,1630134196,19399638665,17396138640,61894660077,98690437382,5914174,1341309,7492076,14747559
10/17/23,Members Exchange (U),117560816,58753187,132920101,309234104,3986620607,3420866021,6196930636,13604417265,1358320,327300,1221780,2907400
10/17/23,Investors Exchange (V),109726814,28687165,88038696,226452675,5689201852,1968011080,5542179623,13199392556,1514597,173762,1207671,2896030
10/17/23,NASDAQ PSX (X),7390816,10758127,11856572,30005515,305051487.2,830178992.2,720400342.8,1855630822,116233,49523,122422,288178
10/17/23,BYX Equities (Y),31209459,25624592,32983251,89817302,826727435,1391958880,1150693985,3369380300,302421,108151,280332,690904
10/17/23,BZX Equities (Z),162562048,114279477,193264939,470106464,7062927487,8561157799,11477807008,27101892293,2256744,647167,2155526,5059437
10/16/23,NYSE American (A),7209898,16922171,5455902,29587971,289123589.6,432561069.3,289097692.5,1010782351,105812,60377,80069,246258
10/16/23,NASDAQ BX (B),13838391,8137001,14230461,36205853,640815655.3,507893901.3,783044045.1,1931753602,256058,46722,222075,524855
10/16/23,NYSE National (C),18041428,9355650,14024281,41421359,561809951.2,358831838.3,448159710.6,1368801500,331510,54865,231239,617614
10/16/23,FINRA / Nasdaq TRF Chicago (DB),3804709,2177177,8843529,14825415,153801763.1,94189843.36,598169509.1,846161115.5,18254,7250,42294,67798
10/16/23,FINRA / NYSE TRF (DN),35543214,39595816,145081538,220220568,1168460876,1255369454,3506986982,5930817312,220749,107632,420522,748903
10/16/23,FINRA / Nasdaq TRF Carteret (DQ),1335101403,723656060,2002260299,4061017762,61158247349,39869738995,86580623067,1.87609E+11,9854826,2414992,9664729,21934547
10/16/23,MIAX Pearl (H),73301764,87531980,71728544,232562288,1969713180,4078442202,2611169344,8659324726,740046,329170,526723,1595939
10/16/23,EDGA Equities (J),64936254,36017248,59874091,160827593,2000269540,1798427885,2108022492,5906719918,840308,191051,692893,1724252
10/16/23,EDGX Equities (K),149992925,112910650,294246013,557149588,5121616636,6646334829,10821312589,22589264054,1494838,528023,1867074,3889935
10/16/23,LTSE (L),16840,27795,40040,84675,432627.94,2272435.73,2768203.69,5473267.36,76,25,88,189
10/16/23,NYSE Chicago (M),9449928,10198564,11311530,30960022,890342990.7,1035470423,1417431127,3343244541,66998,4662,61787,133447
10/16/23,NYSE (N),834972643,47556781,76700158,959229582,40818791543,3401180495,4013004077,48232976115,3327498,191091,631616,4150205
10/16/23,NYSE Arca (P),158228756,324547908,391899557,874676221,7045662801,20766674405,13363667216,41176004422,2004191,1297438,2947661,6249290
10/16/23,NASDAQ (Q),366012170,185271745,905098152,1456382067,16602194611,15333095057,50999340779,82934630446,5234982,1162267,6928492,13325741
10/16/23,Members Exchange (U),107577693,54180174,133765600,295523467,3672212547,3009545061,5088656167,11770413775,1257494,299648,1131892,2689034
10/16/23,Investors Exchange (V),103174872,27548047,84171671,214894590,5463951647,1934170860,4605786501,12003909008,1479750,163082,1175590,2818422
10/16/23,NASDAQ PSX (X),7226930,9550668,9641995,26419593,277139245.5,753508999.4,509008270.5,1539656515,113134,43228,109366,265728
10/16/23,BYX Equities (Y),28832012,22821438,32586976,84240426,754229855.7,1350387845,964714669.9,3069332371,286465,98076,279478,664019
10/16/23,BZX Equities (Z),158524213,105903905,192363662,456791780,7174157685,8144999337,9995009165,25314166187,2328811,591498,2133550,5053859
10/13/23,NYSE American (A),6613311,16767322,4922427,28303060,226749260,462678065.4,232494862.1,921922187.4,86745,59449,62819,209013
10/13/23,NASDAQ BX (B),13281563,11726568,15014326,40022457,683499518.6,675567726.2,891714547.5,2250781792,250841,59774,219873,530488
10/13/23,NYSE National (C),18882743,11601201,15565226,46049170,585975913.1,427860579,499928414.8,1513764907,316931,72923,215707,605561
10/13/23,FINRA / Nasdaq TRF Chicago (DB),4446260,3139364,9633178,17218802,204861899.4,98785310.83,590865513.3,894512723.5,21370,7538,44426,73334
10/13/23,FINRA / NYSE TRF (DN),42324427,45918983,139524062,227767472,1447264064,1527930974,3672788366,6647983404,244851,105744,406844,757439
10/13/23,FINRA / Nasdaq TRF Carteret (DQ),1355143254,838393052,1866975893,4060512199,64208174321,42815380480,91156141858,1.9818E+11,9857932,2435137,9333090,21626159
10/13/23,MIAX Pearl (H),70920216,102286987,71037099,244244302,1950397603,4879237895,2512592407,9342227905,699581,380879,510941,1591401
10/13/23,EDGA Equities (J),69521796,48576417,63552870,181651083,2008236532,2173835748,2500052914,6682125193,832640,244961,687573,1765174
10/13/23,EDGX Equities (K),158018553,142597524,290215557,590831634,5638451928,7900797328,11726526894,25265776151,1537480,648316,1845565,4031361
10/13/23,LTSE (L),5688,11485,25706,42879,369091.16,1052140.85,3434647.64,4855879.65,56,11,213,280
10/13/23,NYSE Chicago (M),14190369,14888483,19390267,48469119,1010897181,1813320171,2339819167,5164036519,69454,4993,62496,136943
10/13/23,NYSE (N),855453853,62063208,77804205,995321266,42195290261,4738770636,4185360784,51119421681,3490797,235171,659019,4384987
10/13/23,NYSE Arca (P),166601880,392946151,386544362,946092393,7343903133,23964148037,14044439344,45352490514,2075887,1602014,2951861,6629762
10/13/23,NASDAQ (Q),419256662,237772373,934131150,1591160185,20437477674,18846961999,55353186111,94637625783,5989299,1474600,7556707,15020606
10/13/23,Members Exchange (U),113858450,66287603,128329209,308475262,3963366757,3536321682,5730694441,13230382881,1309639,356544,1140895,2807078
10/13/23,Investors Exchange (V),107270412,32886490,85317200,225474102,5950467652,2228751480,4838991745,13018210877,1473577,183677,1128289,2785543
10/13/23,NASDAQ PSX (X),6606751,12972457,11806645,31385853,295952404.5,907390392.1,706969682.9,1910312479,101341,56818,121152,279311
10/13/23,BYX Equities (Y),31437248,28904181,34529489,94870918,833365323.1,1645705875,1145462815,3624534012,307594,122294,281021,710909
10/13/23,BZX Equities (Z),171270747,131073970,195716495,498061212,7825753729,9275766546,11403714890,28505235166,2414705,730076,2167339,5312120
10/12/23,NYSE American (A),6920372,17383253,5586229,29889854,280804700.5,408996466.7,263572041.1,953373208.3,99629,57657,73857,231143
10/12/23,NASDAQ BX (B),15235262,10368236,16115349,41718847,735439321.9,621349436.3,889262984.2,2246051742,283497,54040,241506,579043
10/12/23,NYSE National (C),18460774,12123940,16989994,47574708,563768991.2,462526696.4,553523071.9,1579818760,337028,74318,233890,645236
10/12/23,FINRA / Nasdaq TRF Chicago (DB),4751197,2951581,10561287,18264065,188945428.2,113431930.2,686311803.1,988689161.4,23897,8371,48643,80911
10/12/23,FINRA / NYSE TRF (DN),49113476,49996942,189255455,288365873,1398729041,1453123987,4507784500,7359637528,264879,113982,464215,843076
10/12/23,FINRA / Nasdaq TRF Carteret (DQ),1499953795,912724024,2215834085,4628511904,65629522078,43161100011,1.02115E+11,2.10905E+11,10191792,2434658,9878466,22504916
10/12/23,MIAX Pearl (H),67447500,91969957,72715588,232133045,1733022590,4149227780,2527654528,8409904898,662316,339320,498356,1499992
10/12/23,EDGA Equities (J),65071919,44503889,68974807,178550615,1939229852,1972012174,2564058956,6475300981,854617,230721,727636,1812974
10/12/23,EDGX Equities (K),159908616,142335266,326482117,628725999,5365633608,7281517807,12833360923,25480512337,1569499,606890,1973402,4149791
10/12/23,LTSE (L),117292,11384,94091,222767,2642419.59,1042663.45,5913220.75,9598303.79,50,39,138,227
10/12/23,NYSE Chicago (M),10985585,10519624,14674192,36179401,868188119,1304462465,1999729234,4172379818,80141,6136,68925,155202
10/12/23,NYSE (N),827584378,54003858,82528777,964117013,39273918094,3835365981,4218188221,47327472297,3457529,207665,660166,4325360
10/12/23,NYSE Arca (P),174517243,403561118,508256271,1086334632,7385025643,22987686489,15960485117,46333197250,2141955,1490173,3251155,6883283
10/12/23,NASDAQ (Q),427390390,237400905,1022030262,1686821557,20114751942,17721097377,55039404761,92875254081,6232453,1358339,7863254,15454046
10/12/23,Members Exchange (U),119727569,67334636,151201283,338263488,4001691023,3437848382,6111767888,13551307293,1370126,341151,1203784,2915061
10/12/23,Investors Exchange (V),113235182,30596968,91130987,234963137,5831412397,1995702014,5241424258,13068538669,1540393,170542,1192995,2903930
10/12/23,NASDAQ PSX (X),6989451,12441223,12749683,32180357,297889466.9,859344268.3,716049733.6,1873283469,109510,52253,129385,291148
10/12/23,BYX Equities (Y),29610067,30120505,37256395,96986967,864263235.1,1555912043,1121274480,3541449759,319481,120653,294704,734838
10/12/23,BZX Equities (Z),172699397,130036331,218793933,521529661,7565381479,8862852357,12597717041,29025950877,2449628,673505,2284720,5407853
10/11/23,NYSE American (A),7222220,22414477,5067094,34703791,288788321.6,401423367.3,251185813.4,941397502.4,97212,73835,64143,235190
10/11/23,NASDAQ BX (B),14292563,10145540,15450044,39888147,708638926,548290772.9,770345348.1,2027275047,257049,50562,202525,510136
10/11/23,NYSE National (C),18076984,9511940,15099256,42688180,552605046.5,396733691,472949831.3,1422288569,312809,59963,194505,567277
10/11/23,FINRA / Nasdaq TRF Chicago (DB),4196524,2117747,8510300,14824571,186139403.2,91627875.59,572530716.7,850297995.5,21876,7063,40454,69393
10/11/23,FINRA / NYSE TRF (DN),49827271,57107871,149807231,256742373,1323967747,1146362669,3774366069,6244696484,254863,107341,392517,754721
10/11/23,FINRA / Nasdaq TRF Carteret (DQ),1481038498,967680848,1936523171,4385242517,65158139907,38483605054,90270023161,1.93912E+11,9644699,2360737,8875616,20881052
10/11/23,MIAX Pearl (H),63028647,76015060,65086643,204130350,1692650534,3267751775,2099701587,7060103895,604539,276041,437363,1317943
10/11/23,EDGA Equities (J),61895114,46547644,58627136,167069894,1891304355,1672864881,2283287428,5847456664,787435,211150,633711,1632296
10/11/23,EDGX Equities (K),151299380,136848416,271824739,559972535,5270048641,5861927456,11227169159,22359145256,1453874,543016,1692643,3689533
10/11/23,LTSE (L),48974,7543,3297,59814,193834.68,681629.08,68183.7,943647.46,56,6,31,93
10/11/23,NYSE Chicago (M),12487589,9932345,15922232,38342166,907889694.4,1022599047,2000486149,3930974891,71983,5697,62301,139981
10/11/23,NYSE (N),810167624,47347463,75751020,933266107,40334467811,3198315933,3531775814,47064559557,3198658,185674,576821,3961153
10/11/23,NYSE Arca (P),167613701,390597708,392055642,950267051,7460982422,19496405244,13445502872,40402890537,2017260,1345851,2767641,6130752
10/11/23,NASDAQ (Q),399925291,216464156,885045192,1501434639,19062449257,15146724392,49603230105,83812403754,5649820,1182527,6831823,13664170
10/11/23,Members Exchange (U),105738374,64333619,129721353,299793346,3667119069,2720323249,5208126938,11595569256,1206340,288339,1031449,2526128
10/11/23,Investors Exchange (V),111362049,30108103,81415123,222885275,5900730770,1741487653,4586146417,12228364840,1415266,173057,1036544,2624867
10/11/23,NASDAQ PSX (X),6117967,11378251,11575882,29072100,285255682.7,723694318,631304062.3,1640254063,93023,44460,109438,246921
10/11/23,BYX Equities (Y),29318720,27032861,32460891,88812472,820336139.3,1180774972,992953222.9,2994064334,296591,107777,259424,663792
10/11/23,BZX Equities (Z),158789753,118599622,187624764,465014139,7289677350,7102808061,10392746835,24785232246,2235710,588212,1965442,4789364
10/10/23,NYSE American (A),6894864,12917615,5315967,25128446,250138030.5,406537828.5,241795973.4,898471832.4,89692,54675,65740,210107
10/10/23,NASDAQ BX (B),15249800,10152190,15529681,40931671,699463684.9,700376990.3,908115388.8,2307956064,273402,54974,225626,554002
10/10/23,NYSE National (C),18393082,10919135,15338726,44650943,558238884,486931356.5,503807288.3,1548977529,310204,65586,214135,589925
10/10/23,FINRA / Nasdaq TRF Chicago (DB),4262746,2673357,8396027,15332130,158742259.7,134934809,546541973.1,840219041.8,21647,7284,40572,69503
10/10/23,FINRA / NYSE TRF (DN),43587852,34858360,159251060,237697272,1245392146,1368911833,4364847293,6979151273,237617,97233,422817,757667
10/10/23,FINRA / Nasdaq TRF Carteret (DQ),1406819938,799779450,2029685683,4236285071,63054889057,44762357101,96316116828,2.04133E+11,9956382,2376958,9466396,21799736
10/10/23,MIAX Pearl (H),63978910,78825824,66857871,209662605,1571572644,3590956745,2342879150,7505408539,618985,281018,464760,1364763
10/10/23,EDGA Equities (J),59503519,37745853,60589160,157838532,1910026843,1940335626,2342245467,6192607937,807581,195682,664187,1667450
10/10/23,EDGX Equities (K),152944740,108053743,262895718,523894201,5030493306,6057316201,11905646906,22993456413,1467508,500298,1757648,3725454
10/10/23,LTSE (L),6184,81158,2619,89961,263872.27,7112925.12,146956.4,7523753.79,68,42,32,142
10/10/23,NYSE Chicago (M),10876010,15756905,12664265,39297180,862988062.8,2067253958,1817964356,4748206376,68116,5859,57073,131048
10/10/23,NYSE (N),845050682,49683882,77666968,972401532,40759502202,3495318476,3924430880,48179251558,3198516,190389,628957,4017862
10/10/23,NYSE Arca (P),157037677,341222717,366244835,864505229,6666943552,21634242210,13931799065,42232984827,1939976,1328741,2754689,6023406
10/10/23,NASDAQ (Q),399314793,212069398,910798354,1522182545,17965503718,17247475055,50953311015,86166289789,5909152,1262577,7276156,14447885
10/10/23,Members Exchange (U),105682288,52911001,130499495,289092784,3447289490,2931192928,5335117006,11713599423,1242152,281427,1097591,2621170
10/10/23,Investors Exchange (V),109775957,34825480,85907351,230508788,5662485199,2326743814,4913363626,12902592639,1531015,196108,1175145,2902268
10/10/23,NASDAQ PSX (X),6315187,10861984,11044222,28221393,271081050,756858307.2,584401804.6,1612341162,101097,43858,109553,254508
10/10/23,BYX Equities (Y),30968308,27305529,34866197,93140034,783300967.4,1592827173,1124976007,3501104148,304050,114407,279099,697556
10/10/23,BZX Equities (Z),157434624,111826764,190424481,459685869,6887361771,7974349700,10854144077,25715855547,2330143,594621,2100846,5025610
10/9/23,NYSE American (A),6992899,12420833,4921235,24334967,274015256.7,353855441.9,221821515.9,849692214.5,99924,52938,66659,219521
10/9/23,NASDAQ BX (B),13378624,7591562,13758004,34728190,676684853.5,532041161.1,827359953,2036085968,256357,44397,213356,514110
10/9/23,NYSE National (C),17188045,7410979,13245420,37844444,502228844.3,310029553.8,431601584.4,1243859983,305156,51052,199114,555322
10/9/23,FINRA / Nasdaq TRF Chicago (DB),4280362,2583903,8701971,15566236,159478254.7,91434156.81,575246200.5,826158612,21567,6992,39224,67783
10/9/23,FINRA / NYSE TRF (DN),40306496,35782840,142996621,219085957,1203673994,1575466909,3422167450,6201308353,226068,102289,379092,707449
10/9/23,FINRA / Nasdaq TRF Carteret (DQ),1222087658,664910878,1811318829,3698317365,56466442318,38304504739,82110991688,1.76882E+11,9182066,2324752,8545133,20051951
10/9/23,MIAX Pearl (H),60590446,63814489,55346451,179751386,1563338483,2978329982,1897309901,6438978366,617671,241493,425653,1284817
10/9/23,EDGA Equities (J),54425375,28675449,50957543,134058367,1663310659,1483563349,1839957480,4986831487,737139,156977,583137,1477253
10/9/23,EDGX Equities (K),139376056,99299659,241358488,480034203,4708758820,5711774791,10699421383,21119954994,1394168,474610,1571363,3440141
10/9/23,LTSE (L),39852,29521,22801,92174,1708781.42,1823583.34,373106.62,3905471.38,134,48,35,217
10/9/23,NYSE Chicago (M),8937814,15947886,13407849,38293549,706549862.7,1815462638,1596631486,4118643988,77726,6106,64983,148815
10/9/23,NYSE (N),747204380,42295529,68652833,858152742,36046026323,3192507916,3400740723,42639274963,3043160,172061,566376,3781597
10/9/23,NYSE Arca (P),142095723,312456995,305339725,759892443,6094923704,19361892708,12293691737,37750508148,1812820,1241730,2439640,5494190
10/9/23,NASDAQ (Q),367606485,176409494,793386618,1337402597,16811704508,14445186945,44992098606,76248990059,5416340,1098509,6410778,12925627
10/9/23,Members Exchange (U),98406825,45239092,112052276,255698193,3333878069,2538353474,4714676790,10586908333,1182428,247767,1002644,2432839
10/9/23,Investors Exchange (V),98637687,20459211,68642582,187739480,5139418538,1379494705,3983897490,10502810733,1328181,134199,935256,2397636
10/9/23,NASDAQ PSX (X),7507600,9127190,10380370,27015160,347903424.2,665421345.5,519971676,1533296446,123515,40136,115929,279580
10/9/23,BYX Equities (Y),27135070,19695737,28393775,75224582,772340467.2,1288993541,939009088.1,3000343097,287035,93256,247843,628134
10/9/23,BZX Equities (Z),142592229,94504729,164727341,401824299,6285327172,7102105871,9028584217,22416017260,2106746,526015,1815864,4448625
10/6/23,NYSE American (A),8015863,16337921,5614148,29967932,289580060.8,474229372,322544897,1086354330,118118,59536,78224,255878
10/6/23,NASDAQ BX (B),16759910,10901957,16519050,44180917,802866494.2,724036072.1,998329046,2525231612,282892,61845,231092,575829
10/6/23,NYSE National (C),22132491,12980045,17532961,52645497,632997467.6,525213823.9,587656312.5,1745867604,358436,77297,232687,668420
10/6/23,FINRA / Nasdaq TRF Chicago (DB),4583714,3126364,8845803,16555881,184987143.3,122146403.1,624896704.1,932030250.6,23433,8901,43238,75572
10/6/23,FINRA / NYSE TRF (DN),43138276,41249089,133579490,217966855,1287716334,1544216059,4078281664,6910214057,237827,111230,387955,737012
10/6/23,FINRA / Nasdaq TRF Carteret (DQ),1481664601,857286049,1916443541,4255394191,65684101051,48925412127,99059013061,2.13669E+11,10184332,2690727,9212838,22087897
10/6/23,MIAX Pearl (H),68518937,102324470,72975320,243818727,1709716351,4627881898,2766337076,9103935325,659736,363411,471414,1494561
10/6/23,EDGA Equities (J),79835246,58187808,69932909,207955963,2163689636,2443718356,2828104040,7435512032,923964,270986,723242,1918192
10/6/23,EDGX Equities (K),161545343,139370017,272358407,573273767,5586075051,8282656540,14092708650,27961440241,1589906,632841,1818753,4041500
10/6/23,LTSE (L),23870,103485,31275,158630,466037.09,9203942.05,2252949.47,11922928.61,46,46,55,147
10/6/23,NYSE Chicago (M),12871594,13973228,15215449,42060271,937341044.4,1985995070,2064042198,4987378312,93874,6749,74187,174810
10/6/23,NYSE (N),939128243,59505371,83144310,1081777924,44491405023,4292278991,4649122524,53432806537,3645115,229807,681096,4556018
10/6/23,NYSE Arca (P),182783136,431949998,372197892,986931026,7872825674,27998007178,18295546840,54166379693,2267607,1731692,2890835,6890134
10/6/23,NASDAQ (Q),460104141,269464452,973141138,1702709731,20833523532,22448005028,61452600118,1.04734E+11,6310196,1627065,7546365,15483626
10/6/23,Members Exchange (U),121307916,64105388,135088440,320501744,3987436117,3607660615,6334891751,13929988483,1423205,348732,1182957,2954894
10/6/23,Investors Exchange (V),113525116,36001331,82727697,232254144,6034832321,2332302681,5313428181,13680563183,1480231,181874,1071660,2733765
10/6/23,NASDAQ PSX (X),8324269,14591409,16095489,39011167,333187570.9,1095533478,966298805.2,2395019854,119012,58764,133912,311688
10/6/23,BYX Equities (Y),33236094,29902375,34034261,97172730,863023998.5,1776667808,1279174043,3918865849,319193,123285,272717,715195
10/6/23,BZX Equities (Z),187977598,141985914,202295298,532258810,8195151391,10167677184,13819975914,32182804488,2605349,743879,2253542,5602770
10/5/23,NYSE American (A),8151040,16467940,5928844,30547824,300340483.6,377612335.1,294599851.2,972552669.9,125771,60757,81970,268498
10/5/23,NASDAQ BX (B),12914174,9117284,14544777,36576235,596081265.1,534188056.8,768954957.1,1899224279,229075,52955,195015,477045
10/5/23,NYSE National (C),19066796,10168568,14682729,43918093,534295457.5,443122114.2,440960779.8,1418378351,332257,66468,217796,616521
10/5/23,FINRA / Nasdaq TRF Chicago (DB),3639577,2269392,7457830,13366799,162679730.7,71439854.27,501801562.4,735921147.3,17812,6066,35974,59852
10/5/23,FINRA / NYSE TRF (DN),40008004,45040234,134772454,219820692,1304627110,1348029397,3665347633,6318004141,222535,102245,382560,707340
10/5/23,FINRA / Nasdaq TRF Carteret (DQ),1375988933,815541011,1898436906,4089966850,58911579978,41289210480,90964989489,1.91166E+11,9683401,2368412,8870057,20921870
10/5/23,MIAX Pearl (H),63869615,80413079,60819090,205101784,1557680250,3483341539,2037036363,7078058152,642318,288139,435591,1366048
10/5/23,EDGA Equities (J),69404932,44622864,60601116,174628912,1859371333,1886831431,2173211273,5919414038,857094,223867,667819,1748780
10/5/23,EDGX Equities (K),142699572,116248366,249316433,508264371,4506376216,5996254443,10965147335,21467777994,1459419,537402,1678621,3675442
10/5/23,LTSE (L),18037,12000,458932,488969,172499.58,1098240,31719090.68,32989830.26,56,2,304,362
10/5/23,NYSE Chicago (M),12444296,14004877,17495609,43944782,1009877355,1259060980,2210322601,4479260936,70894,5165,60886,136945
10/5/23,NYSE (N),883781650,47396753,74141459,1005319862,41720882734,3168895384,3524719048,48414497166,3400838,189131,618767,4208736
10/5/23,NYSE Arca (P),159670193,346191560,351197085,857058838,6530331454,20503633332,12650796954,39684761740,2038696,1402293,2632698,6073687
10/5/23,NASDAQ (Q),415472911,207073400,949463233,1572009544,18138511493,15491315292,51307275491,84937102276,5962989,1283904,7140639,14387532
10/5/23,Members Exchange (U),109171794,53573547,122242560,284987901,3484407250,2768674406,5105098285,11358179942,1333868,292668,1104362,2730898
10/5/23,Investors Exchange (V),111555551,27308455,82301434,221165440,5622328235,1767238968,4498118708,11887685911,1538771,166196,1126685,2831652
10/5/23,NASDAQ PSX (X),7903840,10345207,11756861,30005908,342509426.8,696238395.1,634633872.7,1673381695,122102,42518,129864,294484
10/5/23,BYX Equities (Y),31612360,23590370,31966288,87169018,768567978.1,1326931547,1055534380,3151033905,299384,107192,262238,668814
10/5/23,BZX Equities (Z),173922810,113689617,188209013,475821440,7109210355,7277106123,10298006198,24684322675,2459673,628812,2086297,5174782
10/4/23,NYSE American (A),7287880,16404734,4909635,28602249,232552350.8,425464506.7,248926701.2,906943558.7,109877,60874,68143,238894
10/4/23,NASDAQ BX (B),15051864,11290444,14780856,41123164,641440015,714136613.6,826233565.3,2181810194,257835,62481,206920,527236
10/4/23,NYSE National (C),20073656,11642715,15409174,47125545,547559043.7,498077596.9,473592573.5,1519229214,348056,73725,218608,640389
10/4/23,FINRA / Nasdaq TRF Chicago (DB),3612638,2304877,7632318,13549833,133432851.7,91781265.72,545031538.1,770245655.6,17717,6936,37694,62347
10/4/23,FINRA / NYSE TRF (DN),45372676,41081403,132461170,218915249,1409981625,1576542299,3863431742,6849955666,253471,118346,404209,776026
10/4/23,FINRA / Nasdaq TRF Carteret (DQ),1417008638,1041264790,1960609676,4418883104,59419140925,57979319644,90986461561,2.08385E+11,10154601,2941575,9316334,22412510
10/4/23,MIAX Pearl (H),70112126,97094747,69143181,236350054,1670189012,4347887928,2462968854,8481045794,695276,330032,481582,1506890
10/4/23,EDGA Equities (J),79240822,52954560,68956904,201152286,2011560213,2305972205,2502828629,6820361048,911281,264394,701306,1876981
10/4/23,EDGX Equities (K),160339063,130351513,262985531,553676107,4988186829,7483869922,12141217799,24613274551,1583729,614586,1775277,3973592
10/4/23,LTSE (L),97943,52834,627,151404,1127280.84,3438087.68,23401.97,4588770.49,77,262,9,348
10/4/23,NYSE Chicago (M),15025941,16652010,15089765,46767716,952199268,2060960689,1949420855,4962580813,57965,4386,47222,109573
10/4/23,NYSE (N),926684318,57944309,81134610,1065763237,43816571655,3973038004,4057068874,51846678534,3570350,229185,649891,4449426
10/4/23,NYSE Arca (P),180818033,404864873,365938178,951621084,7117025279,26115903912,15116478734,48349407925,2209296,1696419,2870320,6776035
10/4/23,NASDAQ (Q),424297888,244638768,956214627,1625151283,18343887366,20000862870,55636387324,93981137560,5931370,1539989,7181468,14652827
10/4/23,Members Exchange (U),121778213,64199923,129940569,315918705,3781562850,3783442746,5592575695,13157581290,1439877,367187,1173944,2981008
10/4/23,Investors Exchange (V),109075415,37990208,80467172,227532795,5198441301,2505252071,4606581932,12310275303,1528716,207481,1125469,2861666
10/4/23,NASDAQ PSX (X),7633570,14180160,12706420,34520150,350351378,974174618,725029001,2049554997,116454,58653,122146,297253
10/4/23,BYX Equities (Y),34878257,27953320,34160589,96992166,804717654.6,1643577125,1146630566,3594925346,321594,120239,277688,719521
10/4/23,BZX Equities (Z),191950500,134456245,191894800,518301545,7808623920,9032860591,11213437405,28054921917,2616937,743935,2147756,5508628
10/3/23,NYSE American (A),8194097,14144915,6112483,28451495,272705556,519272485.3,287692373.1,1079670414,116877,62645,79927,259449
10/3/23,NASDAQ BX (B),15858779,12735432,17256789,45851000,690109195.3,755558607.4,993360482.5,2439028285,282925,66099,242518,591542
10/3/23,NYSE National (C),21527271,12777465,17903893,52208629,638963329.8,536247616.8,594825949.3,1770036896,374823,80337,242929,698089
10/3/23,FINRA / Nasdaq TRF Chicago (DB),4637723,2839498,9730834,17208055,189574977.6,98699153.85,661803063.2,950077194.7,21313,8262,44253,73828
10/3/23,FINRA / NYSE TRF (DN),49155500,43741877,161968801,254866178,1527309354,1876591421,3854653859,7258554634,275476,137245,443732,856453
10/3/23,FINRA / Nasdaq TRF Carteret (DQ),1511663139,999882471,2116081555,4627627165,64575656151,55097473478,93798399958,2.13472E+11,10554499,3354081,9650643,23559223
10/3/23,MIAX Pearl (H),73664027,101289513,79782144,254735684,1781089842,4561733498,2689302984,9032126324,725514,376812,521177,1623503
10/3/23,EDGA Equities (J),80802857,59483280,74678612,214964749,2084182123,2638307193,2724145610,7446634926,963425,295310,761514,2020249
10/3/23,EDGX Equities (K),169723863,138183329,294533166,602440358,5105306486,8671470411,12311596637,26088373535,1660595,698529,1894524,4253648
10/3/23,LTSE (L),19250,6100,7550,32900,1162699.39,269045,1456873.57,2888617.96,85,12,40,137
10/3/23,NYSE Chicago (M),11021218,17762198,11651079,40434495,835522642.7,2272812617,1434911518,4543246778,62224,5611,52089,119924
10/3/23,NYSE (N),927699925,63635689,85510138,1076845752,42317001907,4536436612,4350937035,51204375554,3806502,254667,679068,4740237
10/3/23,NYSE Arca (P),189129052,452723707,411324937,1053177696,7700851240,28840164920,15717574452,52258590613,2335059,1875920,3077637,7288616
10/3/23,NASDAQ (Q),466994860,284529802,995025794,1746550456,20201232148,22471347565,54574683379,97247263092,6519930,1736245,7729885,15986060
10/3/23,Members Exchange (U),129809506,67562190,148700317,346072013,4038816252,4050345114,5978420310,14067581676,1527057,399969,1256594,3183620
10/3/23,Investors Exchange (V),117091770,36999051,88609236,242700057,5740551778,2357002408,4985511100,13083065286,1617799,204676,1201809,3024284
10/3/23,NASDAQ PSX (X),8526977,16126433,14479506,39132916,397319433.9,1152714837,862254624.7,2412288895,133394,69809,141256,344459
10/3/23,BYX Equities (Y),33586549,31694235,38967394,104248178,910123767.3,1821760340,1387056261,4118940369,362284,139485,315356,817125
10/3/23,BZX Equities (Z),193104834,143936899,213660464,550702197,7955904103,9514590381,11321053541,28791548026,2696409,803694,2254723,5754826
10/2/23,NYSE American (A),9154150,17687211,6224499,33065860,330807348.7,537737799.6,296276040.1,1164821188,125120,59154,80747,265021
10/2/23,NASDAQ BX (B),17890095,12059359,16322993,46272447,757685005.9,737639418.1,902411211.5,2397735635,292967,65209,231374,589550
10/2/23,NYSE National (C),20987647,12444754,16371468,49803869,619680998.6,531929792.9,504121510.7,1655732302,363428,74126,235520,673074
10/2/23,FINRA / Nasdaq TRF Chicago (DB),4004326,2427882,9416133,15848341,148341491.1,93725828.54,635529345.3,877596665,21963,8095,44795,74853
10/2/23,FINRA / NYSE TRF (DN),43149759,38838030,154667014,236654803,1161211510,1612335699,3627347181,6400894390,287995,134169,449824,871988
10/2/23,FINRA / Nasdaq TRF Carteret (DQ),1509712484,894195212,2101660326,4505568022,65062744624,49711045094,92853424297,2.07627E+11,10590750,3191554,9736311,23518615
10/2/23,MIAX Pearl (H),72721895,105174478,79002610,256898983,1804598854,4645487207,2784287774,9234373835,734677,384171,529209,1648057
10/2/23,EDGA Equities (J),76515919,55583281,67076524,199175724,2017370435,2408794958,2414868427,6841033821,939148,272915,735020,1947083
10/2/23,EDGX Equities (K),167532922,130379614,291984612,589897148,5042528874,7856829039,11445121140,24344479053,1656637,633172,1852086,4141895
10/2/23,LTSE (L),36408,21528,22694,80630,401148.88,1619782.32,877891.89,2898823.09,11,32,46,89
10/2/23,NYSE Chicago (M),9600834,9593140,14782173,33976147,731274690.8,918015611.2,2200289778,3849580080,66500,5599,53787,125886
10/2/23,NYSE (N),989130836,58963286,78557740,1126651862,45339386901,4142261608,3892811565,53374460074,3744321,232844,676841,4654006
10/2/23,NYSE Arca (P),178912636,412387466,397696940,988997042,7291700541,26130867032,14360980828,47783548401,2247294,1674617,2890502,6812413
10/2/23,NASDAQ (Q),440481992,265307680,970834190,1676623862,19101760363,21081546555,50996608913,91179915831,6293519,1638621,7596754,15528894
10/2/23,Members Exchange (U),130905478,61367508,140429831,332702817,4161817683,3718032392,5762630430,13642480505,1564168,363392,1276006,3203566
10/2/23,Investors Exchange (V),114395345,34929909,81960029,231285283,5586918962,2228354224,4646317727,12461590914,1529207,202973,1119849,2852029
10/2/23,NASDAQ PSX (X),8255045,13975233,13253638,35483916,372025912.6,1050057443,748583455.1,2170666810,126021,58116,136310,320447
10/2/23,BYX Equities (Y),32329520,27898981,33767708,93996209,877382455.4,1556020164,1127895769,3561298389,347080,124338,305769,777187
10/2/23,BZX Equities (Z),181539745,135044712,196668653,513253110,7524099053,9682043257,10474078113,27680220422,2617650,745060,2190808,5553518
9/29/23,NYSE American (A),9535256,23415422,7042371,39993049,393085212,671522412.2,363032200.7,1427639825,128336,60156,87435,275927
9/29/23,NASDAQ BX (B),16735169,12094450,17373913,46203532,700335345.9,804405730.7,879681568,2384422645,258194,64826,213693,536713
9/29/23,NYSE National (C),20566558,11027598,16426829,48020985,578675093.2,491592531.6,520174800.2,1590442425,316243,68409,209085,593737
9/29/23,FINRA / Nasdaq TRF Chicago (DB),3943242,2168982,9324611,15436835,153862469.4,92008504.84,557204623,803075597.3,19849,6979,37987,64815
9/29/23,FINRA / NYSE TRF (DN),42923124,34238445,191031538,268193107,1287956537,1201498250,3894280578,6383735365,246505,104850,386477,737832
9/29/23,FINRA / Nasdaq TRF Carteret (DQ),1396203362,838323777,2315536078,4550063217,61863364428,49853946570,97058955663,2.08776E+11,9191628,2474163,8789791,20455582
9/29/23,MIAX Pearl (H),63621687,93646996,78206859,235475542,1582615530,4128783117,2440329380,8151728027,628523,317162,476309,1421994
9/29/23,EDGA Equities (J),76603025,55736685,69052014,201391724,1999095215,2479505539,2474577132,6953177886,878353,262731,681433,1822517
9/29/23,EDGX Equities (K),163369408,138809138,361409109,663587655,5109360240,8458335845,12709925124,26277621208,1519596,598510,1816804,3934910
9/29/23,LTSE (L),804,81339,162181,244324,80331.13,7468546.98,7844124.58,15393002.69,10,100,122,232
9/29/23,NYSE Chicago (M),10509844,13176691,19305163,42991698,708068633.1,2267439546,3887227260,6862735440,67995,5153,54591,127739
9/29/23,NYSE (N),1090544310,60091838,79484740,1230120888,52898071872,4745736584,3917574122,61561382577,3538569,232171,629092,4399832
9/29/23,NYSE Arca (P),170482069,422286737,466458575,1059227381,7105801899,29196240662,13800425004,50102467565,2099069,1591106,2799661,6489836
9/29/23,NASDAQ (Q),432402452,262094955,1127697566,1822194973,19406891018,22007474537,61696175666,1.03111E+11,6071245,1551573,7544164,15166982
9/29/23,Members Exchange (U),114511274,60560802,151756390,326828466,3732706457,3641851633,5645684151,13020242240,1370717,324169,1185612,2880498
9/29/23,Investors Exchange (V),109403670,35250510,83182723,227836903,5290162821,2454046477,4736466485,12480675782,1460112,190435,1102261,2752808
9/29/23,NASDAQ PSX (X),13123622,15349310,17977315,46450247,628278421.4,1358219282,1018197002,3004694705,271006,77624,237220,585850
9/29/23,BYX Equities (Y),31787350,27625268,40649459,100062077,829419925.9,1732930041,1199085242,3761435208,304788,118385,281977,705150
9/29/23,BZX Equities (Z),172766675,143468326,223083387,539318388,7047413647,10768095221,11140650278,28956159146,2276681,701995,2017558,4996234
9/28/23,NYSE American (A),8815652,15433657,6055341,30304650,357112392.7,505136209.3,307401204.1,1169649806,122768,58485,79757,261010
9/28/23,NASDAQ BX (B),17241588,11630621,16803569,45675778,691611851.2,737681471.8,909616080.3,2338909403,275666,62366,238638,576670
9/28/23,NYSE National (C),20609544,10895429,16696237,48201210,584864547.6,458465302.1,542007723.7,1585337573,341818,64529,233149,639496
9/28/23,FINRA / Nasdaq TRF Chicago (DB),3512459,2043644,9050876,14606979,125705353.7,83160404.08,549903025,758768782.8,17936,6497,39334,63767
9/28/23,FINRA / NYSE TRF (DN),42426155,35125869,155704993,233257017,1210361345,1468607669,4045880370,6724849383,251269,97584,411327,760180
9/28/23,FINRA / Nasdaq TRF Carteret (DQ),1498488751,892192336,2164014222,4554695309,65762105206,49061390485,99166552198,2.1399E+11,10063029,2354163,9322125,21739317
9/28/23,MIAX Pearl (H),70328949,86748047,72509464,229586460,1695712857,4024318498,2289227566,8009258921,647766,297373,466872,1412011
9/28/23,EDGA Equities (J),74912088,57002561,69183259,201097908,1966702488,2341084999,2646091712,6953879199,880513,265211,711566,1857290
9/28/23,EDGX Equities (K),161492177,128902547,309160944,599555668,5153113045,7613802749,12531886267,25298802061,1513026,557463,1839408,3909897
9/28/23,LTSE (L),3228,129444,13604,146276,181306.27,11222767.89,727203.57,12131277.73,18,88,35,141
9/28/23,NYSE Chicago (M),14623374,13096356,10606067,38325797,905864861.5,1689287967,1615535838,4210688666,61171,4174,47903,113248
9/28/23,NYSE (N),907902738,58441625,79114537,1045458900,40090093708,4213064244,3897048809,48200206761,3381609,211437,634128,4227174
9/28/23,NYSE Arca (P),182972098,374173721,446528646,1003674465,7383314830,22972293579,13951218137,44306826546,2109900,1388807,2856585,6355292
9/28/23,NASDAQ (Q),447241421,230191500,980829636,1658262557,19409414086,17931919794,52289022802,89630356682,6120339,1356534,7591528,15068401
9/28/23,Members Exchange (U),119525431,60370385,145210980,325106796,3737448245,3548459608,5624287587,12910195441,1355803,323047,1199333,2878183
9/28/23,Investors Exchange (V),115739863,32148517,83438200,231326580,5737849090,2061907802,4756949633,12556706524,1603178,178578,1157179,2938935
9/28/23,NASDAQ PSX (X),15943672,14038483,17550512,47532667,605598734.8,1135231711,1068139514,2808969960,255011,74357,233309,562677
9/28/23,BYX Equities (Y),34554615,27231892,36915792,98702299,806219770.8,1590705020,1199801293,3596726084,309482,118465,282845,710792
9/28/23,BZX Equities (Z),174843802,139721405,208841500,523406707,6892516886,9284812349,10653857886,26831187121,2271077,645157,2046637,4962871
9/27/23,NYSE American (A),11342932,17752069,8159431,37254432,468518059.7,718497883.6,442518755.5,1629534699,137840,65015,89027,291882
9/27/23,NASDAQ BX (B),18332682,11018905,16453865,45805452,683398884.3,685392234.3,838679359,2207470478,257787,59595,203285,520667
9/27/23,NYSE National (C),19483293,11480870,16838250,47802413,550417301.8,511725702.8,514477707.4,1576620712,307612,71193,212554,591359
9/27/23,FINRA / Nasdaq TRF Chicago (DB),4256248,2290269,8950531,15497048,142568296.3,98248742.87,640732539.6,881549578.8,20224,7371,40273,67868
9/27/23,FINRA / NYSE TRF (DN),48911892,38152406,169340085,256404383,1305326963,1561967936,3940375801,6807670699,267869,113468,409396,790733
9/27/23,FINRA / Nasdaq TRF Carteret (DQ),1516132545,840629052,2272035232,4628796829,64014922402,50649020226,1.04349E+11,2.19013E+11,9808103,2724670,9191798,21724571
9/27/23,MIAX Pearl (H),68940250,85318221,80503549,234762020,1802897628,3891381472,2466888660,8161167760,664551,299420,479448,1443419
9/27/23,EDGA Equities (J),75525891,53267166,69899812,198692869,1902005588,2152732823,2437331775,6492070186,856282,257951,674164,1788397
9/27/23,EDGX Equities (K),170248282,122006788,321529465,613784535,5150985690,7484163647,12955146961,25590296297,1541717,591407,1846162,3979286
9/27/23,LTSE (L),133492,24287,32020,189799,1116129.62,2195249.99,4952107.8,8263487.41,98,48,98,244
9/27/23,NYSE Chicago (M),13782774,12279588,12847027,38909389,908664153.6,1662201136,1651113731,4221979020,68330,4584,52908,125822
9/27/23,NYSE (N),921730813,55537268,80163745,1057431826,43075320542,4321746503,3970802063,51367869107,3360028,217992,613822,4191842
9/27/23,NYSE Arca (P),174382035,366073574,425079759,965535368,7245494087,24798182912,14535998735,46579675735,2083614,1490834,2757879,6332327
9/27/23,NASDAQ (Q),438214016,226694600,986012465,1650921081,19555155756,19420775834,55087417013,94063348603,6036306,1391862,7532223,14960391
9/27/23,Members Exchange (U),124946229,54937595,150324720,330208544,3883206423,3344698449,5594352023,12822256895,1375073,324375,1170014,2869462
9/27/23,Investors Exchange (V),114298330,36796934,84345845,235441109,5821307949,2393437939,5219805373,13434551261,1587043,196330,1164865,2948238
9/27/23,NASDAQ PSX (X),12714360,13986368,16651340,43352068,586686315.4,1278796299,990931960.6,2856414575,247161,73547,214454,535162
9/27/23,BYX Equities (Y),35746312,25827018,40498890,102072220,828687175.5,1359405183,1168618280,3356710638,314453,112293,281686,708432
9/27/23,BZX Equities (Z),169340071,149314246,211105716,529760033,6845463312,9932568487,10348642211,27126674009,2244718,676432,1969746,4890896
9/26/23,NYSE American (A),8009527,15694718,6067454,29771699,305211160.6,551447207.5,349933031.4,1206591399,107903,55909,79734,243546
9/26/23,NASDAQ BX (B),16021009,10214581,16568210,42803800,674796926.9,622964096.1,872509981.1,2170271004,263855,57324,234931,556110
9/26/23,NYSE National (C),19003239,10007570,17236450,46247259,596186940.6,446097236.1,598365459.2,1640649636,337327,62442,233394,633163
9/26/23,FINRA / Nasdaq TRF Chicago (DB),3760117,2500059,8780826,15041002,126001882.4,97934749.38,610818829.3,834755461.2,16693,6928,39756,63377
9/26/23,FINRA / NYSE TRF (DN),46363982,38250230,153531717,238145929,1581833553,1564339380,3952406521,7098579454,251734,128236,414305,794275
9/26/23,FINRA / Nasdaq TRF Carteret (DQ),1344553529,842130163,2178336195,4365019887,58121973269,49624305033,94480088565,2.02226E+11,9531324,2912474,9290438,21734236
9/26/23,MIAX Pearl (H),69303692,71948616,79248908,220501216,1685151339,3297773487,2338023670,7320948495,631721,257685,466582,1355988
9/26/23,EDGA Equities (J),68738683,48268380,64539292,181546355,1840482097,1973333463,2337620064,6151435625,841901,233133,675611,1750645
9/26/23,EDGX Equities (K),146506988,116110893,330856182,593474063,4519058050,7110701350,11270761891,22900521291,1476801,563046,1857763,3897610
9/26/23,LTSE (L),9822,220883,91710,322415,448392.12,22083654.04,4861832.44,27393878.6,74,36,153,263
9/26/23,NYSE Chicago (M),18612823,17531185,16550124,52694132,1132638332,1955290518,1844419776,4932348626,61898,5126,54481,121505
9/26/23,NYSE (N),847654007,50452822,75597540,973704369,40513563370,3693638878,3678374670,47885576918,3042216,192132,591154,3825502
9/26/23,NYSE Arca (P),151830233,371439398,395329673,918599304,6339843582,24029394735,13613853783,43983092100,1953294,1383769,2855074,6192137
9/26/23,NASDAQ (Q),385446332,200909518,969585801,1555941651,17684146811,17426030628,52249766839,87359944278,5590253,1231057,7323482,14144792
9/26/23,Members Exchange (U),105652559,52134751,144137929,301925239,3466602417,3061751907,5416390015,11944744338,1287708,294931,1186018,2768657
9/26/23,Investors Exchange (V),105250691,33065824,95629177,233945692,5539118922,2195372668,4830737268,12565228858,1521294,181381,1156802,2859477
9/26/23,NASDAQ PSX (X),10728949,11860709,15001726,37591384,537471382.4,964044720.6,850476184.8,2351992288,231621,60919,205046,497586
9/26/23,BYX Equities (Y),29595019,25260344,37152546,92007909,758589784.7,1356909601,1032974136,3148473522,301682,109069,280144,690895
9/26/23,BZX Equities (Z),144835558,112658551,199555886,457049995,5925072983,8411939843,9318116240,23655129066,2050706,587805,1911652,4550163
9/25/23,NYSE American (A),7393678,16197270,5925824,29516772,300020533.6,493655118.3,315457152.8,1109132805,98659,51755,71397,221811
9/25/23,NASDAQ BX (B),14059490,8077318,14481868,36618676,562573431.4,488235881.7,687000225.3,1737809538,229531,48262,198236,476029
9/25/23,NYSE National (C),16463655,8172538,13638802,38274995,495419862.9,363164280.4,425460178.3,1284044322,288556,52191,202144,542891
9/25/23,FINRA / Nasdaq TRF Chicago (DB),3476510,2740635,8568577,14785722,126926293.1,87386675.59,536416378.2,750729346.9,17319,6934,38441,62694
9/25/23,FINRA / NYSE TRF (DN),43334340,35540212,146495788,225370340,1104526811,1186699358,3073591796,5364817965,240614,104723,362851,708188
9/25/23,FINRA / Nasdaq TRF Carteret (DQ),1228560581,755136735,1934897044,3918594360,54059508660,40964489261,83117906929,1.78142E+11,8514811,2413244,8498008,19426063
9/25/23,MIAX Pearl (H),61054523,66139987,66390301,193584811,1484020120,2664770164,1971788088,6120578371,585430,225251,408044,1218725
9/25/23,EDGA Equities (J),60082688,42925847,54132747,157141282,1571969479,1652764557,1983691360,5208425396,742809,202476,599232,1544517
9/25/23,EDGX Equities (K),134941285,98438699,273413984,506793968,4026428005,5393118586,9657384655,19076931246,1303929,465764,1564973,3334666
9/25/23,LTSE (L),36329,70486,154169,260984,2442848.49,3195163.7,5680075.86,11318088.05,23,9,48,80
9/25/23,NYSE Chicago (M),14124036,5260079,10694506,30078621,708619063.5,546765790.3,1304813506,2560198359,54893,4906,46171,105970
9/25/23,NYSE (N),798217694,43363935,66449246,908030875,37743415533,3130192731,3076202264,43949810528,2830086,171245,512282,3513613
9/25/23,NYSE Arca (P),146437903,302483388,344801086,793722377,6002422619,18398018786,11241124067,35641565472,1773656,1168124,2399472,5341252
9/25/23,NASDAQ (Q),357232045,176154235,848208742,1381595022,15664890450,13969547690,43999228494,73633666634,5035596,1037527,6471427,12544550
9/25/23,Members Exchange (U),98017416,49490594,121635147,269143157,3112165891,2635412627,4492351065,10239929583,1152907,257463,1016664,2427034
9/25/23,Investors Exchange (V),94546429,24710642,75844095,195101166,4947844738,1471579092,4169154455,10588578285,1379946,149002,1059888,2588836
9/25/23,NASDAQ PSX (X),10897639,10672601,12838208,34408448,515691463.6,879104817.6,700515278.5,2095311560,219199,55539,176520,451258
9/25/23,BYX Equities (Y),26996383,22006078,30811315,79813776,694770735.9,1149960052,930450341.3,2775181129,273402,90471,242164,606037
9/25/23,BZX Equities (Z),130702297,93578323,176694587,400975207,5263600455,6083566036,7553124480,18900290971,1869711,473334,1674481,4017526
9/22/23,NYSE American (A),8441666,14239936,6049538,28731140,378752194.2,662859869,383401912.5,1425013976,108903,53394,76979,239276
9/22/23,NASDAQ BX (B),13550310,9028244,14593577,37172131,682647864.3,607215225.9,827211348.3,2117074439,262374,49005,220161,531540
9/22/23,NYSE National (C),18699639,8611669,15179985,42491293,570534465.5,388304049,481965988.7,1440804503,298632,55937,200428,554997
9/22/23,FINRA / Nasdaq TRF Chicago (DB),3188386,1977478,7948783,13114647,123816767,92802832.25,562306792.4,778926391.7,16239,6568,39230,62037
9/22/23,FINRA / NYSE TRF (DN),38848899,32433976,153190096,224472971,1125576156,1389942916,3804123747,6319642819,244743,107419,392011,744173
9/22/23,FINRA / Nasdaq TRF Carteret (DQ),1256427502,737113460,1981430516,3974971478,57173018286,48549610719,95371707557,2.01094E+11,8938825,2481182,8817959,20237966
9/22/23,MIAX Pearl (H),60475922,66543397,69575679,196594998,1590457669,3183191094,2424228968,7197877730,607871,257167,437171,1302209
9/22/23,EDGA Equities (J),66491535,42969174,57248151,166708860,1954164075,1863353756,2220573352,6038091182,816375,211354,619371,1647100
9/22/23,EDGX Equities (K),140640094,98083838,289378210,528102142,4652694828,6279757942,11227478396,22159931165,1388202,484780,1673794,3546776
9/22/23,LTSE (L),11686,33312,21837,66835,1143412.29,3051970.2,1059201.33,5254583.82,69,37,52,158
9/22/23,NYSE Chicago (M),8352578,14516931,10546599,33416108,624748581.9,1771683770,1825272173,4221704525,59034,5186,48202,112422
9/22/23,NYSE (N),876676402,44969143,68226197,989871742,42909427137,3687616544,3583765500,50180809180,3036239,190007,543827,3770073
9/22/23,NYSE Arca (P),157421864,315793013,379114343,852329220,7013389714,22104578702,12855365029,41973333445,1926257,1255530,2509135,5690922
9/22/23,NASDAQ (Q),387562335,186961568,906627219,1481151122,17972434499,17772729290,52255750501,88000914290,5549330,1155572,6981842,13686744
9/22/23,Members Exchange (U),104192032,46138129,130238377,280568538,3569214643,2976414286,5343159625,11888788554,1270122,277527,1107957,2655606
9/22/23,Investors Exchange (V),103188746,29382632,80343051,212914429,5350902403,1874493803,4560245715,11785641920,1444279,167272,1068917,2680468
9/22/23,NASDAQ PSX (X),11169253,10838302,14309370,36316925,547675531.9,1149002525,880184573.1,2576862630,226015,67864,197422,491301
9/22/23,BYX Equities (Y),28928351,25125982,33444933,87499266,859383623.5,1458014979,1163326217,3480724819,300924,103232,263885,668041
9/22/23,BZX Equities (Z),140928890,101271662,195161409,437361961,6245209290,7972996997,9813761839,24031968126,1996936,536997,1776403,4310336
9/21/23,NYSE American (A),8498416,13909676,6163278,28571370,337333909.2,642441874.4,374614384.5,1354390168,111382,56997,79639,248018
9/21/23,NASDAQ BX (B),14854680,10655247,16930560,42440487,772108142.2,722898680.4,1085084687,2580091509,280071,57983,264695,602749
9/21/23,NYSE National (C),18858240,10728314,15618822,45205376,615347340.8,467155680,564518169.6,1647021190,337966,69537,236885,644388
9/21/23,FINRA / Nasdaq TRF Chicago (DB),4459645,2644919,9871211,16975775,183957967.2,96636089.17,674383140.4,954977196.8,23126,8385,45255,76766
9/21/23,FINRA / NYSE TRF (DN),45826550,36319180,190375822,272521552,1336405372,1498523875,3838669424,6673598671,290463,126557,444386,861406
9/21/23,FINRA / Nasdaq TRF Carteret (DQ),1422690413,822427054,2318680622,4563798089,65835408069,47379248735,1.04902E+11,2.18117E+11,9997115,3039208,9779956,22816279
9/21/23,MIAX Pearl (H),67503426,77802568,80399305,225705299,1676227108,3869507441,2567915797,8113650346,625969,302255,454406,1382630
9/21/23,EDGA Equities (J),69327976,53555593,68751099,191634668,2010335583,2250302718,2638847369,6899485671,878634,272100,725606,1876340
9/21/23,EDGX Equities (K),163497091,127746883,312214797,603458771,5538867115,7402785535,13489462419,26431115069,1632005,637114,1973620,4242739
9/21/23,LTSE (L),10311,23878,39553,73742,887350.93,2190090.16,1963708.74,5041149.83,121,205,122,448
9/21/23,NYSE Chicago (M),14909156,9812516,17298047,42019719,1023931664,2045849784,2336186658,5405968106,73005,5090,61946,140041
9/21/23,NYSE (N),854739350,54746797,77357268,986843415,43395883761,4393480688,4216846238,52006210688,3331012,215574,625518,4172104
9/21/23,NYSE Arca (P),170040058,368349567,443807430,982197055,7791687464,23828036854,16842340814,48462065132,2182162,1498325,2959758,6640245
9/21/23,NASDAQ (Q),432825357,214931163,1035899920,1683656440,20821177948,18717077455,63865640160,1.03404E+11,6170253,1352192,8138097,15660542
9/21/23,Members Exchange (U),115251768,58704902,152537109,326493779,4093612091,3563951200,6508617187,14166180478,1412367,332942,1269815,3015124
9/21/23,Investors Exchange (V),116806802,31872032,93144461,241823295,6534070140,2267409606,6034134764,14835614510,1643063,206492,1223213,3072768
9/21/23,NASDAQ PSX (X),12009587,12924754,16609563,41543904,613889183.6,1179407535,1179246226,2972542945,252961,74597,243243,570801
9/21/23,BYX Equities (Y),32155614,30473153,39661981,102290748,990124842.7,1811231651,1404227964,4205584458,334894,130705,306634,772233
9/21/23,BZX Equities (Z),158071178,119552032,231505627,509128837,7137439090,8827659685,11485748505,27450847279,2260614,639747,2076283,4976644
9/20/23,NYSE American (A),7593256,12556692,6143992,26293940,282156461.8,424565666.9,308703862.4,1015425991,93897,50931,67662,212490
9/20/23,NASDAQ BX (B),12970164,6995494,15513029,35478687,607255963.1,486082746.9,758401062.5,1851739772,233583,42559,204427,480569
9/20/23,NYSE National (C),17693469,8296560,15848496,41838525,564832491.2,346884083.5,503610361.5,1415326936,296174,54405,208577,559156
9/20/23,FINRA / Nasdaq TRF Chicago (DB),3656494,1870563,9221619,14748676,137212261.2,84794963.4,549101558.1,771108782.7,17083,5764,38644,61491
9/20/23,FINRA / NYSE TRF (DN),44615156,27004700,200744765,272364621,1254289608,1027273160,3789923972,6071486739,264906,94578,395961,755445
9/20/23,FINRA / Nasdaq TRF Carteret (DQ),1297587639,617188451,2224200060,4138976150,57679366695,36957463846,91205950732,1.85843E+11,8624524,2054461,8469391,19148376
9/20/23,MIAX Pearl (H),66829676,67977810,62017979,196825465,1645748074,2951801522,1852568456,6450118052,588845,240631,411417,1240893
9/20/23,EDGA Equities (J),65508185,38798492,64972609,169279286,1843580312,1664208589,2422261125,5930050027,792285,201289,655131,1648705
9/20/23,EDGX Equities (K),149711257,105717102,327058794,582487153,4787880350,6100924560,11306226566,22195031475,1414455,500566,1696117,3611138
9/20/23,LTSE (L),23611,44396,41586,109593,1530947.95,3969117.28,4915872.03,10415937.26,24,11,207,242
9/20/23,NYSE Chicago (M),12921253,13696360,15349462,41967075,938433900.6,2390027590,2158520492,5486981982,78055,5192,66715,149962
9/20/23,NYSE (N),767662873,47264550,73553415,888480838,37043457579,3727335214,3296402526,44067195318,2938281,186158,541400,3665839
9/20/23,NYSE Arca (P),158558381,282858734,469808656,911225771,6823389738,19325304035,12568834081,38717527855,1915873,1190605,2621902,5728380
9/20/23,NASDAQ (Q),383951535,179686107,918153880,1481791522,17668451538,15753450108,49371173885,82793075532,5654967,1144372,7088966,13888305
9/20/23,Members Exchange (U),104444858,45388790,148675621,298509269,3523207334,2690032482,5292010269,11505250086,1231983,269209,1083870,2585062
9/20/23,Investors Exchange (V),97723537,24621857,76307892,198653286,5015716380,1629799989,4134065343,10779581712,1408590,154907,1038676,2602173
9/20/23,NASDAQ PSX (X),10728305,9276666,14315704,34320675,502089500.6,898735214.2,825630155.6,2226454870,206687,56988,186121,449796
9/20/23,BYX Equities (Y),26642657,20259341,38227826,85129824,725112650.7,1163978148,1020589169,2909679967,278219,94043,257056,629318
9/20/23,BZX Equities (Z),136142295,97012642,240345128,473500065,5697976498,7206039013,9027779885,21931795396,1892737,533262,1755345,4181344
9/19/23,NYSE American (A),8338243,14939476,6038986,29316705,308211600.8,394403963,264001018.5,966616582.3,107718,51708,77335,236761
9/19/23,NASDAQ BX (B),14849510,6806730,15792548,37448788,606563045.1,436500647.5,644523562.1,1687587255,235919,41103,199971,476993
9/19/23,NYSE National (C),19513673,7577412,16260231,43351316,536942642,318629514.7,410413861.4,1265986018,317826,50821,223101,591748
9/19/23,FINRA / Nasdaq TRF Chicago (DB),3851943,1847717,9515739,15215399,127517217.1,65627731.34,561579575.3,754724523.8,18462,5793,41201,65456
9/19/23,FINRA / NYSE TRF (DN),55903829,28434391,181983412,266321632,1398668076,1090395101,3560175722,6049238898,283049,100812,412278,796139
9/19/23,FINRA / Nasdaq TRF Carteret (DQ),1388925946,614424038,2049410906,4052760890,58113842776,33769760494,86212620098,1.78096E+11,8980706,2132299,8765293,19878298
9/19/23,MIAX Pearl (H),63331173,55142916,53554072,172028161,1573191741,2445508485,1680775836,5699476063,591295,206142,392182,1189619
9/19/23,EDGA Equities (J),68327603,32067071,64162668,164557342,1855919836,1432472698,1901211079,5189603613,816058,169954,663816,1649828
9/19/23,EDGX Equities (K),154459395,90324979,290159737,534944111,4595828837,4941115186,9721117575,19258061598,1385647,430135,1621658,3437440
9/19/23,LTSE (L),4663,23000,69828,97491,605943.4,193150,5004443.64,5803537.04,64,4,148,216
9/19/23,NYSE Chicago (M),25976542,14445017,18032193,58453752,1098442347,2259758201,2339104811,5697305359,61562,4559,51543,117664
9/19/23,NYSE (N),896491591,37456680,69284851,1003233122,43292193702,2760465205,2970617053,49023275959,2887976,151566,534615,3574157
9/19/23,NYSE Arca (P),172586719,251003805,402126727,825717251,7335270132,15364689783,11509738246,34209698161,1959565,1023067,2596742,5579374
9/19/23,NASDAQ (Q),387002626,146944363,956423332,1490370321,17176952592,12647369695,47634884104,77459206391,5663588,943365,7035675,13642628
9/19/23,Members Exchange (U),112802888,40492174,137408007,290703069,3777069790,2179164068,4696651352,10652885210,1257753,226142,1098470,2582365
9/19/23,Investors Exchange (V),106833169,22789743,80811894,210434806,5233587659,1483033248,4055424619,10772045526,1454778,146982,1075749,2677509
9/19/23,NASDAQ PSX (X),10799205,8262306,12589527,31651038,461732501.6,751295600,670794496.1,1883822598,207239,47483,187199,441921
9/19/23,BYX Equities (Y),34903204,20347959,38971752,94222915,792390882,1168228124,833106826.6,2793725833,303872,88109,264874,656855
9/19/23,BZX Equities (Z),147163141,81187146,190824292,419174579,5842714650,5498979483,7897444232,19239138365,1956751,441643,1760017,4158411
9/18/23,NYSE American (A),7132198,15188207,5956337,28276742,273299353.8,406829179.9,263874104.3,944002638,101331,51960,78514,231805
9/18/23,NASDAQ BX (B),11596359,5797259,15214943,32608561,565600285.6,348556526.9,689630104.2,1603786917,219416,37506,205815,462737
9/18/23,NYSE National (C),14741790,6601106,16044154,37387050,459105064.2,274813925.1,392571252.6,1126490242,280204,48088,220010,548302
9/18/23,FINRA / Nasdaq TRF Chicago (DB),3071634,1925091,10459182,15455907,118516200.9,65534483.04,607658604.8,791709288.7,17746,5702,44500,67948
9/18/23,FINRA / NYSE TRF (DN),45518437,35323321,202515598,283357356,1331678612,1146558937,3510897602,5989135151,280190,95078,443968,819236
9/18/23,FINRA / Nasdaq TRF Carteret (DQ),1203483395,605113908,2294782672,4103379975,56283718672,31926982451,87984956240,1.76196E+11,8861580,2209588,9251085,20322253
9/18/23,MIAX Pearl (H),52602333,51277321,56892775,160772429,1374778301,2076024654,1649863757,5100666711,538780,181172,386564,1106516
9/18/23,EDGA Equities (J),55597634,28065903,59721942,143385479,1710073238,1201629962,1952111748,4863814948,748102,153788,654015,1555905
9/18/23,EDGX Equities (K),136554363,80811568,311080639,528446570,4450452547,4215598990,9659300299,18325351837,1383454,407801,1696972,3488227
9/18/23,LTSE (L),5578,1300,62623,69501,675063.43,119150,887896.86,1682110.29,84,3,101,188
9/18/23,NYSE Chicago (M),14525510,12918699,22231728,49675937,1031129172,1222438886,2773089504,5026657562,60839,3779,54718,119336
9/18/23,NYSE (N),858950730,32618300,72114726,963683756,42133645784,2256280373,2883687102,47273613259,2869474,133821,535266,3538561
9/18/23,NYSE Arca (P),137679218,233216788,439691514,810587520,5993985161,13943351316,12276354478,32213690955,1821827,965500,2740210,5527537
9/18/23,NASDAQ (Q),346432623,136906357,1018466892,1501805872,16167719212,10968429279,50022368721,77158517212,5583873,884947,7395977,13864797
9/18/23,Members Exchange (U),101471942,38143489,138381550,277996981,3349361073,1985274500,4542951482,9877587055,1309628,217314,1207468,2734410
9/18/23,Investors Exchange (V),91676776,21729433,80306917,193713126,4736730539,1340896767,4053366854,10130994159,1426881,143992,1113285,2684158
9/18/23,NASDAQ PSX (X),9455537,6934773,13307374,29697684,453957559.5,551943956.4,666715762.9,1672617279,191628,42884,181704,416216
9/18/23,BYX Equities (Y),27001956,19229498,38994833,85226287,709111028.7,929446458.2,908711451.4,2547268938,271812,86096,264442,622350
9/18/23,BZX Equities (Z),131398434,72826209,206784287,411008930,5707536881,4809999813,8100594074,18618130768,1956638,412561,1870640,4239839
9/15/23,NYSE American (A),8678321,75649246,7953567,92281134,329558715.6,888164971.6,365250229.4,1582973917,118798,65908,89498,274204
9/15/23,NASDAQ BX (B),15793938,9084511,19486880,44365329,806225045.6,701898213.2,1030029252,2538152511,286868,54330,259483,600681
9/15/23,NYSE National (C),23902764,9445505,22355047,55703316,833670387,386532728,597093281.8,1817296397,414135,62733,295596,772464
9/15/23,FINRA / Nasdaq TRF Chicago (DB),3334841,2283034,11002928,16620803,143650582,94943368.51,623012165.5,861606116,18113,7582,48900,74595
9/15/23,FINRA / NYSE TRF (DN),44314748,34497885,242793658,321606291,1499864387,1459797608,5300812280,8260474276,301200,117556,477825,896581
9/15/23,FINRA / Nasdaq TRF Carteret (DQ),2262891055,766547041,3314778301,6344216397,1.04275E+11,49957114339,1.33853E+11,2.88085E+11,10742677,2516050,10559847,23818574
9/15/23,MIAX Pearl (H),64085883,67249229,65037705,196372817,1935256289,3091625486,2271537235,7298419010,697590,242969,493692,1434251
9/15/23,EDGA Equities (J),73843731,40985729,79276682,194106142,2311216644,2305167147,2790653070,7407036860,962680,222591,814868,2000139
9/15/23,EDGX Equities (K),168882644,107474727,369048017,645405388,5820737149,6437456340,12552774347,24810967837,1746196,543914,2026161,4316271
9/15/23,LTSE (L),43693,14507,69651,127851,6536341.47,731159.48,8504002.65,15771503.6,34,8,183,225
9/15/23,NYSE Chicago (M),25219875,23089268,30223624,78532767,1750246050,2711450651,5422430550,9884127251,69695,4898,57861,132454
9/15/23,NYSE (N),3438078437,45625212,89527213,3573230862,1.69137E+11,3729629038,4068347450,1.76935E+11,3578559,198107,704342,4481008
9/15/23,NYSE Arca (P),192541948,323305401,536278333,1052125682,8742017350,23166670883,16817944125,48726632358,2468049,1350240,3203864,7022153
9/15/23,NASDAQ (Q),472544986,191620948,3124952434,3789118368,22983321561,17498002958,1.56426E+11,1.96907E+11,7071087,1218044,8977259,17266390
9/15/23,Members Exchange (U),128079504,46141074,165031641,339252219,4582361771,2891369264,6362907093,13836638127,1738678,294277,1511009,3543964
9/15/23,Investors Exchange (V),123399504,28537787,103538897,255476188,6571120317,2205406103,5528869631,14305396051,1930195,184882,1486875,3601952
9/15/23,NASDAQ PSX (X),21713532,10186598,22216116,54116246,1175211790,906511032.4,1300630630,3382353452,437394,63505,347612,848511
9/15/23,BYX Equities (Y),39515976,28190212,52654364,120360552,1065453944,1847687019,1298004564,4211145527,391902,125324,344673,861899
9/15/23,BZX Equities (Z),186553983,107976103,267617892,562147978,8561939806,8160579288,12573340184,29295859277,2523982,594311,2333505,5451798
9/14/23,NYSE American (A),7877633,15944522,6251403,30073558,306199161,464201728.5,307220543.2,1077621433,107061,56444,80139,243644
9/14/23,NASDAQ BX (B),14591074,8009684,17058369,39659127,690107714.3,512839905.5,871734232.5,2074681852,259995,46798,237662,544455
9/14/23,NYSE National (C),21971971,9002006,18529827,49503804,683739447.7,382276378.5,567458856.1,1633474682,376622,59180,272217,708019
9/14/23,FINRA / Nasdaq TRF Chicago (DB),3629634,1742347,9169519,14541500,154155658.9,81303481.17,514839418.8,750298559,19506,6199,43014,68719
9/14/23,FINRA / NYSE TRF (DN),48157829,32571966,176667028,257396823,1446016349,1319013750,3841916197,6606946296,284216,95861,439735,819812
9/14/23,FINRA / Nasdaq TRF Carteret (DQ),1386846094,700786686,2221643319,4309276099,63994529571,40674748059,96932479504,2.01602E+11,9657030,2138727,9536396,21332153
9/14/23,MIAX Pearl (H),60430069,58085337,56252676,174768082,1752441314,2625771543,1801401740,6179614597,664459,205582,425774,1295815
9/14/23,EDGA Equities (J),68189791,34772045,66902439,169864275,2068299302,1594956298,2316261814,5979517414,880216,180804,755354,1816374
9/14/23,EDGX Equities (K),165160045,95696924,292093058,552950027,5767016791,5575222945,11530652763,22872892499,1630545,450132,1884957,3965634
9/14/23,LTSE (L),50869,1300,91790,143959,928991.59,53849,2895924.52,3878765.11,113,4,128,245
9/14/23,NYSE Chicago (M),24107670,14020360,19523382,57651412,1447336171,2398662339,2890199655,6736198165,57946,3939,50481,112366
9/14/23,NYSE (N),918375877,39225456,74086268,1031687601,47241132867,2968217455,3527168680,53736519002,3143988,162456,616680,3923124
9/14/23,NYSE Arca (P),169179034,270919596,417381575,857480205,7408251465,17945488410,15032680557,40386420432,2131795,1112649,2925228,6169672
9/14/23,NASDAQ (Q),407341703,165861578,1037916887,1611120168,19730805642,14600092988,58251235187,92582133817,6220900,1042005,7918854,15181759
9/14/23,Members Exchange (U),114161892,41796969,139700283,295659144,3978822081,2352216991,5125524019,11456563091,1473784,236273,1270387,2980444
9/14/23,Investors Exchange (V),108880153,25199266,91345083,225424502,5776315488,1760387148,5220051475,12756754111,1691872,165974,1333259,3191105
9/14/23,NASDAQ PSX (X),14127838,9137015,16687464,39952317,695834027.9,773380540.9,961489220.5,2430703789,312081,53637,269676,635394
9/14/23,BYX Equities (Y),34556087,24155333,38841058,97552478,906874780.3,1315043258,1091191034,3313109072,347123,102033,306998,756154
9/14/23,BZX Equities (Z),157583966,91671039,196855523,446110528,7152702495,6445823808,10168358882,23766885185,2221539,481382,2022946,4725867
9/13/23,NYSE American (A),7251399,13461620,5615219,26328238,246211698.5,336021062.8,289230698.1,871463459.5,92679,53335,71325,217339
9/13/23,NASDAQ BX (B),13290793,6436171,18126038,37853002,664169131.7,395399822.1,840427302.8,1899996257,258167,38803,247841,544811
9/13/23,NYSE National (C),18472245,9777570,16180487,44430302,584563692.3,378485223.9,514219807.2,1477268723,331908,50756,249572,632236
9/13/23,FINRA / Nasdaq TRF Chicago (DB),3431999,1536302,9445869,14414170,131645739,65439635.15,617759315.2,814844689.3,18237,5427,40936,64600
9/13/23,FINRA / NYSE TRF (DN),47182778,34295285,177648811,259126874,1471626452,1388458708,3880037618,6740122778,297758,92793,451633,842184
9/13/23,FINRA / Nasdaq TRF Carteret (DQ),1361077025,614171428,2290796917,4266045370,62197156174,32611807564,94548812964,1.89358E+11,10151893,2006153,9746290,21904336
9/13/23,MIAX Pearl (H),57456720,60027824,55015016,172499560,1549946651,2270095905,1678466033,5498508589,625030,194571,397667,1217268
9/13/23,EDGA Equities (J),61658169,30701996,65107780,157467945,1838991822,1356875575,2119970032,5315837429,844316,161961,739611,1745888
9/13/23,EDGX Equities (K),148038710,86829700,306615289,541483699,5036644802,4699240745,11008928549,20744814097,1562200,427922,1825792,3815914
9/13/23,LTSE (L),17723,101,7118,24942,1714366.72,958.49,1012590.12,2727915.33,84,4,87,175
9/13/23,NYSE Chicago (M),14811702,9260055,17726884,41798641,1021709304,885901435.1,3416826903,5324437642,55608,3430,48005,107043
9/13/23,NYSE (N),881375638,35856714,71842497,989074849,43730235907,2644983739,3314582051,49689801697,3166863,153716,608451,3929030
9/13/23,NYSE Arca (P),159587087,245862646,424317949,829767682,6995550743,15611702217,14360118407,36967371367,2068565,1063675,2856079,5988319
9/13/23,NASDAQ (Q),394444998,156396337,994723654,1545564989,19234714609,13318745887,53179207761,85732668256,6370521,993204,7973242,15336967
9/13/23,Members Exchange (U),110653791,39751269,138482240,288887300,3779718866,2161663758,5108520091,11049902715,1474045,233525,1282507,2990077
9/13/23,Investors Exchange (V),109557804,25621954,88698887,223878645,5787966051,1564772101,4982055630,12334793782,1719364,156104,1330165,3205633
9/13/23,NASDAQ PSX (X),13864411,7762837,16944825,38572073,664795064.6,587996174.9,859412126.9,2112203366,293463,47385,243080,583928
9/13/23,BYX Equities (Y),30929721,20467748,38751085,90148554,846919760.8,1033123417,1044555945,2924599124,334777,89752,306597,731126
9/13/23,BZX Equities (Z),144926325,84601690,202500758,432028773,6590201386,5657661906,9448139374,21696002665,2179761,455974,2024127,4659862
9/12/23,NYSE American (A),7744312,12543549,5850517,26138378,292219960.4,355785125.5,286050615.3,934055701.2,106372,52024,77099,235495
9/12/23,NASDAQ BX (B),13256295,5959116,16586484,35801895,653138253.2,453856556.3,806444553.5,1913439363,257799,38584,239635,536018
9/12/23,NYSE National (C),17585893,7254617,15750596,40591106,615278903.1,329391038.8,504725205.5,1449395147,341451,52189,253847,647487
9/12/23,FINRA / Nasdaq TRF Chicago (DB),3761336,1794580,9947509,15503425,149356353.9,75207344.11,573582390.6,798146088.6,20181,5570,38620,64371
9/12/23,FINRA / NYSE TRF (DN),44317095,29670919,174836048,248824062,1497143879,1497195534,4361083365,7355422778,276984,87444,451614,816042
9/12/23,FINRA / Nasdaq TRF Carteret (DQ),1370317211,613380004,2180629458,4164326673,63749283358,36260668256,94669963986,1.9468E+11,9931295,2037404,9608509,21577208
9/12/23,MIAX Pearl (H),56751634,51232573,52924854,160909061,1648780749,2234533465,1708769415,5592083630,585845,188623,388070,1162538
9/12/23,EDGA Equities (J),61302165,28435894,61756809,151494868,1885526025,1356576270,2180619026,5422721321,840986,157289,714760,1713035
9/12/23,EDGX Equities (K),154515668,78452828,303380588,536349084,5696989161,4171315224,10681350266,20549654652,1631465,392416,1820579,3844460
9/12/23,LTSE (L),7933,15212,101168,124313,709011.66,1382590.52,5618472.15,7710074.33,109,36,102,247
9/12/23,NYSE Chicago (M),15874282,10113317,18390216,44377815,770743996.2,2417343991,3190839152,6378927139,59738,3608,52576,115922
9/12/23,NYSE (N),780318238,35128782,70857419,886304439,39449195124,2560529572,3229988021,45239712716,3140841,148659,591571,3881071
9/12/23,NYSE Arca (P),160202515,229907793,406337849,796448157,7225665778,15099643440,12776267558,35101576776,2099051,1009238,2783601,5891890
9/12/23,NASDAQ (Q),391181196,141500812,912474296,1445156304,19362639830,12451037673,49699533223,81513210727,6190405,938284,7735414,14864103
9/12/23,Members Exchange (U),109021333,35881231,134129929,279032493,3895321696,2063776851,5045287155,11004385702,1420238,215649,1243747,2879634
9/12/23,Investors Exchange (V),109100679,22944722,89021786,221067187,5877605449,1622807941,4800151505,12300564896,1740992,154023,1352571,3247586
9/12/23,NASDAQ PSX (X),12729266,7120628,14432570,34282464,595645950.7,582230468.3,818506610.2,1996383029,249524,44504,216040,510068
9/12/23,BYX Equities (Y),31319159,20403693,38367689,90090541,880292697,1159067381,1033524556,3072884634,340165,90082,303536,733783
9/12/23,BZX Equities (Z),146068133,72596724,193079158,411744015,6863201952,5409299307,8821956906,21094458165,2155817,431378,1919603,4506798
9/11/23,NYSE American (A),8360553,14117573,6523297,29001423,325662515.6,378856070.2,367166841.6,1071685427,106201,56979,79672,242852
9/11/23,NASDAQ BX (B),14294467,6610455,16111789,37016711,632503617.7,443004834,785658111.8,1861166563,232186,40679,211818,484683
9/11/23,NYSE National (C),18803731,7305890,14377651,40487272,573577070.8,290539926.9,431072330.7,1295189328,310370,49042,219182,578594
9/11/23,FINRA / Nasdaq TRF Chicago (DB),3554250,1792301,8894975,14241526,136160800.2,88962258.38,661170726.6,886293785.2,18570,6497,42023,67090
9/11/23,FINRA / NYSE TRF (DN),45255753,28159175,173958080,247373008,1185578175,1185845198,4034300975,6405724348,299380,103784,502308,905472
9/11/23,FINRA / Nasdaq TRF Carteret (DQ),1326882202,593190651,2236119545,4156192398,61809002568,34228532092,1.04438E+11,2.00475E+11,9928776,2278116,10307491,22514383
9/11/23,MIAX Pearl (H),52819118,46818040,51730482,151367640,1433664965,1960674773,1626348082,5020687820,573532,169253,391720,1134505
9/11/23,EDGA Equities (J),61928083,30228032,60720411,152876526,1797695899,1290101154,2113240610,5201037662,804121,163223,681281,1648625
9/11/23,EDGX Equities (K),158585083,80713511,271073648,510372242,5454547443,4192059278,12073706096,21720312817,1590386,423098,1873952,3887436
9/11/23,LTSE (L),20939,71169,101537,193645,934441.54,6516233.64,10910164.32,18360839.5,100,21,226,347
9/11/23,NYSE Chicago (M),9906990,8067351,12698116,30672457,717808712.7,896664061,1993651154,3608123927,60311,3409,53246,116966
9/11/23,NYSE (N),776840487,32289017,70514955,879644459,38105123565,2341585026,3157732505,43604441097,3029081,141797,585211,3756089
9/11/23,NYSE Arca (P),159110631,250784405,373817165,783712201,6966686865,15038723608,15046387518,37051797990,2056262,1067062,2956970,6080294
9/11/23,NASDAQ (Q),389429581,142504345,913109094,1445043020,18558497273,11868341304,53674817750,84101656328,6167974,948845,7887818,15004637
9/11/23,Members Exchange (U),100406947,35766897,132886391,269060235,3383380201,1865640786,5026029577,10275050565,1330574,204827,1235254,2770655
9/11/23,Investors Exchange (V),104939739,22869918,83795704,211605361,5455539792,1523164100,4771470083,11750173975,1668421,163009,1294926,3126356
9/11/23,NASDAQ PSX (X),13375550,7465941,15033757,35875248,583221735.4,569130447.7,800281894,1952634077,247544,45658,228748,521950
9/11/23,BYX Equities (Y),31801320,18944997,38387416,89133733,837928291.9,1026970390,1000766573,2865665255,314607,89557,291743,695907
9/11/23,BZX Equities (Z),147920867,74889631,181739708,404550206,6498708371,5168425018,9519261253,21186394642,2119870,430821,1962668,4513359
9/8/23,NYSE American (A),7658972,13165349,5310238,26134559,287372462.5,327328213.9,282381750.7,897082427.2,102064,47908,68686,218658
9/8/23,NASDAQ BX (B),13625469,6335121,13937804,33898394,597944982.2,451987610,706386270.9,1756318863,217999,34463,178201,430663
9/8/23,NYSE National (C),18316870,7948260,14029523,40294653,582221291.8,340737540.7,430885375.1,1353844208,318255,49859,215278,583392
9/8/23,FINRA / Nasdaq TRF Chicago (DB),3541954,1399700,7858214,12799868,130480398.1,69322221.39,595860919.4,795663539,17194,5196,39722,62112
9/8/23,FINRA / NYSE TRF (DN),41210645,26564711,144317217,212092573,1173690209,1146721310,3515121105,5835532624,281454,91289,432278,805021
9/8/23,FINRA / Nasdaq TRF Carteret (DQ),1288149338,577296087,2034415688,3899861113,60102616038,34198679339,94942427500,1.89244E+11,9222632,1995532,8998842,20217006
9/8/23,MIAX Pearl (H),52739768,51480988,49020866,153241622,1462833321,1875847364,1534456841,4873137526,550871,161307,371330,1083508
9/8/23,EDGA Equities (J),61568181,29206291,54222012,144996484,1819761391,1292725184,1952011326,5064497901,781188,154344,638943,1574475
9/8/23,EDGX Equities (K),149561405,79328503,246800743,475690651,5304265272,4146323737,9711026743,19161615753,1552901,383009,1678568,3614478
9/8/23,LTSE (L),25169,20000,11455,56624,1153352.74,1830800,1073737.54,4057890.28,159,4,172,335
9/8/23,NYSE Chicago (M),13387598,11831488,24274256,49493342,855694550,1679598088,2359821605,4895114243,60836,3505,47612,111953
9/8/23,NYSE (N),740423987,36270271,68505519,845199777,37355851474,2353098530,3258730026,42967680031,2992934,142876,570986,3706796
9/8/23,NYSE Arca (P),151032309,238272728,340449202,729754239,6573559552,14969040694,12305790402,33848390649,1976114,992383,2646553,5615050
9/8/23,NASDAQ (Q),375898089,141302549,850634157,1367834795,17769090670,11608543486,47644245306,77021879463,5849598,907099,7193575,13950272
9/8/23,Members Exchange (U),95196789,34116046,121593250,250906085,3236904496,1817134494,4725220228,9779259217,1232192,193360,1118532,2544084
9/8/23,Investors Exchange (V),101489784,20843667,76499272,198832723,5349529668,1447427424,4224137602,11021094693,1550438,132540,1155900,2838878
9/8/23,NASDAQ PSX (X),11546491,7193908,13569936,32310335,564369656.1,544530081.7,802309604.6,1911209342,227798,42401,203705,473904
9/8/23,BYX Equities (Y),30031519,21081026,32366748,83479293,782346418.9,1167347048,877698991.9,2827392458,301754,82095,266377,650226
9/8/23,BZX Equities (Z),142294601,73705458,171390463,387390522,6440293197,5065654332,9008061281,20514008810,2107475,411465,1864775,4383715
9/7/23,NYSE American (A),8553347,14770045,5971233,29294625,316616967.2,344075174.9,331375631.9,992067773.9,114837,53307,78582,246726
9/7/23,NASDAQ BX (B),15455197,8511801,15791594,39758592,681923466,487713064.8,942661136,2112297667,255066,43685,226487,525238
9/7/23,NYSE National (C),21558503,8686563,14875358,45120424,670718079.2,351307509.9,508314669.1,1530340258,367304,60240,245972,673516
9/7/23,FINRA / Nasdaq TRF Chicago (DB),3177196,1186782,6751113,11115091,114585348.1,56009430.57,550923576.4,721518355.1,15107,4889,39307,59303
9/7/23,FINRA / NYSE TRF (DN),48004368,32013889,134332277,214350534,1227249456,1082635223,3923307396,6233192075,313022,98447,462322,873791
9/7/23,FINRA / Nasdaq TRF Carteret (DQ),1500148477,695033884,2019925415,4215107776,65787534032,37797600407,1.03102E+11,2.06687E+11,10350714,2231677,10194514,22776905
9/7/23,MIAX Pearl (H),54035401,55399214,52922121,162356736,1498890869,2222051032,1834005034,5554946935,599257,188412,428823,1216492
9/7/23,EDGA Equities (J),67395050,34590770,59350215,161336035,2032717684,1495044438,2482330217,6010092339,885924,184214,731462,1801600
9/7/23,EDGX Equities (K),167819622,99827403,255512341,523159366,5482667473,4738687401,11907773019,22129127893,1709043,456719,1893330,4059092
9/7/23,LTSE (L),22586,36405,13659,72650,1868865.22,2059835.77,820647.03,4749348.02,233,32,140,405
9/7/23,NYSE Chicago (M),14607826,12688860,17240977,44537663,1072878529,1682708458,3765569962,6521156950,65300,3562,52761,121623
9/7/23,NYSE (N),918910912,37990190,74379442,1031280544,44912840031,2713132152,3662984577,51288956760,3331717,160842,655490,4148049
9/7/23,NYSE Arca (P),170112354,295088737,360670582,825871673,7285362518,17663846514,15643565140,40592774172,2275404,1171114,3084402,6530920
9/7/23,NASDAQ (Q),412029070,164313850,989002941,1565345861,19143041017,13965788690,60350670402,93459500108,6448282,1058188,8395030,15901500
9/7/23,Members Exchange (U),109730187,43046757,129258367,282035311,3701384567,2148254112,5421541618,11271180297,1403343,225945,1268820,2898108
9/7/23,Investors Exchange (V),113163201,24141229,85051052,222355482,5680116657,1639673441,5234186419,12553976517,1647503,157591,1307507,3112601
9/7/23,NASDAQ PSX (X),14347934,7945675,14982946,37276555,661060890,593128792.4,952704627.1,2206894310,285104,48319,262421,595844
9/7/23,BYX Equities (Y),33075152,21207096,32708772,86991020,887231948.2,1174145568,1081391401,3142768917,348938,95738,295780,740456
9/7/23,BZX Equities (Z),153386461,84135434,176460398,413982293,6843621811,5715361946,10514656580,23073640337,2356005,466368,2150789,4973162
9/6/23,NYSE American (A),8246960,15191633,5909390,29347983,333532173,467524117.2,331069778.7,1132126069,117747,59771,82877,260395
9/6/23,NASDAQ BX (B),15541186,7150481,17186556,39878223,704619219.9,599962528.9,907054949.3,2211636698,263494,45112,228618,537224
9/6/23,NYSE National (C),19631619,8667089,16023995,44322703,657962138.3,404699067.6,538524651.5,1601185857,362490,60722,249608,672820
9/6/23,FINRA / Nasdaq TRF Chicago (DB),7178857,1971663,10717564,19868084,153537845.5,81628799.56,680288241.8,915454886.9,18566,7014,46239,71819
9/6/23,FINRA / NYSE TRF (DN),47175312,37776094,139360467,224311873,1401191117,1111191943,3694687978,6207071038,305060,104440,466132,875632
9/6/23,FINRA / Nasdaq TRF Carteret (DQ),1343105190,701532496,2000917515,4045555201,60773098843,38397889527,98200210495,1.97371E+11,10212839,2328159,10118435,22659433
9/6/23,MIAX Pearl (H),53712632,61033397,52291679,167037708,1451270472,2625772436,1763994533,5841037441,578587,209045,412777,1200409
9/6/23,EDGA Equities (J),66946797,35273588,58127881,160348266,1973530820,1666357532,2396723850,6036612202,854700,188938,680049,1723687
9/6/23,EDGX Equities (K),163281311,103242324,263107821,529631456,5374843533,5061877776,11327804977,21764526286,1639536,470732,1797508,3907776
9/6/23,LTSE (L),17992,0,167568,185560,1864610.18,0,9107839.64,10972449.82,265,0,435,700
9/6/23,NYSE Chicago (M),10030522,13771355,10231241,34033118,895483060.1,1305132819,1705121666,3905737545,65083,3938,51910,120931
9/6/23,NYSE (N),788724865,39100220,73392915,901218000,39509207639,3015285662,3577897731,46102391032,3196336,174904,632598,4003838
9/6/23,NYSE Arca (P),166648691,286224004,334470538,787343233,6941985504,18038185772,13884163540,38864334816,2173896,1202405,2868783,6245084
9/6/23,NASDAQ (Q),402535561,170770608,888640821,1461946990,19018071542,15157406985,51552384222,85727862749,6329621,1130585,7922440,15382646
9/6/23,Members Exchange (U),106527342,45190634,130950933,282668909,3599232933,2449662811,5319056824,11367952568,1381029,250023,1266499,2897551
9/6/23,Investors Exchange (V),102722750,27495535,79357086,209575371,5360013396,1917834785,4762953564,12040801745,1577299,174487,1191607,2943393
9/6/23,NASDAQ PSX (X),12103991,7945134,14992863,35041988,588509319.7,604986354.2,888555268.5,2082050942,261940,49307,243287,554534
9/6/23,BYX Equities (Y),32386676,21298716,34852690,88538082,858850043.2,1386403722,1121410529,3366664294,341453,98148,303269,742870
9/6/23,BZX Equities (Z),149629513,91776343,171911079,413316935,6626457164,6335982238,9365002603,22327442005,2271854,510717,1996282,4778853
9/5/23,NYSE American (A),9500305,16074734,6802730,32377769,408732658.2,353457932,357874149.8,1120064740,129085,59442,93818,282345
9/5/23,NASDAQ BX (B),14633181,6879609,14990640,36503430,651217804.9,440148808.6,772086733.7,1863453347,250928,43082,216175,510185
9/5/23,NYSE National (C),18825661,8780273,14403503,42009437,598960358.5,377432505.4,441540889.5,1417933753,352377,62586,234589,649552
9/5/23,FINRA / Nasdaq TRF Chicago (DB),3555020,1917548,9051274,14523842,144283791.4,84824426.9,636948956.9,866057175.3,21784,7350,44628,73762
9/5/23,FINRA / NYSE TRF (DN),49335981,29627100,149332260,228295341,1384740228,1135095185,4526106760,7045942172,295389,107634,439925,842948
9/5/23,FINRA / Nasdaq TRF Carteret (DQ),1336857816,651970727,2066873583,4055702126,63903146271,35010977650,93939573777,1.92854E+11,10620749,2654686,10288358,23563793
9/5/23,MIAX Pearl (H),57211035,54976290,52478325,164665650,1595289700,2280106696,1636675542,5512071938,633969,197082,416987,1248038
9/5/23,EDGA Equities (J),64903777,34222899,58367540,157494216,1975283908,1462965350,2029412619,5467661878,849349,193283,671212,1713844
9/5/23,EDGX Equities (K),165603891,97584914,270933033,534121838,5749607630,4632764611,10549848683,20932220924,1716421,492048,1831384,4039853
9/5/23,LTSE (L),9641,21951,107629,139221,924967.15,2008077.48,5513526.67,8446571.3,123,25,133,281
9/5/23,NYSE Chicago (M),14060133,11102937,13676836,38839906,1025108635,1531803080,2521494477,5078406192,68319,4983,57799,131101
9/5/23,NYSE (N),835305105,37044484,69819255,942168844,42488446016,2743328374,3074760104,48306534494,3472223,174616,625318,4272157
9/5/23,NYSE Arca (P),160909744,282791793,361128424,804829961,7108182523,17476479380,12779121094,37363782997,2243411,1253806,3043612,6540829
9/5/23,NASDAQ (Q),422076639,162223366,944774217,1529074222,20384533517,13102925315,53329757951,86817216783,6689433,1129484,8210362,16029279
9/5/23,Members Exchange (U),105751711,40509275,133844981,280105967,3766517675,2123940601,5017314670,10907772947,1425721,246625,1271753,2944099
9/5/23,Investors Exchange (V),111368772,23967788,83579395,218915955,5860526412,1750963396,4609718728,12221208536,1722584,175906,1283117,3181607
9/5/23,NASDAQ PSX (X),12608444,8261373,13410520,34280337,586131825.4,628560528.6,750886725.7,1965579080,261104,54052,217830,532986
9/5/23,BYX Equities (Y),33000194,23333811,32930721,89264726,876629641.4,1154251628,916740532.9,2947621802,353151,100762,298252,752165
9/5/23,BZX Equities (Z),151694548,83163414,169716754,404574716,6989146255,5691206136,8443892521,21124244911,2386581,500997,2010901,4898479
9/1/23,NYSE American (A),8765415,12802391,7088728,28656534,383647813.9,381569213.3,436846448.5,1202063476,118031,49153,96019,263203
9/1/23,NASDAQ BX (B),11884525,7486366,13916787,33287678,543300923.8,510856718,853610256,1907767898,203177,40628,192704,436509
9/1/23,NYSE National (C),15684458,8357593,14208206,38250257,487818522,353183452.6,508283540.5,1349285515,285469,53356,212176,551001
9/1/23,FINRA / Nasdaq TRF Chicago (DB),3476060,2091828,8557356,14125244,136818873.9,95537895.15,700385806.7,932742575.8,19627,6758,45085,71470
9/1/23,FINRA / NYSE TRF (DN),76612881,45347683,218031162,339991726,1920093327,1546580620,6520446037,9987119985,362327,131886,612449,1106662
9/1/23,FINRA / Nasdaq TRF Carteret (DQ),1210326502,624545306,1740341282,3575213090,55451371219,34664898724,90898860168,1.81015E+11,9209258,2242456,9339625,20791339
9/1/23,MIAX Pearl (H),51630899,59599152,50040786,161270837,1337411552,2277411034,1632495761,5247318347,541014,189499,384186,1114699
9/1/23,EDGA Equities (J),57665347,36963304,55729879,150358530,1660643614,1706619202,2012034202,5379297018,733281,194110,648683,1576074
9/1/23,EDGX Equities (K),160388302,96480410,266066700,522935412,5377473256,4869020716,11926056085,22172550058,1508808,450504,1826109,3785421
9/1/23,LTSE (L),9869,13602,529572,553043,498470.99,619991.68,26034361.15,27152823.82,95,19,531,645
9/1/23,NYSE Chicago (M),10139308,8799691,13435384,32374383,747683529.3,931465211.7,2186610989,3865759730,58804,4332,52586,115722
9/1/23,NYSE (N),781985965,40110295,67953048,890049308,40044589585,2780213375,3122718280,45947521240,2979643,167615,595105,3742363
9/1/23,NYSE Arca (P),148283087,310490590,336932172,795705849,6259391023,18925689986,13788864052,38973945061,1890790,1183858,2825741,5900389
9/1/23,NASDAQ (Q),369484495,176765515,889086611,1435336621,17325663863,14111353867,53260499567,84697517298,5614044,1068616,7589322,14271982
9/1/23,Members Exchange (U),100161158,43090477,123164297,266415932,3359315163,2245162270,5291676735,10896154169,1216597,235516,1161612,2613725
9/1/23,Investors Exchange (V),95648576,23734306,75081238,194464120,5220886880,1552134664,4585138466,11358160010,1482458,153597,1173836,2809891
9/1/23,NASDAQ PSX (X),11071354,9283846,13557813,33913013,497006614.7,703208852.1,857830598.5,2058046065,225187,53169,210933,489289
9/1/23,BYX Equities (Y),28324092,22304059,31033179,81661330,751053915.4,1294278700,1026277852,3071610467,291395,97129,262417,650941
9/1/23,BZX Equities (Z),143025784,93829126,175769948,412624858,6213696926,6360119948,9958334138,22532151011,2068215,499643,1956226,4524084
8/31/23,NYSE American (A),8582480,18964439,7044989,34591908,351580242.5,391622371.6,372034553.3,1115237167,111041,57194,84309,252544
8/31/23,NASDAQ BX (B),13330263,8748307,14387969,36466539,622723062.2,529004512.6,742663961.5,1894391536,217690,44784,197409,459883
8/31/23,NYSE National (C),19008571,9483359,15181775,43673705,627025057.2,386704862.8,488843175.3,1502573095,326784,61291,218300,606375
8/31/23,FINRA / Nasdaq TRF Chicago (DB),3734849,1776479,8841389,14352717,161397977.3,96014958.07,615844870.3,873257805.7,20688,5813,43483,69984
8/31/23,FINRA / NYSE TRF (DN),78321904,64636869,237097642,380056415,2089828300,1765205714,6923588399,10778622413,359599,129435,585717,1074751
8/31/23,FINRA / Nasdaq TRF Carteret (DQ),1490388271,703594621,2027003841,4220986733,71262098183,36500750310,1.05347E+11,2.1311E+11,9208877,2090492,8995248,20294617
8/31/23,MIAX Pearl (H),51276940,49303278,47338484,147918702,1289366262,1855269391,1578751602,4723387254,463028,163670,369856,996554
8/31/23,EDGA Equities (J),62866605,38982763,54941726,156791094,1864069520,1625639884,2016473556,5506182960,766403,189064,614160,1569627
8/31/23,EDGX Equities (K),169375410,110038945,265666269,545080624,5808556827,4662133053,11883287271,22353977152,1524367,449626,1757720,3731713
8/31/23,LTSE (L),17850,200,474098,492148,1077634.09,14068,23674781.35,24766483.44,81,1,398,480
8/31/23,NYSE Chicago (M),8753720,7814415,18039053,34607188,637323452.4,943738431.8,2639041855,4220103739,54401,4057,46845,105303
8/31/23,NYSE (N),1214816997,39111908,67924795,1321853700,61155034239,2573757293,3224092610,66952884141,3038760,151995,558026,3748781
8/31/23,NYSE Arca (P),157109582,302415863,348027035,807552480,6705703278,18076932622,13117211757,37899847657,1880851,1059288,2666792,5606931
8/31/23,NASDAQ (Q),384346686,163072446,1203411119,1750830251,17986748720,13200403860,73287912745,1.04475E+11,5480779,969154,7277083,13727016
8/31/23,Members Exchange (U),103921655,46616528,132766748,283304931,3654501574,1908440880,5230376415,10793318868,1243713,215794,1157474,2616981
8/31/23,Investors Exchange (V),97674143,22820881,74110157,194605181,5164159553,1613973163,4693445015,11471577730,1434159,152297,1131344,2717800
8/31/23,NASDAQ PSX (X),12324337,8753873,14069223,35147433,618620681,632482994.4,863579339.7,2114683015,229054,47690,204841,481585
8/31/23,BYX Equities (Y),31556401,24844396,33051136,89451933,874236813.7,1200069349,999802160.4,3074108323,312020,99721,268426,680167
8/31/23,BZX Equities (Z),146328039,89478686,168851092,404657817,6551280805,5911378056,9237646172,21700305034,2010121,448429,1827390,4285940
8/30/23,NYSE American (A),7080158,15832554,6761168,29673880,284275817.5,429647530.3,347806311,1061729659,95718,51871,76891,224480
8/30/23,NASDAQ BX (B),12579325,7028166,15093494,34700985,595004532.7,512692207.4,760971408.4,1868668148,206777,42271,190500,439548
8/30/23,NYSE National (C),15725348,8548599,14388631,38662578,487759726.3,358867254.3,444579544.3,1291206525,275788,59664,203853,539305
8/30/23,FINRA / Nasdaq TRF Chicago (DB),3387089,1831335,9655940,14874364,123498073.5,94017447.43,795821161.4,1013336682,17504,5843,46580,69927
8/30/23,FINRA / NYSE TRF (DN),82242635,46108901,246592897,374944433,1964472138,1710111796,8796685864,12471269797,342454,130171,605037,1077662
8/30/23,FINRA / Nasdaq TRF Carteret (DQ),1232902638,637677593,1991668778,3862249009,54338232900,37634497908,1.02776E+11,1.94748E+11,8482964,2044203,9108591,19635758
8/30/23,MIAX Pearl (H),47304202,50638409,48145862,146088473,1242056448,1905565122,1555524642,4703146212,453994,163421,361598,979013
8/30/23,EDGA Equities (J),54100492,32631151,54481833,141213476,1564256206,1575471405,1917592970,5057320581,688445,173861,593847,1456153
8/30/23,EDGX Equities (K),149831011,95707301,290304165,535842477,4828833181,4644497526,12898271454,22371602161,1392059,425203,1826838,3644100
8/30/23,LTSE (L),34385,61800,577243,673428,1086254.3,2034374,28314626.46,31435254.76,195,52,273,520
8/30/23,NYSE Chicago (M),13639015,8659265,11944612,34242892,858047277.2,1119137821,2349259174,4326444272,54209,4806,44303,103318
8/30/23,NYSE (N),688187686,38548448,68166984,794903118,34201244178,2645140237,3183948823,40030333239,2793288,156768,542724,3492780
8/30/23,NYSE Arca (P),134740652,258595856,369271135,762607643,5694546253,15894189467,12975202860,34563938580,1747775,1035009,2760835,5543619
8/30/23,NASDAQ (Q),330858256,154265777,895607378,1380731411,15581693539,13042685277,51682426036,80306804852,5085514,995897,7258608,13340019
8/30/23,Members Exchange (U),104165503,44225203,137799851,286190557,3362511855,2169264651,5540519820,11072296327,1178805,217043,1167160,2563008
8/30/23,Investors Exchange (V),90236801,23350536,72511042,186098379,4704628603,1590171302,4466328600,10761128505,1337884,149405,1076256,2563545
8/30/23,NASDAQ PSX (X),9979833,8094762,13506612,31581207,517398636.9,607207524.1,810608725.5,1935214886,194152,44391,187324,425867
8/30/23,BYX Equities (Y),26041804,19922188,32304827,78268819,680991965.2,1117947458,930620460.8,2729559884,277509,87632,257349,622490
8/30/23,BZX Equities (Z),128660363,84414247,191374660,404449270,5627371865,6045388884,8874646266,20547407015,1894854,448871,1805074,4148799
8/29/23,NYSE American (A),6811996,15793414,7057197,29662607,265455231.9,593789946.9,366456248.1,1225701427,93920,55961,82116,231997
8/29/23,NASDAQ BX (B),12614086,10117125,19771040,42502251,569695118.7,656471044.9,873893739,2100059903,201331,50554,197070,448955
8/29/23,NYSE National (C),16845947,10819858,18827165,46492970,497691555.4,435696227.9,545306815.7,1478694599,287082,64409,220628,572119
8/29/23,FINRA / Nasdaq TRF Chicago (DB),3391139,1982044,7383733,12756916,133682636.4,81658618.04,720803869.9,936145124.3,18670,6208,47207,72085
8/29/23,FINRA / NYSE TRF (DN),103290048,52285835,277735307,433311190,2226078861,2295425004,7966116074,12487619938,348206,141746,591750,1081702
8/29/23,FINRA / Nasdaq TRF Carteret (DQ),1318047463,719357636,2120735370,4158140469,53857465549,40962168812,1.05479E+11,2.00298E+11,8787078,2305015,9224176,20316269
8/29/23,MIAX Pearl (H),54023308,63838003,61658243,179519554,1343502218,2897901591,1922165893,6163569701,508134,210821,423267,1142222
8/29/23,EDGA Equities (J),63406902,45232121,67322119,175961142,1702746029,2201062187,2372264173,6276072390,736275,218424,643931,1598630
8/29/23,EDGX Equities (K),171013324,124268934,320362452,615644710,5088119998,6153427742,13905176676,25146724415,1441654,517311,1860851,3819816
8/29/23,LTSE (L),39433,22103,15211,76747,1212588.53,1692065.37,325968.1,3230622,114,60,57,231
8/29/23,NYSE Chicago (M),12501737,11859207,12950934,37311878,768911609.6,1183611514,2160856842,4113379966,52037,4328,42000,98365
8/29/23,NYSE (N),744931531,53707828,73936861,872576220,36055659720,3662614629,3899006788,43617281137,2901700,193083,589704,3684487
8/29/23,NYSE Arca (P),148779345,326043625,403439677,878262647,6023244604,20455649432,14533851611,41012745647,1818240,1227475,2780280,5825995
8/29/23,NASDAQ (Q),363002159,195383118,947172684,1505557961,16251445458,15743697066,59958662537,91953805061,5246827,1155298,7584980,13987105
8/29/23,Members Exchange (U),106387623,51570242,163476421,321434286,3341589758,2727698301,5974515303,12043803362,1217929,260350,1212661,2690940
8/29/23,Investors Exchange (V),96743460,28838055,79177581,204759096,4886447754,2080793790,5069013615,12036255159,1325914,174309,1084875,2585098
8/29/23,NASDAQ PSX (X),10715714,11348718,13526887,35591319,504959643.6,913661583.4,833764725.3,2252385952,219050,57431,205050,481531
8/29/23,BYX Equities (Y),29006821,26696495,39478253,95181569,704228555.5,1621987728,1116955588,3443171871,279620,109397,267544,656561
8/29/23,BZX Equities (Z),144200361,111795444,204826806,460822611,5864404786,7414683595,10862538240,24141626621,2002794,544650,1971133,4518577
8/28/23,NYSE American (A),6034625,13602433,5215770,24852828,227095760,361083464.9,261388857.7,849568082.7,84890,57240,65412,207542
8/28/23,NASDAQ BX (B),12209327,7190069,12864155,32263551,514529356.4,494389221,678950273.3,1687868851,190425,45720,173745,409890
8/28/23,NYSE National (C),14634683,7207813,12508868,34351364,428107236,299072574.7,401456416.7,1128636227,260553,52613,184940,498106
8/28/23,FINRA / Nasdaq TRF Chicago (DB),3198212,1747776,8008079,12954067,142611158,68643732.64,678024432.1,889279322.8,17601,6365,38808,62774
8/28/23,FINRA / NYSE TRF (DN),78263483,45497783,208135978,331897244,1590678454,1661649398,6239739572,9492067424,299106,123608,473310,896024
8/28/23,FINRA / Nasdaq TRF Carteret (DQ),1155401523,570460534,1718815127,3444677184,49781766870,30003201348,88367188928,1.68152E+11,8207447,2133866,8123746,18465059
8/28/23,MIAX Pearl (H),50239936,56680139,52114407,159034482,1177322840,2186646071,1597277851,4961246762,446422,187686,354770,988878
8/28/23,EDGA Equities (J),55214697,32430238,44843546,132488481,1487450883,1392700902,1735592552,4615744337,657649,178769,512914,1349332
8/28/23,EDGX Equities (K),147221872,99145291,215758594,462125757,4298295013,4753134083,10706514515,19757943611,1310995,458882,1464167,3234044
8/28/23,LTSE (L),11897,5031,471901,488829,896969.57,461745.18,25460488.39,26819203.14,143,27,338,508
8/28/23,NYSE Chicago (M),7730262,10567175,10801224,29098661,588972613.9,1006702046,1551345362,3147020021,47152,3541,36565,87258
8/28/23,NYSE (N),666425811,39210282,58700900,764336993,31976933746,2886095052,2825971408,37689000205,2728254,169664,498304,3396222
8/28/23,NYSE Arca (P),131410295,265856230,274629494,671896019,5147813919,16209097194,10947268443,32304179557,1657937,1066690,2252066,4976693
8/28/23,NASDAQ (Q),327925895,153953590,738324854,1220204339,14260965098,12646103668,44317259692,71224328459,4750081,1010691,6400620,12161392
8/28/23,Members Exchange (U),94784830,41911604,121489868,258186302,2956046295,2163611950,4524193969,9643852215,1100761,234686,994856,2330303
8/28/23,Investors Exchange (V),77265306,20220002,63566892,161052200,3976259921,1336522743,3765253799,9078036464,1148279,134765,898945,2181989
8/28/23,NASDAQ PSX (X),8410039,8234213,10873474,27517726,386981980.8,670031208.3,621255680.9,1678268870,166682,47295,154214,368191
8/28/23,BYX Equities (Y),27886233,18223099,26667413,72776745,677513167,1002934578,849571620.6,2530019365,266653,85275,220459,572387
8/28/23,BZX Equities (Z),130105923,84311533,152736136,367153592,5169661432,5935984320,7443748827,18549394580,1799083,464786,1562406,3826275
8/25/23,NYSE American (A),7364144,13499776,6849452,27713372,312626573.1,524059306.2,423003732.9,1259689612,106900,57921,84731,249552
8/25/23,NASDAQ BX (B),12737656,8448047,14959220,36144923,535189068.8,548644516.2,921196495.7,2005030081,203796,43982,197594,445372
8/25/23,NYSE National (C),17582091,10021074,15331450,42934615,499649818.5,414225243.7,497147408.3,1411022470,299333,64003,207982,571318
8/25/23,FINRA / Nasdaq TRF Chicago (DB),3771658,1806494,8900575,14478727,125134649.3,92118356.25,921425715.6,1138678721,16068,6145,48151,70364
8/25/23,FINRA / NYSE TRF (DN),94051794,53783534,210475590,358310918,1846711332,2689234107,8416839043,12952784483,323384,136863,554815,1015062
8/25/23,FINRA / Nasdaq TRF Carteret (DQ),1250167711,647327187,1725109530,3622604428,50826652561,40229022726,1.0091E+11,1.91965E+11,8240040,2164274,8660619,19064933
8/25/23,MIAX Pearl (H),53425879,82577261,64252400,200255540,1276708053,3538393218,2262447375,7077548647,481307,276489,419126,1176922
8/25/23,EDGA Equities (J),63399333,47723410,55501322,166624065,1610323495,2031992567,2294809141,5937125203,703990,245873,587103,1536966
8/25/23,EDGX Equities (K),159732515,125376316,251861151,536969982,4734146264,7637679483,13913530596,26285356342,1415734,567691,1740252,3723677
8/25/23,LTSE (L),26941,900,56573,84414,1485390.36,45270,11125978.14,12656638.5,198,3,219,420
8/25/23,NYSE Chicago (M),9362493,7234142,13137293,29733928,973849562,812651470.1,2388188446,4174689478,56285,3281,45746,105312
8/25/23,NYSE (N),749852401,53320494,65243122,868416017,36601632074,4527249051,3324346371,44453227496,3171668,226858,552282,3950808
8/25/23,NYSE Arca (P),155932867,334466451,306176410,796575728,5862689080,21487434646,14997951487,42348075213,1855506,1442910,2605773,5904189
8/25/23,NASDAQ (Q),375509553,226615108,874053255,1476177916,16799915360,19397714664,59991229374,96188859399,5437137,1509108,7766634,14712879
8/25/23,Members Exchange (U),106071344,55840696,135968430,297880470,3311425262,3301280269,6172338081,12785043612,1224610,315383,1181847,2721840
8/25/23,Investors Exchange (V),90578505,22042223,72219953,184840681,4532625062,1618018967,4602921853,10753565881,1279675,146594,1013947,2440216
8/25/23,NASDAQ PSX (X),8900276,11285736,12706866,32892878,393455034.6,1051521623,875128940.2,2320105598,167879,62579,166627,397085
8/25/23,BYX Equities (Y),29277497,22924642,31682822,83884961,700961411.2,1462685108,1163517780,3327164300,284844,107355,262013,654212
8/25/23,BZX Equities (Z),145858211,118498780,177554624,441911615,5968881554,9039021746,11109815686,26117718986,2007846,680511,1852839,4541196
8/24/23,NYSE American (A),7224023,12982177,6133913,26340113,242063927.3,394957548.9,324728995.5,961750471.6,91876,51877,73963,217716
8/24/23,NASDAQ BX (B),13288020,9814689,15775977,38878686,539783519.5,711560122.2,1116173196,2367516837,196982,48810,207922,453714
8/24/23,NYSE National (C),18813167,10266057,15729979,44809203,549311394.5,449568086.9,633803161.3,1632682643,300570,66684,223311,590565
8/24/23,FINRA / Nasdaq TRF Chicago (DB),4491675,2007926,10336995,16836596,141693021.9,93782104.39,910010089.3,1145485216,19688,5989,51772,77449
8/24/23,FINRA / NYSE TRF (DN),92704332,53273870,245009409,390987611,2050785375,2361019175,8745480414,13157284965,367945,142625,608454,1119024
8/24/23,FINRA / Nasdaq TRF Carteret (DQ),1418164504,684544682,1933896374,4036605560,58784140611,39168646931,1.08543E+11,2.06496E+11,9076605,2162870,9462155,20701630
8/24/23,MIAX Pearl (H),55932708,67251617,57599348,180783673,1342830162,3043113275,2067476639,6453420075,492507,222991,418637,1134135
8/24/23,EDGA Equities (J),64359684,42230238,57920897,164510819,1776994633,1861810086,2672738358,6311543077,743051,223442,651242,1617735
8/24/23,EDGX Equities (K),171579600,117020209,291680591,580280400,5154702674,6225603407,15912659446,27292965526,1504162,549996,1931462,3985620
8/24/23,LTSE (L),73505,12000,145560,231065,4475221.73,1101000,7350090.92,12926312.65,315,2,337,654
8/24/23,NYSE Chicago (M),14423954,7453265,14272116,36149335,1402240374,925805619.5,2089536345,4417582338,51410,3217,41734,96361
8/24/23,NYSE (N),1019432202,45102246,64856437,1129390885,48201071547,3605984837,3364839074,55171895458,3152744,198538,587524,3938806
8/24/23,NYSE Arca (P),169447538,317452218,361764139,848663895,6323880614,20527206431,17517727631,44368814675,1944372,1364460,2932695,6241527
8/24/23,NASDAQ (Q),393790258,191100920,973223678,1558114856,17419035299,17308400866,67981032102,1.02708E+11,5501849,1275664,7973872,14751385
8/24/23,Members Exchange (U),99847393,48451278,130825104,279123775,3266142863,2938973094,5710766664,11915882621,1191510,270217,1140615,2602342
8/24/23,Investors Exchange (V),97620552,23543696,75874144,197038392,4865324488,1775845614,5610549324,12251719426,1372651,147781,1131707,2652139
8/24/23,NASDAQ PSX (X),11269406,9532076,13927649,34729131,516093817,904128610.3,878045434.7,2298267862,220562,54810,202891,478263
8/24/23,BYX Equities (Y),34591050,24871400,35975303,95437753,818342099.2,1394242689,1400351738,3612936526,310323,110510,287566,708399
8/24/23,BZX Equities (Z),155325318,102581193,188229905,446136416,6221693677,7417299025,11532512383,25171505084,2050939,575331,1970368,4596638
8/23/23,NYSE American (A),7745447,12804847,5688682,26238976,258774737.4,372966722.1,342309347.1,974050806.6,93683,52108,69983,215774
8/23/23,NASDAQ BX (B),14606664,8789195,14847909,38243768,559495611.1,578137825.2,865425778.3,2003059215,215380,49284,190568,455232
8/23/23,NYSE National (C),20893880,9472272,14983201,45349353,547197459.2,414319073.4,586734076.1,1548250609,323897,59198,222571,605666
8/23/23,FINRA / Nasdaq TRF Chicago (DB),6759884,2100759,11710473,20571116,196160026,106712455.7,763806815,1066679297,31760,8292,59395,99447
8/23/23,FINRA / NYSE TRF (DN),113931339,50044510,243635126,407610975,4567043308,1969912225,7365807166,13902762699,380596,133144,572973,1086713
8/23/23,FINRA / Nasdaq TRF Carteret (DQ),1517482673,648630594,1889334325,4055447592,64919139028,37139510661,93712256536,1.95771E+11,9256456,2114572,8999731,20370759
8/23/23,MIAX Pearl (H),55903869,56449668,55344108,167697645,1403827974,2326800021,1801389760,5532017756,534356,192694,397799,1124849
8/23/23,EDGA Equities (J),66531753,37346205,54068133,157946091,1733903655,1690349807,2055551991,5479805453,764566,198861,605123,1568550
8/23/23,EDGX Equities (K),194578473,104504606,254552231,553635310,5260935131,5326268833,13459488231,24046692195,1532154,489443,1729230,3750827
8/23/23,LTSE (L),33870,8800,37611,80281,4158986.11,432740,14697823.34,19289549.45,367,17,544,928
8/23/23,NYSE Chicago (M),17414490,8546150,20286619,46247259,1207996012,668513833.2,2742015424,4618525268,56230,4478,35420,96128
8/23/23,NYSE (N),862565870,41818096,61779080,966163046,43521125891,2821648174,2909668351,49252442417,2945005,172860,522077,3639942
8/23/23,NYSE Arca (P),190449657,305825197,370033589,866308443,6529228221,18668106314,17364135204,42561469739,1945187,1205863,2796209,5947259
8/23/23,NASDAQ (Q),410134737,174437840,892592553,1477165130,17537201164,13484393556,56658763816,87680358535,5481436,1084349,7251846,13817631
8/23/23,Members Exchange (U),113565640,44998337,124247300,282811277,3506169250,2406020788,5129151709,11041341747,1254947,246129,1094361,2595437
8/23/23,Investors Exchange (V),110703402,24263893,75853132,210820427,5061541833,1564692903,4507753231,11133987966,1460238,152065,1081041,2693344
8/23/23,NASDAQ PSX (X),10802952,9047858,12024931,31875741,415935133.3,692051926.7,676237190.4,1784224251,193983,48911,165202,408096
8/23/23,BYX Equities (Y),40695188,24500051,32806791,98002030,829363584.9,1402501659,1052469139,3284334383,325434,106659,264735,696828
8/23/23,BZX Equities (Z),176773940,95926935,183035096,455735971,6185661480,6396655579,8995188566,21577505625,2091121,516559,1772849,4380529
8/22/23,NYSE American (A),6889452,11533518,5665144,24088114,273055663.7,270025370,221749962.9,764830996.6,100054,47583,75109,222746
8/22/23,NASDAQ BX (B),15212966,6739210,13881261,35833437,628830501.1,504958378.9,743150415.1,1876939295,240647,41762,191477,473886
8/22/23,NYSE National (C),20489703,8145622,14949816,43585141,616861559.1,343511523.3,468097967.2,1428471050,336270,54075,226318,616663
8/22/23,FINRA / Nasdaq TRF Chicago (DB),5569106,1646342,13001881,20217329,172733741.3,101685389.1,841345910,1115765040,28931,7408,61082,97421
8/22/23,FINRA / NYSE TRF (DN),102404622,42870280,245171103,390446005,3361170679,1691009117,7538237435,12590417231,379700,123219,569918,1072837
8/22/23,FINRA / Nasdaq TRF Carteret (DQ),1378592330,611358918,1931339659,3921290907,56095021571,36252357004,92536943944,1.84884E+11,9157654,2032039,8852710,20042403
8/22/23,MIAX Pearl (H),53155515,53280164,50577508,157013187,1305484812,2201168673,1636152539,5142806024,490765,176845,373398,1041008
8/22/23,EDGA Equities (J),66904356,33243170,56307222,156454748,1708597274,1530005225,1922030278,5160632777,770131,183632,603400,1557163
8/22/23,EDGX Equities (K),176686467,92348503,281080705,550115675,5104389068,4880917931,12730520900,22715827899,1561263,459665,1781574,3802502
8/22/23,LTSE (L),16193,27746,290222,334161,2235131.44,1385270.84,15150843.47,18771245.75,248,140,285,673
8/22/23,NYSE Chicago (M),26351601,10231039,20856865,57439505,2550989869,758721492.8,2946520148,6256231509,62316,4142,39203,105661
8/22/23,NYSE (N),756205820,38569992,63843807,858619619,36592249023,2744033453,2835101592,42171384067,3014403,165882,546772,3727057
8/22/23,NYSE Arca (P),176916458,257028334,396497950,830442742,6721020034,15840328270,13050761144,35612109447,2032766,1130030,2677636,5840432
8/22/23,NASDAQ (Q),390069655,160843891,845935788,1396849334,16944607738,13330925023,47481546358,77757079119,5413997,1091632,7260010,13765639
8/22/23,Members Exchange (U),112847589,43319641,130233809,286401039,3614407422,2436470205,4793710212,10844587839,1269709,238188,1097651,2605548
8/22/23,Investors Exchange (V),108796448,21079266,72540409,202416123,5291921673,1323025802,4279597273,10894544748,1467744,148176,1085302,2701222
8/22/23,NASDAQ PSX (X),9879974,8152665,11344200,29376839,464608228.7,661302025,670605987.2,1796516241,197844,45857,177408,421109
8/22/23,BYX Equities (Y),34429499,19970788,32556761,86957048,813952163.3,1112405464,886324086.5,2812681714,314099,90761,255884,660744
8/22/23,BZX Equities (Z),157788247,85475473,193355478,436619198,6236800331,6323967352,8221087588,20781855271,2129784,500823,1850788,4481395
8/21/23,NYSE American (A),8257500,12709123,5600935,26567558,376472665.7,416455016.9,315764156,1108691839,120865,55198,83196,259259
8/21/23,NASDAQ BX (B),16533874,7298044,14179830,38011748,625282029.9,468875786.7,807028971.2,1901186788,244756,42961,197238,484955
8/21/23,NYSE National (C),22630410,8407841,15875505,46913756,595432794.5,380410960.7,469429864.8,1445273620,359007,54529,236319,649855
8/21/23,FINRA / Nasdaq TRF Chicago (DB),6679743,2415963,12867369,21963075,201953856.3,117452576.8,861326663.6,1180733097,32403,9998,62597,104998
8/21/23,FINRA / NYSE TRF (DN),124075829,51939714,250348411,426363954,6422457122,1634720265,8282759304,16339936691,392610,146731,568087,1107428
8/21/23,FINRA / Nasdaq TRF Carteret (DQ),1467723712,654743396,1934582499,4057049607,66268993119,36564031983,97559246725,2.00392E+11,9701848,2455747,9311300,21468895
8/21/23,MIAX Pearl (H),55829671,55537018,53358947,164725636,1390792906,2285034815,1840853459,5516681181,491823,188272,376239,1056334
8/21/23,EDGA Equities (J),68504556,35441682,61453235,165399473,1747765564,1571480135,2026363638,5345609337,788006,198905,621081,1607992
8/21/23,EDGX Equities (K),184416467,102310163,282623477,569350107,5362311837,5184706207,12389746231,22936764275,1581610,514359,1703589,3799558
8/21/23,LTSE (L),65407,7506,52052,124965,3905102.16,688225.14,7836449.78,12429777.08,181,192,235,608
8/21/23,NYSE Chicago (M),32743318,14201392,15957721,62902431,3115142918,2007555816,2667637308,7790336042,107969,3910,41994,153873
8/21/23,NYSE (N),817788809,37904524,61811834,917505167,40464703678,2806068801,2954336470,46225108949,3096975,169126,521564,3787665
8/21/23,NYSE Arca (P),188236827,281842474,404178020,874257321,7074682874,17328340669,14878047875,39281071418,2055744,1206985,2741252,6003981
8/21/23,NASDAQ (Q),405476565,163526679,908352561,1477355805,18020072545,13224996729,56041788429,87286857703,5648692,1080602,7431360,14160654
8/21/23,Members Exchange (U),113292114,41967948,130219295,285479357,3745776639,2389969797,5178705054,11314451490,1284634,246274,1116745,2647653
8/21/23,Investors Exchange (V),110682415,20852396,75610085,207144896,5380979439,1517860726,4524888449,11423728614,1516826,146483,1144645,2807954
8/21/23,NASDAQ PSX (X),12146655,7984953,10845655,30977263,751429428.4,594387553.4,700473299,2046290281,200625,47237,179549,427411
8/21/23,BYX Equities (Y),36139410,22086136,34676705,92902251,814859256.5,1281450258,967014118.2,3063323633,326198,103041,257902,687141
8/21/23,BZX Equities (Z),170920324,88592483,200457430,459970237,6807421390,6412499285,9014774475,22234695150,2236987,528106,1875203,4640296
8/18/23,NYSE American (A),7386944,13731069,5413961,26531974,330312713.9,349406907.7,292241130.4,971960752,110327,54866,79265,244458
8/18/23,NASDAQ BX (B),15825859,8256118,14917028,38999005,720117331.7,560463571.2,847928332.9,2128509236,252062,46795,213532,512389
8/18/23,NYSE National (C),21465368,9593588,16729606,47788562,626127918.8,422119003.6,522966090.9,1571213013,359500,59742,256275,675517
8/18/23,FINRA / Nasdaq TRF Chicago (DB),7755700,2456761,13153556,23366017,219188883.1,154354677,822193060.2,1195736620,34854,10136,61698,106688
8/18/23,FINRA / NYSE TRF (DN),109504138,53298580,267598712,430401430,3460130111,2313076684,8651623677,14424830473,369624,139547,551596,1060767
8/18/23,FINRA / Nasdaq TRF Carteret (DQ),1464074859,697062840,2050784582,4211922281,59280625042,45188999290,98475958029,2.02946E+11,9705446,2527366,9315183,21547995
8/18/23,MIAX Pearl (H),62791668,68756376,63062914,194610958,1490742772,2687619491,1999857187,6178219450,534122,224635,390501,1149258
8/18/23,EDGA Equities (J),74552278,43237814,60777705,178567797,1931216368,1839840858,2284692704,6055749931,844643,226310,672881,1743834
8/18/23,EDGX Equities (K),187826778,107893847,309263339,604983964,5589786605,6336932715,12700823933,24627543254,1726127,547091,1862679,4135897
8/18/23,LTSE (L),1025444,5151,30124,1060719,2586406.722,468045.11,2253081.16,5307532.992,516,12,229,757
8/18/23,NYSE Chicago (M),19264155,17417706,26357606,63039467,1666184981,3123611865,3447093620,8236890466,82675,4803,45385,132863
8/18/23,NYSE (N),958951881,45539683,69485628,1073977192,47428417761,3347269132,3268266500,54043953393,3434869,193802,593641,4222312
8/18/23,NYSE Arca (P),192931353,327027623,438384063,958343039,7201670390,20517818646,15155132299,42874621335,2225208,1366142,2986441,6577791
8/18/23,NASDAQ (Q),441786719,201551680,1072499304,1715837703,19771497057,16352740271,60909745003,97033982332,6060084,1274320,8096947,15431351
8/18/23,Members Exchange (U),123418435,49049229,145570860,318038524,3988268853,2907952196,5744280237,12640501286,1423662,287269,1252934,2963865
8/18/23,Investors Exchange (V),115094493,24973374,77444125,217511992,5640239690,1771276229,4769265010,12180780928,1560809,167111,1145900,2873820
8/18/23,NASDAQ PSX (X),11510578,9691890,13308421,34510889,537847958.3,778714032.7,818059394.7,2134621386,246717,54671,211584,512972
8/18/23,BYX Equities (Y),37225732,24329647,37149340,98704719,867183212.5,1447773673,1037110979,3352067865,338858,109164,280137,728159
8/18/23,BZX Equities (Z),179769880,113253502,219386194,512409576,7349331035,8435529913,10721890193,26506751141,2365522,636404,2081469,5083395
8/17/23,NYSE American (A),7062677,12780966,5354748,25198391,331222158.7,468746483.1,321637964.3,1121606606,104113,56834,74724,235671
8/17/23,NASDAQ BX (B),14739532,8832785,16512388,40084705,758775202.7,638175177.6,806141527.8,2203091908,244432,48099,210954,503485
8/17/23,NYSE National (C),20661878,9888401,17479480,48029759,628782551,439151368.2,583705577.1,1651639496,344209,63973,253560,661742
8/17/23,FINRA / Nasdaq TRF Chicago (DB),7439346,2159234,16317864,25916444,243131821.7,123779638.9,817740280.5,1184651741,45505,14615,70091,130211
8/17/23,FINRA / NYSE TRF (DN),104639271,57241278,347959415,509839964,4058258069,1822369077,8059346962,13939974108,375563,151333,606940,1133836
8/17/23,FINRA / Nasdaq TRF Carteret (DQ),1503889825,737478470,2343080739,4584449034,65630402247,45988526243,96615983009,2.08235E+11,10102501,2447128,9620150,22169779
8/17/23,MIAX Pearl (H),62918893,68445222,61370537,192734652,1629664242,2986291330,1942234425,6558189996,558896,233594,419137,1211627
8/17/23,EDGA Equities (J),73799985,42225025,63189871,179214881,1969980150,2137557811,2368086164,6475624126,831143,232042,669859,1733044
8/17/23,EDGX Equities (K),192412698,112307116,366444857,671164671,5847710362,6416361992,12011137812,24275210167,1725857,558926,1927295,4212078
8/17/23,LTSE (L),22090,4643,40976,67709,2246573.84,158919.75,2715033.09,5120526.68,245,8,230,483
8/17/23,NYSE Chicago (M),35916682,18196928,15581183,69694793,4085252119,5268943446,3046740938,12400936503,73989,3399,43609,120997
8/17/23,NYSE (N),886559749,48118643,70353894,1005032286,43634597947,3736677921,3370062165,50741338033,3454556,204531,583610,4242697
8/17/23,NYSE Arca (P),209309432,330905345,540022058,1080236835,8201927377,20759925615,14617141636,43578994628,2325455,1382073,3043135,6750663
8/17/23,NASDAQ (Q),455645574,200758610,1050532293,1706936477,20822546526,16020322666,54541866094,91384735286,6230132,1271832,8133115,15635079
8/17/23,Members Exchange (U),125991145,54492898,152184197,332668240,4131677015,3101506731,5374708255,12607892001,1401587,294691,1222912,2919190
8/17/23,Investors Exchange (V),119660309,27342315,83826516,230829140,6153764827,1859538365,4835826821,12849130013,1630165,170811,1217323,3018299
8/17/23,NASDAQ PSX (X),12022287,10258725,13397480,35678492,583633229,862589872.1,784577298.7,2230800400,227654,56952,195983,480589
8/17/23,BYX Equities (Y),37233011,24248807,40473239,101955057,845878657.6,1481843318,1048874202,3376596177,328431,110568,280506,719505
8/17/23,BZX Equities (Z),179197468,111102347,239484691,529784506,7557286409,7955755595,10190091499,25703133502,2375231,628563,2139089,5142883
8/16/23,NYSE American (A),7699921,12430629,6032929,26163479,370569235,336265062.2,248314899.4,955149196.6,110019,51491,75588,237098
8/16/23,NASDAQ BX (B),15224110,7090241,16184771,38499122,726431499,504005069.6,761992353.8,1992428922,254420,45896,211067,511383
8/16/23,NYSE National (C),21000138,9195337,16204300,46399775,616104020.6,415284882.5,511424172.1,1542813075,354424,62646,241808,658878
8/16/23,FINRA / Nasdaq TRF Chicago (DB),7191939,2423975,16683734,26299648,237455725.6,130097650.6,746825502.6,1114378879,39023,9768,63744,112535
8/16/23,FINRA / NYSE TRF (DN),119237797,58230210,439860987,617328994,5804156182,2103451592,7496942384,15404550159,395335,141067,611589,1147991
8/16/23,FINRA / Nasdaq TRF Carteret (DQ),1462515934,705311319,2904021194,5071848447,63291031239,40841764196,89474350979,1.93607E+11,9847745,2361330,9424718,21633793
8/16/23,MIAX Pearl (H),60879221,66471734,69324224,196675179,1521576528,2626863904,1812856513,5961296944,539434,223150,415949,1178533
8/16/23,EDGA Equities (J),73352009,38732708,70314823,182399540,1935898030,1878621210,2051936298,5866455538,831562,213105,649518,1694185
8/16/23,EDGX Equities (K),185531206,105705821,456236256,747473283,5758330437,5691160145,11054274035,22503764617,1672563,534001,1877031,4083595
8/16/23,LTSE (L),73783,0,46044,119827,6556763.43,0,2472502.48,9029265.91,655,0,249,904
8/16/23,NYSE Chicago (M),20375129,24991655,13636574,59003358,1839568419,2692741224,2662059011,7194368655,71417,3661,49415,124493
8/16/23,NYSE (N),813915986,42656714,70931780,927504480,39405739126,3111429779,3054496281,45571665186,3283034,184336,557998,4025368
8/16/23,NYSE Arca (P),192156883,308819225,714462331,1215438439,7270955625,18974074108,13798066278,40043096011,2203508,1335403,3007206,6546117
8/16/23,NASDAQ (Q),436553077,183339757,1069247417,1689140251,19766637574,14655842755,49809116280,84231596609,6034980,1197422,7872226,15104628
8/16/23,Members Exchange (U),123563247,48595853,188681074,360840174,3942574900,2608466797,5097357531,11648399228,1354914,275131,1221617,2851662
8/16/23,Investors Exchange (V),117402550,23483838,82986403,223872791,6015753434,1580253973,4341421549,11937428957,1613310,156892,1197231,2967433
8/16/23,NASDAQ PSX (X),11033763,8564188,13404901,33002852,495803886.3,701149516.1,684817815.2,1881771218,203856,50504,185676,440036
8/16/23,BYX Equities (Y),38433973,22260818,50041357,110736148,882050506.9,1283841422,938711855.1,3104603783,341262,103218,281682,726162
8/16/23,BZX Equities (Z),171555895,99765151,277610140,548931186,7076687977,7433245413,8896815617,23406749007,2254325,593809,2032064,4880198
8/15/23,NYSE American (A),6908490,14351765,4735026,25995281,312772971.8,380049645,216662072.3,909484689.1,105093,54355,71766,231214
8/15/23,NASDAQ BX (B),16383652,7682354,14507491,38573497,665337922.6,477923440.7,720169526.8,1863430890,248120,45803,203687,497610
8/15/23,NYSE National (C),20122978,9971358,13551247,43645583,599028664,413998532,471517344.6,1484544541,351399,64331,235260,650990
8/15/23,FINRA / Nasdaq TRF Chicago (DB),7217561,2598039,13296365,23111965,229629038.1,124506173.2,755586070.3,1109721282,35951,9686,60166,105803
8/15/23,FINRA / NYSE TRF (DN),127843800,50045626,260467077,438356503,5387996426,1811014169,6237612635,13436623230,431781,158963,631109,1221853
8/15/23,FINRA / Nasdaq TRF Carteret (DQ),1468773706,670467672,2107794837,4247036215,62749787933,39325088772,85434900406,1.8751E+11,10069304,2430747,9236272,21736323
8/15/23,MIAX Pearl (H),67298849,65310065,55119626,187728540,1621157053,2854745026,1822879298,6298781377,620187,223181,387066,1230434
8/15/23,EDGA Equities (J),73925055,38847703,58654576,171427334,1959236848,1881125442,2099743285,5940105575,835578,210692,641913,1688183
8/15/23,EDGX Equities (K),187973196,108286189,271420111,567679496,5824065987,5812682345,11192715392,22829463724,1688398,528878,1743190,3960466
8/15/23,LTSE (L),15849,140242,34891,190982,1179976.36,5369953.02,1366177.16,7916106.54,207,94,259,560
8/15/23,NYSE Chicago (M),20615891,8176547,12861859,41654297,1874566760,1048214384,2693261184,5616042328,83307,3366,40211,126884
8/15/23,NYSE (N),823777169,43858572,63615796,931251537,40530668745,3166302602,2905266819,46602238166,3294198,183301,548349,4025848
8/15/23,NYSE Arca (P),191452069,303901849,428151134,923505052,7141720596,19257950411,12759160582,39158831588,2221754,1290749,2807443,6319946
8/15/23,NASDAQ (Q),431240444,185493017,889544412,1506277873,19310615126,14651488071,47707124542,81669227740,5988780,1188373,7476598,14653751
8/15/23,Members Exchange (U),126643301,46883506,140924677,314451484,4038081191,2675637285,4961761562,11675480037,1422720,279901,1211820,2914441
8/15/23,Investors Exchange (V),113400187,22809921,76416824,212626932,5771443613,1623701482,4328625111,11723770206,1593986,152970,1129128,2876084
8/15/23,NASDAQ PSX (X),11874758,8691569,12019739,32586066,550914060.3,703498256.1,702092519.5,1956504836,233556,51536,199077,484169
8/15/23,BYX Equities (Y),39570854,24082695,36741295,100394844,859133589.2,1296813825,913278119.5,3069225534,339887,102125,267878,709890
8/15/23,BZX Equities (Z),173689214,103566136,185352556,462607906,7172193562,7699519454,8305493784,23177206799,2308246,594050,1919065,4821361
8/14/23,NYSE American (A),7079252,12964621,4791749,24835622,269953183.4,299218178.1,223688206.8,792859568.3,105498,51896,74911,232305
8/14/23,NASDAQ BX (B),14602657,6207211,13458218,34268086,578433913.4,361670214.8,645991654.8,1586095783,234071,41546,199299,474916
8/14/23,NYSE National (C),19233596,7188867,14762136,41184599,548251656.7,317845707.2,466714133.1,1332811497,359589,51168,249918,660675
8/14/23,FINRA / Nasdaq TRF Chicago (DB),8441511,2148585,13226368,23816464,205288768.7,104350947.4,788990069.3,1098629785,33347,9251,64313,106911
8/14/23,FINRA / NYSE TRF (DN),127297747,47779406,227057108,402134261,2744314813,1342965857,6065417884,10152698553,416925,136782,569545,1123252
8/14/23,FINRA / Nasdaq TRF Carteret (DQ),1573652741,604575094,1934459409,4112687244,63121429364,30310036355,91441825060,1.84873E+11,9689409,2243721,9338792,21271922
8/14/23,MIAX Pearl (H),65051315,56835565,54648862,176535742,1563837329,1994670143,1790161248,5348668720,609185,187548,402082,1198815
8/14/23,EDGA Equities (J),65523851,29163738,53341793,148029382,1761887330,1396131267,1945111337,5103129933,790159,169950,627423,1587532
8/14/23,EDGX Equities (K),189833467,93774528,263405759,547013754,5290217446,4475308956,10951735743,20717262145,1595508,456040,1716693,3768241
8/14/23,LTSE (L),65442,22158,25049,112649,2729978.01,1390449.8,1521950.61,5642378.42,290,17,227,534
8/14/23,NYSE Chicago (M),22368974,7751278,15788283,45908535,2091520177,914777079.1,2939163754,5945461010,75073,3627,42468,121168
8/14/23,NYSE (N),814744175,34265600,65225561,914235336,39490996428,2377383806,2777115922,44645496155,3087733,150810,550841,3789384
8/14/23,NYSE Arca (P),208008417,255684271,379233261,842925949,6819013716,14671746760,13241694801,34732455278,2206280,1118493,2849991,6174764
8/14/23,NASDAQ (Q),402170849,144415549,904138789,1450725187,17476413275,11391083482,50480823333,79348320090,5628794,987473,7480002,14096269
8/14/23,Members Exchange (U),123211722,42358736,137207150,302777608,3809144699,2185403786,4794204806,10788753291,1378132,238273,1233502,2849907
8/14/23,Investors Exchange (V),107824635,18832303,77498638,204155576,5265308263,1251537349,4233325759,10750171372,1521395,137890,1143963,2803248
8/14/23,NASDAQ PSX (X),11566337,7383541,11957349,30907227,593136099.5,573440286.6,746887125.5,1913463512,202624,45386,217868,465878
8/14/23,BYX Equities (Y),35453414,18352471,30944225,84750110,789200277.6,993349197.3,862547045.6,2645096520,325772,85698,262833,674303
8/14/23,BZX Equities (Z),163121223,80661230,176657719,420440172,6359533482,5501735586,8455196477,20316465545,2187274,468340,1912708,4568322
8/11/23,NYSE American (A),6437776,14807097,5039771,26284644,279223231.2,294423192.4,217544593.1,791191016.6,96497,55725,74750,226972
8/11/23,NASDAQ BX (B),14121384,6569003,14787013,35477400,566387566.7,428713946.4,667141812.8,1662243326,236251,43276,199648,479175
8/11/23,NYSE National (C),18616672,8844680,15766535,43227887,556077465.1,366340776.2,477396614.9,1399814856,340167,61191,239640,640998
8/11/23,FINRA / Nasdaq TRF Chicago (DB),8019655,1961151,14490521,24471327,182571620.8,108806075.7,778228373.6,1069606070,30435,9471,60847,100753
8/11/23,FINRA / NYSE TRF (DN),136185425,61830179,300567048,498582652,2998033049,1462053953,6325742206,10785829207,357716,136554,608315,1102585
8/11/23,FINRA / Nasdaq TRF Carteret (DQ),1528651844,661592136,2066956868,4257200848,55669402133,33018496438,85186686224,1.73875E+11,9112914,2216845,9153368,20483127
8/11/23,MIAX Pearl (H),68467303,67832234,52795054,189094591,1562913683,2522888553,1805669654,5891471889,589856,214103,419249,1223208
8/11/23,EDGA Equities (J),64254967,35476520,56534418,156265905,1699594304,1638981866,2037303159,5375879329,758828,201464,642436,1602728
8/11/23,EDGX Equities (K),194735501,111004706,299725705,605465912,5246609393,5446050465,11139612791,21832272649,1546199,508203,1776765,3831167
8/11/23,LTSE (L),36817,2500,27701,67018,4603914.14,151499,1767129.23,6522542.37,434,6,260,700
8/11/23,NYSE Chicago (M),18547172,8383656,16907258,43838086,1445553761,1095452426,3025890296,5566896482,62393,3489,43529,109411
8/11/23,NYSE (N),751666901,36135707,66628897,854431505,35569555300,2675573758,3014859390,41259988448,3090027,163459,581648,3835134
8/11/23,NYSE Arca (P),237531299,303881646,425491434,966904379,6723406603,17760632576,14079189892,38563229071,2157833,1250524,2935848,6344205
8/11/23,NASDAQ (Q),414856694,175337073,911581846,1501775613,17649116091,13758768039,48700851266,80108735396,5704505,1153471,7895722,14753698
8/11/23,Members Exchange (U),121935035,51068979,142429665,315433679,3715033328,2659048727,5273507673,11647589728,1339958,273649,1264387,2877994
8/11/23,Investors Exchange (V),98602185,22619386,79468488,200690059,5197386352,1416307875,4287065500,10900759727,1460184,151751,1159460,2771395
8/11/23,NASDAQ PSX (X),10470346,7970076,12213740,30654162,597931977.2,712032951.1,771837309.8,2081802238,200225,48911,195846,444982
8/11/23,BYX Equities (Y),33381535,21379923,32002070,86763528,733048210.1,1106652529,906459136.7,2746159876,310867,100097,268240,679204
8/11/23,BZX Equities (Z),160092447,99680293,207220944,466993684,6405341905,6772482964,9595010821,22772835690,2154731,545063,2054929,4754723
8/10/23,NYSE American (A),7478001,14678136,6490459,28646596,327586823.2,438496424.6,307052097,1073135345,109799,58442,82298,250539
8/10/23,NASDAQ BX (B),17521539,8338217,18460021,44319777,726093320.9,660157483.9,843891849,2230142654,261261,50966,224204,536431
8/10/23,NYSE National (C),21076336,10559676,17744998,49381010,597262214.2,465815405.1,522729669.2,1585807288,345499,70983,254485,670967
8/10/23,FINRA / Nasdaq TRF Chicago (DB),8881102,2265780,15340107,26486989,244894972.4,161287824.9,920517513.3,1326700311,35960,10080,67686,113726
8/10/23,FINRA / NYSE TRF (DN),184448387,56691733,279562800,520702920,3595714702,1852130403,7151936948,12599782054,419367,139534,615336,1174237
8/10/23,FINRA / Nasdaq TRF Carteret (DQ),1856799750,724080165,2389468551,4970348466,68648367443,41445694996,1.01338E+11,2.11432E+11,9898121,2311071,9778295,21987487
8/10/23,MIAX Pearl (H),74290183,85076488,66776647,226143318,1558839846,3582331103,1982842375,7124013325,587778,259291,444035,1291104
8/10/23,EDGA Equities (J),76688962,42831404,63900496,183420862,1998382804,2227550569,2459890528,6685823901,827054,243525,699591,1770170
8/10/23,EDGX Equities (K),237071994,126052534,345736249,708860777,6668629441,7514952070,13104459821,27288041331,1813811,601029,2036733,4451573
8/10/23,LTSE (L),24782,12905,64464,102151,2166520.88,1142761.28,3129805.53,6439087.69,191,58,304,553
8/10/23,NYSE Chicago (M),20867810,6231447,13173244,40272501,1837540654,723085315.3,2482934209,5043560179,90825,4006,68210,163041
8/10/23,NYSE (N),858428481,50489933,76615466,985533880,40592764141,4186516021,3069149967,47848430129,3574243,222084,617215,4413542
8/10/23,NYSE Arca (P),271187048,352558061,489060820,1112805929,8138526747,22934814522,16128398814,47201740083,2424418,1528964,3257165,7210547
8/10/23,NASDAQ (Q),467996900,222256429,1073852783,1764106112,20734705974,18511296754,53659979906,92905982634,6408358,1485258,8694325,16587941
8/10/23,Members Exchange (U),149277451,61604716,163880062,374762229,4290186834,3730011433,5841834777,13862033044,1494370,331008,1410321,3235699
8/10/23,Investors Exchange (V),113972393,27213520,93211401,234397314,6142024444,1885834374,4699649272,12727508090,1597366,165365,1255773,3018504
8/10/23,NASDAQ PSX (X),12146800,10455794,15907649,38510243,656240498.9,982391384.3,868468070,2507099953,219504,60798,221241,501543
8/10/23,BYX Equities (Y),40835118,23562246,36224277,100621641,955594829,1509837170,1170626769,3636058768,354842,110722,306879,772443
8/10/23,BZX Equities (Z),188927896,130807019,255794550,575529465,7648822534,10234451305,10980672675,28863946513,2469139,763998,2297104,5530241
8/9/23,NYSE American (A),7847078,14396499,7609230,29852807,415837787.2,363126766.4,371885630.3,1150850184,109394,52412,93123,254929
8/9/23,NASDAQ BX (B),14408002,6677398,17487497,38572897,687303902.6,493784299.7,788506180.9,1969594383,228422,40791,216213,485426
8/9/23,NYSE National (C),20207237,8431376,19484954,48123567,603745936.2,403982272.3,630097811.6,1637826020,335364,60240,260323,655927
8/9/23,FINRA / Nasdaq TRF Chicago (DB),6837197,2612966,15357331,24807494,235655404.4,139702701.4,906887834.9,1282245941,36844,9564,74236,120644
8/9/23,FINRA / NYSE TRF (DN),104737862,47494853,312101191,464333906,3090050154,1583637737,7625133150,12298821041,398134,136423,677625,1212182
8/9/23,FINRA / Nasdaq TRF Carteret (DQ),1488097475,641850401,2560302915,4690250791,65146195884,38433891044,1.00537E+11,2.04117E+11,9839560,2213390,10312244,22365194
8/9/23,MIAX Pearl (H),69122179,61382110,72621863,203126152,1667580232,2612439798,1962334196,6242354226,629562,220476,470274,1320312
8/9/23,EDGA Equities (J),67659660,33904631,64920767,166485058,1981087026,1815995344,2395804859,6192887230,824388,195478,729148,1749014
8/9/23,EDGX Equities (K),191602646,99310119,372627908,663540673,6184488665,5867935215,12055232373,24107656253,1737727,504921,2086536,4329184
8/9/23,LTSE (L),21185,111671,30038,162894,2445765.87,5104916.4,1781533.99,9332216.26,242,115,181,538
8/9/23,NYSE Chicago (M),16036451,16319444,15667816,48023711,1619573867,911050307,1947002414,4477626588,75559,3227,50786,129572
8/9/23,NYSE (N),829629049,37016826,71523780,938169655,41367708430,3049071440,2972716115,47389495985,3499513,175676,619867,4295056
8/9/23,NYSE Arca (P),193884997,274913719,550349077,1019147793,7761326762,18644404502,15554143019,41959874283,2296401,1282564,3452975,7031940
8/9/23,NASDAQ (Q),426817158,168868893,1127608289,1723294340,19951674167,14515662851,57127647720,91594984737,6257761,1167849,8993006,16418616
8/9/23,Members Exchange (U),125924117,46204408,169089981,341218506,4083243738,2797603117,5528233043,12409079898,1470975,279146,1425079,3175200
8/9/23,Investors Exchange (V),104767296,20152500,97580442,222500238,5739070268,1443846489,4969324522,12152241279,1572126,137884,1316748,3026758
8/9/23,NASDAQ PSX (X),10974709,8214562,14307048,33496319,579552095.8,690199772.1,785100900.6,2054852769,199464,47038,194474,440976
8/9/23,BYX Equities (Y),33494196,22431314,38251002,94176512,869766375.5,1360679210,1090769614,3321215199,329284,99241,311257,739782
8/9/23,BZX Equities (Z),166931816,96364285,245851408,509147509,7219297069,7467265916,9918691191,24605254176,2367171,583414,2303738,5254323
8/8/23,NYSE American (A),7040409,14945822,9160840,31147071,313160589.9,351891816,355236360.9,1020288767,108273,56650,98562,263485
8/8/23,NASDAQ BX (B),16095499,6978336,20841091,43914926,739084019.8,475922110.4,827346821.9,2042352952,274574,47146,238930,560650
8/8/23,NYSE National (C),19923798,8733764,22054019,50711581,645525717.1,393061573.2,604016312.3,1642603603,361176,62967,288894,713037
8/8/23,FINRA / Nasdaq TRF Chicago (DB),6293490,2731421,14831738,23856649,273576024.3,145546244.6,788493667.6,1207615937,39740,11067,67060,117867
8/8/23,FINRA / NYSE TRF (DN),105895955,51077801,289393874,446367630,3007492259,1648027949,6523322528,11178842736,418929,155734,671907,1246570
8/8/23,FINRA / Nasdaq TRF Carteret (DQ),1497617005,688203566,2357381517,4543202088,70954671348,38000188316,94297743301,2.03253E+11,10629183,2520554,10522499,23672236
8/8/23,MIAX Pearl (H),67411147,59881008,61544283,188836438,1658461359,2487590404,1910392217,6056443981,646590,225230,453663,1325483
8/8/23,EDGA Equities (J),67283624,33761555,70316285,171361464,1984902200,1698462110,2324735133,6008099443,843194,202950,744103,1790247
8/8/23,EDGX Equities (K),190411005,112223508,343162594,645797107,6619827563,5784637974,11826764240,24231229777,1783706,580870,2057129,4421705
8/8/23,LTSE (L),209628,61639,155573,426840,5443152.48,5641201.28,9332564.6,20416918.36,562,33,188,783
8/8/23,NYSE Chicago (M),17068684,10022849,16135610,43227143,1502358847,1394826242,2126544333,5023729422,72871,3550,53811,130232
8/8/23,NYSE (N),849547526,39329006,82287296,971163828,42726360079,3016813257,2962857044,48706030380,3578187,185567,621933,4385687
8/8/23,NYSE Arca (P),195049716,292260600,500335853,987646169,8590801390,18655192824,15664455321,42910449535,2431104,1400843,3409210,7241157
8/8/23,NASDAQ (Q),445550999,176994623,1112594811,1735140433,21570982295,14008809815,54899305379,90479097488,6539177,1247746,9029328,16816251
8/8/23,Members Exchange (U),123306992,49265965,167997965,340570922,4302097993,2778573987,5707071781,12787743761,1549204,308320,1479766,3337290
8/8/23,Investors Exchange (V),112003468,21964339,96919752,230887559,6310569985,1481170433,4805566022,12597306440,1630300,164930,1316052,3111282
8/8/23,NASDAQ PSX (X),12153043,7593697,16434031,36180771,659621541.6,614269486.4,813884848.5,2087775877,225718,49599,215857,491174
8/8/23,BYX Equities (Y),36039168,21750271,38667483,96456922,978999408.7,1245595575,1072689206,3297284190,360427,106448,323266,790141
8/8/23,BZX Equities (Z),169056399,97356735,238421308,504834442,7707492279,6957361566,9772325313,24437179158,2473324,616404,2306310,5396038
8/7/23,NYSE American (A),6716326,11903852,6206865,24827043,332838204.3,253350965.5,305511757.6,891700927.4,107445,45177,88601,241223
8/7/23,NASDAQ BX (B),14944287,6157020,16549945,37651252,610095850.5,431039169,747038976.7,1788173996,238272,38949,216345,493566
8/7/23,NYSE National (C),18630573,7063401,16377586,42071560,563038168.6,320348898.4,477225262.7,1360612330,349112,50305,249731,649148
8/7/23,FINRA / Nasdaq TRF Chicago (DB),5773855,2166651,17001785,24942291,209252170.9,116117488.8,813741626.6,1139111286,35125,8876,76502,120503
8/7/23,FINRA / NYSE TRF (DN),95774594,45786005,271621995,413182594,2416441420,1347064911,7720825370,11484331701,389663,131551,690346,1211560
8/7/23,FINRA / Nasdaq TRF Carteret (DQ),1354017735,596477254,2212028433,4162523422,62805498573,32283069278,97641393055,1.9273E+11,9860305,2229579,10782356,22872240
8/7/23,MIAX Pearl (H),58607068,54544134,53789617,166940819,1402873661,1940879502,1635919647,4979672810,575140,181264,424849,1181253
8/7/23,EDGA Equities (J),60994089,28041040,58461975,147497104,1749127327,1376280022,2233102461,5358509810,778170,164533,693223,1635926
8/7/23,EDGX Equities (K),176628539,92007865,319859602,588496006,5603365255,4652598029,11724680314,21980643598,1656676,441040,2061149,4158865
8/7/23,LTSE (L),33526,730,24344,58600,4026851.26,102597.3,1624956.19,5754404.75,321,2,192,515
8/7/23,NYSE Chicago (M),15168860,9225975,12523745,36918580,1275553597,911405274.1,1678087464,3865046335,55549,3815,45646,105010
8/7/23,NYSE (N),774116665,30511847,65766617,870395129,38770464358,2383857418,2818386999,43972708776,3300774,145659,584856,4031289
8/7/23,NYSE Arca (P),171706661,249636099,452268670,873611430,6844087218,16306955997,14045811639,37196854854,2171215,1136130,3346117,6653462
8/7/23,NASDAQ (Q),393822853,142415067,1016927597,1553165517,18424016994,11447188583,53333254830,83204460407,5946228,1017993,8741485,15705706
8/7/23,Members Exchange (U),112980535,40289850,156737092,310007477,3726189481,2194456584,5443920313,11364566378,1419289,238549,1427179,3085017
8/7/23,Investors Exchange (V),99502445,18830533,90847512,209180490,5611910882,1319005906,4989190796,11920107585,1538523,129285,1295489,2963297
8/7/23,NASDAQ PSX (X),10801211,6353185,13047219,30201615,504550686.8,495774022.5,671726491.5,1672051201,192837,38446,186707,417990
8/7/23,BYX Equities (Y),31938461,19072942,33482883,84494286,817150378,1081247844,1012988454,2911386676,324375,88134,301226,713735
8/7/23,BZX Equities (Z),145745782,78620432,205515871,429882085,6553918741,5815677378,9553470460,21923066579,2231243,477660,2238194,4947097
8/4/23,NYSE American (A),8094985,13751184,7691463,29537632,400339631.9,442659502.2,497015113.3,1340014247,132349,57171,109764,299284
8/4/23,NASDAQ BX (B),16555721,9246364,18635694,44437779,744957564.5,767528774.3,957566323.6,2470052662,272412,53281,240982,566675
8/4/23,NYSE National (C),20965176,10097912,18998391,50061479,656777554.5,500704974,696990637.5,1854473166,378051,69329,276548,723928
8/4/23,FINRA / Nasdaq TRF Chicago (DB),7115971,2559081,15192130,24867182,264988369.4,166679020.1,1032534209,1464201598,41973,10695,76394,129062
8/4/23,FINRA / NYSE TRF (DN),147180437,82182779,422162036,651525252,3894845682,2429579342,14644952315,20969377340,538099,195747,958744,1692590
8/4/23,FINRA / Nasdaq TRF Carteret (DQ),1506846967,676452758,2253176086,4436475811,66902517402,44014339268,1.05165E+11,2.16082E+11,10611648,2286170,10743069,23640887
8/4/23,MIAX Pearl (H),68190094,72787816,68840189,209818099,1787538902,3026254857,2503694554,7317488313,662955,245893,472308,1381156
8/4/23,EDGA Equities (J),74135425,38003408,69262264,181401097,2150750916,1994762937,3100430178,7245944031,907896,215565,768079,1891540
8/4/23,EDGX Equities (K),219232546,127663022,348174810,695070378,6734410250,7072368119,15103188948,28909967317,1893272,601703,2158828,4653803
8/4/23,LTSE (L),86764,0,13623,100387,7430477.07,0,1666682.097,9097159.167,985,0,130,1115
8/4/23,NYSE Chicago (M),12456694,8270997,16991879,37719570,1000881010,973505017.8,2740888728,4715274755,67061,3165,51914,122140
8/4/23,NYSE (N),889573818,46458891,77527086,1013559795,44305450949,3772528175,4020706423,52098685548,3930430,207352,660090,4797872
8/4/23,NYSE Arca (P),223904411,347276717,507559420,1078740548,8348650108,23506528778,20039435796,51894614683,2528460,1507724,3552688,7588872
8/4/23,NASDAQ (Q),494154778,204068549,1099835933,1798059260,23305823605,17630174335,66812171077,1.07748E+11,6935649,1386145,9548929,17870723
8/4/23,Members Exchange (U),143620907,59079420,191390464,394090791,4754700446,3547616375,7572672889,15874989710,1640195,334912,1574512,3549619
8/4/23,Investors Exchange (V),115128162,24471955,96742227,236342344,6388338646,1966573400,6011027593,14365939639,1644069,160972,1272195,3077236
8/4/23,NASDAQ PSX (X),12817141,10537689,17688849,41043679,611719822,981075503.7,1247612539,2840407865,213114,59302,233539,505955
8/4/23,BYX Equities (Y),40854563,25786367,38623416,105264346,988084046.2,1615849634,1451602525,4055536205,370661,113076,331982,815719
8/4/23,BZX Equities (Z),192741376,118454503,245286604,556482483,8349689260,8978915396,14186221522,31514826178,2582169,673191,2430747,5686107
8/3/23,NYSE American (A),8992662,13525590,8189997,30708249,444785039.8,394347905.3,449460425.4,1288593370,134763,57705,107736,300204
8/3/23,NASDAQ BX (B),17145974,9718768,18912878,45777620,774458465.9,569273133.6,947465166.7,2291196766,274246,57783,234699,566728
8/3/23,NYSE National (C),20847533,11034346,18201176,50083055,677814089.6,488313188.3,641249742.2,1807377020,371920,77948,255427,705295
8/3/23,FINRA / Nasdaq TRF Chicago (DB),7186160,2834438,17463547,27484145,285265766.8,103112648.2,843705026.7,1232083442,42575,9636,67904,120115
8/3/23,FINRA / NYSE TRF (DN),164003190,104017214,581853307,849873711,4408469726,3082410776,14633462830,22124343331,617429,253231,1012230,1882890
8/3/23,FINRA / Nasdaq TRF Carteret (DQ),1543519248,700556577,2689347801,4933423626,71342732287,36317902919,92903687898,2.00564E+11,11165858,2357220,10455574,23978652
8/3/23,MIAX Pearl (H),69874566,64655637,70284566,204814769,1771465738,2681206903,2263145224,6715817864,657414,215283,438972,1311669
8/3/23,EDGA Equities (J),69953279,34298422,67781056,172032757,2243356979,1597315917,2668962436,6509635331,909902,192989,734191,1837082
8/3/23,EDGX Equities (K),212387368,118984032,382641670,714013070,6967862751,5962739442,12506815134,25437417327,1912638,562626,2075369,4550633
8/3/23,LTSE (L),76361,12000,204954,293315,6680186.6,1097760,27402978.63,35180925.23,892,2,3272,4166
8/3/23,NYSE Chicago (M),15679766,7787251,13806552,37273569,1494395755,1061742758,2279443764,4835582277,66325,3236,51000,120561
8/3/23,NYSE (N),888790172,43736841,72547514,1005074527,46399954074,3034447762,3275582157,52709983994,4002866,178359,614280,4795505
8/3/23,NYSE Arca (P),215453363,345106646,564497558,1125057567,8571164280,20388118331,19975461454,48934744066,2542478,1422724,3589296,7554498
8/3/23,NASDAQ (Q),486117626,190289265,1122276269,1798683160,23353973803,14214938327,60773006090,98341918220,6993485,1237896,9126478,17357859
8/3/23,Members Exchange (U),141255842,61154903,190001438,392412183,4802217781,3194609801,6188889765,14185717347,1695297,323068,1484065,3502430
8/3/23,Investors Exchange (V),124418066,24339315,97023095,245780476,7010454469,1619775826,5698319347,14328549641,1772451,160551,1315442,3248444
8/3/23,NASDAQ PSX (X),10669988,9336685,16303551,36310224,562812973,762265103.1,1031822597,2356900673,201700,52660,200393,454753
8/3/23,BYX Equities (Y),38658245,29237809,43073334,110969388,1085573468,1476113751,1485097867,4046785086,379740,150426,354470,884636
8/3/23,BZX Equities (Z),187869220,112103430,262967798,562940448,8432197075,7951827561,11248464941,27632489577,2654197,622957,2346998,5624152
8/2/23,NYSE American (A),7972209,14571824,7936588,30480621,446025600.4,426005198,488550137.7,1360580936,121011,57903,102824,281738
8/2/23,NASDAQ BX (B),16852432,11643402,20038761,48534595,824356723.2,736648326.7,1071784414,2632789464,265146,75966,250069,591181
8/2/23,NYSE National (C),20791908,11844433,20736125,53372466,749699470.3,542304419.3,775973237.1,2067977127,355959,79070,271076,706105
8/2/23,FINRA / Nasdaq TRF Chicago (DB),8260583,3341919,16640982,28243484,311903148.2,152093666.1,1056429659,1520426473,46624,12334,88023,146981
8/2/23,FINRA / NYSE TRF (DN),187495784,104970675,491206984,783673443,4984211755,3720224152,18185797940,26890233847,693726,287807,1198148,2179681
8/2/23,FINRA / Nasdaq TRF Carteret (DQ),1526743740,775743619,2286323602,4588810961,70684533115,48394989607,1.04948E+11,2.24027E+11,11105290,2881026,11129743,25116059
8/2/23,MIAX Pearl (H),65978351,72250997,68254132,206483480,1807413171,3116006738,2410001158,7333421067,684972,248383,470223,1403578
8/2/23,EDGA Equities (J),68753984,38466345,68538829,175759158,2290555277,2095921194,2948466218,7334942688,893411,215635,764754,1873800
8/2/23,EDGX Equities (K),225010373,133495365,347778635,706284373,7392647672,7351460843,14870149054,29614257569,1959856,653042,2232574,4845472
8/2/23,LTSE (L),70503,300,105123,175926,8936818.43,27432,12238525.4,21202775.83,831,2,1276,2109
8/2/23,NYSE Chicago (M),19339195,17094035,12229132,48662362,1377783388,1824248057,2035132385,5237163831,79535,4863,63922,148320
8/2/23,NYSE (N),953693961,50087193,77699407,1081480561,49242259643,3646904209,3769778733,56658942584,4032007,199387,669816,4901210
8/2/23,NYSE Arca (P),221306940,373073034,506062967,1100442941,9012447808,24092402432,20302370551,53407220791,2549529,1659354,3690752,7899635
8/2/23,NASDAQ (Q),498433445,210502175,1157912959,1866848579,24381308541,16977808242,70924163484,1.12283E+11,7091629,1363464,9696564,18151657
8/2/23,Members Exchange (U),135829757,61849104,171167950,368846811,4717774414,3401739760,6806284140,14925798314,1641020,346662,1532652,3520334
8/2/23,Investors Exchange (V),124451197,28865596,102375842,255692635,7259129373,2023171722,6205879300,15488180395,1766819,178154,1379520,3324493
8/2/23,NASDAQ PSX (X),10811749,10010443,16884696,37706888,579750011.6,804749489.4,1116048877,2500548378,203740,55145,219923,478808
8/2/23,BYX Equities (Y),38943198,33017996,42530494,114491688,1135735946,1890595480,1649147388,4675478815,389168,164820,372369,926357
8/2/23,BZX Equities (Z),186700015,124210436,234822718,545733169,8751013667,8769241125,12644860295,30165115086,2730705,693122,2460620,5884447
8/1/23,NYSE American (A),7482865,15633685,6623289,29739839,362368368.5,280920294.1,316543156.7,959831819.4,108233,62862,85400,256495
8/1/23,NASDAQ BX (B),15443837,9427260,16628988,41500085,711788313.4,567894519,776652406.4,2056335239,255622,66275,226512,548409
8/1/23,NYSE National (C),19096098,9909798,16790697,45796593,658148431.1,458037015.2,588476811.7,1704662258,344563,79161,255711,679435
8/1/23,FINRA / Nasdaq TRF Chicago (DB),7917005,2619293,13917589,24453887,294477703,106772392,664052046,1065302141,43490,9595,66873,119958
8/1/23,FINRA / NYSE TRF (DN),195340856,98131377,434540432,728012665,5467832780,3123221379,14624543856,23215598015,699728,250170,1103532,2053430
8/1/23,FINRA / Nasdaq TRF Carteret (DQ),1485172302,674763816,1913018317,4072954435,68872868992,37490879393,80930071369,1.87294E+11,10755851,2456336,9991787,23203974
8/1/23,MIAX Pearl (H),64209251,51033593,54595903,169838747,1767940836,2184513608,1742308780,5694763224,628635,188438,394033,1211106
8/1/23,EDGA Equities (J),66256795,29808544,54867887,150933226,2077409210,1491644220,2170563647,5739617077,874084,178298,697868,1750250
8/1/23,EDGX Equities (K),218183958,107385807,294386953,619956718,7004670585,4910173484,11642163590,23557007660,1883165,515787,2002870,4401822
8/1/23,LTSE (L),56591,17800,35423,109814,6459729.54,1627446,2066244.27,10153419.81,787,4,96,887
8/1/23,NYSE Chicago (M),18415172,15549222,16229382,50193776,1270671502,1662469107,1894898907,4828039517,69772,3704,53682,127158
8/1/23,NYSE (N),877029981,38702921,73350706,989083608,44837648998,2654170978,2933390787,50425210762,3714574,160944,597719,4473237
8/1/23,NYSE Arca (P),210236569,305970694,404062570,920269833,8234030956,18494766952,15561994186,42290792094,2414839,1276769,3287199,6978807
8/1/23,NASDAQ (Q),467139104,160481945,985410434,1613031483,22198505241,12208724058,53004025483,87411254782,6683433,1088812,8475399,16247644
8/1/23,Members Exchange (U),128516787,46073154,139299012,313888953,4320467838,2350877959,5163502128,11834847925,1502959,258484,1318525,3079968
8/1/23,Investors Exchange (V),115788527,22325657,87842092,225956276,6344465757,1660144346,4932498419,12937108522,1704131,162345,1273789,3140265
8/1/23,NASDAQ PSX (X),9853612,7648707,12777344,30279663,510588064.9,610558807.7,724242113.8,1845388986,180319,46152,169275,395746
8/1/23,BYX Equities (Y),35581124,23218888,32144309,90944321,990108788,1268103434,1118850067,3377062289,368034,116716,318614,803364
8/1/23,BZX Equities (Z),173896151,92103481,193194983,459194615,7957944454,6554606593,9641945455,24154496501,2561554,537572,2194693,5293819
7/31/23,NYSE American (A),8281339,17992363,7360561,33634263,367928175,320400543.6,350833932.3,1039162651,120195,57400,94065,271660
7/31/23,NASDAQ BX (B),14648293,7900405,14845751,37394449,767019909.6,552314279,824736257.1,2144070446,253044,50945,215929,519918
7/31/23,NYSE National (C),19578721,10908341,18853049,49340111,677152385.2,512054584,675424302.9,1864631272,355836,86950,265605,708391
7/31/23,FINRA / Nasdaq TRF Chicago (DB),7468764,2069349,15142568,24680681,221977160.7,103877798.1,700544187.6,1026399146,37568,8512,64288,110368
7/31/23,FINRA / NYSE TRF (DN),213665380,92913015,452607640,759186035,4924424317,2913559432,14593388404,22431372153,722955,237563,1027547,1988065
7/31/23,FINRA / Nasdaq TRF Carteret (DQ),1584749183,620368440,1981064613,4186182236,72049299048,37155461836,83014624181,1.92219E+11,10662456,2282314,9798118,22742888
7/31/23,MIAX Pearl (H),64951655,50971057,58762418,174685130,1853528593,2132559090,1994849222,5980936905,633338,182339,409624,1225301
7/31/23,EDGA Equities (J),66256872,29034438,57854402,153145712,2089880755,1552342615,2321229052,5963452422,846081,164720,669643,1680444
7/31/23,EDGX Equities (K),221980523,110107643,294949668,627037834,6805055087,5240287114,11239231154,23284573355,1788621,480900,1798415,4067936
7/31/23,LTSE (L),48860,72619,85752,207231,1032802.15,3513663.32,8973922.18,13520387.65,118,17,855,990
7/31/23,NYSE Chicago (M),21955273,10647089,22715825,55318187,1266943000,1004561520,3378436452,5649940972,58387,3980,44962,107329
7/31/23,NYSE (N),1214983524,35678834,73657303,1324319661,65981260308,2620209850,2798128351,71399598509,3508327,148465,553486,4210278
7/31/23,NYSE Arca (P),206307847,285019833,388420871,879748551,8165752853,18893127851,13470908850,40529789554,2311791,1138610,2847972,6298373
7/31/23,NASDAQ (Q),448083210,156969862,1149450108,1754503180,21580746778,12260446909,61415467816,95256661503,6251903,992272,8054575,15298750
7/31/23,Members Exchange (U),128855642,45628626,151301919,325786187,4368162858,2464188793,5184051123,12016402774,1493369,248667,1297511,3039547
7/31/23,Investors Exchange (V),113069716,20979263,87564581,221613560,6826571021,1506215458,5391851210,13724637689,1684906,145964,1241995,3072865
7/31/23,NASDAQ PSX (X),10707266,7536272,13111038,31354576,578020474,584898726.4,862210929.8,2025130130,183859,41882,176384,402125
7/31/23,BYX Equities (Y),37273719,22892811,34344376,94510906,1117465646,1244838443,1182101186,3544405275,375415,112477,304338,792230
7/31/23,BZX Equities (Z),169944998,92188498,203781612,465915108,7587950313,6781117339,9605131068,23974198720,2327132,496722,1997135,4820989
7/28/23,NYSE American (A),8555512,16283822,7607346,32446680,439518877.6,409871569.5,505183987.2,1354574434,129618,61541,104760,295919
7/28/23,NASDAQ BX (B),13028758,9349390,14050198,36428346,663754145.5,686059942,867434009.8,2217248097,233002,50642,209216,492860
7/28/23,NYSE National (C),19838352,10367736,16941983,47148071,636917520.3,492836271.9,649263740,1779017532,349181,75041,246741,670963
7/28/23,FINRA / Nasdaq TRF Chicago (DB),7630788,2448201,13759020,23838009,278346569.8,158454406.4,905813985.5,1342614962,39593,9701,71201,120495
7/28/23,FINRA / NYSE TRF (DN),184323567,105494615,376432951,666251133,4760700835,2981594856,17359096061,25101391751,641117,246554,985987,1873658
7/28/23,FINRA / Nasdaq TRF Carteret (DQ),1448536150,633334844,1758963173,3840834167,66574878820,37251491914,95380022054,1.99206E+11,10185936,2147429,9623521,21956886
7/28/23,MIAX Pearl (H),65593747,57156279,59696562,182446588,1830958252,2607271843,2301494694,6739724789,629196,197922,430709,1257827
7/28/23,EDGA Equities (J),66377791,36741386,56071248,159190425,2068261442,1850955599,2647037390,6566254431,823830,200187,667857,1691874
7/28/23,EDGX Equities (K),216028307,126899822,271788539,614716668,6961684625,6038585853,13671361207,26671631685,1749917,543605,1875384,4168906
7/28/23,LTSE (L),19444,37498,27787,84729,1573548.57,2322739.18,2899475.84,6795763.59,206,36,288,530
7/28/23,NYSE Chicago (M),13071197,9042111,23682610,45795918,1117999762,1070763002,3870662415,6059425180,62569,3968,52232,118769
7/28/23,NYSE (N),869517560,40294466,77999741,987811767,44871460010,3051674758,3567033235,51490168003,3472827,165433,594646,4232906
7/28/23,NYSE Arca (P),198539383,318776031,348572278,865887692,7987066771,20210540072,16834865045,45032471888,2258031,1243179,3029814,6531024
7/28/23,NASDAQ (Q),452373469,172741665,1015991623,1641106757,22056231096,13831026813,66538850316,1.02426E+11,6254136,1110946,8437405,15802487
7/28/23,Members Exchange (U),130906167,49335914,140886229,321128310,4459149844,2607609525,6128009108,13194768477,1493807,265912,1344190,3103909
7/28/23,Investors Exchange (V),116454365,22967926,88167221,227589512,7133001634,1713826451,6080511749,14927339834,1695659,148017,1270321,3113997
7/28/23,NASDAQ PSX (X),10137755,8842888,14027275,33007918,513767917,747393063.2,1110468042,2371629022,174866,50389,189818,415073
7/28/23,BYX Equities (Y),35312519,28801653,32754933,96869105,965383454.1,1657465275,1408447249,4031295978,342167,138697,290563,771427
7/28/23,BZX Equities (Z),172809003,100345055,197803774,470957832,7946362396,7393123816,12764139807,28103626020,2351070,550554,2153095,5054719
7/27/23,NYSE American (A),7291794,15450372,6773233,29515399,339018368.9,487241338.4,413314935.3,1239574643,107315,64540,84649,256504
7/27/23,NASDAQ BX (B),14468255,11201508,16450926,42120689,810854612.2,828542273,1114923699,2754320584,266732,64753,239865,571350
7/27/23,NYSE National (C),21900817,12309567,18750518,52960902,740966113.7,560008701.1,749115293.7,2050090108,373729,81315,261183,716227
7/27/23,FINRA / Nasdaq TRF Chicago (DB),9065772,3507466,15043061,27616299,336562125.8,247560182.5,1130778440,1714900748,46141,15780,80676,142597
7/27/23,FINRA / NYSE TRF (DN),218486030,116216098,458022336,792724464,5351022518,3935013473,19277249366,28563285356,737754,289594,1133951,2161299
7/27/23,FINRA / Nasdaq TRF Carteret (DQ),1687006168,745575657,2105959642,4538541467,79169164966,44037862331,1.07756E+11,2.30963E+11,11399754,2592985,10694884,24687623
7/27/23,MIAX Pearl (H),65389895,78168126,66605007,210163028,2022371177,3308920414,2753458708,8084750299,702815,261018,479020,1442853
7/27/23,EDGA Equities (J),74541937,41707677,68216890,184466504,2414639136,2069710857,3059561550,7543911543,929281,236447,760111,1925839
7/27/23,EDGX Equities (K),236912455,155061641,309142597,701116693,7896821239,7828299073,15999846411,31724966723,1964661,725190,2159338,4849189
7/27/23,LTSE (L),92990,21944,168037,282971,7340525.41,2014020.32,27718142.79,37072688.52,1101,5,436,1542
7/27/23,NYSE Chicago (M),18534176,19232255,13570672,51337103,1603710824,1611065484,2341268672,5556044980,79735,5393,65932,151060
7/27/23,NYSE (N),973777342,58399891,81545406,1113722639,51217794241,4393283646,3969041819,59580119705,4088982,238864,649845,4977691
7/27/23,NYSE Arca (P),232255103,396015343,415378080,1043648526,9671692336,25100207910,20290961068,55062861314,2592274,1716080,3488659,7797013
7/27/23,NASDAQ (Q),522650596,225075099,1099698352,1847424047,26388939894,17223286201,71796825833,1.15409E+11,7317910,1455710,9752083,18525703
7/27/23,Members Exchange (U),143363576,68038321,155840686,367242583,4915141584,3590159396,7095436952,15600737932,1691041,378914,1497079,3567034
7/27/23,Investors Exchange (V),134688619,27044276,100456095,262188990,8567409147,1908522218,7194746393,17670677759,1878061,181753,1394696,3454510
7/27/23,NASDAQ PSX (X),12759249,12034989,19110336,43904574,672045989.6,1005749016,1509487421,3187282426,222546,69016,232816,524378
7/27/23,BYX Equities (Y),41126795,34620204,37701533,113448532,1182100501,1821553472,1576994289,4580648262,402359,160528,348433,911320
7/27/23,BZX Equities (Z),197277749,134115677,229091929,560485355,9093800476,9876324624,14417443953,33387569054,2646229,774682,2393395,5814306
7/26/23,NYSE American (A),6704317,12073420,6348278,25126015,340374281.8,325444257,343894913.9,1009713453,102695,52054,78978,233727
7/26/23,NASDAQ BX (B),15674545,7603664,14834146,38112355,791040972.8,525538547.3,930506791.3,2247086311,264276,48961,223299,536536
7/26/23,NYSE National (C),21530117,11468276,17615748,50614141,712599330.2,519010965.1,687304987.7,1918915283,358824,84754,248846,692424
7/26/23,FINRA / Nasdaq TRF Chicago (DB),6865111,1872593,12386214,21123918,255038259.1,135003470.4,872275638.9,1262317368,36992,9065,66893,112950
7/26/23,FINRA / NYSE TRF (DN),179397485,86009438,368101430,633508353,5208198119,3241934274,17106276792,25556409185,628155,223214,968001,1819370
7/26/23,FINRA / Nasdaq TRF Carteret (DQ),1448077419,575431252,1687600733,3711109404,71175716259,35669119330,92534466429,1.99379E+11,10222642,2062124,9408792,21693558
7/26/23,MIAX Pearl (H),70710342,62570340,61756786,195037468,1895258411,2921604994,2105859071,6922722476,642561,231090,425691,1299342
7/26/23,EDGA Equities (J),70634146,32692350,59113636,162440132,2234930741,1699162996,2729283606,6663377343,869183,187796,701772,1758751
7/26/23,EDGX Equities (K),208627394,109471438,263197972,581296804,7327020021,6299475807,13256389292,26882885120,1773959,535185,1880235,4189379
7/26/23,LTSE (L),49605,166687,104650,320942,4035666.59,6934753.38,13612265.94,24582685.91,377,73,959,1409
7/26/23,NYSE Chicago (M),20528529,8770520,11489483,40788532,1805150189,766932932.9,1833098660,4405181782,79628,4792,60994,145414
7/26/23,NYSE (N),871619405,45916437,73817301,991353143,46453154817,3511562095,3443770082,53408486993,3692905,189657,593624,4476186
7/26/23,NYSE Arca (P),196107241,297528780,339786928,833422949,8765535553,20715939994,18420717575,47902193122,2319154,1308709,3038936,6666799
7/26/23,NASDAQ (Q),460244688,176903841,956824266,1593972795,23735669838,14851415745,62538167550,1.01125E+11,6584110,1195812,8510385,16290307
7/26/23,Members Exchange (U),129276110,53471788,135918257,318666155,4591736800,3040135922,6057242189,13689114911,1552829,296645,1344970,3194444
7/26/23,Investors Exchange (V),123378638,19519957,87062726,229961321,7787466396,1394100281,6020420090,15201986767,1716359,144458,1257048,3117865
7/26/23,NASDAQ PSX (X),10666670,9109508,15364762,35140940,540921437.7,813111987,1148703004,2502736428,200221,53738,197946,451905
7/26/23,BYX Equities (Y),34577139,21918851,33088436,89584426,1083665473,1301205760,1487775144,3872646377,350655,98466,306267,755388
7/26/23,BZX Equities (Z),178031598,106972195,200534139,485537932,8756087504,8524827471,12124688602,29405603577,2458122,626874,2157225,5242221
7/25/23,NYSE American (A),6928918,10406072,5863063,23198053,331246494.5,297261279.4,338405730.4,966913504.3,103124,43571,79427,226122
7/25/23,NASDAQ BX (B),13302784,7305127,13230121,33838032,722015770.8,465579352.7,791589635.7,1979184759,248194,43830,206796,498820
7/25/23,NYSE National (C),19993862,8243338,14923116,43160316,683673003.2,398634071.3,554933270.7,1637240345,352506,53021,235795,641322
7/25/23,FINRA / Nasdaq TRF Chicago (DB),5986714,1613565,10127612,17727891,281528058.3,82244653.7,596121988.6,959894700.6,34595,6780,49860,91235
7/25/23,FINRA / NYSE TRF (DN),169091194,79437142,449274261,697802597,5359843292,3318379447,15843125647,24521348385,624278,210406,995189,1829873
7/25/23,FINRA / Nasdaq TRF Carteret (DQ),1394353152,541894286,1864398960,3800646398,69596562071,33503086203,83814482450,1.86914E+11,10233728,1997211,9254832,21485771
7/25/23,MIAX Pearl (H),63504188,51014160,53234426,167752774,1737770552,2305443194,1671740506,5714954252,602311,192131,382839,1177281
7/25/23,EDGA Equities (J),66702384,25850775,55575050,148128209,2164045022,1372217996,2191464255,5727727273,843857,150018,653663,1647538
7/25/23,EDGX Equities (K),194932771,85980907,294051596,574965274,6910809001,4757960697,11700691118,23369460816,1729530,434911,1808537,3972978
7/25/23,LTSE (L),49871,1000,23765,74636,9782508.06,104110,6596862.836,16483480.9,610,1,348,959
7/25/23,NYSE Chicago (M),23471655,11596967,16311933,51380555,1775363577,1974776996,3132557708,6882698280,54899,3986,44265,103150
7/25/23,NYSE (N),826609822,33598416,64175073,924383311,43560074795,2497115704,2647824205,48705014704,3361352,142706,518844,4022902
7/25/23,NYSE Arca (P),195094680,236083739,416771088,847949507,8328805411,16238469550,15631733158,40199008119,2241985,1070677,3007601,6320263
7/25/23,NASDAQ (Q),441380866,141274811,928574574,1511230251,22245374357,11050033741,54275640547,87571048645,6227524,948735,7819061,14995320
7/25/23,Members Exchange (U),126894513,42583516,140436934,309914963,4602198950,2367457471,5271920869,12241577290,1488613,241054,1276363,3006030
7/25/23,Investors Exchange (V),122382933,19940196,83837914,226161043,7602216069,1350663095,5246100851,14198980014,1743856,138532,1243821,3126209
7/25/23,NASDAQ PSX (X),9606339,7654198,11760393,29020930,510071048,578348433,780073985.6,1868493467,188505,44811,167685,401001
7/25/23,BYX Equities (Y),34996576,22359992,32721581,90078149,1025091168,1364642267,1127823045,3517556480,349246,94041,294441,737728
7/25/23,BZX Equities (Z),169480002,78381261,213066306,460927569,7937775721,5966608931,9395614181,23299998833,2339054,464827,1945364,4749245
7/24/23,NYSE American (A),6839567,10999105,5310380,23149052,298720414.2,344320134,279779382.1,922819930.3,98229,47554,72461,218244
7/24/23,NASDAQ BX (B),12856611,7260565,11717831,31835007,646985373.3,500270129.5,698052732.2,1845308235,242101,45963,190940,479004
7/24/23,NYSE National (C),19881439,8416182,13918572,42216193,598070222.9,425156507,486661139.5,1509887869,342948,59562,222522,625032
7/24/23,FINRA / Nasdaq TRF Chicago (DB),6606194,1665566,10430819,18702579,218191434.7,92483498.13,604320621.9,914995554.6,31786,6996,52029,90811
7/24/23,FINRA / NYSE TRF (DN),204674956,77889427,382072569,664636952,4945827764,2974977229,16746544832,24667349825,669702,224327,998481,1892510
7/24/23,FINRA / Nasdaq TRF Carteret (DQ),1426506464,557025708,1677880380,3661412552,65396459503,32921889463,91285935728,1.89604E+11,10016518,2067998,9329701,21414217
7/24/23,MIAX Pearl (H),66590226,57391770,51212066,175194062,1681318203,2290332708,1867607500,5839258411,580774,197229,375438,1153441
7/24/23,EDGA Equities (J),66399745,27671374,49550084,143621203,1959682710,1410443680,2047723400,5417849790,802641,158711,623171,1584523
7/24/23,EDGX Equities (K),210189483,92227170,256674773,559091426,6290317593,4964571114,10897627654,22152516361,1701399,459106,1764581,3925086
7/24/23,LTSE (L),49248,2100,27485,78833,11246546.31,192591,3498571.709,14937709.02,764,4,149,917
7/24/23,NYSE Chicago (M),18164866,16837393,18874516,53876775,1630138663,2431052509,2375669614,6436860786,56249,3549,47315,107113
7/24/23,NYSE (N),794425239,34599167,62591997,891616403,41077189392,2500926233,2956495774,46534611398,3197970,145347,518448,3861765
7/24/23,NYSE Arca (P),205727358,257827579,326626828,790181765,7295318497,16300567969,13291775078,36887661544,2161575,1091298,2709899,5962772
7/24/23,NASDAQ (Q),429711936,145730668,867903414,1443346018,20134437926,11131020084,51957387723,83222845733,5829985,949864,7606778,14386627
7/24/23,Members Exchange (U),134474189,41895701,121728320,298098210,4402569765,2356145871,5233434867,11992150502,1478551,243827,1310093,3032471
7/24/23,Investors Exchange (V),112282100,18196584,80620787,211099471,6725255319,1250655179,5486063043,13461973541,1669823,132169,1230866,3032858
7/24/23,NASDAQ PSX (X),10720982,8334292,12317644,31372918,513981177.2,649627041.4,1013536302,2177144521,187790,46293,179137,413220
7/24/23,BYX Equities (Y),36508797,20244742,29106259,85859798,949655062.7,1182023359,1065936694,3197615116,340195,94201,266412,700808
7/24/23,BZX Equities (Z),166319098,84923569,186157263,437399930,7313571609,6239523730,9031690977,22584786316,2212979,487913,1909030,4609922
7/21/23,NYSE American (A),6554737,13834859,7082599,27472195,355188806.5,333334838.5,421948777,1110472422,102017,47398,90818,240233
7/21/23,NASDAQ BX (B),13354512,7341793,14528967,35225272,702015425.7,579792607.4,1094390476,2376198509,244365,44102,226737,515204
7/21/23,NYSE National (C),18761625,7729809,15988313,42479747,613544458.3,402830727,659611688,1675986873,329058,54783,245751,629592
7/21/23,FINRA / Nasdaq TRF Chicago (DB),4964786,1612151,10626786,17203723,218095223.7,78171612.42,839822782.9,1136089619,26096,6694,57627,90417
7/21/23,FINRA / NYSE TRF (DN),145368985,89859559,408965320,644193864,4591704742,3138786280,20844442298,28574933320,525753,214271,1041076,1781100
7/21/23,FINRA / Nasdaq TRF Carteret (DQ),1247339643,605210145,2157256754,4009806542,66306162112,37301656640,1.51635E+11,2.55243E+11,9287903,2003566,9731852,21023321
7/21/23,MIAX Pearl (H),56767364,56422399,60793130,173982893,1578019378,2494701484,2496543037,6569263899,536319,184497,405042,1125858
7/21/23,EDGA Equities (J),63131498,29693395,55549713,148374606,2044888679,1629146467,2721244873,6395280019,795584,177125,701187,1673896
7/21/23,EDGX Equities (K),171949043,96194061,272745393,540888497,6113171355,5397967538,13685122360,25196261253,1606118,470366,1955312,4031796
7/21/23,LTSE (L),9023,0,5601,14624,1316567.15,0,441517.49,1758084.64,91,0,74,165
7/21/23,NYSE Chicago (M),24888329,14581033,33958321,73427683,2073791437,2065889500,6151614534,10291295472,56922,4744,54503,116169
7/21/23,NYSE (N),915809599,35786989,72250508,1023847096,52648548738,2713176159,4087545653,59449270550,3288252,155641,621678,4065571
7/21/23,NYSE Arca (P),197107866,257897437,346412521,801417824,7624568535,18949984288,18425534472,45000087296,2182346,1156776,3159941,6499063
7/21/23,NASDAQ (Q),426924841,147623915,1525541021,2100089777,21371613597,12826331278,1.41138E+11,1.75336E+11,5985304,1022745,8613390,15621439
7/21/23,Members Exchange (U),117682470,44111354,133918448,295712272,4397179526,2667755650,7304153304,14369088480,1463305,259963,1517093,3240361
7/21/23,Investors Exchange (V),107359033,18266321,92135638,217760992,6774568962,1415470121,7069423926,15259463009,1604337,139387,1330928,3074652
7/21/23,NASDAQ PSX (X),9454243,8007391,17460356,34921990,520758682.3,687964369.6,1604420500,2813143552,177191,50128,207984,435303
7/21/23,BYX Equities (Y),33772455,20509472,31529794,85811721,986792333.4,1379156649,1433985843,3799934825,332169,99203,296816,728188
7/21/23,BZX Equities (Z),156548924,86929261,210813436,454291621,7839831053,7594185803,13059450557,28493467413,2288139,529359,2217502,5035000
7/20/23,NYSE American (A),7041544,12064182,8309921,27415647,355903500.9,470679196.8,504547530.3,1331130228,103284,53045,93632,249961
7/20/23,NASDAQ BX (B),14001790,9701862,17602660,41306312,781073308.5,759921016,1227543957,2768538281,279985,58101,248566,586652
7/20/23,NYSE National (C),21771634,11507830,21084719,54364183,721698694.4,573004684.9,924371606.6,2219074986,375885,73650,284301,733836
7/20/23,FINRA / Nasdaq TRF Chicago (DB),5381907,1968419,11964774,19315100,247354946,99646184.48,1012939997,1359941127,30750,8379,67836,106965
7/20/23,FINRA / NYSE TRF (DN),152354385,92149140,435272585,679776110,4874260022,3332914716,19967315722,28174490460,601419,251763,1184582,2037764
7/20/23,FINRA / Nasdaq TRF Carteret (DQ),1346764184,1021190658,2093732187,4461687029,67649156234,63051065082,1.1836E+11,2.49061E+11,10222972,2445803,10828431,23497206
7/20/23,MIAX Pearl (H),64618329,75170218,72618529,212407076,1650328593,3366340105,2888213647,7904882345,552502,244790,434367,1231659
7/20/23,EDGA Equities (J),72034645,40527418,67613117,180175180,2333973107,2193519573,3516778072,8044270752,884977,223821,778869,1887667
7/20/23,EDGX Equities (K),187953386,125051141,327516447,640520974,7073096121,7448074028,16635810066,31156980215,1809212,630590,2255714,4695516
7/20/23,LTSE (L),69463,137422,32722,239607,5609426.59,14575784.52,6270988.41,26456199.52,460,177,226,863
7/20/23,NYSE Chicago (M),14505743,8108679,16857442,39471864,1073090331,1266951827,3155937955,5495980113,72631,4834,64936,142401
7/20/23,NYSE (N),827207969,48702565,86903657,962814191,44638238215,3742368653,4978442230,53359049098,3685995,197119,681672,4564786
7/20/23,NYSE Arca (P),175332333,333879439,418173916,927385688,8173761917,22900915213,21162406609,52237083739,2292837,1467151,3481557,7241545
7/20/23,NASDAQ (Q),442929437,196208860,1087611671,1726749968,23306101188,16444398901,76417342136,1.16168E+11,6575055,1324019,9297642,17196716
7/20/23,Members Exchange (U),131121007,62629982,152540763,346291752,4807809473,3698648219,8063259647,16569717338,1611499,344761,1641388,3597648
7/20/23,Investors Exchange (V),125725551,28941472,100727672,255394695,7393990839,2046560912,7506136802,16946688553,1724877,177329,1370296,3272502
7/20/23,NASDAQ PSX (X),9463328,12263580,19429687,41156595,531846316.3,996742521.6,1690449010,3219037848,182203,67345,215626,465174
7/20/23,BYX Equities (Y),39426617,29227368,40182796,108836781,1108045336,1784886255,1911132433,4804064025,371785,126308,344413,842506
7/20/23,BZX Equities (Z),169010777,124697577,243843773,537552127,8453647383,9686992578,15202823469,33343463431,2436202,683660,2417014,5536876
7/19/23,NYSE American (A),7185257,11733957,7387671,26306885,320743986.3,350056653.5,421307387.5,1092108027,99768,52694,84452,236914
7/19/23,NASDAQ BX (B),15295525,6840448,15699448,37835421,769330540.3,523432280.7,1049729542,2342492363,257767,48436,229037,535240
7/19/23,NYSE National (C),21855620,9279538,18956346,50091504,711808653.6,436603768.6,750961043.3,1899373466,364319,62988,269242,696549
7/19/23,FINRA / Nasdaq TRF Chicago (DB),6227956,1745359,13682925,21656240,258496093.8,96442092.22,880475628,1235413814,36533,6804,59293,102630
7/19/23,FINRA / NYSE TRF (DN),193607453,90544889,487453041,771605383,5595845050,3373743922,21315203514,30284792486,702925,237676,1152363,2092964
7/19/23,FINRA / Nasdaq TRF Carteret (DQ),1483837166,676210619,2117310232,4277358017,69053919035,42338061471,1.11765E+11,2.23157E+11,10738891,2157581,10499898,23396370
7/19/23,MIAX Pearl (H),64194066,70593390,66318197,201105653,1670381127,2878393298,2541044262,7089818687,567834,208430,400065,1176329
7/19/23,EDGA Equities (J),72948172,29399342,64293875,166641389,2327292796,1625524351,3114042547,7066859693,898202,181895,751199,1831296
7/19/23,EDGX Equities (K),226607510,107377600,327875982,661861092,7887408487,6135348824,15965564322,29988321633,1937001,527422,2113268,4577691
7/19/23,LTSE (L),321582,0,17297,338879,4594437.61,0,6655424.6,11249862.21,400,0,234,634
7/19/23,NYSE Chicago (M),14013331,11074200,19530446,44617977,954618181.7,1490401411,2736514332,5181533924,59258,4470,52090,115818
7/19/23,NYSE (N),899741259,37754452,83050432,1020546143,47821381826,3015778829,4087693961,54924854615,3616023,169194,645670,4430887
7/19/23,NYSE Arca (P),196953258,277645165,419684947,894283370,8698522624,19671205502,20758038935,49127767061,2435581,1290736,3305489,7031806
7/19/23,NASDAQ (Q),472784523,162347713,1052677422,1687809658,23332515992,13733690561,66681016987,1.03747E+11,6629857,1137358,8826201,16593416
7/19/23,Members Exchange (U),143891562,46854231,154319349,345065142,5070756591,2876914571,7343191061,15290862222,1693100,288798,1588825,3570723
7/19/23,Investors Exchange (V),126022913,23185899,101720382,250929194,7472967924,1576788910,6740030531,15789787364,1747645,149589,1365427,3262661
7/19/23,NASDAQ PSX (X),10715646,8398103,16243571,35357320,537471138.8,741571709.6,1305578395,2584621244,190778,53458,198124,442360
7/19/23,BYX Equities (Y),38296629,20564563,36216392,95077584,1091494159,1305515411,1504543731,3901553301,366281,99143,312433,777857
7/19/23,BZX Equities (Z),179776508,97610212,241761856,519148576,8460600543,7864943938,13787905843,30113450325,2524867,592225,2343342,5460434
7/18/23,NYSE American (A),7351778,11867075,6479317,25698170,307845350.2,366449481,381520056.4,1055814888,104575,49348,82532,236455
7/18/23,NASDAQ BX (B),14203385,6587274,15042947,35833606,721890783.5,528716379.2,1011426341,2262033503,240787,45499,218620,504906
7/18/23,NYSE National (C),22166511,9331665,18233218,49731394,718439824.5,448254590.7,737046512.1,1903740927,368178,60247,255308,683733
7/18/23,FINRA / Nasdaq TRF Chicago (DB),6173260,1656630,12238539,20068429,241225768.5,99541697.06,886140013.1,1226907479,31839,7127,59752,98718
7/18/23,FINRA / NYSE TRF (DN),191219022,79776913,465174126,736170061,5180284597,3004078658,19894079718,28078442973,680072,239484,1113778,2033334
7/18/23,FINRA / Nasdaq TRF Carteret (DQ),1465596870,583614186,1959910137,4009121193,68279601854,41592761920,1.02458E+11,2.12331E+11,10101260,2304820,9787119,22193199
7/18/23,MIAX Pearl (H),68651078,62615910,62392661,193659649,1713397653,2886110167,2490849680,7090357499,578322,212997,395683,1187002
7/18/23,EDGA Equities (J),74132600,30168481,60282200,164583281,2326562193,1711774637,2896340344,6934677174,872437,183586,710154,1766177
7/18/23,EDGX Equities (K),224984952,103258646,308969214,637212812,7555782859,6477735753,14621607152,28655125764,1843098,531986,1980956,4356040
7/18/23,LTSE (L),62546,64658,9595,136799,5664393.65,5786894.32,628423.64,12079711.61,658,34,120,812
7/18/23,NYSE Chicago (M),15499909,15339261,14463439,45302609,990297052.2,1309956456,2414544872,4714798380,67276,5136,59879,132291
7/18/23,NYSE (N),879579343,38456829,78341952,996378124,45476128362,3070053795,3941280410,52487462567,3502782,168133,611432,4282347
7/18/23,NYSE Arca (P),194821196,277711456,408606307,881138959,8117557338,20178726220,16711876591,45008160149,2248451,1275194,3068539,6592184
7/18/23,NASDAQ (Q),465417705,166609078,995755575,1627782358,22646280026,15148703264,65035354741,1.0283E+11,6342975,1174946,8459436,15977357
7/18/23,Members Exchange (U),142086292,47304783,140491509,329882584,5002459251,3012803134,6932704207,14947966592,1637029,298073,1456319,3391421
7/18/23,Investors Exchange (V),122527031,22768740,95037800,240333571,7370479236,1751119101,6677840763,15799439100,1679424,160882,1299254,3139560
7/18/23,NASDAQ PSX (X),11379083,9170593,14841366,35391042,602598131.3,831455336.8,1385189689,2819243157,197190,56632,197925,451747
7/18/23,BYX Equities (Y),39559427,22171524,37415931,99146882,1071669680,1399331605,1496229754,3967231039,350296,101204,304782,756282
7/18/23,BZX Equities (Z),184901423,100351972,225774827,511028222,8493149006,8395848112,13012373561,29901370678,2442062,606898,2204245,5253205
7/17/23,NYSE American (A),6421478,11012110,6509895,23943483,264824250.2,302308675.6,340742826.1,907875751.8,88689,44508,76585,209782
7/17/23,NASDAQ BX (B),13634139,6601388,14562045,34797572,604433923.4,499385247.4,887605010.9,1991424182,218638,43791,208778,471207
7/17/23,NYSE National (C),18159948,7364290,16949664,42473902,543882051.2,362977770.1,604666330.4,1511526152,308773,50050,247300,606123
7/17/23,FINRA / Nasdaq TRF Chicago (DB),4793472,1618605,12538737,18950814,185589842.3,90711745.73,822026446.3,1098328034,27221,6120,61512,94853
7/17/23,FINRA / NYSE TRF (DN),166694565,76802424,433350513,676847502,4645933719,2725779393,19330103142,26701816254,694655,225750,1110799,2031204
7/17/23,FINRA / Nasdaq TRF Carteret (DQ),1282093838,524460460,1883404434,3689958732,60035473593,32109479261,95062182605,1.87207E+11,9525076,2136209,9867834,21529119
7/17/23,MIAX Pearl (H),57077006,49007229,51262936,157347171,1477261082,1996062820,1829375304,5302699206,528984,165853,357970,1052807
7/17/23,EDGA Equities (J),63505353,23856466,57035934,144397753,1947204983,1198083905,2415150987,5560439875,791158,148885,692302,1632345
7/17/23,EDGX Equities (K),178418488,82720149,284328464,545467101,5992302410,4689425264,13166148735,23847876409,1618564,437303,1926872,3982739
7/17/23,LTSE (L),56124,0,22673,78797,2826063.8,0,872751.49,3698815.29,405,0,178,583
7/17/23,NYSE Chicago (M),9815622,10168878,11530201,31514701,734637971.9,1661596389,1952153754,4348388115,53113,3693,50658,107464
7/17/23,NYSE (N),785817775,30591190,73426355,889835320,38223851160,2341681875,3572691927,44138224961,3076672,145524,596936,3819132
7/17/23,NYSE Arca (P),165217420,239469187,404331025,809017632,7231097515,16719447738,15781131735,39731676988,2029093,1127004,3172078,6328175
7/17/23,NASDAQ (Q),400622855,133819368,970806842,1505249065,19049630851,11098103240,58369525280,88517259371,5601343,953460,7987803,14542606
7/17/23,Members Exchange (U),122306211,38783226,134053740,295143177,4323420522,2270501173,5975884484,12569806178,1488592,247146,1426374,3162112
7/17/23,Investors Exchange (V),107894375,17646182,88424224,213964781,6138681750,1250237642,6013509121,13402428512,1500106,121307,1230708,2852121
7/17/23,NASDAQ PSX (X),10252308,7427132,13167513,30846953,549099287.8,605045132.5,1029736942,2183881362,178633,42536,184904,406073
7/17/23,BYX Equities (Y),34065795,19788956,34069662,87924413,903730724.9,1125362836,1171204918,3200298479,320680,88519,284857,694056
7/17/23,BZX Equities (Z),158137552,80313252,205482162,443932966,6941797220,6333316974,10865554581,24140668775,2166582,505045,2107647,4779274
7/14/23,NYSE American (A),6373527,13493944,7083942,26951413,292555103.7,306503387.5,371338179,970396670.2,90448,48804,79816,219068
7/14/23,NASDAQ BX (B),12408449,7575582,16334082,36318113,608845608.7,587067110.6,899789849.7,2095702569,206018,49202,203522,458742
7/14/23,NYSE National (C),19186986,8603295,18410968,46201249,589618680.4,431660894.8,625427654.5,1646707230,308243,59132,235679,603054
7/14/23,FINRA / Nasdaq TRF Chicago (DB),5606685,1977655,13083820,20668160,265324249.7,99439317.16,901333669.7,1266097237,27414,7121,63599,98134
7/14/23,FINRA / NYSE TRF (DN),173033713,90467836,529944609,793446158,4923091937,3250310466,20665787111,28839189514,652066,238687,1209446,2100199
7/14/23,FINRA / Nasdaq TRF Carteret (DQ),1279317804,624260252,2211080544,4114658600,60581839020,41509269052,1.06121E+11,2.08212E+11,9243118,2177260,9947767,21368145
7/14/23,MIAX Pearl (H),62167057,58234940,81549074,201951071,1513887470,2523978738,2522747456,6560613664,527541,195170,385191,1107902
7/14/23,EDGA Equities (J),66130504,31047136,63969903,161147543,2030595803,1642363007,2706103264,6379062075,801285,182396,723075,1706756
7/14/23,EDGX Equities (K),195641882,100962402,349802589,646406873,6723620901,5614512399,14906163606,27244296907,1702821,513081,2123115,4339017
7/14/23,LTSE (L),43043,152064,45148,240255,3883818.34,4449961.4,1292658.043,9626437.783,396,118,270,784
7/14/23,NYSE Chicago (M),9823374,11935980,13606013,35365367,780311351.2,1550351340,2277790194,4608452885,53019,4305,48924,106248
7/14/23,NYSE (N),815064686,36422825,83711527,935199038,40550079105,2923388712,3906242177,47379709994,3263673,174235,635639,4073547
7/14/23,NYSE Arca (P),175713733,303964466,457797781,937475980,7780605449,20657088405,17662627255,46100321109,2128715,1372067,3363263,6864045
7/14/23,NASDAQ (Q),428085714,163287678,1071381433,1662754825,21284246508,13604454633,62451594232,97340295373,5995763,1158302,8418564,15572629
7/14/23,Members Exchange (U),129911434,46683451,157624043,334218928,4562258299,2869582424,7281200044,14713040766,1546603,292998,1537720,3377321
7/14/23,Investors Exchange (V),104424149,18965698,96067568,219457415,6215264399,1415993503,5898575716,13529833617,1462290,144749,1239918,2846957
7/14/23,NASDAQ PSX (X),9727482,7861048,15488580,33077110,524982807.9,732229704.9,1176059665,2433272178,180221,49670,198957,428848
7/14/23,BYX Equities (Y),33421902,21372369,39124039,93918310,929246548.1,1320801025,1351101904,3601149476,315783,103327,298084,717194
7/14/23,BZX Equities (Z),169146274,96960412,240121071,506227757,7638341285,8141067934,12912861997,28692271216,2277715,607182,2227379,5112276
7/13/23,NYSE American (A),6889260,14287703,7855544,29032507,305807427.4,346405394.3,330594727.4,982807549.1,104166,53500,88958,246624
7/13/23,NASDAQ BX (B),13557016,8724565,19616841,41898422,680082974.4,546712228.1,897852563.1,2124647766,245148,53760,229922,528830
7/13/23,NYSE National (C),19130310,10243120,22697140,52070570,600466927.9,462136402.7,594608207.8,1657211538,332982,63062,271255,667299
7/13/23,FINRA / Nasdaq TRF Chicago (DB),5824734,2144000,12066795,20035529,192149814.9,84403164.65,704382571.7,980935551.2,28197,7829,56757,92783
7/13/23,FINRA / NYSE TRF (DN),179304659,95435333,502500120,777240112,4966977232,3426912691,17978905181,26372795104,667730,255686,1214819,2138235
7/13/23,FINRA / Nasdaq TRF Carteret (DQ),1415263762,686700455,2116093106,4218057323,66189065074,40968552538,97881224482,2.05039E+11,9525853,2224236,9938585,21688674
7/13/23,MIAX Pearl (H),65732399,50640678,57648871,174021948,1587413158,2323035463,2062652172,5973100793,547458,188301,389132,1124891
7/13/23,EDGA Equities (J),66560733,34215128,67304655,168080516,2153001229,1650359150,2731947617,6535307996,852927,193010,774349,1820286
7/13/23,EDGX Equities (K),202927854,109255045,348290975,660473874,6829377302,5782599321,14069632953,26681609576,1783817,531332,2156140,4471289
7/13/23,LTSE (L),53263,63972,184130,301365,3058551.48,2981679.74,5774436.469,11814667.69,469,224,339,1032
7/13/23,NYSE Chicago (M),12893392,15108894,10816107,38818393,756923117.7,3116959449,1750433003,5624315571,54436,4669,46883,105988
7/13/23,NYSE (N),835589664,38670351,85108154,959368169,42015757565,2772242442,3770315657,48558315664,3286236,165770,657428,4109434
7/13/23,NYSE Arca (P),177231889,303300013,457371287,937903189,7415507130,18907203055,16337759549,42660469734,2154644,1275055,3371294,6800993
7/13/23,NASDAQ (Q),427807800,165888148,1037100970,1630796918,20540509121,13280600240,59811565261,93632674622,5969846,1081742,8411192,15462780
7/13/23,Members Exchange (U),136217152,49079973,159987416,345284541,4612419398,2788807916,6718239748,14119467062,1600138,282279,1572324,3454741
7/13/23,Investors Exchange (V),112250012,25964759,90050602,228265373,6765544333,1673383600,5703387886,14142315818,1602845,162941,1264813,3030599
7/13/23,NASDAQ PSX (X),9757737,9250595,15727728,34736060,502710891.2,743688857.4,997433907.9,2243833656,174044,51853,198091,423988
7/13/23,BYX Equities (Y),33030845,27516448,39684017,100231310,928920236.8,1463631568,1235746984,3628298788,337433,119925,306682,764040
7/13/23,BZX Equities (Z),173648929,96892581,240997976,511539486,7577232126,7364349366,11699775601,26641357093,2351550,563396,2232598,5147544
7/12/23,NYSE American (A),7961885,15267084,9255933,32484902,385547881.5,498234005.8,443164246.2,1326946133,117955,59019,101010,277984
7/12/23,NASDAQ BX (B),14606608,9982146,21749217,46337971,702960937.2,700722288.3,883024608.5,2286707834,260758,61021,233349,555128
7/12/23,NYSE National (C),21288669,11686510,27853976,60829155,636769698.6,559568705.8,661526531.9,1857864936,342354,75368,278190,695912
7/12/23,FINRA / Nasdaq TRF Chicago (DB),4702448,2118215,11715448,18536111,187535923.3,112763539.9,683888137.6,984187600.8,26954,8531,58264,93749
7/12/23,FINRA / NYSE TRF (DN),171969711,111685847,493053598,776709156,4848557999,3974561266,18346148864,27169268128,647875,261705,1131721,2041301
7/12/23,FINRA / Nasdaq TRF Carteret (DQ),1487413811,725501167,2055866203,4268781181,65884598488,46782229557,96862357298,2.09529E+11,9549837,2378623,9701490,21629950
7/12/23,MIAX Pearl (H),67933129,70475936,65985898,204394963,1612495490,3229387553,2251855817,7093738860,569695,238528,393042,1201265
7/12/23,EDGA Equities (J),71964962,38304255,73410945,183680162,2245886717,1976313555,2994722771,7216923043,896472,224037,787203,1907712
7/12/23,EDGX Equities (K),210331898,130546823,364658967,705537688,7266745740,7213335408,14512648977,28992730126,1867282,640958,2202431,4710671
7/12/23,LTSE (L),48648,15963,14987,79598,2901400.02,553687.35,1234295,4689382.37,378,81,191,650
7/12/23,NYSE Chicago (M),11956790,18049167,13193220,43199177,971529070.4,1667223768,1985563107,4624315945,71124,6045,59830,136999
7/12/23,NYSE (N),882078868,47281399,85664916,1015025183,46133698976,3661488093,3948123828,53743310897,3574676,202967,672522,4450165
7/12/23,NYSE Arca (P),181853070,376740705,481564719,1040158494,7897024060,23979080989,17417118328,49293223377,2263002,1544448,3498500,7305950
7/12/23,NASDAQ (Q),456106876,209379768,1097802511,1763289155,22390579332,17374849541,65114075075,1.0488E+11,6482537,1359849,8786131,16628517
7/12/23,Members Exchange (U),138236078,59352129,156342878,353931085,4728803281,3841605891,6588947596,15159356768,1643531,351898,1553650,3549079
7/12/23,Investors Exchange (V),110634925,28699397,91685497,231019819,7125525719,1891466787,6064568828,15081561333,1638614,176226,1284592,3099432
7/12/23,NASDAQ PSX (X),9873820,11776163,17517845,39167828,498663448,1086982232,1151250169,2736895849,180566,63437,197565,441568
7/12/23,BYX Equities (Y),39737384,27904219,47550383,115191986,1016328846,1595550938,1363272165,3975151948,360129,127221,329891,817241
7/12/23,BZX Equities (Z),179382655,127932309,250493561,557808525,8081122055,10134681622,12808815041,31024618718,2461048,738010,2323814,5522872
7/11/23,NYSE American (A),6489753,11210835,6422971,24123559,284460946.5,310682636.8,307783358.5,902926941.8,93116,50329,81347,224792
7/11/23,NASDAQ BX (B),11921727,6215181,13708490,31845398,581353409.7,514674359.4,732653652.8,1828681422,221088,44297,205150,470535
7/11/23,NYSE National (C),19931689,8302057,16983992,45217738,622483202.9,452707183.7,588939246.8,1664129633,324396,57027,244874,626297
7/11/23,FINRA / Nasdaq TRF Chicago (DB),4997965,1436958,11744002,18178925,192500794.3,84408183.21,655571331.1,932480308.6,26748,6168,55287,88203
7/11/23,FINRA / NYSE TRF (DN),158747421,84646182,465178928,708572531,4432583156,3261104473,15386046361,23079733990,601152,214236,1051405,1866793
7/11/23,FINRA / Nasdaq TRF Carteret (DQ),1279934865,566012831,1925473848,3771421544,57484776902,34835818516,81891450935,1.74212E+11,9214963,2049436,9337357,20601756
7/11/23,MIAX Pearl (H),65214662,46575746,55452838,167243246,1626946458,2131451563,1954915230,5713313250,575798,178810,387693,1142301
7/11/23,EDGA Equities (J),65900615,25840147,64163962,155904724,1978313401,1472829876,2590572987,6041716263,816361,159637,724373,1700371
7/11/23,EDGX Equities (K),195500029,88211548,341672955,625384532,6525777580,5036422052,11448459745,23010659378,1701613,453324,1995323,4150260
7/11/23,LTSE (L),20799,69564,12118,102481,1666639.82,4358156.93,880277.27,6905074.02,208,185,83,476
7/11/23,NYSE Chicago (M),8921134,9827994,13288208,32037336,613842118.2,1335423011,2018619757,3967884886,60407,4407,54807,119621
7/11/23,NYSE (N),795692108,31991623,81684023,909367754,40086462537,2519996680,3611268004,46217727221,3277286,155876,651958,4085120
7/11/23,NYSE Arca (P),173745031,245203881,469576415,888525327,7119492991,17171579522,14135545491,38426618005,2101090,1127608,3217472,6446170
7/11/23,NASDAQ (Q),423655084,146562397,970908472,1541125953,19942533971,12381274376,52748762056,85072570403,5996453,1023370,8067096,15086919
7/11/23,Members Exchange (U),129375037,41683803,140358502,311417342,4346504719,2506378555,5952571706,12805454981,1557118,260067,1486846,3304031
7/11/23,Investors Exchange (V),108498631,18491284,86615486,213605401,6359587390,1269334862,5457034352,13085956603,1566316,134289,1211539,2912144
7/11/23,NASDAQ PSX (X),10623346,7821959,14498872,32944177,532798276.3,674731182.7,1029486213,2237015672,199673,45926,210466,456065
7/11/23,BYX Equities (Y),38862926,19732288,40001667,98596881,945576178.2,1233645702,1204050996,3383272876,338042,95243,309906,743191
7/11/23,BZX Equities (Z),166682141,86147442,220031578,472861161,7195110906,7390102053,9838917864,24424130823,2291755,527837,2141843,4961435
7/10/23,NYSE American (A),6285442,10804427,6996840,24086709,279643254,326932816.7,435294949.9,1041871021,91944,46753,86254,224951
7/10/23,NASDAQ BX (B),10627810,6195747,14489129,31312686,497681798.2,443146084,904352949,1845180831,192593,39605,204434,436632
7/10/23,NYSE National (C),18074395,8108120,19241314,45423829,528976441.3,440993786.5,752683400.8,1722653629,309123,54298,257208,620629
7/10/23,FINRA / Nasdaq TRF Chicago (DB),4308193,1468224,11937803,17714220,150360158.9,77109600.73,710898781.5,938368541.1,23061,6506,55575,85142
7/10/23,FINRA / NYSE TRF (DN),151667291,86394503,534138654,772200448,3917113760,3060344921,17417852546,24395311227,567372,213847,1163718,1944937
7/10/23,FINRA / Nasdaq TRF Carteret (DQ),1184792934,572587017,2073096010,3830475961,53418097284,35651406601,89808068149,1.78878E+11,8806011,2083637,9798864,20688512
7/10/23,MIAX Pearl (H),60774421,50230488,59329486,170334395,1387141966,2063265552,2126401243,5576808761,549559,176066,407144,1132769
7/10/23,EDGA Equities (J),62295394,26160009,65745546,154200949,1941579734,1370407850,2896565317,6208552901,788206,158048,728087,1674341
7/10/23,EDGX Equities (K),177158438,87413759,383255652,647827849,5475452288,4596319541,12735248359,22807020188,1503731,435392,2024255,3963378
7/10/23,LTSE (L),128070,35122,33195,196387,1519937.7,1628923.24,3285853.97,6434714.91,190,169,347,706
7/10/23,NYSE Chicago (M),9914610,12388268,11562445,33865323,650271929.1,1463834285,1575861604,3689967818,40020,4149,36533,80702
7/10/23,NYSE (N),819368328,29802401,81327511,930498240,40907440381,2370257218,3641741009,46919438609,3081599,137991,615657,3835247
7/10/23,NYSE Arca (P),162305549,252282959,488012669,902601177,6562160453,17128385707,15596649780,39287195940,1967541,1112321,3248482,6328344
7/10/23,NASDAQ (Q),381083990,144414676,1066473364,1591972030,17585104245,11253383901,60334168454,89172656600,5471786,977975,8065237,14514998
7/10/23,Members Exchange (U),124463161,41835801,147311241,313610203,4072801755,2299871032,6368905958,12741578744,1504692,250505,1526659,3281856
7/10/23,Investors Exchange (V),95428816,17114850,86006764,198550430,5651918377,1316931022,5789564396,12758413795,1475666,126174,1253742,2855582
7/10/23,NASDAQ PSX (X),9275189,7642772,14207768,31125729,425891093.6,590051376,1101156851,2117099321,174553,44188,200058,418799
7/10/23,BYX Equities (Y),35682537,19020936,42504358,97207831,793614009.9,1103051975,1227596175,3124262160,309396,92538,300346,702280
7/10/23,BZX Equities (Z),151195907,81164330,245979935,478340172,6282627637,6452929658,10934418061,23669975356,2042577,495681,2163284,4701542
7/7/23,NYSE American (A),6021668,11852298,6416532,24290498,247477779,379150379.2,247644238.4,874272396.6,92277,49088,75229,216594
7/7/23,NASDAQ BX (B),11469326,7524290,12654988,31648604,521355220.1,567666393,714519906.3,1803541519,201120,46570,183031,430721
7/7/23,NYSE National (C),18670524,10369064,16470146,45509734,572235006.2,544156747.4,557162627.1,1673554381,329314,64365,240901,634580
7/7/23,FINRA / Nasdaq TRF Chicago (DB),4471426,1962019,10798012,17231457,163360491,105172506.6,596983503,865516500.6,23226,7361,47834,78421
7/7/23,FINRA / NYSE TRF (DN),144222088,79140677,527103565,750466330,4012110556,3612085541,15772941563,23397137660,558851,216804,1094143,1869798
7/7/23,FINRA / Nasdaq TRF Carteret (DQ),1207353944,550725459,2068581704,3826661107,55957022612,36888448133,79094209774,1.7194E+11,8890595,2048921,8901024,19840540
7/7/23,MIAX Pearl (H),63196043,53678725,53716885,170591653,1442426145,2577742800,1853781843,5873950788,522755,191612,352942,1067309
7/7/23,EDGA Equities (J),63279983,30246505,59128827,152655315,1905574560,1785689951,2478697009,6169961520,782780,175761,667819,1626360
7/7/23,EDGX Equities (K),181032270,94354055,361633562,637019887,6159993339,5703052826,12344076463,24207122628,1646713,498136,1917050,4061899
7/7/23,LTSE (L),108508,34711,116619,259838,2213143.31,1267739.44,6116333.28,9597216.03,203,154,375,732
7/7/23,NYSE Chicago (M),9644049,8212764,14033476,31890289,724003097.1,885595530.1,2163177649,3772776277,43172,5503,36860,85535
7/7/23,NYSE (N),941100073,37443411,77034423,1055577907,47386877837,2852920520,3340499718,53580298075,3262212,164631,581842,4008685
7/7/23,NYSE Arca (P),171019178,291085982,483834105,945939265,7246417057,21188032900,13395864138,41830314095,2102698,1253337,3046873,6402908
7/7/23,NASDAQ (Q),417585821,173758274,1016291444,1607635539,19614804688,15169379375,54746419259,89530603322,6002645,1129697,7621466,14753808
7/7/23,Members Exchange (U),130705671,46601161,142490654,319797486,4501133004,2915520247,5674241573,13090894824,1621804,285780,1450046,3357630
7/7/23,Investors Exchange (V),97015575,22690981,75171971,194878527,5699093960,1683659946,4505095161,11887849067,1544928,149423,1168560,2862911
7/7/23,NASDAQ PSX (X),10699947,9966484,14532259,35198690,513107145.9,858176588.9,900293963.2,2271577698,199174,51995,178376,429545
7/7/23,BYX Equities (Y),37067709,24066177,41726254,102860140,862610877.9,1619055035,1144866174,3626532088,320897,105563,283171,709631
7/7/23,BZX Equities (Z),163230998,98158268,234034403,495423669,6911141481,8365502254,9973449901,25250093636,2150419,587757,1923449,4661625
7/6/23,NYSE American (A),6590152,13500685,9290343,29381180,302109925.2,392846278.3,325698271.7,1020654475,105645,55406,86541,247592
7/6/23,NASDAQ BX (B),12232046,10000667,15628829,37861542,572873577.2,711727469,858038500.9,2142639547,229016,57007,205527,491550
7/6/23,NYSE National (C),19324853,12471631,21818266,53614750,620832266.4,636996199.1,651572743.8,1909401209,342445,70797,256421,669663
7/6/23,FINRA / Nasdaq TRF Chicago (DB),4753533,2171257,10922735,17847525,169874593.1,98106961.11,654278813.7,922260368,25500,9595,51153,86248
7/6/23,FINRA / NYSE TRF (DN),151389907,96839121,668690981,916920009,3644647038,3641051401,16192577906,23478276345,595959,267704,1078549,1942212
7/6/23,FINRA / Nasdaq TRF Carteret (DQ),1277509061,723780518,2530005429,4531295008,58957153523,44315102896,85903691119,1.89176E+11,9553165,2663396,9498026,21714587
7/6/23,MIAX Pearl (H),59815817,65806161,63496741,189118719,1309689491,2963314647,1738750851,6011754989,494218,227570,329463,1051251
7/6/23,EDGA Equities (J),64277765,36676383,70701602,171655750,1890548510,2009947502,2521722609,6422218621,804154,207148,681195,1692497
7/6/23,EDGX Equities (K),189591755,118497181,473092645,781181581,5992524369,6468599173,12684825082,25145948624,1733595,608996,2031343,4373934
7/6/23,LTSE (L),165860,54761,133827,354448,6017088.82,3575240.1,8300418.86,17892747.78,385,160,332,877
7/6/23,NYSE Chicago (M),8562746,13900240,11671784,34134770,693254995,1373145495,1887041881,3953442371,46325,6335,36868,89528
7/6/23,NYSE (N),900860946,45653483,90337891,1036852320,44905899012,3408951330,3466984682,51781835023,3360914,196306,623027,4180247
7/6/23,NYSE Arca (P),174771617,344309858,566969553,1086051028,7165775482,22023057654,14317425149,43506258285,2369238,1465954,3105957,6941149
7/6/23,NASDAQ (Q),429392937,202858847,1115658016,1747909800,19811890128,16120095451,57644982011,93576967590,6268721,1336294,8023567,15628582
7/6/23,Members Exchange (U),126018499,58513573,149005958,333538030,4301453030,3713528067,5859726207,13874707304,1619404,346026,1456426,3421856
7/6/23,Investors Exchange (V),101971618,25956896,82715988,210644502,6052310518,1760863295,4861275450,12674449262,1579093,163363,1212034,2954490
7/6/23,NASDAQ PSX (X),9555278,12679341,16155256,38389875,450197013.8,1083207153,1074603501,2608007668,186168,68084,192228,446480
7/6/23,BYX Equities (Y),39541522,31083240,49497359,120122121,964031261.9,2053852868,1246162699,4264046829,359938,127432,306323,793693
7/6/23,BZX Equities (Z),159711822,121532465,286928005,568172292,6625447093,8821970090,10135612820,25583030003,2191938,686637,2036055,4914630
7/5/23,NYSE American (A),6882529,11656419,6603845,25142793,342974126.9,337213123.8,388029600.6,1068216851,106100,53388,84995,244483
7/5/23,NASDAQ BX (B),11783457,6708938,13002453,31494848,602122076.2,499015848.7,694881003.3,1796018928,232665,45911,194436,473012
7/5/23,NYSE National (C),18714922,9406838,16085966,44207726,600976305.9,459178146.1,536556834.6,1596711287,355566,63203,246331,665100
7/5/23,FINRA / Nasdaq TRF Chicago (DB),4457322,1896190,11018147,17371659,168640918.6,86079461.34,658475563.6,913195943.5,25592,7629,48754,81975
7/5/23,FINRA / NYSE TRF (DN),147943436,72536539,627903542,848383517,4038955290,2909380715,16420039893,23368375898,586477,225441,1066667,1878585
7/5/23,FINRA / Nasdaq TRF Carteret (DQ),1201704059,583292161,2275499484,4060495704,57984496328,37178227262,82806103152,1.77969E+11,9389540,2330407,9312991,21032938
7/5/23,MIAX Pearl (H),62733290,47551250,56841325,167125865,1494894245,2244066596,1776719791,5515680632,596628,192960,354494,1144082
7/5/23,EDGA Equities (J),60863055,27299376,59425453,147587884,1900356393,1377773647,2208352565,5486482606,823695,166347,678184,1668226
7/5/23,EDGX Equities (K),174355069,86849140,375922190,637126399,5993869943,4946092452,11945950815,22885913210,1625208,477191,1904246,4006645
7/5/23,LTSE (L),23745,76503,95234,195482,2744527.27,3848420.208,3962022.307,10554969.78,288,321,558,1167
7/5/23,NYSE Chicago (M),11171845,9057448,10930102,31159395,716374036.8,1790376689,1750016964,4256767690,42115,4921,35448,82484
7/5/23,NYSE (N),850146360,35179746,72562401,957888507,43584712747,2619502211,3203278926,49407493883,3257903,165279,613763,4036945
7/5/23,NYSE Arca (P),166795012,266776487,470872830,904444329,7489699680,17763984594,12784302200,38037986474,2144305,1255321,2941462,6341088
7/5/23,NASDAQ (Q),401312820,153933733,1003825019,1559071572,19521130883,12371300714,52954391256,84846822852,5933329,1105546,7707727,14746602
7/5/23,Members Exchange (U),121983271,41524527,143866952,307374750,4262862685,2601499076,5286805147,12151166908,1546999,270285,1416083,3233367
7/5/23,Investors Exchange (V),99719219,19828357,78314727,197862303,6032586854,1310691468,4683133484,12026411806,1546701,141974,1162780,2851455
7/5/23,NASDAQ PSX (X),10953081,7741822,13825157,32520060,550138353.2,640481546.1,949381985.3,2140001885,208036,48421,184508,440965
7/5/23,BYX Equities (Y),35361483,22933124,41249491,99544098,959493341.5,1449053286,1124986835,3533533462,357879,102405,292655,752939
7/5/23,BZX Equities (Z),150259430,89888332,258032263,498180025,6702639353,6746386904,9079702231,22528728488,2142803,548649,1960321,4651773
7/3/23,NYSE American (A),4050771,11940734,4114113,20105618,206144376.5,213263559,238869007,658276942.4,60765,40380,54983,156128
7/3/23,NASDAQ BX (B),6492002,4414362,7679261,18585625,319692500.7,283734686.4,467141609.2,1070568796,119343,30137,119550,269030
7/3/23,NYSE National (C),9816229,5467031,9247512,24530772,269567539.9,243577499,278750191.4,791895230.3,164446,32909,128360,325715
7/3/23,FINRA / Nasdaq TRF Chicago (DB),3423152,1181640,8369362,12974154,121330478.3,60757149.45,546468070.6,728555698.3,18082,6217,39046,63345
7/3/23,FINRA / NYSE TRF (DN),99570960,70857084,294828689,465256733,2394318313,1885788349,11325326796,15605433458,376783,170899,738042,1285724
7/3/23,FINRA / Nasdaq TRF Carteret (DQ),687575093,414124438,1120570980,2222270511,32981901697,21270844765,53254740663,1.07507E+11,5517770,1609797,6223696,13351263
7/3/23,MIAX Pearl (H),34942948,28498163,31464608,94905719,838772806.1,1297824724,1080483053,3217080583,337068,119280,218889,675237
7/3/23,EDGA Equities (J),33066370,19441175,32109919,84617464,1012175513,844404699.5,1377990609,3234570822,415079,105719,386406,907204
7/3/23,EDGX Equities (K),120782371,72881230,215082150,408745751,3745481919,3238976105,8724183643,15708641667,1008876,361252,1283104,2653232
7/3/23,LTSE (L),7365,13869,7321,28555,441941.25,374580.57,476994.35,1293516.17,88,118,102,308
7/3/23,NYSE Chicago (M),4877554,4275341,3844180,12997075,404317926.9,629077653.3,624294420.3,1657690000,31709,3107,27435,62251
7/3/23,NYSE (N),467038750,22159671,46161737,535360158,22708375303,1639189126,2063338735,26410903164,1850709,105866,369957,2326532
7/3/23,NYSE Arca (P),106509414,195974603,258469045,560953062,4158862972,11566666495,8690238078,24415767545,1322697,856634,1963693,4143024
7/3/23,NASDAQ (Q),237629932,103119377,623121042,963870351,11011432999,7600940245,34301988978,52914362222,3498623,721657,4954902,9175182
7/3/23,Members Exchange (U),74100318,26568374,80211196,180879888,2542946917,1535976733,3519754690,7598678339,989480,180904,905776,2076160
7/3/23,Investors Exchange (V),55339860,12133375,46943065,114416300,3311653328,761703637.5,2869941341,6943298307,906666,89590,719261,1715517
7/3/23,NASDAQ PSX (X),5948499,4852241,8421038,19221778,302333115.9,402428316.9,558746633.2,1263508066,114180,30016,114942,259138
7/3/23,BYX Equities (Y),19924822,14952727,20736622,55614171,497765464.2,802499002.7,699911397.8,2000175865,180238,70234,172253,422725
7/3/23,BZX Equities (Z),83981517,56551148,130191157,270723822,3614961300,3736589465,5935871400,13287422165,1186198,325270,1212006,2723474
6/30/23,NYSE American (A),6537773,13431488,6100186,26069447,310065464.2,559599891.2,341574547.6,1211239903,99766,47526,79927,227219
6/30/23,NASDAQ BX (B),13434703,8983412,14388482,36806597,689058386.4,652201193,836750095.8,2178009675,234153,48350,201410,483913
6/30/23,NYSE National (C),20605373,10522464,17073253,48201090,620691814,511103092.7,570760383.4,1702555290,345295,56455,240142,641892
6/30/23,FINRA / Nasdaq TRF Chicago (DB),4039677,2070293,9217425,15327395,164058435.8,103728626.5,551385294.9,819172357.1,22894,7460,45069,75423
6/30/23,FINRA / NYSE TRF (DN),157767899,78275835,404558780,640602514,4174620735,3319954625,15572561845,23067137205,578700,220487,1000191,1799378
6/30/23,FINRA / Nasdaq TRF Carteret (DQ),1355340341,632669698,1783045310,3771055349,64164179889,46383461374,88995767819,1.99543E+11,8959237,2126843,8834112,19920192
6/30/23,MIAX Pearl (H),73551524,55195626,58388942,187136092,1676130412,2956609405,2271890065,6904629881,594138,215724,394253,1204115
6/30/23,EDGA Equities (J),72038398,34028283,61912578,167979259,2234639502,1764993660,2885370378,6885003540,864495,181865,710968,1757328
6/30/23,EDGX Equities (K),224921992,116421948,308050614,649394554,6760189817,6948787698,13365130748,27074108263,1789835,518591,1928571,4236997
6/30/23,LTSE (L),28139,17732,25916,71787,3245191.79,418169.04,3370198.54,7033559.37,309,85,280,674
6/30/23,NYSE Chicago (M),8442069,9469124,18595614,36506807,707950246.3,1375918407,3779786291,5863654945,50332,4559,37600,92491
6/30/23,NYSE (N),1024050815,38352213,75201975,1137605003,54500917901,3391907373,3502880959,61395706234,3200062,156009,555097,3911168
6/30/23,NYSE Arca (P),173552625,298371603,354272499,826196727,7460525657,22805998394,14758033610,45024557661,2088605,1194625,2858699,6141929
6/30/23,NASDAQ (Q),431496733,170805079,1155087265,1757389077,20916167271,16573911951,72136598783,1.09627E+11,5969192,1113022,7844240,14926454
6/30/23,Members Exchange (U),123843494,46404574,137149385,307397453,4351052208,3289044537,6208430486,13848527231,1505845,267720,1423297,3196862
6/30/23,Investors Exchange (V),101326630,21409112,83289838,206025580,5964858500,1618242741,5196477063,12779578304,1567284,145326,1189837,2902447
6/30/23,NASDAQ PSX (X),10745430,10539125,16560721,37845276,549146625.5,942704448.3,1104302221,2596153294,177071,49236,189050,415357
6/30/23,BYX Equities (Y),38424966,28647717,38804486,105877169,1082754120,1821392035,1477776967,4381923122,363059,110689,309897,783645
6/30/23,BZX Equities (Z),152862534,92950265,205768973,451581772,6859732502,8048758477,10652480616,25560971595,2080808,494740,1904562,4480110
6/29/23,NYSE American (A),6535064,10029863,6984004,23548931,270436920.7,311302713.5,264406617.9,846146252,93875,44489,76642,215006
6/29/23,NASDAQ BX (B),13129946,7309981,13896983,34336910,631104088,516456971.9,827619034.8,1975180095,224773,42029,201712,468514
6/29/23,NYSE National (C),19656272,9160502,18502106,47318880,552095280,443016668.3,557224952.4,1552336901,332373,51750,240274,624397
6/29/23,FINRA / Nasdaq TRF Chicago (DB),4911159,1744143,9971250,16626552,163505034.4,103899268,626315876.9,893720179.2,24464,7500,48023,79987
6/29/23,FINRA / NYSE TRF (DN),164494897,76048320,400882644,641425861,4105270869,3173275193,16019556218,23298102280,575412,202470,953032,1730914
6/29/23,FINRA / Nasdaq TRF Carteret (DQ),1299226656,561173014,1730865583,3591265253,55812478314,34844828341,82116558365,1.72774E+11,8913605,2093397,8623643,19630645
6/29/23,MIAX Pearl (H),71274911,62857826,59173367,193306104,1587347497,2638360632,1886781170,6112489299,622496,240492,380016,1243004
6/29/23,EDGA Equities (J),67687355,32365396,60615903,160668654,2003150423,1469236654,2650390886,6122777963,832407,172253,690749,1695409
6/29/23,EDGX Equities (K),191427222,85512473,268400472,545340167,6057918327,5092902114,11296646805,22447467247,1654322,440441,1749398,3844161
6/29/23,LTSE (L),28168,36168,17061,81397,4135557.31,2240546.75,1243977.86,7620081.92,370,138,232,740
6/29/23,NYSE Chicago (M),20130305,8667272,13132624,41930201,1198302115,1400092371,2397201187,4995595673,49517,4793,41025,95335
6/29/23,NYSE (N),823278933,37166882,73808004,934253819,38738025428,2910366023,2994775496,44643166947,3162263,159086,562232,3883581
6/29/23,NYSE Arca (P),182719189,279532578,358831977,821083744,7194836830,18547693113,13134828639,38877358582,2169166,1212243,2869441,6250850
6/29/23,NASDAQ (Q),432673210,162515641,946655373,1541844224,19961080028,13348844006,51091267153,84401191187,6096416,1090853,7776925,14964194
6/29/23,Members Exchange (U),130075087,46550074,132707350,309332511,4218477017,2984241534,5364802705,12567521255,1539355,280452,1404241,3224048
6/29/23,Investors Exchange (V),104063818,19720598,86919886,210704302,5980155238,1361797488,4930422650,12272375376,1548429,134334,1192163,2874926
6/29/23,NASDAQ PSX (X),10919569,8602779,16207042,35729390,486728567.1,734118841.3,1124112303,2344959711,177816,46375,205436,429627
6/29/23,BYX Equities (Y),37430269,22810555,37557158,97797982,952293536.2,1234389644,1330057214,3516740394,343676,94577,297862,736115
6/29/23,BZX Equities (Z),156508431,84345938,215238185,456092554,6386118784,7026154849,8903926953,22316200586,2057491,480934,1824181,4362606
6/28/23,NYSE American (A),6582595,11628597,7533737,25744929,286245151.1,335628442,317021763,938895356.2,97734,52888,82522,233144
6/28/23,NASDAQ BX (B),13180659,7567236,14949646,35697541,624997515.9,613063139.8,805722988.7,2043783644,236752,47240,212558,496550
6/28/23,NYSE National (C),21689246,9015920,22243925,52949091,612781035.4,430887160.8,560583059.9,1604251256,367291,57427,252099,676817
6/28/23,FINRA / Nasdaq TRF Chicago (DB),4537108,1645553,10619012,16801673,178857496.9,108786727.8,819970151.3,1107614376,25268,8368,55051,88687
6/28/23,FINRA / NYSE TRF (DN),169511187,82511828,404373288,656396303,4436407640,3333175787,18642508599,26412092027,587796,220083,1017786,1825665
6/28/23,FINRA / Nasdaq TRF Carteret (DQ),1339188948,590429151,1829073406,3758691505,58248487017,36074762669,93187718557,1.87511E+11,9220677,2018043,8984725,20223445
6/28/23,MIAX Pearl (H),71536834,64353195,63680251,199570280,1508157917,2605116771,2204523634,6317798321,624068,235818,399309,1259195
6/28/23,EDGA Equities (J),67074197,28864321,61853101,157791619,2044444617,1481811736,2610990004,6137246357,847624,163820,697254,1708698
6/28/23,EDGX Equities (K),191688011,89966537,276422257,558076805,6080809023,5430822928,12818848910,24330480861,1643458,468827,1810942,3923227
6/28/23,LTSE (L),24243,20405,35661,80309,2453471.39,478956.24,3055643.574,5988071.204,245,130,413,788
6/28/23,NYSE Chicago (M),12462364,6228168,9974412,28664944,913349243.5,703342073,1335039298,2951730614,51214,4418,41196,96828
6/28/23,NYSE (N),838755889,37040666,81459968,957256523,41525206822,2969607527,3258476031,47753290380,3231112,166406,585295,3982813
6/28/23,NYSE Arca (P),184341235,278605035,378158242,841104512,7180190089,18930205136,15146011745,41256406970,2109626,1293907,2935553,6339086
6/28/23,NASDAQ (Q),435395806,165925019,962111752,1563432577,20428167322,13381174332,57340775915,91150117568,6165134,1128950,8132002,15426086
6/28/23,Members Exchange (U),130499934,44798848,135436802,310735584,4351732491,2800139286,5972727860,13124599637,1561405,274614,1450458,3286477
6/28/23,Investors Exchange (V),112084172,19907424,89300952,221292548,6394921022,1372606937,5355889809,13123417767,1646652,140364,1267205,3054221
6/28/23,NASDAQ PSX (X),11116304,8779127,17263595,37159026,492081373.1,790828158.9,1087141978,2370051510,188529,47320,201022,436871
6/28/23,BYX Equities (Y),39832294,21186444,43630182,104648920,1028889993,1381396551,1271555461,3681842006,368342,101612,315342,785296
6/28/23,BZX Equities (Z),155084960,84768541,209100006,448953507,6441350033,7257123271,9757975682,23456448986,2087893,499379,1936897,4524169
6/27/23,NYSE American (A),7836945,10594743,8547395,26979083,368372148.5,350157834.1,370437601.3,1088967584,112022,52006,99874,263902
6/27/23,NASDAQ BX (B),12085271,6687810,16298449,35071530,594275976.6,465481129.2,778310177.3,1838067283,224603,46839,222033,493475
6/27/23,NYSE National (C),19358004,8513276,19965747,47837027,564751761.4,416222872.9,532181670.3,1513156305,335020,58029,266841,659890
6/27/23,FINRA / Nasdaq TRF Chicago (DB),4750768,2102122,10742135,17595025,176039991.4,129373658.6,735882877.7,1041296528,24926,9145,56445,90516
6/27/23,FINRA / NYSE TRF (DN),148614381,80789493,465379937,694783811,3984619161,3502603506,18238617280,25725839947,531674,224197,1108934,1864805
6/27/23,FINRA / Nasdaq TRF Carteret (DQ),1301564769,569629736,2044832343,3916026848,58339046448,35644040639,95942908789,1.89926E+11,8978519,2169795,9446241,20594555
6/27/23,MIAX Pearl (H),70369489,63539299,61254878,195163666,1533969608,3178952082,2039929298,6752850988,628350,254111,402977,1285438
6/27/23,EDGA Equities (J),62488712,25355922,63844113,151688747,1892954575,1328659402,2469656413,5691270391,797843,156466,715750,1670059
6/27/23,EDGX Equities (K),174420584,77270252,324375399,576066235,5805010901,4712055215,12210962114,22728028230,1594743,419947,1950616,3965306
6/27/23,LTSE (L),13953,50992,30298,95243,1863947.8,2864516.84,3554704.04,8283168.68,172,182,330,684
6/27/23,NYSE Chicago (M),18047440,16542483,13256523,47846446,1189762128,2508546777,2142079914,5840388819,48157,4965,40811,93933
6/27/23,NYSE (N),817482020,33485951,76905281,927873252,40194681417,2737526233,3232727291,46164934940,3108145,153494,600946,3862585
6/27/23,NYSE Arca (P),157776477,249673325,482358304,889808106,6475993962,16653624839,14141197776,37270816576,1945271,1129538,3148987,6223796
6/27/23,NASDAQ (Q),413312403,156991420,1034590957,1604894780,19263135990,13071831169,58039345004,90374312163,5892416,1095593,8352684,15340693
6/27/23,Members Exchange (U),117597905,40345418,140813278,298756601,3849175507,2696831776,5833772144,12379779426,1445222,263102,1495531,3203855
6/27/23,Investors Exchange (V),104355850,17685143,92525717,214566710,5923551236,1418989754,5332738214,12675279204,1547933,142949,1288593,2979475
6/27/23,NASDAQ PSX (X),10302181,7417615,17036919,34756715,431991379,665400623.6,994105741.7,2091497744,177936,45287,205774,428997
6/27/23,BYX Equities (Y),34113429,19823660,40542920,94480009,868736397.4,1259607401,1226384508,3354728307,338907,100154,333685,772746
6/27/23,BZX Equities (Z),150772901,77035839,232549143,460357883,6250727887,6614216595,9846712386,22711656868,2022744,493398,2029823,4545965
6/26/23,NYSE American (A),6181351,13447957,7123977,26753285,242659048.3,309788334.3,343254584.7,895701967.3,95589,58504,96422,250515
6/26/23,NASDAQ BX (B),11957722,7123039,15288439,34369200,544955348.3,535316536,836837244.9,1917109129,217686,47086,211990,476762
6/26/23,NYSE National (C),19867875,8173866,18168101,46209842,512607396.3,397474198.5,528880711.5,1438962306,333854,55901,263211,652966
6/26/23,FINRA / Nasdaq TRF Chicago (DB),4694369,1823198,10881691,17399258,164773700.2,118242905.4,1032799690,1315816295,25702,8975,64586,99263
6/26/23,FINRA / NYSE TRF (DN),123601273,74087747,356908165,554597185,3041836562,2958323949,17337461731,23337622243,473110,194500,967165,1634775
6/26/23,FINRA / Nasdaq TRF Carteret (DQ),1218355639,540065102,1807986925,3566407666,53652983459,34519868370,96088931004,1.84262E+11,8619303,2262509,9309234,20191046
6/26/23,MIAX Pearl (H),65070169,59280367,55778085,180128621,1338510281,2662231276,2132703855,6133445413,551903,242408,390270,1184581
6/26/23,EDGA Equities (J),61849886,25123601,62695402,149668889,1861253175,1323182874,2495120310,5679556359,795237,158310,716080,1669627
6/26/23,EDGX Equities (K),159927015,74203691,272182753,506313459,4999468554,4566323243,12121417828,21687209625,1454465,409363,1888905,3752733
6/26/23,LTSE (L),36718,23898,36437,97053,3006736.7,1233396.62,2643940.81,6884074.13,278,87,385,750
6/26/23,NYSE Chicago (M),10295127,10461188,10729807,31486122,821742554.5,1318238339,1802814675,3942795568,48468,4873,44122,97463
6/26/23,NYSE (N),830511920,30705866,64135205,925352991,41320853118,2550591522,2902070479,46773515119,3163883,158606,556594,3879083
6/26/23,NYSE Arca (P),144259208,227009624,389305546,760574378,5945669476,16146985819,13878947730,35971603024,1842601,1134097,3002935,5979633
6/26/23,NASDAQ (Q),396719336,143746463,1001761095,1542226894,17706163364,12550636471,58029824453,88286624288,5545951,1014182,8310886,14871019
6/26/23,Members Exchange (U),117776170,40754665,131469583,290000418,3688337771,2723537565,5966318675,12378194011,1419000,262990,1486646,3168636
6/26/23,Investors Exchange (V),106666880,18872449,92729211,218268540,5986358183,1367643894,5478077467,12832079544,1490002,143178,1284657,2917837
6/26/23,NASDAQ PSX (X),9832927,6817946,14881964,31532837,420002566.5,677211356.5,1025783684,2122997607,161327,41154,191241,393722
6/26/23,BYX Equities (Y),32816912,21092176,37407695,91316783,878158439.5,1370501954,1241173179,3489833573,325130,106541,326800,758471
6/26/23,BZX Equities (Z),140376643,73477932,193400343,407254918,5847481651,6903321813,9674316272,22425119735,1952328,493221,1997362,4442911
6/23/23,NYSE American (A),8111885,174313826,7357307,189783018,307175692.4,969722962.6,342259416.2,1619158071,113761,65518,97184,276463
6/23/23,NASDAQ BX (B),15500352,7583596,15991233,39075181,668065069.5,586288006.6,824268925.2,2078622001,265541,50848,230122,546511
6/23/23,NYSE National (C),26876298,9422386,20567472,56866156,774893624,439147328.1,586066168.8,1800107121,434826,59848,298457,793131
6/23/23,FINRA / Nasdaq TRF Chicago (DB),3997303,1862349,9571311,15430963,158736905.2,115569663.3,689893371.8,964199940.2,23662,8200,53170,85032
6/23/23,FINRA / NYSE TRF (DN),144551094,84678337,392631912,621861343,3388543169,3761249078,18540094068,25689886315,548579,225118,1034061,1807758
6/23/23,FINRA / Nasdaq TRF Carteret (DQ),2176367397,678678416,2824336372,5679382185,97926318876,43129295426,1.22978E+11,2.64034E+11,9559901,2164707,9694820,21419428
6/23/23,MIAX Pearl (H),65746451,67732401,65050486,198529338,1462392438,3142043773,2256140629,6860576839,607558,245041,433450,1286049
6/23/23,EDGA Equities (J),71091335,29703719,67127307,167922361,2163510354,1551202014,2587914542,6302626911,926532,180237,816684,1923453
6/23/23,EDGX Equities (K),185337886,93184145,295804528,574326559,5767543752,5637064743,12621374452,24025982946,1752246,503790,2022502,4278538
6/23/23,LTSE (L),25752,46434,45509,117695,3488564.66,2431779.27,2779579.18,8699923.11,269,203,292,764
6/23/23,NYSE Chicago (M),9707422,11475935,12369686,33553043,734087447.6,2118890048,1915683253,4768660748,62425,7714,52904,123043
6/23/23,NYSE (N),2611862082,39471753,83844960,2735178795,1.00616E+11,3275807825,3389536886,1.07281E+11,3649777,185522,677302,4512601
6/23/23,NYSE Arca (P),195469155,288411818,377893284,861774257,7843825554,19588352497,14696109006,42128287057,2351500,1339183,3210879,6901562
6/23/23,NASDAQ (Q),475478358,180657481,3428942139,4085077978,21171760520,14581341899,1.07503E+11,1.43256E+11,6514835,1226998,9376960,17118793
6/23/23,Members Exchange (U),133177067,48148536,144615751,325941354,4406083860,3106675549,6247359343,13760118752,1645703,318037,1656023,3619763
6/23/23,Investors Exchange (V),119347121,22088724,102669427,244105272,6321090825,1622858657,5436072626,13380022108,1744104,164032,1440684,3348820
6/23/23,NASDAQ PSX (X),12767985,8849950,17782484,39400419,562342419.2,817075828.9,1061256913,2440675161,202582,56417,214957,473956
6/23/23,BYX Equities (Y),42011580,23442561,42505304,107959445,1073867844,1572771812,1323528084,3970167740,415418,115495,360370,891283
6/23/23,BZX Equities (Z),161379162,89773685,210495883,461648730,6728499338,7401170740,10749907693,24879577772,2233142,560570,2216222,5009934
6/22/23,NYSE American (A),7616401,13467826,7005759,28089986,324687676.3,348286292.2,395833710.7,1068807679,107581,57206,92075,256862
6/22/23,NASDAQ BX (B),13025814,7622855,16122583,36771252,573062251.2,493270123.2,825976451,1892308825,226245,45834,211623,483702
6/22/23,NYSE National (C),19879439,9043315,16857933,45780687,557812785.7,414417114.2,521010112.4,1493240012,332975,57436,250620,641031
6/22/23,FINRA / Nasdaq TRF Chicago (DB),4111865,2097756,9625813,15835434,159354013.5,111482431.1,769039421.4,1039875866,23315,8449,52524,84288
6/22/23,FINRA / NYSE TRF (DN),138960243,93180178,400895005,633035426,3577021009,3394009862,19023880875,25994911746,522158,204981,1047732,1774871
6/22/23,FINRA / Nasdaq TRF Carteret (DQ),1257356725,600787401,1798413195,3656557321,54058798525,36135695902,88532283314,1.78727E+11,8696169,1973796,9070692,19740657
6/22/23,MIAX Pearl (H),63713375,60255582,59842612,183811569,1402230575,2459288805,2152336165,6013855546,571758,218162,389389,1179309
6/22/23,EDGA Equities (J),59819002,27694445,57859354,145372801,1749831645,1382661128,2305103960,5437596732,768659,163234,664288,1596181
6/22/23,EDGX Equities (K),165054085,88800581,301119221,554973887,5310377472,4903735914,12285358774,22499472160,1539613,437512,1880401,3857526
6/22/23,LTSE (L),273278,39343,26443,339064,6423889.87,3046539.76,2429000.51,11899430.14,366,66,281,713
6/22/23,NYSE Chicago (M),14843003,13037613,19531653,47412269,1176970883,2060022968,4063655444,7300649295,49628,6019,44847,100494
6/22/23,NYSE (N),844289435,37690016,71106357,953085808,39932788014,2982886195,3207927940,46123602149,3170622,162606,579604,3912832
6/22/23,NYSE Arca (P),167116837,272241638,403666754,843025229,6847254609,17816225337,13836340851,38499820797,1999759,1187698,2993266,6180723
6/22/23,NASDAQ (Q),400952993,155403798,967569972,1523926763,18812817622,12054406841,55818737819,86685962282,5721804,1026982,8264140,15012926
6/22/23,Members Exchange (U),122118695,46681148,129345317,298145160,3962564214,2737366070,5741945629,12441875914,1478006,274719,1449784,3202509
6/22/23,Investors Exchange (V),104071056,19084382,87433395,210588833,5972218253,1337108483,5660710031,12970036768,1560636,137190,1277112,2974938
6/22/23,NASDAQ PSX (X),9608534,8676877,14933974,33219385,433661209.8,709051836.6,993254345,2135967391,169323,48223,181637,399183
6/22/23,BYX Equities (Y),35541371,22296761,36108203,93946335,873503545.9,1294043572,1191450980,3358998098,350599,102693,311916,765208
6/22/23,BZX Equities (Z),145371451,84853262,205665420,435890133,6008469330,5963481347,9659627861,21631578538,1985916,481871,1961415,4429202
6/21/23,NYSE American (A),8208674,14078325,8963270,31250269,354892545.7,498627232.3,448369187.6,1301888966,126458,63046,113213,302717
6/21/23,NASDAQ BX (B),13853106,8318001,18204341,40375448,620497133.9,556782936.7,1008302177,2185582248,241718,49687,242593,533998
6/21/23,NYSE National (C),21315651,10689199,22385183,54390033,589814445,477042521.9,635643866.2,1702500833,365732,65746,304076,735554
6/21/23,FINRA / Nasdaq TRF Chicago (DB),5214482,2137661,12220911,19573054,188425557.1,123886076.5,922479389.4,1234791023,27292,9510,63821,100623
6/21/23,FINRA / NYSE TRF (DN),147933360,102350250,496022438,746306048,3942266276,3816504334,20793224282,28551994893,540798,226967,1168069,1935834
6/21/23,FINRA / Nasdaq TRF Carteret (DQ),1255218776,636136395,2100338582,3991693753,57141336235,37788858301,1.03904E+11,1.98834E+11,8928188,2196829,9848909,20973926
6/21/23,MIAX Pearl (H),72167165,74177227,62394290,208738682,1575906491,3004744194,2173323348,6753974033,640470,254358,421812,1316640
6/21/23,EDGA Equities (J),63569625,30996559,65885107,160451291,1884625983,1543440613,2591373962,6019440558,828857,177690,767836,1774383
6/21/23,EDGX Equities (K),178089514,96234890,326452433,600776837,5680314510,5372275154,13904071277,24956660941,1653102,479510,2123582,4256194
6/21/23,LTSE (L),31124,23962,38136,93222,2783649.48,560348.81,838542.5,4182540.79,221,161,252,634
6/21/23,NYSE Chicago (M),17441812,22511039,16353531,56306382,1296022072,2592054218,2568125236,6456201526,61743,5345,53500,120588
6/21/23,NYSE (N),934163690,40493314,83222149,1057879153,48505899925,3240303201,3540135317,55286338442,3319831,184180,660179,4164190
6/21/23,NYSE Arca (P),178678465,289991192,414139880,882809537,7225358235,19094394009,15297415802,41617168046,2176688,1309991,3324270,6810949
6/21/23,NASDAQ (Q),427209550,177692774,1132333960,1737236284,20234335171,14010539882,68274622466,1.02519E+11,6252737,1175133,9014040,16441910
6/21/23,Members Exchange (U),129699568,49349001,146837837,325886406,4279671189,3013730721,6274680073,13568081983,1608759,300176,1623507,3532442
6/21/23,Investors Exchange (V),109792535,20652760,95156263,225601558,6120686435,1484183318,5611627082,13216496835,1616982,147551,1356469,3121002
6/21/23,NASDAQ PSX (X),10776981,9397758,17239204,37413943,474014308.2,822225256.6,1068358206,2364597770,186497,55296,212016,453809
6/21/23,BYX Equities (Y),36998363,22858182,40341733,100198278,950444497.4,1452268348,1405812846,3808525691,377572,109622,356044,843238
6/21/23,BZX Equities (Z),149617994,90164014,218000697,457782705,6312607405,6900575757,10389900612,23603083774,2128079,540444,2147597,4816120
6/20/23,NYSE American (A),9380749,15026811,8022642,32430202,387525352,427902927.8,347120251.6,1162548531,138344,63314,107591,309249
6/20/23,NASDAQ BX (B),14702304,7900640,16424310,39027254,640106208,559845756.4,787318374.8,1987270339,260963,53533,231725,546221
6/20/23,NYSE National (C),23034048,10444893,22052011,55530952,646062580.7,452279208.3,561503233,1659845022,412062,66564,309527,788153
6/20/23,FINRA / Nasdaq TRF Chicago (DB),5257109,2472535,12895458,20625102,207582663.6,129555133.2,847792663.1,1184930460,29518,9982,60480,99980
6/20/23,FINRA / NYSE TRF (DN),172022918,107388557,474442160,753853635,4863768289,3620075132,18753528006,27237371427,622841,246535,1145533,2014909
6/20/23,FINRA / Nasdaq TRF Carteret (DQ),1388249965,720253551,2061507110,4170010626,65733145877,39978619310,96542046812,2.02254E+11,9902777,2495071,10039471,22437319
6/20/23,MIAX Pearl (H),78191190,67043573,62537001,207771764,1766787156,2951365571,2222482678,6940635406,699028,237404,433426,1369858
6/20/23,EDGA Equities (J),68083395,32128401,65760230,165972026,2060640978,1495484047,2402259264,5958384289,887472,182823,739214,1809509
6/20/23,EDGX Equities (K),198940164,101062109,329300673,629302946,6454015571,5296096818,12902274041,24652386430,1824588,492876,2113954,4431418
6/20/23,LTSE (L),142752,19431,30466,192649,11696997.61,1480084.25,6133446.43,19310528.29,813,131,339,1283
6/20/23,NYSE Chicago (M),15278496,18155743,21422835,54857074,1436233820,3033363122,3375878726,7845475667,55395,5171,51145,111711
6/20/23,NYSE (N),1033116994,40286262,79313375,1152716631,52147173422,3118487809,3329119097,58594780328,3551525,175653,651710,4378888
6/20/23,NYSE Arca (P),197764145,323716830,464842928,986323903,7933337822,20161152543,14528752614,42623242979,2404038,1310422,3468008,7182468
6/20/23,NASDAQ (Q),461974257,176465104,1195925712,1834365073,21882761134,13738422446,64427132784,1.00048E+11,6679420,1172001,8977507,16828928
6/20/23,Members Exchange (U),137223666,50357247,146933543,334514456,4650205204,3143229986,6068942447,13862377637,1729918,305177,1622997,3658092
6/20/23,Investors Exchange (V),113566062,24534379,97359235,235459676,6457498335,1655000070,5630673489,13743171894,1793922,173845,1459894,3427661
6/20/23,NASDAQ PSX (X),12447251,9230370,15526893,37204514,541423344.2,747413372.8,888748489.8,2177585207,219122,56753,213423,489298
6/20/23,BYX Equities (Y),38508769,25864185,40744877,105117831,1013991067,1455806201,1202189538,3671986806,388710,121638,348099,858447
6/20/23,BZX Equities (Z),159699327,94890299,228227076,482816702,7201750780,7082259952,10009107327,24293118059,2338917,549767,2198696,5087380
6/16/23,NYSE American (A),8755544,92388212,9431456,110575212,380130755.7,825517976.3,429407103.3,1635055835,126273,69952,107260,303485
6/16/23,NASDAQ BX (B),16307755,8795014,21391306,46494075,731640986.6,629919557,1027460963,2389021506,280106,54274,254450,588830
6/16/23,NYSE National (C),28460931,11428227,23122331,63011489,917784948.6,503608363.4,734037770.8,2155431083,471517,70220,312632,854369
6/16/23,FINRA / Nasdaq TRF Chicago (DB),5504222,2613258,11604849,19722329,199670328,142024493.1,756242725.6,1097937547,28258,10109,53260,91627
6/16/23,FINRA / NYSE TRF (DN),197698489,114714764,539072123,851485376,5296640219,3837798509,20102009946,29236448675,661117,233544,1149654,2044315
6/16/23,FINRA / Nasdaq TRF Carteret (DQ),1976032362,799204950,2918530403,5693767715,87715061127,56575709767,1.37443E+11,2.81734E+11,10214778,2309212,10168252,22692242
6/16/23,MIAX Pearl (H),73007435,75904966,65046756,213959157,1713732982,3044593566,2332474404,7090800953,628202,265519,446417,1340138
6/16/23,EDGA Equities (J),77059135,36583420,75587510,189230065,2376273733,1795873360,2960776932,7132924025,988211,206538,810712,2005461
6/16/23,EDGX Equities (K),227681298,114756993,382289024,724727315,7194852135,6502601747,14489807544,28187261425,1990550,540214,2199674,4730438
6/16/23,LTSE (L),64635,19757,192071,276463,3209291.04,507681.16,7532349.97,11249322.17,788,74,519,1381
6/16/23,NYSE Chicago (M),33274261,27825153,27188432,88287846,2215593456,4399655945,4770244445,11385493846,67933,5755,59333,133021
6/16/23,NYSE (N),3061415370,42486666,93716493,3197618529,1.54702E+11,3534137654,4059906179,1.62296E+11,3960737,197438,749208,4907383
6/16/23,NYSE Arca (P),233231601,347970538,551083931,1132286070,9417644757,23640208774,17223897626,50281751156,2722618,1460447,3594606,7777671
6/16/23,NASDAQ (Q),522260055,197119322,3002328828,3721708205,24145946155,16076162220,1.59279E+11,1.99501E+11,7091747,1331058,9742791,18165596
6/16/23,Members Exchange (U),152612938,51240771,162068264,365921973,5299813094,3249500517,7080865733,15630179344,1886421,317052,1748093,3951566
6/16/23,Investors Exchange (V),134309149,23591829,111331659,269232637,7421997735,1637281679,6952247251,16011526665,1949162,171197,1543309,3663668
6/16/23,NASDAQ PSX (X),14420767,9256053,20031789,43708609,693731997.5,801593200.6,1215429781,2710754979,226572,53704,227395,507671
6/16/23,BYX Equities (Y),49118581,27814415,50512899,127445895,1301079242,1703887050,1591787056,4596753349,469763,132428,390353,992544
6/16/23,BZX Equities (Z),193305285,108626263,261201878,563133426,8467782115,8397185424,12976416853,29841384392,2554158,624390,2431302,5609850
6/15/23,NYSE American (A),7569829,14961538,7493905,30025272,319187315.1,577566558.7,399809484.8,1296563359,123390,62535,98770,284695
6/15/23,NASDAQ BX (B),14457310,10396035,17161101,42014446,715780705.4,788354422.6,1040285094,2544420222,276236,64796,243313,584345
6/15/23,NYSE National (C),25727843,13501406,24757183,63986432,748953549.6,569209265.6,734460510,2052623325,448816,79293,331799,859908
6/15/23,FINRA / Nasdaq TRF Chicago (DB),5554496,2510254,12213881,20278631,222880127.7,173185203,885754549.1,1281819880,29956,9947,57833,97736
6/15/23,FINRA / NYSE TRF (DN),185687469,107002740,534573276,827263485,5239790648,4202872825,21325894700,30768558173,675945,251193,1194335,2121473
6/15/23,FINRA / Nasdaq TRF Carteret (DQ),1415645919,735273257,2249017304,4399936480,65597873091,49440662064,1.04771E+11,2.1981E+11,9822527,2434655,9922917,22180099
6/15/23,MIAX Pearl (H),73156632,81554753,87099894,241811279,1781760896,3495377147,2898369579,8175507622,646845,278129,484902,1409876
6/15/23,EDGA Equities (J),70994980,38924451,72026644,181946075,2230124280,2006132064,3095775959,7332032303,916433,208597,793759,1918789
6/15/23,EDGX Equities (K),220382995,117013385,375665301,713061681,7421351762,6981397045,15549458455,29952207263,1924349,584805,2250658,4759812
6/15/23,LTSE (L),17351,29061,36930,83342,1296637.1,662529.37,2204947.72,4164114.19,221,176,297,694
6/15/23,NYSE Chicago (M),22565415,19478705,26277648,68321768,1422222475,1845778377,4043575567,7311576419,64896,5837,65315,136048
6/15/23,NYSE (N),1031188432,50141715,88381233,1169711380,52168603596,4492727150,4088844118,60750174864,3658750,214899,692604,4566253
6/15/23,NYSE Arca (P),213314021,360206079,498723522,1072243622,8822195781,25408665105,17930290239,52161151125,2537170,1528161,3490371,7555702
6/15/23,NASDAQ (Q),474406737,207967196,1218799224,1901173157,22707873323,17798390295,73631451759,1.14138E+11,6668023,1392634,9295916,17356573
6/15/23,Members Exchange (U),144905633,58405938,163270413,366581984,5191041020,3912849788,7317503073,16421393881,1791680,338813,1708855,3839348
6/15/23,Investors Exchange (V),120571105,26785377,102736696,250093178,6913509737,2148951226,6569038734,15631499696,1753770,184771,1450925,3389466
6/15/23,NASDAQ PSX (X),12013381,12699045,18485080,43197506,549400046.7,1115141789,1219160609,2883702445,196610,66736,219471,482817
6/15/23,BYX Equities (Y),41338250,31644951,47952458,120935659,1089919224,1936604703,1579909552,4606433479,410284,135299,370216,915799
6/15/23,BZX Equities (Z),168989776,110677083,243683580,523350439,7628561521,8394136418,12403541580,28426239520,2414920,639554,2333189,5387663
6/14/23,NYSE American (A),7955797,15244236,7415158,30615191,366014330.1,527101260,472160068.5,1365275659,117989,69744,95829,283562
6/14/23,NASDAQ BX (B),15250289,10951915,17675636,43877840,750300045.1,732616584.5,1073856361,2556772991,282010,66591,245369,593970
6/14/23,NYSE National (C),25402578,13091377,20897018,59390973,723572348.3,571129829.5,724005739.2,2018707917,430970,79773,298443,809186
6/14/23,FINRA / Nasdaq TRF Chicago (DB),5818170,2199068,13898748,21915986,240832576.6,127925150.6,1074502426,1443260153,30783,10706,66365,107854
6/14/23,FINRA / NYSE TRF (DN),186280060,108033827,523281918,817595805,5487260996,4001808508,21729872036,31218941540,665189,257817,1233483,2156489
6/14/23,FINRA / Nasdaq TRF Carteret (DQ),1384443225,709114260,2229535776,4323093261,67344896756,46613966034,1.05727E+11,2.19686E+11,9937953,2482363,9889438,22309754
6/14/23,MIAX Pearl (H),77504646,91847458,83108517,252460621,1859255188,4054042396,2874901455,8788199039,656685,328238,478420,1463343
6/14/23,EDGA Equities (J),75850428,44590298,73371523,193812249,2299891259,2050376756,3249395609,7599663624,956553,244821,790163,1991537
6/14/23,EDGX Equities (K),225384703,125883901,398410168,749678772,8086370790,7552620800,15604253279,31243244869,2035637,642321,2335490,5013448
6/14/23,LTSE (L),19548,28321,19137,67006,1416243.77,2002553.38,984432.23,4403229.38,173,90,194,457
6/14/23,NYSE Chicago (M),20491307,8958456,20879696,50329459,1649064254,1436753973,4601526801,7687345027,79295,7084,68163,154542
6/14/23,NYSE (N),1007481583,51921016,91221778,1150624377,50390549040,4448169592,4162808438,59001527071,3992267,216081,697919,4906267
6/14/23,NYSE Arca (P),210861193,371212806,547515024,1129589023,9487457000,24667609812,18506219470,52661286282,2609645,1642595,3682766,7935006
6/14/23,NASDAQ (Q),527875932,236976501,1254278157,2019130590,26585305692,19094962572,72539765809,1.1822E+11,7498370,1665582,9773256,18937208
6/14/23,Members Exchange (U),157891553,63979999,170983281,392854833,5454618443,4322395915,7311090120,17088104478,1942893,408580,1754368,4105841
6/14/23,Investors Exchange (V),124157232,25643904,101896274,251697410,7772339229,1834301812,6413063467,16019704507,1823934,184396,1438761,3447091
6/14/23,NASDAQ PSX (X),13990739,12688175,19975549,46654463,698945149.9,1198449792,1436273828,3333668771,233633,75379,239314,548326
6/14/23,BYX Equities (Y),43085103,28713347,42834984,114633434,1159547253,1806499859,1654216891,4620264003,429736,133519,367452,930707
6/14/23,BZX Equities (Z),180766553,123461344,273877984,578105881,8513710519,9545573090,12578138888,30637422497,2590851,759521,2447975,5798347
6/13/23,NYSE American (A),8093275,14190513,6867826,29151614,327065691.4,559355744,351081691.4,1237503127,115306,65536,90820,271662
6/13/23,NASDAQ BX (B),14468827,9245233,16478893,40192953,665146697.3,748167046.3,865685968.7,2278999712,280048,57805,238343,576196
6/13/23,NYSE National (C),25629135,11703881,20596760,57929776,736869940.7,526121814.2,621505887.8,1884497643,434468,70879,312353,817700
6/13/23,FINRA / Nasdaq TRF Chicago (DB),6289846,2299523,12267661,20857030,227743613,131289442.2,911238439.6,1270271495,33530,11399,60467,105396
6/13/23,FINRA / NYSE TRF (DN),201406144,105570283,541580873,848557300,5352917403,3847344493,21659901206,30860163102,695119,254988,1244472,2194579
6/13/23,FINRA / Nasdaq TRF Carteret (DQ),1545268923,711498750,2265871859,4522639532,67698760380,47121627156,1.03455E+11,2.18276E+11,10226636,2383674,10050178,22660488
6/13/23,MIAX Pearl (H),81842710,76151343,83025132,241019185,1744824519,3153266720,2599532408,7497623646,700203,283382,481260,1464845
6/13/23,EDGA Equities (J),71601106,34182066,64786360,170569532,2148618160,1607288058,2722338410,6478244629,941437,194295,762449,1898181
6/13/23,EDGX Equities (K),229400745,101769684,354154963,685325392,7340492905,6100522355,14920905266,28361920525,2030584,560563,2289066,4880213
6/13/23,LTSE (L),15901,31323,38107,85331,2443153.96,722152.01,8452460.98,11617766.95,122,199,461,782
6/13/23,NYSE Chicago (M),9950719,13219974,16511867,39682560,876189744.2,1508835391,3203921965,5588947100,61084,5694,54150,120928
6/13/23,NYSE (N),927835435,43433272,92037470,1063306177,44831626302,3727887045,4029760551,52589273898,3753755,209977,733276,4697008
6/13/23,NYSE Arca (P),208098044,317235319,448865392,974198755,8444032351,21337429872,17605710384,47387172607,2545321,1506481,3626552,7678354
6/13/23,NASDAQ (Q),492416962,190465098,1116619258,1799501318,22826164069,16527099656,64072313875,1.03426E+11,6964792,1344151,9338964,17647907
6/13/23,Members Exchange (U),153224600,51639047,165219496,370083143,5106676030,3489337490,6967724921,15563738441,1877432,345675,1746146,3969253
6/13/23,Investors Exchange (V),121325903,24032279,97398844,242757026,6758832677,1785816243,5809138601,14353787521,1771527,162653,1372039,3306219
6/13/23,NASDAQ PSX (X),14609122,9597278,18767334,42973734,659952935.2,963521838.1,1206548535,2830023309,237648,61871,238982,538501
6/13/23,BYX Equities (Y),41877958,26544629,40934973,109357560,1039030495,1709616291,1408148317,4156795103,410491,128268,355045,893804
6/13/23,BZX Equities (Z),176497739,95659959,260833000,532990698,7529799812,7715067075,11019134449,26264001336,2564841,609870,2398550,5573261
6/12/23,NYSE American (A),7338882,12079877,6566098,25984857,278333653.2,392636809.8,303890426.5,974860889.5,102390,53959,83364,239713
6/12/23,NASDAQ BX (B),13469061,6898617,15400251,35767929,599268863.7,516500586.2,751730437.3,1867499887,240269,45211,220812,506292
6/12/23,NYSE National (C),24349984,8747260,18494460,51591704,623822302.6,410386595.2,497063973.4,1531272871,385405,59462,280545,725412
6/12/23,FINRA / Nasdaq TRF Chicago (DB),5383842,2245610,11095636,18725088,183693726.8,135499220,738257404.4,1057450351,28033,10819,58368,97220
6/12/23,FINRA / NYSE TRF (DN),179029142,90092757,429500050,698621949,4867045807,3524078236,17333829264,25724953308,629578,222778,1137462,1989818
6/12/23,FINRA / Nasdaq TRF Carteret (DQ),1369126897,589521735,1884743997,3843392629,60383749258,36272996175,89705653503,1.86362E+11,9631001,2174278,9696182,21501461
6/12/23,MIAX Pearl (H),83482453,59924221,62738857,206145531,1759269072,2682182214,2007124788,6448576075,695290,243206,452577,1391073
6/12/23,EDGA Equities (J),70470857,25478294,60261649,156210800,2030641695,1215445506,2257241137,5503328338,883277,158751,704802,1746830
6/12/23,EDGX Equities (K),212995427,84191879,309351849,606539155,6690024992,4938577212,11892839450,23521441654,1831227,460957,2042934,4335118
6/12/23,LTSE (L),23512,33650,31789,88951,1120173.76,6275983.45,1908731.93,9304889.14,233,62,359,654
6/12/23,NYSE Chicago (M),13640497,16817236,12021843,42479576,1049960461,2187717709,1822412451,5060090621,59009,5439,53436,117884
6/12/23,NYSE (N),878576282,33487410,81108888,993172580,42879837930,2814240320,3240819876,48934898126,3479624,162995,643343,4285962
6/12/23,NYSE Arca (P),195003577,254716044,399379180,849098801,7740600313,17177941867,13974903578,38893445757,2288758,1254676,3291293,6834727
6/12/23,NASDAQ (Q),462560791,152613879,1033891793,1649066463,20432750310,13193786281,60884611443,94511148033,6362704,1107334,8578779,16048817
6/12/23,Members Exchange (U),142858932,40333673,138632941,321825546,4575063067,2607841865,5611731727,12794636658,1742143,282440,1590179,3614762
6/12/23,Investors Exchange (V),114932927,17711025,95424332,228068284,6222592792,1315391138,5829449987,13367433918,1726385,143297,1402649,3272331
6/12/23,NASDAQ PSX (X),12272493,7065516,15059039,34397048,545253013,705848392.7,1021483580,2272584986,206517,45605,208885,461007
6/12/23,BYX Equities (Y),39258306,20347248,37484545,97090099,964084364.5,1314903063,1125548745,3404536173,382428,106200,333827,822455
6/12/23,BZX Equities (Z),163719806,75337165,192792342,431849313,6752514998,5823697453,9254070264,21830282716,2264187,493412,2092419,4850018
6/9/23,NYSE American (A),6352736,11943197,6731536,25027469,255241602.9,357148565.8,343571542,955961710.6,101737,51258,88122,241117
6/9/23,NASDAQ BX (B),12862725,7513880,14638727,35015332,568984140.6,632203938,849772292.2,2050960371,253236,48072,220240,521548
6/9/23,NYSE National (C),21803249,9948840,18280621,50032710,575370120.7,422190478.2,548694673.1,1546255272,380892,62648,282866,726406
6/9/23,FINRA / Nasdaq TRF Chicago (DB),5709709,1945945,10152659,17808313,166494966.9,116065711,876214787.3,1158775465,27803,8689,57923,94415
6/9/23,FINRA / NYSE TRF (DN),191143551,89230069,400407565,680781185,4183805183,3490133396,19128640264,26802578843,628513,215676,1126954,1971143
6/9/23,FINRA / Nasdaq TRF Carteret (DQ),1345319942,626501202,1786646146,3758467290,52789022980,40877929542,93834904066,1.87502E+11,8864250,1991480,9089983,19945713
6/9/23,MIAX Pearl (H),72381748,67921548,58678907,198982203,1581687477,3067687226,2125076429,6774451133,641951,260314,412282,1314547
6/9/23,EDGA Equities (J),69440198,26431489,57255664,153127351,1904338489,1394110296,2562394165,5860842949,863691,165920,696753,1726364
6/9/23,EDGX Equities (K),202998268,89172788,284524683,576695739,5941470273,5215781622,13921425885,25078677780,1741187,464159,1990706,4196052
6/9/23,LTSE (L),122076,36110,28048,186234,1382436.39,1327647.51,602894.32,3312978.22,300,129,128,557
6/9/23,NYSE Chicago (M),9842910,8906268,11593733,30342911,758820239.2,2049115925,1454099029,4262035193,57987,3789,52239,114015
6/9/23,NYSE (N),832303649,38660741,73701023,944665413,38890887123,3303072317,3492738872,45686698313,3377974,180937,610692,4169603
6/9/23,NYSE Arca (P),184691382,272994779,360592720,818278881,6918580031,18887503479,15258089607,41064173117,2255048,1253669,3161375,6670092
6/9/23,NASDAQ (Q),437776700,160555090,965881367,1564213157,19167655988,14151142375,58496446826,91815245189,6144777,1141570,8370338,15656685
6/9/23,Members Exchange (U),139069861,43577901,134895172,317542934,4288393985,2907371905,6431172480,13626938370,1612666,292412,1511098,3416176
6/9/23,Investors Exchange (V),103692351,18132254,85794526,207619131,5586856085,1368648472,5341914892,12297419449,1562743,135614,1239390,2937747
6/9/23,NASDAQ PSX (X),11638802,7887716,13479483,33006001,463728839.9,839487846.8,982823871.8,2286040559,186550,51038,195815,433403
6/9/23,BYX Equities (Y),38069212,21793825,34306473,94169510,883107776.9,1494211462,1347544154,3724863392,372057,110501,322764,805322
6/9/23,BZX Equities (Z),157459691,82082331,181496031,421038053,6338495188,6337442541,10216552010,22892489739,2242335,525068,2069947,4837350
6/8/23,NYSE American (A),6903451,15353209,5920099,28176759,276232409.2,402015994.2,318493757.8,996742161.2,103868,58348,83885,246101
6/8/23,NASDAQ BX (B),13233546,7839853,13941141,35014540,608838710.7,503407580.1,745746761.4,1857993052,266372,50226,222738,539336
6/8/23,NYSE National (C),20513542,10217456,16782544,47513542,570637909,466192594.5,527693847.9,1564524351,390271,67128,289209,746608
6/8/23,FINRA / Nasdaq TRF Chicago (DB),5573968,2079547,10793628,18447143,191045636.5,117686279.9,747742488.7,1056474405,28891,9156,51237,89284
6/8/23,FINRA / NYSE TRF (DN),194136291,112945909,401327978,708410178,4539337480,3236408240,17188010429,24963756149,634571,233021,1033252,1900844
6/8/23,FINRA / Nasdaq TRF Carteret (DQ),1380910122,642787677,1788841633,3812539432,57553319904,32796396578,89100756534,1.7945E+11,9182737,2066359,8871987,20121083
6/8/23,MIAX Pearl (H),70422819,62809708,57948171,191180698,1576447256,2588829736,1929650289,6094927281,636245,234518,390061,1260824
6/8/23,EDGA Equities (J),63458260,30539659,55292942,149290861,1934039511,1440466627,2386100829,5760606967,884221,177902,706316,1768439
6/8/23,EDGX Equities (K),195679022,103779811,269536540,568995373,6254893231,4804085356,12589246055,23648224643,1794957,476794,1926480,4198231
6/8/23,LTSE (L),346888,39889,131957,518734,1449370.05,3016572.06,7295364.01,11761306.12,372,54,211,637
6/8/23,NYSE Chicago (M),10513520,15403272,14836198,40752990,712560864.5,1693103991,1836777072,4242441928,60199,3915,53436,117550
6/8/23,NYSE (N),837088147,40076692,75263112,952427951,39698887672,3092136453,3247236621,46038260746,3467053,186804,621868,4275725
6/8/23,NYSE Arca (P),185903623,281542575,349157168,816603366,7339907772,17584689494,15443457237,40368054502,2305830,1236319,3176740,6718889
6/8/23,NASDAQ (Q),445716009,163538829,936070121,1545324959,20073878699,12947881878,54562382111,87584142688,6435279,1144335,8253704,15833318
6/8/23,Members Exchange (U),139750979,45640929,136387771,321779679,4521213322,2788560469,5916136396,13225910186,1720875,283401,1510153,3514429
6/8/23,Investors Exchange (V),110637442,20011811,85476958,216126211,6105933412,1401173732,5137164353,12644271498,1660254,150110,1294090,3104454
6/8/23,NASDAQ PSX (X),10785877,7873298,14213084,32872259,476456813,655230410.8,930243965.9,2061931190,188529,44840,194734,428103
6/8/23,BYX Equities (Y),34120767,23265381,34016915,91403063,907958268.9,1350694471,1164587454,3423240194,388789,108689,334617,832095
6/8/23,BZX Equities (Z),157416930,87123505,189458725,433999160,6659191375,6051244876,9815779332,22526215583,2262711,505773,2011247,4779731
6/7/23,NYSE American (A),7952017,15112245,7754021,30818283,321203907.6,403225512.5,463327122.7,1187756543,118453,70622,98977,288052
6/7/23,NASDAQ BX (B),15689939,9965305,17458186,43113430,754904461.5,730741739.1,1067964113,2553610314,297557,68422,274347,640326
6/7/23,NYSE National (C),27346931,14232538,24090943,65670412,742313809.6,614351880.2,781217015.6,2137882705,454671,81289,338093,874053
6/7/23,FINRA / Nasdaq TRF Chicago (DB),7006245,2625523,13855602,23487370,233631266.2,158119129.2,952768270.2,1344518666,32927,10741,65666,109334
6/7/23,FINRA / NYSE TRF (DN),214212144,120131646,474356985,808700775,4814280829,4442925159,21777959216,31035165204,645126,243695,1239871,2128692
6/7/23,FINRA / Nasdaq TRF Carteret (DQ),1548549135,701841768,2043203208,4293594111,65100457317,42537766100,1.06416E+11,2.14055E+11,10003767,2435275,10030034,22469076
6/7/23,MIAX Pearl (H),84069696,81824458,69691157,235585311,1871986208,3479886988,2475823702,7827696897,704497,302207,478762,1485466
6/7/23,EDGA Equities (J),84620793,34435509,73267635,192323937,2508306043,1816350422,3340655882,7665312347,1047456,212998,882517,2142971
6/7/23,EDGX Equities (K),236876623,113549408,344739274,695165305,7388573909,6709071368,15083960886,29181606163,2031095,599721,2322954,4953770
6/7/23,LTSE (L),803666,15163,125704,944533,9582862.94,756139.5,11919964.75,22258967.19,274,76,1281,1631
6/7/23,NYSE Chicago (M),17183692,24154304,14317358,55655354,1315837283,2710640552,2067656291,6094134126,73148,5666,68693,147507
6/7/23,NYSE (N),1023414042,49375906,90096630,1162886578,49706453425,4057212341,4153787359,57917453125,4125063,234501,723952,5083516
6/7/23,NYSE Arca (P),224839193,340228416,450599041,1015666650,8842549581,23043824431,18357029753,50243403765,2679409,1606014,3803169,8088592
6/7/23,NASDAQ (Q),540451876,211836134,1191386556,1943674566,24526593845,17376556450,71594827379,1.13498E+11,7597779,1480117,10343857,19421753
6/7/23,Members Exchange (U),177108590,56765177,167145853,401019620,5477457613,3724655690,7715141963,16917255266,2005461,370402,1843822,4219685
6/7/23,Investors Exchange (V),132664828,26939044,100704907,260308779,7469279151,2148890660,6495574611,16113744422,1906370,198234,1466129,3570733
6/7/23,NASDAQ PSX (X),14492664,10848357,16736703,42077724,633673312.5,927137285.3,1335464919,2896275517,227893,62813,251756,542462
6/7/23,BYX Equities (Y),44113456,28655955,41277422,114046833,1127148897,1743560164,1606281129,4476990191,435352,141101,385636,962089
6/7/23,BZX Equities (Z),193209457,111346532,218350698,522906687,8084088255,8519361613,12364116766,28967566634,2667738,700351,2450078,5818167
6/6/23,NYSE American (A),8123893,12508218,7255075,27887186,311437821.2,422527517.2,370464549.4,1104429888,120625,60890,96895,278410
6/6/23,NASDAQ BX (B),15431766,8434886,15548936,39415588,629333891.1,604127898.9,793534750.8,2026996541,275871,52867,236585,565323
6/6/23,NYSE National (C),25332257,10998052,21678646,58008955,641884854.1,479647896.1,611741115.4,1733273866,410398,67486,302848,780732
6/6/23,FINRA / Nasdaq TRF Chicago (DB),6028907,2215330,11804812,20049049,218713682.3,124458964.9,791842525.5,1135015173,30833,9289,60594,100716
6/6/23,FINRA / NYSE TRF (DN),190246468,102875314,455866680,748988462,4569497213,3929827067,17649316626,26148640906,608995,224478,1094313,1927786
6/6/23,FINRA / Nasdaq TRF Carteret (DQ),1402136920,685571757,1929329158,4017037835,58263877619,37306235076,87496580960,1.83067E+11,9204972,2132925,9275333,20613230
6/6/23,MIAX Pearl (H),76297741,64242902,61811955,202352598,1669296959,2484769880,1969479714,6123546553,684929,232662,447469,1365060
6/6/23,EDGA Equities (J),74423890,29799043,65406153,169629086,2094684469,1478413858,2427807172,6000905499,949960,179542,779106,1908608
6/6/23,EDGX Equities (K),212518929,96164769,321293886,629977584,6434629751,5252096991,11721138190,23407864932,1855517,462464,2050520,4368501
6/6/23,LTSE (L),38723,15227,31189,85139,2026600.71,1333377.96,1281185.76,4641164.43,217,34,351,602
6/6/23,NYSE Chicago (M),14377967,28757493,11407466,54542926,1135829306,3518439551,1614218407,6268487263,58261,3824,51122,113207
6/6/23,NYSE (N),857578543,41098119,78948026,977624688,39435869809,3354874503,3416416020,46207160332,3654429,177277,642491,4474197
6/6/23,NYSE Arca (P),199103236,286037337,423617107,908757680,7580666822,18648046433,14742869730,40971582986,2385561,1258967,3360640,7005168
6/6/23,NASDAQ (Q),474125130,172676511,1035231243,1682032884,21298921845,13753188790,55185516231,90237626865,6744248,1152104,8923803,16820155
6/6/23,Members Exchange (U),149243311,44512571,143117616,336873498,4615837145,2796133391,5691832871,13103803407,1726359,286218,1544735,3557312
6/6/23,Investors Exchange (V),116931764,23378512,95179630,235489906,6416940126,1705723110,5644995818,13767659053,1689841,170342,1321295,3181478
6/6/23,NASDAQ PSX (X),12650510,9183111,14216212,36049833,540529002.7,747377331.9,884158145.7,2172064480,205626,51957,208539,466122
6/6/23,BYX Equities (Y),41188846,24655692,37871504,103716042,973658565.2,1501719841,1166430197,3641808603,407847,119620,351573,879040
6/6/23,BZX Equities (Z),172573199,90279252,202039906,464892357,7046053701,6564215371,9560681008,23170950080,2461693,528461,2203685,5193839
6/5/23,NYSE American (A),7554380,13777573,6412281,27744234,320591844,427616010.2,383328971.4,1131536826,122295,64980,94594,281869
6/5/23,NASDAQ BX (B),15302481,10484962,14998282,40785725,674552218.2,733356274.6,831544604.2,2239453097,291555,66405,235007,592967
6/5/23,NYSE National (C),22946282,13294344,18111296,54351922,610870628.4,542460302.3,589052652.9,1742383584,380587,70688,263695,714970
6/5/23,FINRA / Nasdaq TRF Chicago (DB),5442110,2350571,10328853,18121534,195945856.4,126825365.8,829270116.5,1152041339,30307,9360,61135,100802
6/5/23,FINRA / NYSE TRF (DN),200683071,113813385,426787937,741284393,4665513909,4100558006,19769436032,28535507947,662262,268644,1197840,2128746
6/5/23,FINRA / Nasdaq TRF Carteret (DQ),1251001428,649146226,1699624063,3599771717,55151631827,37420896340,89655009555,1.82228E+11,9059106,2190594,9308424,20558124
6/5/23,MIAX Pearl (H),69307217,61904887,63331723,194543827,1648205723,2664565091,2287155818,6599926631,664395,213674,422401,1300470
6/5/23,EDGA Equities (J),60096115,26934059,55602045,142632219,1735462478,1358620453,2336571270,5430654201,803771,164319,670215,1638305
6/5/23,EDGX Equities (K),184067682,96532572,269160182,549760436,5989834424,5255904385,12264529149,23510267958,1751304,496833,2001098,4249235
6/5/23,LTSE (L),9393,16876,8901,35170,559702.99,1534348.6,631997.86,2726049.45,130,5,112,247
6/5/23,NYSE Chicago (M),10652431,14504333,12245244,37402008,745413136,1751555533,1931673823,4428642492,43406,4605,59352,107363
6/5/23,NYSE (N),847780592,44512808,68818308,961111708,40387910087,3527237691,3352070610,47267218387,3700877,214383,607425,4522685
6/5/23,NYSE Arca (P),194521836,334504277,375950801,904976914,8184214684,21422043695,16989369877,46595628256,2487379,1534659,3476899,7498937
6/5/23,NASDAQ (Q),475088731,195690031,961466929,1632245691,21606740649,14973840321,56656054728,93236635698,6852650,1360202,8723786,16936638
6/5/23,Members Exchange (U),149732493,51339774,137408937,338481204,4921119708,3270385312,6433606549,14625111568,1809843,339907,1571664,3721414
6/5/23,Investors Exchange (V),121029957,24739054,98740358,244509369,6684945607,1687487404,6175473934,14547906946,1777513,169051,1388553,3335117
6/5/23,NASDAQ PSX (X),11265604,10772448,14304713,36342765,510308815.7,926679791.8,1026124536,2463113144,197810,63653,211676,473139
6/5/23,BYX Equities (Y),36499426,24508220,35305067,96312713,946272534.5,1456276117,1321401267,3723949919,389517,119827,337131,846475
6/5/23,BZX Equities (Z),157826952,90954516,169076909,417858377,6571856253,6893688029,9707305808,23172850090,2316150,571789,2047808,4935747
6/2/23,NYSE American (A),10115265,16761813,7377059,34254137,494568245.1,694883147.1,467569748.7,1657021141,148187,68403,104497,321087
6/2/23,NASDAQ BX (B),17596041,10989985,15589539,44175565,733329466,846717061.8,891974278.4,2472020806,305460,65599,241886,612945
6/2/23,NYSE National (C),27553304,15698671,20605308,63857283,764180481.5,686897142.4,704151361.6,2155228985,453647,85457,302137,841241
6/2/23,FINRA / Nasdaq TRF Chicago (DB),6336713,3084754,9698893,19120360,255192439.3,141929098.6,809974860.9,1207096399,32619,9561,58093,100273
6/2/23,FINRA / NYSE TRF (DN),197069633,118514136,379149082,694732851,4913606137,4105072774,18294615422,27313294333,675267,279080,1134930,2089277
6/2/23,FINRA / Nasdaq TRF Carteret (DQ),1494999437,817529712,1698082632,4010611781,65830121876,47003418127,97702426146,2.10536E+11,10152464,2628041,9544498,22325003
6/2/23,MIAX Pearl (H),79931306,90092665,62785951,232809922,1941114924,3806337034,2370793168,8118245125,740494,299981,434052,1474527
6/2/23,EDGA Equities (J),83119908,39925567,62438945,185484420,2360210022,1950108022,2635960622,6946278667,1038103,230666,767761,2036530
6/2/23,EDGX Equities (K),246488350,130852860,285735162,663076372,7873406013,7160531184,13269992622,28303929819,2132308,609850,2135263,4877421
6/2/23,LTSE (L),18859,43581,28166,90606,1041930.49,3187058.31,6591189.34,10820178.14,195,69,405,669
6/2/23,NYSE Chicago (M),13073206,18588504,13971419,45633129,1232247582,2169196390,2504052468,5905496440,63057,4238,57250,124545
6/2/23,NYSE (N),988487185,54254156,82106111,1124847452,47559648182,4405743481,3788743901,55754135564,4067026,232998,668379,4968403
6/2/23,NYSE Arca (P),225096213,381948453,366641374,973686040,9155805031,25845469404,16938194405,51939468840,2771205,1651490,3565427,7988122
6/2/23,NASDAQ (Q),542761932,230781215,1015040497,1788583644,24880358199,18013089103,61524283666,1.04418E+11,7352667,1443190,9142401,17938258
6/2/23,Members Exchange (U),168812142,58536512,140615498,367964152,5565050790,3753813310,6595502046,15914366146,1980560,356856,1597360,3934776
6/2/23,Investors Exchange (V),131191136,31296633,94400923,256888692,7080511053,2249389587,6242533297,15572433937,1819248,199802,1348367,3367417
6/2/23,NASDAQ PSX (X),14044180,13722481,16105576,43872237,601360419.1,1174962017,1142106397,2918428832,225720,79302,219121,524143
6/2/23,BYX Equities (Y),45391572,35203066,37105150,117699788,1169815343,2088317125,1453004756,4711137224,447915,157363,356770,962048
6/2/23,BZX Equities (Z),202673760,120118770,187732694,510525224,8823865711,8759615503,11294049323,28877530537,2861838,702670,2248785,5813293
6/1/23,NYSE American (A),8908782,13704719,7233556,29847057,407120425.9,559213624.5,478395538.8,1444729589,137712,64438,106018,308168
6/1/23,NASDAQ BX (B),15050674,11800776,16169299,43020749,697068898.4,843377852.3,914725552.1,2455172303,281565,64741,241616,587922
6/1/23,NYSE National (C),25324459,14827995,21205500,61357954,718533195.2,611567859.8,690378283.3,2020479338,417493,82367,291774,791634
6/1/23,FINRA / Nasdaq TRF Chicago (DB),6084571,2764227,10805072,19653870,245363656.5,129858735.1,738888802.6,1114111194,33903,8942,57792,100637
6/1/23,FINRA / NYSE TRF (DN),219169859,118878000,372499435,710547294,5279554745,4035672081,17962319208,27277546033,674501,263729,1116732,2054962
6/1/23,FINRA / Nasdaq TRF Carteret (DQ),1501152233,818386314,1840227538,4159766085,64815919034,44203471476,99215428942,2.08235E+11,9967300,2366603,9618885,21952788
6/1/23,MIAX Pearl (H),82846208,81178626,66245076,230269910,1809267894,3220591425,2530827733,7560687051,711482,263920,443664,1419066
6/1/23,EDGA Equities (J),76420625,38454547,62711316,177586488,2238757219,1838018226,2782025572,6858801016,987438,216644,776720,1980802
6/1/23,EDGX Equities (K),228094385,125726254,294395638,648216277,7228111803,6323960391,13173705974,26725778168,2039284,561036,2101856,4702176
6/1/23,LTSE (L),62670,20305,34374,117349,2597590.37,2652098.81,1908756.664,7158445.844,281,51,283,615
6/1/23,NYSE Chicago (M),12804852,9720380,12736928,35262160,931594684.7,1458652991,2049006555,4439254230,62186,5528,54450,122164
6/1/23,NYSE (N),1002570795,46658713,84630692,1133860200,47425630229,3457718634,4078769856,54962118719,3879032,202558,689442,4771032
6/1/23,NYSE Arca (P),218724926,366475551,374014351,959214828,8695146965,22765709053,17227453784,48688309802,2583228,1465362,3522485,7571075
6/1/23,NASDAQ (Q),520684092,209220621,1031806691,1761711404,23437696574,15577949850,62921053502,1.01937E+11,6924534,1277757,8852501,17054792
6/1/23,Members Exchange (U),163629556,56219374,142525009,362373939,5173821714,3307610414,6368317787,14849749915,1868505,330023,1584516,3783044
6/1/23,Investors Exchange (V),126276868,28488105,101201309,255966282,6972189719,1833203761,6603743262,15409136742,1775748,183614,1380296,3339658
6/1/23,NASDAQ PSX (X),14610567,14218945,17693659,46523171,581644332.7,1157901809,1201372114,2940918256,217667,79126,218232,515025
6/1/23,BYX Equities (Y),44083168,32409648,39489126,115981942,1115019656,1994339394,1540761188,4650120238,424290,147654,362302,934246
6/1/23,BZX Equities (Z),199073128,115111091,201624878,515809097,8433381764,7863328513,11417072968,27713783245,2765923,635990,2308156,5710069
5/31/23,NYSE American (A),10207642,25397028,8601939,44206609,480356425.9,590139299.4,502044119,1572539844,142093,62527,109627,314247
5/31/23,NASDAQ BX (B),18621159,11439652,19033783,49094594,895394342.5,892740334.5,1230822323,3018957000,311437,65647,257839,634923
5/31/23,NYSE National (C),31532063,16080000,23409640,71021703,1009281510,702414198,859909859.3,2571605567,460617,86589,295129,842335
5/31/23,FINRA / Nasdaq TRF Chicago (DB),5738151,2551072,10392558,18681781,219854350.4,106383737.6,767629167.7,1093867256,30735,9195,56258,96188
5/31/23,FINRA / NYSE TRF (DN),177627338,105090818,396845396,679563552,4783421446,3494977210,17659742524,25938141181,632508,245485,1030257,1908250
5/31/23,FINRA / Nasdaq TRF Carteret (DQ),1994739101,750864123,2150047048,4895650272,1.01833E+11,50767400906,1.25072E+11,2.77672E+11,10028044,2473611,9295683,21797338
5/31/23,MIAX Pearl (H),62391726,84400506,68503179,215295411,1476653875,3205460287,2611776615,7293890777,533784,274991,438216,1246991
5/31/23,EDGA Equities (J),78851645,37844607,66818333,183514585,2440916010,1855177906,3000595622,7296689539,979169,201762,772728,1953659
5/31/23,EDGX Equities (K),237510042,128580087,310047366,676137495,8059360006,7044428517,13841145548,28944934071,2201624,594082,2161307,4957013
5/31/23,LTSE (L),41257,68046,22894,132197,4591979.44,6251602.07,3817560.66,14661142.17,465,37,295,797
5/31/23,NYSE Chicago (M),18345004,17007326,18029440,53381770,1362489811,1675751327,3751211774,6789452912,66665,5593,59724,131982
5/31/23,NYSE (N),2172920660,50737310,87335105,2310993075,1.24378E+11,3674039117,4461958287,1.32514E+11,3993083,213328,697282,4903693
5/31/23,NYSE Arca (P),235088893,374597807,407698405,1017385105,9977532734,24200632002,19005314651,53183479388,2710829,1559031,3492750,7762610
5/31/23,NASDAQ (Q),583266039,224665776,2015529510,2823461325,26532826969,17694675951,1.2145E+11,1.65677E+11,7444721,1391270,9229766,18065757
5/31/23,Members Exchange (U),168356793,58849188,153530475,380736456,5627896108,3568899086,6843054418,16039849612,1951333,358516,1652240,3962089
5/31/23,Investors Exchange (V),139934202,28073084,105637011,273644297,7846559316,2009174813,7451178943,17306913073,1917384,182581,1456174,3556139
5/31/23,NASDAQ PSX (X),18005326,14158597,21299423,53463346,900433005.7,1257440693,1595900897,3753774596,261540,84810,259051,605401
5/31/23,BYX Equities (Y),52922073,35249493,44271440,132443006,1417030486,2112671546,1781726796,5311428829,483060,150556,382312,1015928
5/31/23,BZX Equities (Z),223911322,125017379,222727133,571655834,9587298648,9133860722,13018224177,31739383548,2921561,681579,2402854,6005994
5/30/23,NYSE American (A),8146339,14055506,7858811,30060656,352340813.7,487130656.6,565482641.2,1404954111,113581,59191,97000,269772
5/30/23,NASDAQ BX (B),15633887,9932087,18836508,44402482,723446692.8,697941659,1336444245,2757832597,270292,61114,256586,587992
5/30/23,NYSE National (C),25968209,14423967,21982325,62374501,723404707.4,614487590.3,827406745.1,2165299043,388736,78411,279185,746332
5/30/23,FINRA / Nasdaq TRF Chicago (DB),6970075,2767314,11600362,21337751,222855329.9,128359420.6,961127478.3,1312342229,35797,10867,65072,111736
5/30/23,FINRA / NYSE TRF (DN),209320241,110702426,422144086,742166753,4773785448,3730470895,18828733498,27332989841,704881,255254,1113383,2073518
5/30/23,FINRA / Nasdaq TRF Carteret (DQ),1459918424,700536358,1879951365,4040406147,62501166075,36671911149,1.04712E+11,2.03885E+11,9818842,2413948,9854772,22087562
5/30/23,MIAX Pearl (H),64840180,78029606,79649790,222519576,1427692880,2746272374,3132834254,7306799508,535549,257728,462911,1256188
5/30/23,EDGA Equities (J),69980399,33877751,59439365,163297515,2033717717,1568333190,2875065588,6477116495,855614,197253,714466,1767333
5/30/23,EDGX Equities (K),234611511,119044908,324633886,678290305,7133703600,5813838441,15382186362,28329728402,2061240,568147,2234782,4864169
5/30/23,LTSE (L),54313,9411,14074,77798,10702358.51,797808.68,944884.11,12445051.3,709,33,210,952
5/30/23,NYSE Chicago (M),10855911,8541030,18086967,37483908,932354488.1,960257861.2,4108270755,6000883104,61706,4366,61581,127653
5/30/23,NYSE (N),923258913,46444019,87903702,1057606634,43240480367,3689484821,4747495443,51677460631,3609854,214226,699209,4523289
5/30/23,NYSE Arca (P),208223073,356781228,420097065,985101366,7967998917,20964411469,20105971407,49038381794,2386404,1607492,3571783,7565679
5/30/23,NASDAQ (Q),504830814,202668015,1057964502,1765463331,22347984267,14504884590,70812055180,1.07665E+11,6621271,1353672,9071464,17046407
5/30/23,Members Exchange (U),153147653,52769749,145981323,351898725,4821230551,3127802818,7093801573,15042834942,1758301,333760,1571130,3663191
5/30/23,Investors Exchange (V),127430820,25177114,101939980,254547914,6933958203,1688527885,8084492178,16706978265,1748406,168746,1417366,3334518
5/30/23,NASDAQ PSX (X),14892044,11961139,20564479,47417662,650144562.5,992617469.5,1814982414,3457744446,214853,75742,248771,539366
5/30/23,BYX Equities (Y),44214134,29639435,40597352,114450921,1092253366,1697310479,1744921648,4534485494,412791,137409,363110,913310
5/30/23,BZX Equities (Z),205316539,111744095,227156613,544217247,7894850168,7577829344,12743305886,28215985397,2624209,657561,2322716,5604486
5/26/23,NYSE American (A),8046147,11392931,6712722,26151800,341820987.4,387263718.4,465562327.4,1194647033,106764,50909,88109,245782
5/26/23,NASDAQ BX (B),13046842,8638490,15494191,37179523,594901036.5,742645256.1,944725329.2,2282271622,234106,54408,217073,505587
5/26/23,NYSE National (C),23021040,12621075,20269684,55911799,630833898.5,521688372.3,737964523.9,1890486795,362916,69385,269526,701827
5/26/23,FINRA / Nasdaq TRF Chicago (DB),4890685,2509175,10494749,17894609,174024587.1,114719437.5,817485714.4,1106229739,24872,8313,58167,91352
5/26/23,FINRA / NYSE TRF (DN),172998388,101892463,387238233,662129084,3918559568,3536109473,19694509796,27149178836,565116,247740,1135451,1948307
5/26/23,FINRA / Nasdaq TRF Carteret (DQ),1281224989,629745666,1746392869,3657363524,55752666616,38727209500,1.03315E+11,1.97794E+11,8560420,2047454,9199332,19807206
5/26/23,MIAX Pearl (H),61593134,62916779,61996665,186506578,1333887473,2548415937,2714685824,6596989234,485048,216200,421184,1122432
5/26/23,EDGA Equities (J),62023306,30164584,56264040,148451930,1880439840,1413649458,2928946746,6223036043,776160,169925,686440,1632525
5/26/23,EDGX Equities (K),192634857,106407485,278306650,577348992,6051092675,5838738580,15213257904,27103089159,1688829,509675,2086688,4285192
5/26/23,LTSE (L),32412,4396,38973,75781,1295390.1,393551.01,3416337.16,5105278.27,132,44,236,412
5/26/23,NYSE Chicago (M),11936346,10209868,16923899,39070113,945470794.6,985117859.8,3084362919,5014951573,56583,3396,51313,111292
5/26/23,NYSE (N),822610064,40625454,79242269,942477787,40484533154,3098439802,4547541131,48130514088,3202783,174295,635186,4012264
5/26/23,NYSE Arca (P),185405433,321151994,365632237,872189664,7520629946,20453113275,19600774899,47574518120,2245832,1381480,3428814,7056126
5/26/23,NASDAQ (Q),449592769,172111278,990276541,1611980588,20065759009,14093705067,72312051579,1.06472E+11,5958782,1148008,8520968,15627758
5/26/23,Members Exchange (U),135112920,48384480,135804253,319301653,4357420890,3132468315,7476742896,14966632100,1545685,297239,1491587,3334511
5/26/23,Investors Exchange (V),109424337,21555029,97433842,228413208,6115284873,1734676846,7307950236,15157911955,1543089,147847,1335542,3026478
5/26/23,NASDAQ PSX (X),11957236,10269216,16601047,38827499,511678447.3,960153834.3,1298915018,2770747299,183458,65209,217469,466136
5/26/23,BYX Equities (Y),38463213,25950051,34981250,99394514,955463174.3,1811926807,1547219278,4314609259,368497,129367,326480,824344
5/26/23,BZX Equities (Z),178305466,96790680,192777051,467873197,7355414202,7304293580,13287443319,27947151102,2335517,562157,2185934,5083608
5/25/23,NYSE American (A),9400928,14237405,8513699,32152032,397778244.1,391074941.4,674494259.7,1463347445,122220,56609,107807,286636
5/25/23,NASDAQ BX (B),15818055,12345850,17761665,45925570,760779526.1,783290813.1,1432671621,2976741960,264546,61769,277516,603831
5/25/23,NYSE National (C),25477352,14339619,22058360,61875331,686401170.1,551995833.3,864261058.1,2102658061,371206,71675,287811,730692
5/25/23,FINRA / Nasdaq TRF Chicago (DB),5278885,2481941,10006318,17767144,204074422.4,91842158.19,908393953,1204310534,27158,8270,61489,96917
5/25/23,FINRA / NYSE TRF (DN),173397419,109707968,388941725,672047112,4248462588,3677004735,18699043314,26624510636,597670,250220,1096577,1944467
5/25/23,FINRA / Nasdaq TRF Carteret (DQ),1443098382,658482397,1817342431,3918923210,65110155287,37954364984,1.08277E+11,2.11342E+11,9163007,2218925,9528570,20910502
5/25/23,MIAX Pearl (H),62061405,76818109,69831944,208711458,1385453166,2856185448,3140601928,7382240543,524550,254296,460537,1239383
5/25/23,EDGA Equities (J),70658254,38663934,61861722,171183910,2116258600,1688194723,3293379000,7097832323,845283,199930,761043,1806256
5/25/23,EDGX Equities (K),217560595,137622799,295812979,650996373,6886138245,6719213521,15751546824,29356898590,1951816,602568,2244164,4798548
5/25/23,LTSE (L),98994,28586,71371,198951,17347263.2,2636928.46,22688927.81,42673119.47,1112,15,1023,2150
5/25/23,NYSE Chicago (M),14661754,12620192,13093285,40375231,989419329.6,1092720121,1946266426,4028405876,68231,4222,61895,134348
5/25/23,NYSE (N),918375845,48601896,86731077,1053708818,44619623999,3777527229,5071276327,53468427556,3671166,205225,708388,4584779
5/25/23,NYSE Arca (P),208375947,367720916,392386530,968483393,8381753159,21189819737,23909848510,53481421406,2423389,1571744,3807978,7803111
5/25/23,NASDAQ (Q),511752322,220522463,1061660275,1793935060,22939735752,16306639629,74710790448,1.13957E+11,6742096,1382824,9417358,17542278
5/25/23,Members Exchange (U),154325054,60023428,143683495,358031977,5112964295,3544759845,7674034365,16331758505,1757957,352786,1602792,3713535
5/25/23,Investors Exchange (V),127943092,25632434,107012652,260588178,6929647136,1871450619,8628664956,17429762711,1710284,164707,1456856,3331847
5/25/23,NASDAQ PSX (X),15531640,14402496,18534749,48468885,728319691.7,1230209394,1593891042,3552420128,220723,84127,254754,559604
5/25/23,BYX Equities (Y),44197923,33847854,38511612,116557389,1122620843,1822178665,2119962348,5064761855,407020,143633,383153,933806
5/25/23,BZX Equities (Z),202440483,124012405,202791260,529244148,8203848535,8708766812,13610134602,30522749949,2643584,676321,2393240,5713145
5/24/23,NYSE American (A),8592656,15809549,7146646,31548851,367181956.6,434161481,423783673.7,1225127111,113769,57855,90709,262333
5/24/23,NASDAQ BX (B),14120559,10863076,15172798,40156433,720600519.6,696090734.9,922899479.9,2339590734,260674,58528,234133,553335
5/24/23,NYSE National (C),20996760,12356297,18284100,51637157,579916801.4,489286679.9,623464323.5,1692667805,342346,66735,258372,667453
5/24/23,FINRA / Nasdaq TRF Chicago (DB),5205074,2168778,9282111,16655963,167514104.5,101866649,561594018.6,830974772.1,24467,7558,49145,81170
5/24/23,FINRA / NYSE TRF (DN),172900982,119418663,360088290,652407935,3917255817,3791846651,16318891783,24027994251,550599,250929,989276,1790804
5/24/23,FINRA / Nasdaq TRF Carteret (DQ),1303271075,674932013,1622233455,3600436543,55438890063,36928835834,82560698494,1.74928E+11,8450229,2181035,8316685,18947949
5/24/23,MIAX Pearl (H),52289743,70078373,55300392,177668508,1179133394,2777925807,2024746687,5981805888,466949,231497,370239,1068685
5/24/23,EDGA Equities (J),66181629,38364511,56682120,161228260,1867628003,1708708319,2516412708,6092749030,820337,197589,678687,1696613
5/24/23,EDGX Equities (K),201086029,126449036,261451370,588986435,5980991202,6235591821,11350591828,23567174851,1769254,551964,1928191,4249409
5/24/23,LTSE (L),33937,31398,32617,97952,3513275.65,2663079.901,5062872.778,11239228.33,220,39,400,659
5/24/23,NYSE Chicago (M),19004473,14135330,20068272,53208075,1075948244,1389544660,3183702496,5649195400,60254,5311,53844,119409
5/24/23,NYSE (N),826146963,43854832,73442203,943443998,38484939032,3455870043,3434870145,45375679220,3413706,189712,590440,4193858
5/24/23,NYSE Arca (P),194571399,362843046,358680433,916094878,7504990225,20564806636,20061836620,48131633481,2240422,1489020,3536538,7265980
5/24/23,NASDAQ (Q),463781124,203005106,921699477,1588485707,20332940578,14849409352,53521074249,88703424179,6300094,1256970,8371434,15928498
5/24/23,Members Exchange (U),141495873,54652850,128979332,325128055,4539610981,3511308009,5644921384,13695840373,1636681,328980,1440824,3406485
5/24/23,Investors Exchange (V),108440347,22805890,85559973,216806210,6094749571,1607779127,5630551074,13333079772,1564165,146783,1231809,2942757
5/24/23,NASDAQ PSX (X),11845918,12307787,14504371,38658076,453086984.5,995955332.2,979065362.1,2428107679,182477,71605,203229,457311
5/24/23,BYX Equities (Y),39479250,31272928,32533669,103285847,959721201.1,1732065194,1373485250,4065271644,379736,136808,308809,825353
5/24/23,BZX Equities (Z),180034526,117777041,186355669,484167236,6912152807,8117635600,9550152062,24579940469,2413965,629825,2038509,5082299
5/23/23,NYSE American (A),7730976,13150122,6245389,27126487,317327844.8,385691033.3,368491961.5,1071510840,109712,55934,88376,254022
5/23/23,NASDAQ BX (B),16113644,8817518,15394064,40325226,743903362,614003085.6,810925555.7,2168832003,283590,53628,233831,571049
5/23/23,NYSE National (C),26121285,11929817,20298208,58349310,750213881.1,492397737.2,650643943.3,1893255562,408776,68704,283023,760503
5/23/23,FINRA / Nasdaq TRF Chicago (DB),5986325,2178459,10241606,18406390,207967570.6,100708115.5,555571202.9,864246889,29706,7383,52909,89998
5/23/23,FINRA / NYSE TRF (DN),185642443,110052037,387138543,682833023,4456079649,4097971750,15928751984,24482803383,576411,227752,1066217,1870380
5/23/23,FINRA / Nasdaq TRF Carteret (DQ),1459637663,671459996,1736553775,3867651434,63245642657,38155334443,83042403132,1.84443E+11,9212752,2009127,8886533,20108412
5/23/23,MIAX Pearl (H),59115612,75555531,56571759,191242902,1329909874,2730064686,2034857502,6094832061,508279,224796,400652,1133727
5/23/23,EDGA Equities (J),72781040,33078191,57155045,163014276,2161592041,1565868264,2489106457,6216566761,917402,181697,725676,1824775
5/23/23,EDGX Equities (K),217648539,116481411,275217787,609347737,6705660145,5909560725,11658427347,24273648218,1902228,494708,2061915,4458851
5/23/23,LTSE (L),19141,3519,21042,43702,2236853.486,244227.66,1479621.73,3960702.876,203,43,304,550
5/23/23,NYSE Chicago (M),10067086,12008867,17668819,39744772,935460883.8,1040320798,2020351570,3996133252,58810,3851,47419,110080
5/23/23,NYSE (N),900264292,42508472,78095531,1020868295,43092833621,3183197435,3591462543,49867493599,3744290,186377,652813,4583480
5/23/23,NYSE Arca (P),200321331,297259212,343593470,841174013,8186495397,19005697835,14596538882,41788732114,2428328,1333632,3310597,7072557
5/23/23,NASDAQ (Q),502137959,186587509,966716258,1655441726,22643684905,14937741505,52429731207,90011157617,6879870,1213869,8657555,16751294
5/23/23,Members Exchange (U),152024031,50813461,137414235,340251727,5007016414,3260401071,5708266104,13975683588,1764100,311467,1525504,3601071
5/23/23,Investors Exchange (V),125808975,23072486,92568194,241449655,7097641659,1655492614,5580991065,14334125337,1780540,158417,1366856,3305813
5/23/23,NASDAQ PSX (X),13573177,10961169,14784878,39319224,559610496.5,957337548.3,946638188.6,2463586233,228920,68918,217076,514914
5/23/23,BYX Equities (Y),44942804,26807992,33208319,104959115,1172549247,1519481961,1333709943,4025741151,421340,120317,345133,886790
5/23/23,BZX Equities (Z),203018086,105033086,198774909,506826081,7995577569,7740194641,9797811904,25533584114,2630853,588628,2195805,5415286
5/22/23,NYSE American (A),6797666,12395440,5603664,24796770,297428308,409993432.4,280957813.3,988379553.7,99121,48760,76907,224788
5/22/23,NASDAQ BX (B),14010210,7903661,13788213,35702084,598972025.5,592521729.1,672110734.1,1863604489,251647,45878,207939,505464
5/22/23,NYSE National (C),24891296,9676913,19053739,53621948,691279054,403210184.8,528946233.4,1623435472,398948,57332,287910,744190
5/22/23,FINRA / Nasdaq TRF Chicago (DB),5343742,1936045,10711213,17991000,182211633.8,88615374.47,562257131.1,833084139.4,27091,6602,55862,89555
5/22/23,FINRA / NYSE TRF (DN),185782087,97003356,411459159,694244602,4399287558,3569658547,16240694532,24209640637,607398,247497,1164288,2019183
5/22/23,FINRA / Nasdaq TRF Carteret (DQ),1292679876,592524292,1691341283,3576545451,56386967642,31759326430,76973084153,1.65119E+11,8834103,1907773,8958427,19700303
5/22/23,MIAX Pearl (H),53727355,60435958,53815986,167979299,1200890983,2143865564,1858422283,5203178831,471862,193911,392671,1058444
5/22/23,EDGA Equities (J),64992038,28247984,55216555,148456577,1827501620,1327328600,2283169426,5437999646,844845,164324,714864,1724033
5/22/23,EDGX Equities (K),198071780,96095955,270993636,565161371,5918732873,4977759653,10919470339,21815962865,1750934,445051,1961255,4157240
5/22/23,LTSE (L),34264,3527,64362,102153,2620511.12,220763.76,5955927.9,8797202.779,358,41,334,733
5/22/23,NYSE Chicago (M),13688818,13799102,19217218,46705138,1130230742,1418970240,2665348558,5214549540,54559,3647,47357,105563
5/22/23,NYSE (N),804295331,34176246,73733713,912205290,36483837315,2445490907,3073863262,42003191484,3227148,154750,600770,3982668
5/22/23,NYSE Arca (P),185162607,256802665,331699093,773664365,6963535266,15437736599,13421555710,35822827574,2174699,1162336,3116442,6453477
5/22/23,NASDAQ (Q),456472573,157034779,941729051,1555236403,19724516215,12487507413,48344408419,80556432048,6103807,1051475,8032916,15188198
5/22/23,Members Exchange (U),140411781,43305277,135068266,318785324,4374795757,2729543297,5520665472,12625004526,1575978,265640,1465069,3306687
5/22/23,Investors Exchange (V),107607303,19086336,90269594,216963233,5898791776,1385522892,5032873687,12317188354,1614235,134630,1314986,3063851
5/22/23,NASDAQ PSX (X),12406176,9644052,14061017,36111245,513879451,838448673.5,846562513.3,2198890638,195651,59568,195544,450763
5/22/23,BYX Equities (Y),39907115,22922109,32407779,95237003,909341845.9,1360327174,1166915453,3436584473,383093,110406,325493,818992
5/22/23,BZX Equities (Z),181237199,84687142,180665567,446589908,6963809816,6379598191,8800556671,22143964678,2329449,496178,2047943,4873570
5/19/23,NYSE American (A),6813306,16487306,5475434,28776046,258563309.6,395282294.3,312776869.6,966622473.5,91836,66637,71522,229995
5/19/23,NASDAQ BX (B),15017080,9098970,13122067,37238117,649716267.4,617111205.6,753488428.7,2020315902,249749,55356,198841,503946
5/19/23,NYSE National (C),21968346,11609382,17381065,50958793,619423974,473038898.8,547406368,1639869241,345008,67599,251534,664141
5/19/23,FINRA / Nasdaq TRF Chicago (DB),5568961,2174899,8093861,15837721,200973636.6,102712909.2,519449718.2,823136264.1,25447,8226,43548,77221
5/19/23,FINRA / NYSE TRF (DN),214012406,140242709,358539383,712794498,5479730795,4801190810,17581410364,27862331968,623754,325691,1035827,1985272
5/19/23,FINRA / Nasdaq TRF Carteret (DQ),1381199309,678250721,1499119409,3558569439,55915234343,44248544248,77147268119,1.77311E+11,8283152,2007660,7995892,18286704
5/19/23,MIAX Pearl (H),56647056,71881157,53765259,182293472,1223451643,2548028251,1962592501,5734072395,485672,226544,381953,1094169
5/19/23,EDGA Equities (J),66887208,33716429,53227157,153830794,1851346316,1545449960,2462924851,5859721127,802816,185993,655952,1644761
5/19/23,EDGX Equities (K),201948685,118824833,230211816,550985334,5814199047,5832999351,11088924697,22736123096,1706546,532047,1813136,4051729
5/19/23,LTSE (L),28689,18756,41503,88948,4146322.6,1633902.2,6191652.37,11971877.17,362,37,393,792
5/19/23,NYSE Chicago (M),29924350,25327920,27975115,83227385,2321737560,2948394442,4342601510,9612733511,52617,3914,45765,102296
5/19/23,NYSE (N),959074780,44232574,70002242,1073309596,46605168354,3229466693,3581117676,53415752723,3364691,196424,565273,4126388
5/19/23,NYSE Arca (P),196521642,307783404,285996336,790301382,7041949013,19064738965,13742885040,39849573018,2163735,1399005,2839172,6401912
5/19/23,NASDAQ (Q),484555370,192141049,968917923,1645614342,20530789895,14700319634,55706556927,90937666457,6215936,1253971,7843809,15313716
5/19/23,Members Exchange (U),136328758,51990454,123302921,311622133,4246871917,3079343711,5434973759,12761189388,1541286,314484,1336346,3192116
5/19/23,Investors Exchange (V),110808852,23154565,83411844,217375261,5818423956,1586092918,5099904209,12504421083,1535856,150556,1216759,2903171
5/19/23,NASDAQ PSX (X),11754742,10250723,13463397,35468862,464076989.8,957130468.5,887336294.3,2308543753,183460,69083,183906,436449
5/19/23,BYX Equities (Y),40881967,27841967,31349244,100073178,947171496.4,1600721286,1255699340,3803592122,376271,133912,302173,812356
5/19/23,BZX Equities (Z),190525807,102818675,172135807,465480289,7167933181,7655281400,9779308214,24602522794,2387573,599130,1999402,4986105
5/18/23,NYSE American (A),7633766,12644682,7168188,27446636,299094055.8,474024336.1,394993975.2,1168112367,98590,54926,83399,236915
5/18/23,NASDAQ BX (B),15407495,10785307,14853361,41046163,675333292.2,723553781.4,929571241.7,2328458315,258372,59655,225884,543911
5/18/23,NYSE National (C),25547046,13551196,20481527,59579769,735401901.8,529356789.7,697969749.9,1962728441,370874,70998,272764,714636
5/18/23,FINRA / Nasdaq TRF Chicago (DB),5391564,2641063,10595856,18628483,218484325.3,131311316.5,662425349.4,1012220991,28300,8769,54701,91770
5/18/23,FINRA / NYSE TRF (DN),244479031,189316952,540898531,974694514,6720189905,6299677518,25471435012,38491302435,731763,369174,1382049,2482986
5/18/23,FINRA / Nasdaq TRF Carteret (DQ),1298224024,651542861,1626715849,3576482734,55768530398,39333824786,77489693566,1.72592E+11,8673532,2041788,8677108,19392428
5/18/23,MIAX Pearl (H),53818551,71772244,57979703,183570498,1298810538,2624961350,2247250085,6171021974,489372,244925,416657,1150954
5/18/23,EDGA Equities (J),72002119,37242283,58634581,167878983,2064962950,1604978472,2823802561,6493743984,850920,211167,721861,1783948
5/18/23,EDGX Equities (K),207014472,124489006,300316627,631820105,6675266394,6478127448,13175664129,26329057971,1787632,547088,2075176,4409896
5/18/23,LTSE (L),151529,69937,44332,265798,12077779.58,4847468.3,4429888.838,21355136.72,1844,412,466,2722
5/18/23,NYSE Chicago (M),15948284,15113067,20288497,51349848,1254696142,1314492394,2408283723,4977472259,59507,3886,55151,118544
5/18/23,NYSE (N),867646986,46314807,80415247,994377040,41969644401,3391962665,4223859449,49585466516,3479175,195917,645334,4320426
5/18/23,NYSE Arca (P),205118066,338943327,368825688,912887081,7890638891,20473183978,17404372202,45768195072,2239654,1446972,3342179,7028805
5/18/23,NASDAQ (Q),501295742,201726826,1015610384,1718632952,21846891177,16013839338,60731019005,98591749519,6391274,1290755,8535043,16217072
5/18/23,Members Exchange (U),148049761,57136288,146755690,351941739,4803400036,3350766923,6570934387,14725101347,1619540,328639,1514685,3462864
5/18/23,Investors Exchange (V),121880048,22453830,96820871,241154749,6492923147,1560249862,5968848917,14022021925,1666977,158196,1345367,3170540
5/18/23,NASDAQ PSX (X),12967000,11710749,17331810,42009559,532607852,972148135.8,1257052031,2761808019,178942,66336,209007,454285
5/18/23,BYX Equities (Y),40451953,32639473,36635644,109727070,1027654142,1694101097,1531606859,4253362098,385730,139947,348709,874386
5/18/23,BZX Equities (Z),189452029,110175812,198129210,497757051,7573177087,8597804491,11355733489,27526715067,2444827,621815,2202830,5269472
5/17/23,NYSE American (A),7451994,13466930,6413729,27332653,283707713.5,423368884.7,305987636.4,1013064235,102816,57568,81056,241440
5/17/23,NASDAQ BX (B),16513390,9002160,14550147,40065697,673123926.6,657150528.4,717807847.9,2048082303,270088,56380,213967,540435
5/17/23,NYSE National (C),24620719,11203237,20778108,56602064,677485249.9,487670624.4,563590919.1,1728746793,386736,68800,278908,734444
5/17/23,FINRA / Nasdaq TRF Chicago (DB),5651012,2282972,9981400,17915384,226974885.4,112312228.3,536945402.9,876232516.6,28198,7148,48520,83866
5/17/23,FINRA / NYSE TRF (DN),289867928,218591508,665021988,1173481424,7586977189,7464403684,27277083214,42328464087,829742,413140,1569946,2812828
5/17/23,FINRA / Nasdaq TRF Carteret (DQ),1271720320,612694536,1509511817,3393926673,56333431700,39150866061,63381102190,1.58865E+11,8621303,1861625,8045329,18528257
5/17/23,MIAX Pearl (H),54739301,65140526,52479241,172359068,1278657483,2583613359,1770313597,5632584439,476435,218711,375411,1070557
5/17/23,EDGA Equities (J),68547165,34908507,56862681,160318353,2035319212,1625173620,2320849548,5981342381,860163,195723,695910,1751796
5/17/23,EDGX Equities (K),205685080,112993821,307536441,626215342,6517986044,6159913114,11050156604,23728055763,1789484,497661,1921909,4209054
5/17/23,LTSE (L),30706,59817,31871,122394,3513182.51,5274459.98,2066523.46,10854165.95,304,103,342,749
5/17/23,NYSE Chicago (M),10750078,10800751,15396799,36947628,764588976.9,1051789152,2065196481,3881574610,64715,4495,58813,128023
5/17/23,NYSE (N),912231849,45489256,75377762,1033098867,43432965523,3509605046,3216599398,50159169967,3535708,193400,577829,4306937
5/17/23,NYSE Arca (P),191490376,304817706,369443231,865751313,7486057507,20221932089,13308605577,41016595173,2194622,1332081,3013735,6540438
5/17/23,NASDAQ (Q),488457663,185022208,1000388031,1673867902,21471177338,14828487689,54003375703,90303040730,6466947,1204458,8153981,15825386
5/17/23,Members Exchange (U),142755015,51091374,137095406,330941795,4565277925,3052951432,5313145109,12931374466,1592021,304625,1418084,3314730
5/17/23,Investors Exchange (V),117628477,23054942,90513622,231197041,6410105445,1739840879,5203785412,13353731736,1680374,165390,1303638,3149402
5/17/23,NASDAQ PSX (X),11990239,11795948,13329267,37115454,462362196.2,868432558.3,833289296.2,2164084051,168402,59642,169876,397920
5/17/23,BYX Equities (Y),41059386,30112210,35526551,106698147,1010132878,1848791952,1213130467,4072055297,389347,136530,322691,848568
5/17/23,BZX Equities (Z),188211567,103714991,206558862,498485420,7529545773,7872263065,9329225032,24731033870,2503987,569892,2083255,5157134
5/16/23,NYSE American (A),7551546,13890580,5737110,27179236,282980336,317978956.5,277837958.3,878797250.7,99353,55743,73946,229042
5/16/23,NASDAQ BX (B),14559390,7405644,13473567,35438601,655215948.8,544924631.4,737960410.9,1938100991,252290,48122,217480,517892
5/16/23,NYSE National (C),21262112,9708409,15736016,46706537,606613134.6,411565047.6,515555840.7,1533734023,352952,60690,246257,659899
5/16/23,FINRA / Nasdaq TRF Chicago (DB),5216756,2071558,9577092,16865406,194468877.3,79012595.05,510288586.9,783770059.3,26200,7474,47151,80825
5/16/23,FINRA / NYSE TRF (DN),263514220,204025130,621488656,1089028006,6929078424,6531275589,27529958878,40990312891,812240,402674,1537639,2752553
5/16/23,FINRA / Nasdaq TRF Carteret (DQ),1183391848,517957394,1392340276,3093689518,51907831837,28826943937,59496986350,1.40232E+11,8281589,1836909,7830179,17948677
5/16/23,MIAX Pearl (H),51589394,57963950,49888198,159441542,1181206056,2060818898,1728630955,4970655909,450430,199100,365321,1014851
5/16/23,EDGA Equities (J),61987279,29317295,51850617,143155191,1818959703,1298972261,2165733705,5283665669,779877,172420,670736,1623033
5/16/23,EDGX Equities (K),182422031,99873935,258450810,540746776,5688181107,4830835690,9922229588,20441246385,1655495,465682,1848244,3969421
5/16/23,LTSE (L),32225,38479,35624,106328,4171894.27,3424163.95,1939652.664,9535710.884,299,115,457,871
5/16/23,NYSE Chicago (M),14836853,15760254,16140865,46737972,884324943.5,1292762502,2305818723,4482906169,55888,3573,55373,114834
5/16/23,NYSE (N),812493314,38028717,67380125,917902156,36817591413,2667768708,3219431572,42704791693,3287442,167163,581345,4035950
5/16/23,NYSE Arca (P),181785155,267476309,335828597,785090061,7069272671,16215636182,12821963652,36106872505,2074634,1174513,2956957,6206104
5/16/23,NASDAQ (Q),455702797,157006051,917181106,1529889954,19491100836,11660737321,46132487035,77284325191,5976605,1060731,7788026,14825362
5/16/23,Members Exchange (U),130393259,45335719,123356729,299085707,4142970673,2586769232,4942115979,11671855883,1472415,273043,1338169,3083627
5/16/23,Investors Exchange (V),112629313,20465995,87078180,220173488,6085403533,1461267788,5186137855,12732809176,1592576,141969,1285397,3019942
5/16/23,NASDAQ PSX (X),11383862,9626651,12813376,33823889,421399798.6,699492632.7,772280652.3,1893173084,158045,52340,168803,379188
5/16/23,BYX Equities (Y),37314888,23310993,30589405,91215286,911703264,1321131119,1191166820,3424001203,357413,118488,314962,790863
5/16/23,BZX Equities (Z),174682109,86309760,169694779,430686648,6702827751,6317015368,8458558005,21478401124,2312117,516567,1971831,4800515
5/15/23,NYSE American (A),7092122,13890497,5683189,26665808,227968647.5,359666406.8,259080124.3,846715178.7,92230,51995,77905,222130
5/15/23,NASDAQ BX (B),13761461,8111963,12765856,34639280,566395546.2,540592543.1,580620405,1687608494,241668,47215,199894,488777
5/15/23,NYSE National (C),21303730,9080068,16705364,47089162,563622681.9,352443853.3,482710551.2,1398777086,343597,52702,260453,656752
5/15/23,FINRA / Nasdaq TRF Chicago (DB),5160454,1864449,10596221,17621124,209746560,75766893.68,461518715.8,747032169.5,25209,6613,45901,77723
5/15/23,FINRA / NYSE TRF (DN),263135660,198136034,605408236,1066679930,6204405942,6285304554,23982641861,36472352357,774543,399267,1497561,2671371
5/15/23,FINRA / Nasdaq TRF Carteret (DQ),1128513353,479398943,1344806127,2952718423,49278886601,26079725292,52837254792,1.28196E+11,8311401,1754430,7990700,18056531
5/15/23,MIAX Pearl (H),49796617,59900439,49120846,158817902,1068155493,1950504371,1562200767,4580860631,430893,180317,371091,982301
5/15/23,EDGA Equities (J),58691960,28053861,50910996,137656817,1716564110,1227815969,1985987653,4930367732,752002,152592,642982,1547576
5/15/23,EDGX Equities (K),178337285,95344923,239981389,513663597,5282162771,4346682915,8702784730,18331630416,1596890,410784,1769254,3776928
5/15/23,LTSE (L),24560,10582,48162,83304,3166802.39,666825.58,2654224.313,6487852.283,353,64,503,920
5/15/23,NYSE Chicago (M),12414233,13017877,12555600,37987710,844717740.4,1215315542,1586217084,3646250366,47812,4338,46687,98837
5/15/23,NYSE (N),806807408,36705035,68016154,911528597,36269211988,2536576697,2615771177,41421559861,3123170,158550,553743,3835463
5/15/23,NYSE Arca (P),169810103,256496778,314472776,740779657,6396683494,14733795819,11111281872,32241761185,1963148,1047265,2847894,5858307
5/15/23,NASDAQ (Q),441515417,147264829,913470687,1502250933,18173254027,10693425364,43411127073,72277806464,5864430,937834,7649514,14451778
5/15/23,Members Exchange (U),126179961,41652819,127959740,295792520,3853932889,2197384245,4483964331,10535281465,1414705,237461,1310388,2962554
5/15/23,Investors Exchange (V),108144050,19479199,88565944,216189193,5648331267,1251254370,4815015434,11714601071,1590179,132211,1316325,3038715
5/15/23,NASDAQ PSX (X),11538972,9817004,12836021,34191997,407441278.4,742218837.5,680788672,1830448788,156990,48695,162116,367801
5/15/23,BYX Equities (Y),37210588,25322198,31540686,94073472,869381957.5,1397496967,1018876086,3285755010,366180,116994,316622,799796
5/15/23,BZX Equities (Z),166652901,79933325,164513481,411099707,6323281439,5537531172,7282983439,19143796050,2226958,450878,1915346,4593182
5/12/23,NYSE American (A),7078850,12819135,5940931,25838916,253806965.6,310008025.1,284644212.7,848459203.4,99058,55616,80844,235518
5/12/23,NASDAQ BX (B),13120058,8063159,12652419,33835636,513758800.8,530348206.5,679800753.7,1723907761,219633,47405,197183,464221
5/12/23,NYSE National (C),21096273,9981038,17266627,48343938,536992752.6,376502552.9,511823259.6,1425318565,335778,52012,249475,637265
5/12/23,FINRA / Nasdaq TRF Chicago (DB),4663428,1929766,10011435,16604629,149815047,83370809.06,505075745.5,738261601.6,21346,6098,44881,72325
5/12/23,FINRA / NYSE TRF (DN),244491981,197929634,658777288,1101198903,5520047945,6624266159,28002973060,40147287164,686900,367528,1528870,2583298
5/12/23,FINRA / Nasdaq TRF Carteret (DQ),1077984712,472413563,1404129996,2954528271,43799416182,28134691693,56698525784,1.28633E+11,7796638,1612919,7739531,17149088
5/12/23,MIAX Pearl (H),57239458,60694305,49792652,167726415,1097189867,2077568588,1695520045,4870278500,432273,191078,365495,988846
5/12/23,EDGA Equities (J),60645559,29536758,49694460,139876777,1608736580,1322778564,2025589424,4957104568,732687,165439,617115,1515241
5/12/23,EDGX Equities (K),184675740,100104197,256001496,540781433,5110537761,4816911778,10282209199,20209658737,1591190,433559,1838106,3862855
5/12/23,LTSE (L),13646,13663,55755,83064,2291093.46,567199.54,2357929.104,5216222.104,191,41,551,783
5/12/23,NYSE Chicago (M),12346257,8615427,17189599,38151283,916430467.7,827091047.5,2679991589,4423513104,53918,4085,51558,109561
5/12/23,NYSE (N),781699866,40891660,72025881,894617407,35650765020,2777274661,3011952109,41439991790,3242018,176330,572367,3990715
5/12/23,NYSE Arca (P),179356343,268354676,324481733,772192752,6268847203,16069614609,12046695196,34385157008,1998874,1159602,2901661,6060137
5/12/23,NASDAQ (Q),454552985,161701902,927567100,1543821987,18838345837,11726483021,46187473252,76752302111,6064573,1034320,8002851,15101744
5/12/23,Members Exchange (U),127475909,45505501,131136898,304118308,3916261886,2594064198,4971316749,11481642832,1427142,263965,1345033,3036140
5/12/23,Investors Exchange (V),104502612,19195352,91192482,214890446,5487563847,1300830253,4858326011,11646720112,1547994,134547,1294474,2977015
5/12/23,NASDAQ PSX (X),10490890,11131592,13826475,35448957,346337255.5,807179260.9,761758351.4,1915274868,140692,54582,178035,373309
5/12/23,BYX Equities (Y),34904120,26437991,30988922,92331033,815654204.8,1580129712,1121159873,3516943790,347867,118402,304770,771039
5/12/23,BZX Equities (Z),170576134,90981605,178808686,440366425,6530551913,6302103970,8665628037,21498283921,2310671,505538,1998391,4814600
5/11/23,NYSE American (A),7940967,14422062,6794173,29157202,275400721.4,336294748.7,334411273.7,946106743.8,100908,60344,85850,247102
5/11/23,NASDAQ BX (B),14168527,8666176,15091283,37925986,583037807,640906752,716627026.6,1940571586,244372,50231,223717,518320
5/11/23,NYSE National (C),22325960,10451115,19434895,52211970,613266175.2,423573263.2,573346862,1610186300,346655,62106,268301,677062
5/11/23,FINRA / Nasdaq TRF Chicago (DB),5056860,2053394,10655366,17765620,181772529,88298554.48,526014466.5,796085550,23621,6934,48323,78878
5/11/23,FINRA / NYSE TRF (DN),259628787,201822931,644325787,1105777505,6739656127,6712382652,26688991266,40141030045,762776,385283,1524991,2673050
5/11/23,FINRA / Nasdaq TRF Carteret (DQ),1157246026,529681673,1544141010,3231068709,49001061957,30125119530,62768900352,1.41895E+11,8199464,1754854,7966503,17920821
5/11/23,MIAX Pearl (H),51951905,73508001,60836804,186296710,1132786506,2430054580,1928062137,5490903223,457123,215986,411763,1084872
5/11/23,EDGA Equities (J),63642359,34568773,58953108,157164240,1758540141,1510067474,2414671890,5683279506,777057,186211,688966,1652234
5/11/23,EDGX Equities (K),203394026,112584310,281153508,597131844,5865793267,5479535680,10625813832,21971142780,1711202,492860,1994931,4198993
5/11/23,LTSE (L),200342,26837,174851,402030,6067020.56,1466263.06,36439822.33,43973105.95,522,177,606,1305
5/11/23,NYSE Chicago (M),15780496,15965400,18686975,50432871,953936808.9,1383069018,2639586763,4976592590,57765,3747,55867,117379
5/11/23,NYSE (N),844655829,46172757,77768047,968596633,38826062579,3039347555,3298013613,45163423747,3476234,195542,643662,4315438
5/11/23,NYSE Arca (P),208650482,298577861,355527509,862755852,7052125978,17777062014,13845292419,38674480411,2150551,1288106,3183124,6621781
5/11/23,NASDAQ (Q),484706741,180561446,998091888,1663360075,20423267672,13141322539,49656622713,83221212924,6300103,1160703,8369594,15830400
5/11/23,Members Exchange (U),141782664,53393456,144529895,339706015,4384855902,3024498625,5623346342,13032700869,1557120,301159,1491525,3349804
5/11/23,Investors Exchange (V),106744930,20059837,92338001,219142768,5833254131,1358000796,4897020450,12088275377,1511887,135646,1248579,2896112
5/11/23,NASDAQ PSX (X),11993374,12613645,16899389,41506408,424713539.1,915596051,1007782181,2348091771,157811,60831,214918,433560
5/11/23,BYX Equities (Y),40199660,26546448,36230732,102976840,969998977,1509690418,1263449284,3743138679,389632,124503,346182,860317
5/11/23,BZX Equities (Z),188130414,99523922,192925929,480580265,6928629546,6947485850,9381041940,23257157335,2413462,575757,2185817,5175036
5/10/23,NYSE American (A),8697491,18686477,7943975,35327943,299548222.3,476817022.1,370590068.4,1146955313,109811,74419,91623,275853
5/10/23,NASDAQ BX (B),15745153,10301132,18014723,44061008,648205459.1,797850061.3,880139386.3,2326194907,277968,61539,261854,601361
5/10/23,NYSE National (C),26083410,11245545,23832080,61161035,656085894.2,488803490.3,710658711.8,1855548096,386292,67476,301218,754986
5/10/23,FINRA / Nasdaq TRF Chicago (DB),6114684,2370976,13023892,21509552,200617878,117864768.7,702006800,1020489447,26944,7974,55179,90097
5/10/23,FINRA / NYSE TRF (DN),308248658,271126305,695017517,1274392480,6977502949,7521431598,30763304167,45262238714,824691,448786,1648574,2922051
5/10/23,FINRA / Nasdaq TRF Carteret (DQ),1259805318,573810254,1649613950,3483229522,50667319910,32384797065,67176023738,1.50228E+11,8598282,1785041,8609602,18992925
5/10/23,MIAX Pearl (H),50195823,74093802,62850833,187140458,1014352891,2664383142,2087976931,5766712965,433330,236613,399734,1069677
5/10/23,EDGA Equities (J),68482461,38325375,68583311,175391147,1839394030,1629592173,2903424028,6372410231,817520,201623,757816,1776959
5/10/23,EDGX Equities (K),224543608,137627461,316336634,678507703,6289745482,6030378498,12719146698,25039270678,1830973,553769,2198119,4582861
5/10/23,LTSE (L),54696,74699,24295,153690,4610119.967,6798391.29,2679706.411,14088217.67,319,75,329,723
5/10/23,NYSE Chicago (M),11030274,13381213,13904744,38316231,865553246.1,1457826351,1701017762,4024397358,68407,4992,63288,136687
5/10/23,NYSE (N),910760128,48213776,83002613,1041976517,40649516431,3656896221,3600538711,47906951363,3616514,215137,664786,4496437
5/10/23,NYSE Arca (P),216629005,340282479,405812766,962724250,7496547389,21027596708,16456294305,44980438402,2316255,1469026,3471396,7256677
5/10/23,NASDAQ (Q),504770291,205380766,1114672284,1824823341,20407013253,16327583975,56991256067,93725853295,6507356,1323831,9016919,16848106
5/10/23,Members Exchange (U),149329686,63666078,167429986,380425750,4360490507,3505936772,6288232968,14154660247,1594883,341808,1555098,3491789
5/10/23,Investors Exchange (V),125302833,23207232,110424828,258934893,6530633336,1666284669,5910277536,14107195541,1755831,157633,1479178,3392642
5/10/23,NASDAQ PSX (X),13243162,13946334,22887910,50077406,445155577.4,1277668733,1276230877,2999055188,168364,74885,223390,466639
5/10/23,BYX Equities (Y),41582738,29766964,41039520,112389222,957613566.2,1782984636,1453748676,4194346878,394932,142281,370380,907593
5/10/23,BZX Equities (Z),191611172,110407688,217027288,519046148,6852282138,7680801886,10632147762,25165231786,2445355,612635,2348068,5406058
5/9/23,NYSE American (A),7891351,11938098,6040483,25869932,268966876.6,275908742,267325885.4,812201504,92475,51005,75679,219159
5/9/23,NASDAQ BX (B),14220850,6440529,14795364,35456743,585514314.6,397504241,642286878.4,1625305434,248839,42893,231553,523285
5/9/23,NYSE National (C),23660404,8538899,18826214,51025517,602342711.4,375004746.5,559072116.3,1536419574,326803,56378,254285,637466
5/9/23,FINRA / Nasdaq TRF Chicago (DB),6411508,1676667,9464265,17552440,261824307.3,64862907.39,434286621,760973835.7,25271,5364,44139,74774
5/9/23,FINRA / NYSE TRF (DN),286489543,161803748,605851115,1054144406,6588055728,5599210974,23009459869,35196726571,753540,331035,1455178,2539753
5/9/23,FINRA / Nasdaq TRF Carteret (DQ),1192648638,488317130,1375137546,3056103314,47570941839,27232055733,53221548816,1.28025E+11,8156191,1572000,7698827,17427018
5/9/23,MIAX Pearl (H),44887773,47582756,43063169,135533698,905358570.4,1768232765,1318556758,3992148093,390972,170418,309027,870417
5/9/23,EDGA Equities (J),65299856,24793797,54571814,144665467,1796224935,1126631920,2084218520,5007075375,808881,152631,681046,1642558
5/9/23,EDGX Equities (K),196367504,80370658,265165159,541903321,5425695589,3773592793,8988682605,18187970987,1633879,365200,1874230,3873309
5/9/23,LTSE (L),18427,8084,27916,54427,2775628.6,605095.3,2981448.174,6362172.074,257,23,358,638
5/9/23,NYSE Chicago (M),9920316,10522155,18881487,39323958,667777005.7,1365532395,2131971424,4165280824,58762,4060,56291,119113
5/9/23,NYSE (N),882159269,33266387,69394790,984820446,40296140399,2244918358,2716078185,45257136943,3365753,148839,580341,4094933
5/9/23,NYSE Arca (P),181726574,220112644,352591363,754430581,6493370933,13642085006,11629930622,31765386561,1999976,979501,3066852,6046329
5/9/23,NASDAQ (Q),465954377,129910639,949329567,1545194583,18909962398,9669489221,44931807540,73511259160,6097025,896216,7840979,14834220
5/9/23,Members Exchange (U),136152711,38224241,128303068,302680020,4024478814,2132624250,4527438584,10684541648,1501677,228052,1358736,3088465
5/9/23,Investors Exchange (V),115637575,17061444,93735724,226434743,5990476368,1136147699,4803053971,11929678038,1644593,130904,1311822,3087319
5/9/23,NASDAQ PSX (X),11488317,8863203,13447435,33798955,378767201.9,608492965.2,673764502.1,1661024669,161591,48542,182675,392808
5/9/23,BYX Equities (Y),37530649,20434857,32690322,90655828,859859474.8,1098602188,987719613.9,2946181277,361078,103131,321927,786136
5/9/23,BZX Equities (Z),175565482,69382224,176336989,421284695,6278563116,5074746506,7517854636,18871164258,2254882,427933,2017129,4699944
5/8/23,NYSE American (A),9681600,11644537,7093786,28419923,368383146.1,285371854.5,334463275.8,988218276.4,110568,53549,85589,249706
5/8/23,NASDAQ BX (B),13435764,7030007,13268038,33733809,550519993.3,428051321,647119565.3,1625690880,227018,46191,196393,469602
5/8/23,NYSE National (C),22137615,9460038,18104212,49701865,564436763,373684386.8,516408400.9,1454529551,323864,61860,234629,620353
5/8/23,FINRA / Nasdaq TRF Chicago (DB),5385008,1940800,10967063,18292871,222761928.5,75838993.43,528659244.1,827260166.1,26998,5850,47407,80255
5/8/23,FINRA / NYSE TRF (DN),293897172,175218559,660399705,1129515436,7240063696,6148519620,25848081545,39236664861,799075,363116,1527648,2689839
5/8/23,FINRA / Nasdaq TRF Carteret (DQ),1126533255,444531021,1426495650,2997559926,48962514427,22956241877,55815759804,1.27735E+11,8127479,1724738,7885557,17737774
5/8/23,MIAX Pearl (H),47553297,47477247,46472117,141502661,975764775.6,1719012770,1416217209,4110994754,424077,180110,341034,945221
5/8/23,EDGA Equities (J),65896107,26648514,53877066,146421687,1815693786,1163554189,2019173808,4998421783,785972,156643,629671,1572286
5/8/23,EDGX Equities (K),194353184,84577376,267889176,546819736,5544219641,3889612764,9668753054,19102585460,1638355,383449,1814975,3836779
5/8/23,LTSE (L),44756,13566,70582,128904,5737305.19,737423.85,2520873.922,8995602.962,300,50,383,733
5/8/23,NYSE Chicago (M),10671912,11029797,11858640,33560349,894748879,1332986071,1367340675,3595075625,60100,4014,53396,117510
5/8/23,NYSE (N),816617414,33762903,71388084,921768401,36284445986,2254571932,2700406357,41239424275,3261642,157537,556334,3975513
5/8/23,NYSE Arca (P),189348646,226791774,346286905,762427325,6647912668,14592710898,11399187968,32639811534,2069171,1063874,2949465,6082510
5/8/23,NASDAQ (Q),465725989,135844917,931208673,1532779579,18809388343,10470507225,42944967470,72224863037,6091011,976650,7658379,14726040
5/8/23,Members Exchange (U),135888683,40326772,131841258,308056713,3995355700,2228531279,4694122521,10918009499,1478134,240516,1322017,3040667
5/8/23,Investors Exchange (V),113347433,18864113,87290724,219502270,5919059976,1244910464,4791002615,11954973055,1669156,147238,1313523,3129917
5/8/23,NASDAQ PSX (X),12786747,9076964,14415319,36279030,420537272.2,672420059.8,765623767.2,1858581099,170362,51381,180628,402371
5/8/23,BYX Equities (Y),37704040,21509307,33052936,92266283,851512707.5,1032007839,1052552862,2936073409,363016,106195,305204,774415
5/8/23,BZX Equities (Z),172360973,72631549,179663473,424655995,6224821211,5260358735,7365546505,18850726451,2225611,450066,1931131,4606808
5/5/23,NYSE American (A),10017586,14450279,8182814,32650679,390712071,432908734.7,437216939.1,1260837745,118860,63655,95010,277525
5/5/23,NASDAQ BX (B),15348653,8359949,16115283,39823885,659096712.7,629673955.2,831162964.4,2119933632,260772,46988,234255,542015
5/5/23,NYSE National (C),26769789,11526053,21624520,59920362,722556920.2,506866861.4,728191694.6,1957615476,368954,69685,279411,718050
5/5/23,FINRA / Nasdaq TRF Chicago (DB),6250617,2478513,10837227,19566357,211535163.7,97904460.29,477186948.8,786626572.8,28311,6786,43981,79078
5/5/23,FINRA / NYSE TRF (DN),304482852,204307085,631195470,1139985407,7248576868,7228060317,25715133309,40191770493,851146,415324,1538298,2804768
5/5/23,FINRA / Nasdaq TRF Carteret (DQ),1244604652,555753393,1515775633,3316133678,52935065623,32517823241,65630688309,1.51084E+11,8936680,1901333,8476474,19314487
5/5/23,MIAX Pearl (H),54550409,64189052,45241726,163981187,1125842721,2579122697,1602258498,5307223916,453530,227156,348360,1029046
5/5/23,EDGA Equities (J),76254703,32794466,59935244,168984413,2090333073,1734902545,2502892507,6328128125,881106,194796,727992,1803894
5/5/23,EDGX Equities (K),222348568,113750563,287891749,623990880,6369440950,5852650077,11399422027,23621513053,1827866,482846,1989657,4300369
5/5/23,LTSE (L),30465,69355,23205,123025,2084574.09,5563380.85,1857429.555,9505384.495,254,193,306,753
5/5/23,NYSE Chicago (M),14394663,9903209,16777233,41075105,976334830.2,1240494213,2016950584,4233779628,69935,5486,62172,137593
5/5/23,NYSE (N),933128771,44178463,81736913,1059044147,41226549466,3091899360,3358037948,47676486774,3730960,183567,648779,4563306
5/5/23,NYSE Arca (P),216084689,300456251,363876760,880417700,7812147674,19880331239,15027683369,42720162282,2345002,1293731,3374240,7012973
5/5/23,NASDAQ (Q),541519598,177808662,1075393515,1794721775,22320138661,14575512320,55966823176,92862474157,6877305,1204104,8688491,16769900
5/5/23,Members Exchange (U),156381800,50806866,143027478,350216144,4648682471,3236130506,5946115121,13830928098,1673140,303696,1496693,3473529
5/5/23,Investors Exchange (V),127422705,22896427,107781210,258100342,6873748316,1758763531,6173659592,14806171438,1811627,166352,1514690,3492669
5/5/23,NASDAQ PSX (X),14902214,11978822,17843590,44724626,582541740.8,976325260.2,1101600942,2660467943,194250,67191,205704,467145
5/5/23,BYX Equities (Y),43322812,27871807,35039808,106234427,940742707.1,1896207570,1356227279,4193177556,394498,131027,348606,874131
5/5/23,BZX Equities (Z),211777688,95450660,203294184,510522532,7743233358,7313531148,10090883178,25147647685,2634504,564825,2247132,5446461
5/4/23,NYSE American (A),12390331,16742291,8167164,37299786,446478140.7,513271009.8,408483437.1,1368232588,137606,68387,98544,304537
5/4/23,NASDAQ BX (B),20915861,11386561,18218337,50520759,846788665.3,769376516.2,867384592.9,2483549774,344067,61018,263563,668648
5/4/23,NYSE National (C),30721517,17012250,22340238,70074005,816474056.9,672211848.5,700910199.2,2189596105,421739,86983,280256,788978
5/4/23,FINRA / Nasdaq TRF Chicago (DB),7897625,3017931,12718379,23633935,292648487,127705659.2,566961985.4,987316131.6,37876,8318,49700,95894
5/4/23,FINRA / NYSE TRF (DN),345249385,254887027,646417693,1246554105,8729233834,8273579379,24642129240,41644942454,954386,469165,1517885,2941436
5/4/23,FINRA / Nasdaq TRF Carteret (DQ),1477210999,681534953,1594521767,3753267719,62462943181,37851006439,63044811978,1.63359E+11,10110407,2241651,8600733,20952791
5/4/23,MIAX Pearl (H),66429111,98552015,56211566,221192692,1358550307,3450365488,1973522872,6782438667,543203,324969,390781,1258953
5/4/23,EDGA Equities (J),90857092,51708578,67370088,209935758,2495876707,2140369991,2780734361,7416981059,1031115,281311,764653,2077079
5/4/23,EDGX Equities (K),257491077,160966871,295187008,713644956,7792549676,7793676749,11192644940,26778871366,2153090,717678,2082419,4953187
5/4/23,LTSE (L),40821,22766,23940,87527,1702794.78,1868446.88,1790723.89,5361965.55,188,30,262,480
5/4/23,NYSE Chicago (M),15764044,13403400,15408993,44576437,1240822008,1867734217,1855716351,4964272576,99245,4978,80964,185187
5/4/23,NYSE (N),1077967334,66091058,86780508,1230838900,46713335358,3985157286,3395872957,54094365601,4578130,272907,693696,5544733
5/4/23,NYSE Arca (P),277916479,420620487,394098809,1092635775,9935230942,24521534529,15962216785,50418982256,2880739,1911731,3539488,8331958
5/4/23,NASDAQ (Q),644025975,265313683,1098746832,2008086490,26146014411,19006965061,53132598541,98285578013,8020059,1782638,9306679,19109376
5/4/23,Members Exchange (U),181293741,75218789,149148421,405660951,5544407620,4134620495,5647791276,15326819390,1938463,444999,1556173,3939635
5/4/23,Investors Exchange (V),161843069,29666525,117894385,309403979,8456274518,2031760685,6448947411,16936982615,2110458,197161,1581271,3888890
5/4/23,NASDAQ PSX (X),18305368,18805610,19696064,56807042,743241864,1398425780,1196139181,3337806825,231289,104622,222091,558002
5/4/23,BYX Equities (Y),52448575,36203816,38056246,126708637,1242144589,1922164360,1383930321,4548239270,482286,157016,366681,1005983
5/4/23,BZX Equities (Z),253786923,152515074,217454387,623756384,9155869174,10107830325,10412156574,29675856073,3110999,979149,2448802,6538950
5/3/23,NYSE American (A),10252736,17281375,7333024,34867135,382659012.6,446155642.1,370507404.8,1199322059,113917,67689,84494,266100
5/3/23,NASDAQ BX (B),17414604,8978448,18515697,44908749,791165271.2,586525444.9,850623794.1,2228314510,293139,57592,252377,603108
5/3/23,NYSE National (C),29514885,13576627,22421081,65512593,772442742.4,549560019.8,667917608.4,1989920371,393281,82894,271630,747805
5/3/23,FINRA / Nasdaq TRF Chicago (DB),5535529,2538606,11759444,19833579,246590892,114523045,600553055.2,961666992.2,26984,6996,53385,87365
5/3/23,FINRA / NYSE TRF (DN),288689812,247301709,945557496,1481549017,7301665262,7741068046,29261589806,44304323113,771702,445428,1565117,2782247
5/3/23,FINRA / Nasdaq TRF Carteret (DQ),1234793132,557823440,1953971962,3746588534,56125240292,30292044540,65873428255,1.52291E+11,9268796,1930464,8594936,19794196
5/3/23,MIAX Pearl (H),57483038,90017378,67151109,214651525,1262556849,3184533576,1985086168,6432176593,496517,286853,390261,1173631
5/3/23,EDGA Equities (J),80768315,48136812,67850184,196755311,2273286855,2089949404,2932618348,7295854608,924484,277983,745983,1948450
5/3/23,EDGX Equities (K),205395020,148291516,386766175,740452711,6711578695,7285711317,11770957870,25768247882,1859090,658137,2079117,4596344
5/3/23,LTSE (L),17656,26608,24879,69143,3093427.06,2335456.13,1840198.725,7269081.915,214,28,277,519
5/3/23,NYSE Chicago (M),17912684,9137711,14515170,41565565,1286246327,1042284837,1558106267,3886637430,103601,7057,82998,193656
5/3/23,NYSE (N),1003412600,53865376,91830027,1149108003,45977498365,3756066954,3409422394,53142987714,4265069,245244,687132,5197445
5/3/23,NYSE Arca (P),218567558,383467365,520533057,1122567980,8672020300,23794990635,15974896915,48441907850,2557799,1796168,3586769,7940736
5/3/23,NASDAQ (Q),570124341,263802529,1189079520,2023006390,25070553836,20156685142,57199956294,1.02427E+11,7591088,1824795,9408409,18824292
5/3/23,Members Exchange (U),151831839,63715840,162512235,378059914,4835044719,3740200255,6084380651,14659625624,1710039,373819,1529360,3613218
5/3/23,Investors Exchange (V),143237074,22357650,109178004,274772728,7974781292,1592051311,6226322394,15793154997,1955188,170491,1486344,3612023
5/3/23,NASDAQ PSX (X),15796631,15270347,21385638,52452616,770566191.6,1180947777,1461232238,3412746207,218367,83902,236745,539014
5/3/23,BYX Equities (Y),43580401,30138804,39334262,113053467,1160084201,1646934956,1387289986,4194309143,421590,142756,349787,914133
5/3/23,BZX Equities (Z),211488587,145023697,256328676,612840960,8233788508,10068582561,10328343756,28630714825,2770844,943426,2387457,6101727
5/2/23,NYSE American (A),9432910,16656981,7085010,33174901,370801044.7,540520341.9,367318703.1,1278640090,116099,70807,81732,268638
5/2/23,NASDAQ BX (B),18174334,12526753,17855412,48556499,790664690.7,854455870.7,812708168.2,2457828730,297601,68980,235001,601582
5/2/23,NYSE National (C),29721897,15286264,21653673,66661834,780026260.4,619752567.4,635245239.1,2035024067,411119,78633,256238,745990
5/2/23,FINRA / Nasdaq TRF Chicago (DB),7426497,3254307,13016763,23697567,255384757.5,157280985.2,587164486.3,999830228.9,33106,9156,52401,94663
5/2/23,FINRA / NYSE TRF (DN),330732787,264052298,888329164,1483114249,7821008031,9091534397,27682049216,44594591645,935933,511579,1609472,3056984
5/2/23,FINRA / Nasdaq TRF Carteret (DQ),1366576658,654999845,1925743714,3947320217,59378858743,38953861648,62927268741,1.6126E+11,10002571,2330552,8691511,21024634
5/2/23,MIAX Pearl (H),60058848,84115789,64257563,208432200,1265446912,3023806317,1977246274,6266499502,519502,289344,385530,1194376
5/2/23,EDGA Equities (J),83477634,46175494,64321739,193974867,2456568541,1960387629,2670674372,7087630542,992646,244222,728151,1965019
5/2/23,EDGX Equities (K),226553557,145066594,352019014,723639165,6861489091,7663943965,10933355240,25458788296,1991769,656417,2089599,4737785
5/2/23,LTSE (L),62184,12182,1390416,1464782,3223383.56,664531.97,2988522.458,6876437.988,111,42,433,586
5/2/23,NYSE Chicago (M),14118309,12604237,14189557,40912103,1023314094,1469229764,1778519269,4271063126,73606,5114,54971,133691
5/2/23,NYSE (N),977349535,58382498,84322689,1120054722,45463719046,3757453865,3255024192,52476197104,4219064,244627,673133,5136824
5/2/23,NYSE Arca (P),232609181,404671200,499340683,1136621064,8797412215,24691532888,15170429940,48659375043,2637585,1786202,3599943,8023730
5/2/23,NASDAQ (Q),586305574,246350483,1133091330,1965747387,25270431576,18627525373,53810853396,97708810345,7572203,1593284,9112981,18278468
5/2/23,Members Exchange (U),161096738,67570600,157927305,386594643,5134905723,3787765565,5556027528,14478698816,1789769,392335,1463684,3645788
5/2/23,Investors Exchange (V),145111768,28500390,106561014,280173172,7806486334,2085152875,5812622444,15704261653,1953843,186521,1437345,3577709
5/2/23,NASDAQ PSX (X),14897536,16251608,19162828,50311972,602747298.3,1216068548,1055554014,2874369860,203542,85689,209182,498413
5/2/23,BYX Equities (Y),49906816,36558924,40423033,126888773,1186417206,1894833385,1374131745,4455382336,458296,150699,353516,962511
5/2/23,BZX Equities (Z),223862069,145299024,245750012,614911105,8697227456,10376274187,9538657660,28612159303,2932941,895587,2339235,6167763
5/1/23,NYSE American (A),7033140,13198350,7455494,27686984,311557652.8,385663890,306742730.7,1003964273,91956,54826,80225,227007
5/1/23,NASDAQ BX (B),12171362,8844042,13805999,34821403,584029942.9,524827938.2,704222153,1813080034,224380,48093,207343,479816
5/1/23,NYSE National (C),21934419,11983489,18822363,52740271,606426866.4,496506313.7,578343327.8,1681276508,326774,64010,249798,640582
5/1/23,FINRA / Nasdaq TRF Chicago (DB),4799083,2196592,11507155,18502830,193560051.4,113641352.7,572743593.4,879944997.5,21821,7041,48910,77772
5/1/23,FINRA / NYSE TRF (DN),266728512,217160616,935697302,1419586430,6719061306,6936953220,29493957668,43149972194,801906,437850,1678819,2918575
5/1/23,FINRA / Nasdaq TRF Carteret (DQ),1004897739,573279107,1816460527,3394637373,49137898216,33208120835,59538179318,1.41884E+11,8355555,1972243,8320695,18648493
5/1/23,MIAX Pearl (H),39011568,55970991,44366586,139349145,923780779.9,1918075523,1292884651,4134740954,391825,185389,311608,888822
5/1/23,EDGA Equities (J),57020347,31246048,54394668,142661063,1819662141,1429781366,2158508792,5407952300,745394,175292,644108,1564794
5/1/23,EDGX Equities (K),163965055,101526241,372413596,637904892,5297728535,5199421102,10084182223,20581331861,1516545,458689,1912534,3887768
5/1/23,LTSE (L),75255,20186,16264,111705,12417341.15,1763472.14,1461224.158,15642037.45,996,34,236,1266
5/1/23,NYSE Chicago (M),11008419,6768504,19217042,36993965,987405232.7,1205685699,1780122106,3973213038,49886,4208,45159,99253
5/1/23,NYSE (N),800500093,34540975,69154308,904195376,39597844483,2485266704,2661406714,44744517901,3255407,152716,547393,3955516
5/1/23,NYSE Arca (P),162262074,267484337,434170368,863916779,6467084866,17038794116,12371540484,35877419466,1973061,1169674,3103903,6246638
5/1/23,NASDAQ (Q),416828787,153717825,989127977,1559674589,18829977297,11914383703,46299578864,77043939864,5834258,1003160,7688464,14525882
5/1/23,Members Exchange (U),114614774,44983456,139463777,299062007,3876938835,2483850056,4970270446,11331059337,1380913,254275,1296505,2931693
5/1/23,Investors Exchange (V),102764960,19963245,89286424,212014629,6037924760,1466202626,5219808833,12723936219,1616747,144576,1327522,3088845
5/1/23,NASDAQ PSX (X),10723303,9689109,13837621,34250033,526939986.4,741910776.9,859837241.8,2128688005,172568,50690,178151,401409
5/1/23,BYX Equities (Y),31276027,27822365,33953859,93052251,877771459.9,1468416442,1131189455,3477377358,350126,125002,313684,788812
5/1/23,BZX Equities (Z),156167726,89263439,227179092,472610257,6634537419,6415493993,8123211272,21173242684,2248317,573765,2069655,4891737
4/28/23,NYSE American (A),8045616,29265694,6523935,43835245,297305532.2,436218335.3,327407963.8,1060931831,95339,64387,72305,232031
4/28/23,NASDAQ BX (B),16207207,9190772,16627313,42025292,754414495.9,687259270.5,888934044.8,2330607811,348142,56708,283575,688425
4/28/23,NYSE National (C),27140317,11834520,21157932,60132769,725448005.6,527663483.8,657636247.3,1910747737,381681,69655,261719,713055
4/28/23,FINRA / Nasdaq TRF Chicago (DB),5454902,2818436,9674159,17947497,195847430.7,134560482.3,545718741.2,876126654.2,24611,6982,46073,77666
4/28/23,FINRA / NYSE TRF (DN),294284239,228118895,858498632,1380901766,6678197441,7348891467,27972775339,41999864248,787719,402003,1554254,2743976
4/28/23,FINRA / Nasdaq TRF Carteret (DQ),1206568374,555071749,1794100319,3555740442,53527465492,31902403957,63936067278,1.49366E+11,8562929,1725421,8012864,18301214
4/28/23,MIAX Pearl (H),47755352,68945913,54630392,171331657,979014598.8,2565158505,1800489577,5344662681,421225,209140,342148,972513
4/28/23,EDGA Equities (J),76794874,39261802,65600564,181657240,2303333384,1700739135,2754082200,6758154719,893961,216584,728204,1838749
4/28/23,EDGX Equities (K),196539887,119813701,379995217,696348805,5965445219,6164413700,11862831384,23992690303,1618611,505723,1998264,4122598
4/28/23,LTSE (L),58698,21998,65901,146597,3091262.834,1507579.46,11974147.72,16572990.02,170,56,479,705
4/28/23,NYSE Chicago (M),16881810,10417691,16219303,43518804,1205127819,1348397511,2580977898,5134503229,62720,4116,52422,119258
4/28/23,NYSE (N),1060467792,42074934,82683430,1185226156,53482918985,3179913953,3511381653,60174214591,3524350,195033,626268,4345651
4/28/23,NYSE Arca (P),220056683,321050988,472682878,1013790549,7766842167,22239011846,14857401097,44863255110,2224066,1357156,3331787,6913009
4/28/23,NASDAQ (Q),491459390,185783134,1154536416,1831778940,21632308394,14876755510,59365160742,95874224646,6350082,1229810,8213417,15793309
4/28/23,Members Exchange (U),134709174,51981934,149484837,336175945,4453191712,3150856115,6129515126,13733562953,1515640,304101,1395567,3215308
4/28/23,Investors Exchange (V),122774393,21595790,97065263,241435446,6860318598,1764528917,6108654169,14733501684,1731036,150743,1352335,3234114
4/28/23,NASDAQ PSX (X),12853823,11446085,18138332,42438240,559721447.7,928800336.1,1234141391,2722663175,181863,68713,214424,465000
4/28/23,BYX Equities (Y),44132949,29642676,36105203,109880828,1078533676,1689188417,1433227284,4200949377,405575,137646,327773,870994
4/28/23,BZX Equities (Z),182807881,104761979,245949616,533519476,7527523826,7657211208,10322099472,25506834507,2380399,673772,2148685,5202856
4/27/23,NYSE American (A),7436542,12160291,7741337,27338170,316083702.1,426933047.3,475816771.4,1218833521,93142,54977,78175,226294
4/27/23,NASDAQ BX (B),14233911,7936891,16982942,39153744,776608769.7,576064687.6,995623687.8,2348297145,322825,48846,278965,650636
4/27/23,NYSE National (C),22909973,9838183,20168657,52916813,763139935.2,460324656.1,767349963.8,1990814555,351628,62751,260010,674389
4/27/23,FINRA / Nasdaq TRF Chicago (DB),4895006,2547315,10249087,17691408,211059833.1,99481034.72,587701034.5,898241902.2,23136,6770,47443,77349
4/27/23,FINRA / NYSE TRF (DN),263976842,203239915,850844933,1318061690,6625098918,7010597560,31124416166,44760112645,773681,398112,1617769,2789562
4/27/23,FINRA / Nasdaq TRF Carteret (DQ),1200646365,501731303,1798899136,3501276804,58359774299,32557109643,71168173355,1.62085E+11,8793878,1731148,8380960,18905986
4/27/23,MIAX Pearl (H),47252460,62700485,52941757,162894702,1157611492,2391424936,1889666448,5438702875,437631,210749,365755,1014135
4/27/23,EDGA Equities (J),68052528,34682509,67320350,170055387,2269833007,1613142115,3055906550,6938881672,876256,196007,768329,1840592
4/27/23,EDGX Equities (K),186818760,111013173,392333353,690165286,6226981954,6340338222,14682869380,27250189557,1662369,501959,2143271,4307599
4/27/23,LTSE (L),257670,14396,24250,296316,16504827.01,1126508.04,2584850.994,20216186.04,515,44,211,770
4/27/23,NYSE Chicago (M),22515518,9629800,13219823,45365141,1204849752,1220107647,1730910916,4155868315,61377,4970,49207,115554
4/27/23,NYSE (N),819573291,41791339,82968148,944332778,42209875747,3292339143,3804623335,49306838226,3502945,171692,649440,4324077
4/27/23,NYSE Arca (P),192562876,298666418,513559203,1004788497,8306359380,20606438661,18181819486,47094617527,2258825,1262036,3479221,7000082
4/27/23,NASDAQ (Q),485611858,177235003,1068752746,1731599607,23343316373,15129004390,61436894970,99909215733,6547748,1163017,8496717,16207482
4/27/23,Members Exchange (U),135114076,50181520,146192844,331488440,4681474124,3166175294,6543028151,14390677568,1558633,289696,1447691,3296020
4/27/23,Investors Exchange (V),122460411,21045137,106878352,250383900,7463208444,1841649081,6785112001,16089969526,1743191,144547,1429830,3317568
4/27/23,NASDAQ PSX (X),12364789,12359830,18513529,43238148,570900075.4,998132283.6,1195675750,2764708109,191610,69197,240041,500848
4/27/23,BYX Equities (Y),40424879,27812054,39294732,107531665,1140237164,1720033484,1582767765,4443038413,399152,129855,355746,884753
4/27/23,BZX Equities (Z),178718549,97949667,241728100,518396316,7916054811,7670409461,11277801784,26864266056,2400732,611426,2184620,5196778
4/26/23,NYSE American (A),7460089,13287333,6930426,27677848,301782492.5,358950460.9,404012909.7,1064745863,92206,56785,70274,219265
4/26/23,NASDAQ BX (B),15426939,8997159,16791786,41215884,748328209.7,531396041.9,908011112.2,2187735364,325571,49596,258657,633824
4/26/23,NYSE National (C),24878860,12493935,21051104,58423899,723590500,504502597.1,659100344.4,1887193441,358434,67405,253464,679303
4/26/23,FINRA / Nasdaq TRF Chicago (DB),5128313,2537532,10601661,18267506,208368478.3,100500550,575861129.9,884730158.2,23642,6672,46797,77111
4/26/23,FINRA / NYSE TRF (DN),282243749,228568155,900130434,1410942338,6814419206,7528485739,30732794096,45075699041,808996,425822,1615049,2849867
4/26/23,FINRA / Nasdaq TRF Carteret (DQ),1210026749,563247731,1759877533,3533152013,56670744306,33106633050,66540156545,1.56318E+11,8900867,1842395,8162770,18906032
4/26/23,MIAX Pearl (H),50270121,81900704,51479775,183650600,1065240387,2555825726,1542417290,5163483403,425457,233442,330801,989700
4/26/23,EDGA Equities (J),72661765,37488663,70903258,181053686,2421148655,1664261876,2822594995,6908005526,897465,200631,769524,1867620
4/26/23,EDGX Equities (K),196892412,120182580,402351933,719426925,6212352360,6318747252,13413575043,25944674655,1730138,540141,2174676,4444955
4/26/23,LTSE (L),13457,101685,72863,188005,1681256.665,9139739.04,6210867.7,17031863.4,172,72,613,857
4/26/23,NYSE Chicago (M),16578926,13398718,14606895,44584539,1080277531,1429216999,1923591644,4433086175,62805,3643,50967,117415
4/26/23,NYSE (N),853415973,47156761,79293006,979865740,42022274715,3029639763,3590265961,48642180439,3533367,187845,611140,4332352
4/26/23,NYSE Arca (P),194346541,327450524,487692675,1009489740,8037812800,20524668996,16661275076,45223756872,2177813,1336215,3267392,6781420
4/26/23,NASDAQ (Q),480736612,188257091,1048417224,1717410927,23297867532,14697547947,57125640724,95121056203,6548953,1228965,8458321,16236239
4/26/23,Members Exchange (U),131426585,55766016,138900616,326093217,4361802554,3027274946,6143427167,13532504667,1493834,303337,1381166,3178337
4/26/23,Investors Exchange (V),116633092,23610433,101128710,241372235,7114104583,1814705611,6486645996,15415456191,1773789,162694,1410203,3346686
4/26/23,NASDAQ PSX (X),12235611,12329546,17316735,41881892,544900083.1,831800229,1118137583,2494837895,182291,68218,210540,461049
4/26/23,BYX Equities (Y),41960262,30885176,41478126,114323564,1132036939,1468064161,1404721496,4004822596,398198,127034,346974,872206
4/26/23,BZX Equities (Z),180181586,110988138,251435270,542604994,7677881499,7998224735,10123560915,25799667149,2357082,677371,2127590,5162043
4/25/23,NYSE American (A),7626457,13787278,7275141,28688876,288299495.8,389601250.1,378211748.4,1056112494,86729,59614,67441,213784
4/25/23,NASDAQ BX (B),15253064,9942539,15450903,40646506,714037521.4,642990802.4,855857507.2,2212885831,311581,55568,254608,621757
4/25/23,NYSE National (C),26198941,13287472,22706181,62192594,727757120.7,555193492.4,626599981.5,1909550595,355798,72238,244496,672532
4/25/23,FINRA / Nasdaq TRF Chicago (DB),6397508,2897860,10469683,19765051,250584007,112387302.5,562843551.3,925814860.8,27869,7721,43690,79280
4/25/23,FINRA / NYSE TRF (DN),307197090,226682041,807266546,1341145677,7604330214,7656702670,26648829623,41909862508,879636,467593,1539952,2887181
4/25/23,FINRA / Nasdaq TRF Carteret (DQ),1256969358,555296843,1641788230,3454054431,56624376239,35363893704,60930232661,1.52919E+11,8862023,1962049,7655913,18479985
4/25/23,MIAX Pearl (H),50082189,81712986,56326878,188122053,1150001427,2653274898,1861602915,5664879240,435584,232378,341864,1009826
4/25/23,EDGA Equities (J),75854945,37957784,66033012,179845741,2305335534,1678550430,2620314573,6604200536,890607,205578,716518,1812703
4/25/23,EDGX Equities (K),214424069,122757763,342867016,680048848,6500608795,6119322851,11217091718,23837023364,1777735,550768,1946322,4274825
4/25/23,LTSE (L),466775,46198,43327,556300,1886286.57,2464605.6,2359473.787,6710365.957,151,497,364,1012
4/25/23,NYSE Chicago (M),15330724,16045155,10424696,41800575,1013610757,1809843797,1444818480,4268273035,51057,4738,40870,96665
4/25/23,NYSE (N),863262407,45546267,75549533,984358207,40485027254,3091059548,3193733225,46769820027,3393682,180166,559319,4133167
4/25/23,NYSE Arca (P),199341330,326038336,474860629,1000240295,7871559879,20577452352,15266538410,43715550641,2125327,1356165,3079479,6560971
4/25/23,NASDAQ (Q),485731672,184740800,997476597,1667949069,22184316776,14540449832,52323142202,89047908810,6184433,1164117,7798090,15146640
4/25/23,Members Exchange (U),135193111,53498699,128837698,317529508,4387101015,2933270923,5289760293,12610132231,1471144,289837,1269256,3030237
4/25/23,Investors Exchange (V),122123764,22906908,94891878,239922550,7087361011,1677236951,5740068185,14504666146,1685336,152064,1318392,3155792
4/25/23,NASDAQ PSX (X),13094153,12622962,16758067,42475182,558972053.9,941138054,1038809485,2538919593,186325,72495,198441,457261
4/25/23,BYX Equities (Y),43922509,31870189,39797090,115589788,1067812403,1622128534,1318932067,4008873004,395707,135442,318519,849668
4/25/23,BZX Equities (Z),188754421,109366866,207759840,505881127,7556191319,7605718868,9127867068,24289777254,2334504,653020,1948828,4936352
4/24/23,NYSE American (A),6510057,11465320,6148299,24123676,245081466.3,293798539,235577475.1,774457480.4,75836,49271,57382,182489
4/24/23,NASDAQ BX (B),12768144,6090345,14384241,33242730,575610755.6,465272891.4,576410603.5,1617294250,275662,43705,220245,539612
4/24/23,NYSE National (C),21363423,8525329,16433991,46322743,604608713.4,393734297.2,447508159.9,1445851171,300303,55892,204547,560742
4/24/23,FINRA / Nasdaq TRF Chicago (DB),4871021,1813904,9317626,16002551,185415909.3,91608706.91,524842074.3,801866690.5,22189,5969,44466,72624
4/24/23,FINRA / NYSE TRF (DN),253390633,177775718,893853990,1325020341,6312411570,5968389040,26131780662,38412581272,761387,364289,1530411,2656087
4/24/23,FINRA / Nasdaq TRF Carteret (DQ),1045006394,435300893,1627599223,3107906510,47645251363,27539147214,52507433135,1.27692E+11,7932372,1630018,7297269,16859659
4/24/23,MIAX Pearl (H),44283032,56386531,53794841,154464404,952795872,1807847233,1341894457,4102537562,383787,163467,315180,862434
4/24/23,EDGA Equities (J),60656555,24798109,53064396,138519060,1879387861,1161294160,1939572221,4980254242,752853,145680,613783,1512316
4/24/23,EDGX Equities (K),171663180,82088548,376657756,630409484,5247000084,4361967882,9473758269,19082726236,1478145,386358,1760729,3625232
4/24/23,LTSE (L),12822,111723,31403,155948,1280429.44,7568048.45,2797949.59,11646427.48,174,779,365,1318
4/24/23,NYSE Chicago (M),15873152,10569466,11453064,37895682,1279065957,1351829834,1818275238,4449171030,41948,2743,37888,82579
4/24/23,NYSE (N),751914745,30637926,68341020,850893691,37223319743,2129607785,2704401475,42057329004,2885763,140722,494986,3521471
4/24/23,NYSE Arca (P),164494848,222352218,464695777,851542843,6191276704,14606389893,9900476273,30698142870,1772154,962695,2508795,5243644
4/24/23,NASDAQ (Q),398281379,123827476,907597325,1429706180,17772167040,10043639501,40716649641,68532456181,5315458,856328,6694918,12866704
4/24/23,Members Exchange (U),107644762,34892345,127831134,270368241,3609589681,2006991573,4053121646,9669702900,1226120,205127,1108074,2539321
4/24/23,Investors Exchange (V),103023786,16204858,82451900,201680544,5767024803,1153914869,4435165880,11356105552,1511955,120646,1162162,2794763
4/24/23,NASDAQ PSX (X),10694408,9041172,14315038,34050618,445397015.1,704185169.5,863924389.5,2013506574,163887,54757,176396,395040
4/24/23,BYX Equities (Y),36499627,20632707,33935149,91067483,888427900.5,1170326515,1015089960,3073844376,326731,104651,277512,708894
4/24/23,BZX Equities (Z),153104747,69423529,209635857,432164133,6123076515,5168244492,6985171345,18276492352,1981700,457550,1694735,4133985
4/21/23,NYSE American (A),7484656,12995295,5941086,26421037,277722271.8,305448529.7,250273193.4,833443994.8,87022,52021,60130,199173
4/21/23,NASDAQ BX (B),12996736,7564376,13125855,33686967,653424883.4,538085855.8,669872817.4,1861383557,297382,52405,227520,577307
4/21/23,NYSE National (C),22699959,10760279,17033978,50494216,701494284.1,445553355.3,511732494,1658780133,333825,59532,222570,615927
4/21/23,FINRA / Nasdaq TRF Chicago (DB),4873606,2649634,11124886,18648126,188893292.3,140122991.5,592101466.5,921117750.4,23894,7426,47815,79135
4/21/23,FINRA / NYSE TRF (DN),233686185,187031764,811428601,1232146550,6673178310,6625494262,24515836767,37814509340,717706,367617,1439227,2524550
4/21/23,FINRA / Nasdaq TRF Carteret (DQ),1088825706,480093729,1602301967,3171221402,53462014197,29923191091,52852513542,1.36238E+11,7706039,1672007,7050557,16428603
4/21/23,MIAX Pearl (H),43399295,62327011,47529044,153255350,981612213.4,2060011475,1365943932,4407567620,388838,191704,314880,895422
4/21/23,EDGA Equities (J),61289970,31568909,53318057,146176936,2072439016,1468489570,2108869349,5649797935,777813,173911,605003,1556727
4/21/23,EDGX Equities (K),168709124,95367317,369318581,633395022,5765013517,4888786355,10104260892,20758060765,1508054,440815,1757058,3705927
4/21/23,LTSE (L),77315,186773,273506,537594,3535140.32,14194157.78,9509064.326,27238362.43,162,843,488,1493
4/21/23,NYSE Chicago (M),28424749,20740260,31029944,80194953,1906069783,3283805666,4555453413,9745328862,45997,4062,39575,89634
4/21/23,NYSE (N),914261217,37724670,65237838,1017223725,47152937696,2595167346,2768496329,52516601371,3083029,159319,500258,3742606
4/21/23,NYSE Arca (P),160914796,274762904,402422006,838099706,6931566610,17919644472,10716014243,35567225325,1861651,1148268,2493025,5502944
4/21/23,NASDAQ (Q),415662797,151262610,1004492374,1571417781,19900792439,11802511897,48079523600,79782827936,5747201,1005833,6922008,13675042
4/21/23,Members Exchange (U),111412198,42321571,123058318,276792087,4008445641,2441164308,4421794456,10871404405,1295383,237571,1113349,2646303
4/21/23,Investors Exchange (V),105476510,19706639,80139149,205322298,6298455120,1334530660,4389763335,12022749115,1560579,139639,1162131,2862349
4/21/23,NASDAQ PSX (X),10964928,9650105,13881275,34496308,511096230.9,752763292.5,897628427.3,2161487951,166232,54752,162958,383942
4/21/23,BYX Equities (Y),32456551,24695764,31676069,88828384,908041482.4,1390083155,1049974977,3348099614,320966,116719,273569,711254
4/21/23,BZX Equities (Z),160244226,87956666,216419974,464620866,6861804134,5878626049,7892692667,20633122850,2088891,580171,1737194,4406256
4/20/23,NYSE American (A),7715032,11685210,6506053,25906295,275233830.5,323991969.6,309133030.7,908358830.8,89217,51632,68206,209055
4/20/23,NASDAQ BX (B),13401845,9007085,14776884,37185814,651704398.5,628731521.2,844161079,2124596999,306838,51317,253030,611185
4/20/23,NYSE National (C),23381443,9869952,19046493,52297888,637909394.5,392798346.5,662567202.8,1693274944,340836,55497,249749,646082
4/20/23,FINRA / Nasdaq TRF Chicago (DB),5652303,2268557,10395421,18316281,243152146.7,110707585.3,627851533.3,981711265.3,25037,6221,49357,80615
4/20/23,FINRA / NYSE TRF (DN),282929050,218100653,742730481,1243760184,7022606524,7709579351,29727655871,44459841746,800876,409451,1636601,2846928
4/20/23,FINRA / Nasdaq TRF Carteret (DQ),1144368299,498130922,1507484499,3149983720,51442267833,29513767814,61047646526,1.42004E+11,7993673,1667577,7574143,17235393
4/20/23,MIAX Pearl (H),47153605,60563717,50662364,158379686,968806480.2,2170104367,1719015818,4857926665,390605,198694,320273,909572
4/20/23,EDGA Equities (J),64182465,29372238,54757086,148311789,2009158795,1396584268,2355867670,5761610734,793049,163033,631512,1587594
4/20/23,EDGX Equities (K),203708897,101734379,323972107,629415383,6128604026,5464746779,12474756553,24068107358,1626715,468730,1984191,4079636
4/20/23,LTSE (L),22550,86647,44218,153415,3051923.78,6022938.53,5406548.818,14481411.13,188,529,558,1275
4/20/23,NYSE Chicago (M),17788909,12632249,17901514,48322672,970416972.7,981239844,3125024758,5076681575,49855,3933,44111,97899
4/20/23,NYSE (N),838542518,38866105,73548840,950957463,42038009335,2798815508,3327915672,48164740515,3201692,161643,551302,3914637
4/20/23,NYSE Arca (P),187664066,272527094,384235434,844426594,7153621443,18228986406,13379842381,38762450230,1975326,1172085,2921176,6068587
4/20/23,NASDAQ (Q),437992659,142545653,972844670,1553382982,19551198442,11328718776,51132203167,82012120385,5859232,943274,7526125,14328631
4/20/23,Members Exchange (U),126779181,45539076,121668221,293986478,4152483493,2769203398,5138139141,12059826031,1377505,251140,1225056,2853701
4/20/23,Investors Exchange (V),114207570,19317528,86616397,220141495,6555914046,1543019316,5453945296,13552878658,1611999,138125,1253917,3004041
4/20/23,NASDAQ PSX (X),11862606,11438562,15769641,39070809,456960154.1,941153860.5,1029973423,2428087438,160194,65477,176491,402162
4/20/23,BYX Equities (Y),42877462,26049503,34995311,103922276,1146530690,1428468229,1369291511,3944290430,377267,116856,308189,802312
4/20/23,BZX Equities (Z),177031441,90965493,199855842,467852776,6952726329,6744617497,9173162051,22870505877,2176305,577141,1870488,4623934
4/19/23,NYSE American (A),7076552,13878618,5939778,26894948,258631679.5,320511300.9,256029849.7,835172830.1,81882,60724,61220,203826
4/19/23,NASDAQ BX (B),12322149,7345326,13656513,33323988,617468106.3,452811800.6,626723180.6,1697003087,277610,46322,234978,558910
4/19/23,NYSE National (C),21304841,10283619,17097580,48686040,615392655.7,417907119.8,512251380.4,1545551156,307856,61128,217626,586610
4/19/23,FINRA / Nasdaq TRF Chicago (DB),4990823,2181844,9936400,17109067,183822764.5,95648430.36,531529044.7,811000239.5,22828,5865,40103,68796
4/19/23,FINRA / NYSE TRF (DN),255268738,195524465,923861516,1374654719,6932974746,6146797500,25962963083,39042735329,789368,380448,1532649,2702465
4/19/23,FINRA / Nasdaq TRF Carteret (DQ),1132817150,498262499,1726830071,3357909720,51005988637,25492979302,51754399867,1.28253E+11,7826939,1666971,7199467,16693377
4/19/23,MIAX Pearl (H),46769494,53196683,44418388,144384565,951185791,1759960493,1286316812,3997463096,384131,167165,288850,840146
4/19/23,EDGA Equities (J),61229738,28434226,56435187,146099151,1925567628,1255200083,1965613309,5146381020,748478,156166,602908,1507552
4/19/23,EDGX Equities (K),193429751,101165940,347858749,642454440,6171025846,4905428319,10528747057,21605201221,1578829,438985,1839221,3857035
4/19/23,LTSE (L),169084,117459,34130,320673,6731746.34,10731751.48,3606601.124,21070098.94,281,598,400,1279
4/19/23,NYSE Chicago (M),15927553,12420703,16985921,45334177,964355854,1306973353,2093304609,4364633816,46066,3624,40739,90429
4/19/23,NYSE (N),765628280,38091065,71698529,875417874,36714415417,2517653379,2769421837,42001490632,3011894,152451,506642,3670987
4/19/23,NYSE Arca (P),175468145,252944926,447322064,875735135,6954415129,15261628645,12132662063,34348705837,1864493,1093058,2777661,5735212
4/19/23,NASDAQ (Q),426420559,146524593,942941267,1515886419,19240655998,11263497970,42522105499,73026259467,5628520,937438,6965950,13531908
4/19/23,Members Exchange (U),118171288,44249991,121113937,283535216,4005174431,2343991307,4332354453,10681520191,1288591,233825,1119714,2642130
4/19/23,Investors Exchange (V),112240825,19853052,87091063,219184940,6628977824,1380136811,4862927678,12872042313,1591455,146934,1206156,2944545
4/19/23,NASDAQ PSX (X),11666022,10816677,13659351,36142050,444012784.4,784114049.9,791449523.3,2019576358,158985,61376,156480,376841
4/19/23,BYX Equities (Y),36737548,25747332,35980971,98465851,964334728.6,1255464276,1036063934,3255862939,340686,113396,285608,739690
4/19/23,BZX Equities (Z),163425643,81747712,182278711,427452066,6735327022,5649427744,7190577163,19575331929,2109748,512611,1702600,4324959
4/18/23,NYSE American (A),7200715,14695060,6488573,28384348,282896756.8,328724807.4,262463581.2,874085145.5,91338,62098,68575,222011
4/18/23,NASDAQ BX (B),12869324,7310795,14829725,35009844,648168860.3,509325753.2,661502818.6,1818997432,289094,51206,240891,581191
4/18/23,NYSE National (C),21734443,10214908,18561312,50510663,629551127.2,412322083.4,481639407.2,1523512618,322416,58044,233746,614206
4/18/23,FINRA / Nasdaq TRF Chicago (DB),4947057,1930466,10598398,17475921,197143550.1,101691957.1,582470592,881306099.1,21779,5947,45268,72994
4/18/23,FINRA / NYSE TRF (DN),262426655,207961897,802569550,1272958102,7741205533,6945934148,26541900758,41229040439,779072,411972,1560813,2751857
4/18/23,FINRA / Nasdaq TRF Carteret (DQ),1129021436,504729013,1674384896,3308135345,51982102623,26123145326,53705072199,1.3181E+11,7783089,1766893,7281908,16831890
4/18/23,MIAX Pearl (H),44850400,55627838,56647674,157125912,1112432301,1906220710,1551802541,4570455552,420194,176876,332713,929783
4/18/23,EDGA Equities (J),56907683,27708167,57132296,141748146,1876161857,1215962862,1911410757,5003535476,749772,153915,629639,1533326
4/18/23,EDGX Equities (K),182330509,99000972,338495338,619826819,6408203418,4771769389,9833059345,21013032153,1557054,438511,1818117,3813682
4/18/23,LTSE (L),122766,51787,44140,218693,2691318.792,7652801.44,3961268.656,14305388.89,306,560,550,1416
4/18/23,NYSE Chicago (M),11316753,13175000,13019998,37511751,908985984.7,1903415165,1692206510,4504607660,46080,3571,41803,91454
4/18/23,NYSE (N),778153781,36049605,73761091,887964477,39372285514,2444103585,2778420086,44594809185,3185785,158318,556999,3901102
4/18/23,NYSE Arca (P),166516186,262927012,475335881,904779079,7126471815,16557308853,12803399599,36487180267,1874929,1143952,2933854,5952735
4/18/23,NASDAQ (Q),408662899,149339724,946304749,1504307372,19523134903,11723721176,43619082977,74865939056,5818026,987779,7367103,14172908
4/18/23,Members Exchange (U),117350317,44409552,129995906,291755775,4170599192,2385186903,4464467769,11020253864,1372781,242169,1225294,2840244
4/18/23,Investors Exchange (V),106812297,18348830,93087670,218248797,6417496421,1375974424,4799602116,12593072961,1570139,136596,1218652,2925387
4/18/23,NASDAQ PSX (X),10165182,9920558,17596748,37682488,411371853.4,745918777.8,855375903.3,2012666535,145036,60510,164665,370211
4/18/23,BYX Equities (Y),34700702,24522236,37369475,96592413,924075097.1,1219769763,1052984219,3196829080,347020,110588,314452,772060
4/18/23,BZX Equities (Z),155402904,80871782,177012282,413286968,6657570537,5641376930,6869287426,19168234893,2074794,523768,1690914,4289476
4/17/23,NYSE American (A),7750148,13025812,6062788,26838748,277490801.9,321900008,260484575.2,859875385,89078,60016,67957,217051
4/17/23,NASDAQ BX (B),11596993,9126191,12721751,33444935,587593523.2,560508608.5,601273212.3,1749375344,271026,54885,222969,548880
4/17/23,NYSE National (C),22311170,12339667,17110054,51760891,633591894.1,457057358.6,464542115.8,1555191369,313465,60378,219019,592862
4/17/23,FINRA / Nasdaq TRF Chicago (DB),5196722,2787938,11818580,19803240,197257740.1,111743137.8,577520132.6,886521010.5,23408,7094,49724,80226
4/17/23,FINRA / NYSE TRF (DN),274664783,202900267,840643222,1318208272,7344132474,6745762879,26120669809,40210565161,786788,425293,1627719,2839800
4/17/23,FINRA / Nasdaq TRF Carteret (DQ),1109802521,554043819,1631760323,3295606663,50759260463,32365559718,52713085073,1.35838E+11,7911511,1864926,7653814,17430251
4/17/23,MIAX Pearl (H),44985977,59293518,48290379,152569874,1108580773,1876275885,1519659891,4504516549,426506,182043,349299,957848
4/17/23,EDGA Equities (J),60454490,30503285,54050227,145008002,2016731647,1218390518,1945690993,5180813158,766502,162234,638796,1567532
4/17/23,EDGX Equities (K),189480348,104541447,334857528,628879323,6214901371,4849276705,9861719879,20925897955,1631990,464374,1941414,4037778
4/17/23,LTSE (L),14803,27320,38136,80259,2155627.46,1731959.13,4166410.29,8053996.88,209,281,538,1028
4/17/23,NYSE Chicago (M),7711491,11339856,15168127,34219474,649883540.4,1154678257,1812962621,3617524418,53997,3352,48352,105701
4/17/23,NYSE (N),812085515,41158142,73031849,926275506,39836685933,2768709385,2776334071,45381729389,3149227,169526,554200,3872953
4/17/23,NYSE Arca (P),171648212,279743224,417930960,869322396,7001176717,17280824148,11422804602,35704805467,1885801,1184771,3011165,6081737
4/17/23,NASDAQ (Q),424272167,164936273,971110207,1560318647,19005099766,12163063370,43431752884,74599916019,5721577,1029168,7397440,14148185
4/17/23,Members Exchange (U),116689019,48918528,122457825,288065372,3818137240,2490596182,4339537987,10648271409,1243265,252007,1158878,2654150
4/17/23,Investors Exchange (V),100979936,20562260,85691500,207233696,5723530073,1388889887,4453826522,11566246482,1473607,135898,1165091,2774596
4/17/23,NASDAQ PSX (X),9943739,11184942,14629981,35758662,393915969.5,827507321.1,826988479.7,2048411770,140059,62817,163755,366631
4/17/23,BYX Equities (Y),33859507,28103541,33019162,94982210,878022058.9,1233124516,1013444583,3124591157,335684,115096,299221,750001
4/17/23,BZX Equities (Z),164212851,90718831,184000053,438931735,6546605416,5692613144,6885560917,19124779476,2141242,538712,1827028,4506982
4/14/23,NYSE American (A),7491557,13594962,6784735,27871254,284399647,323187747,224991538,832578932,83216,60330,61460,205006
4/14/23,NASDAQ BX (B),13139045,9118364,14923866,37181275,626021243.5,625861151.7,625148282.6,1877030678,305440,55009,244896,605345
4/14/23,NYSE National (C),20919615,13084097,18577029,52580741,589431499.5,531002088.9,459830480,1580264068,294002,67444,214167,575613
4/14/23,FINRA / Nasdaq TRF Chicago (DB),5547328,2745841,12857564,21150733,232683686.9,126188140.1,601396859,960268685.9,24363,7598,46601,78562
4/14/23,FINRA / NYSE TRF (DN),275524766,234884386,759957196,1270366348,8059925554,7633513739,23916262410,39609701703,778828,435003,1490435,2704266
4/14/23,FINRA / Nasdaq TRF Carteret (DQ),1059819508,556951351,1537674988,3154445847,49478019869,30855106998,49836978724,1.3017E+11,7607784,1881355,7032537,16521676
4/14/23,MIAX Pearl (H),49938818,70549839,55056264,175544921,1138201966,2380337835,1677588766,5196128567,422159,215240,352115,989514
4/14/23,EDGA Equities (J),60329084,34289130,55909016,150527230,1818437422,1574666671,2060280388,5453384481,735634,191526,619041,1546201
4/14/23,EDGX Equities (K),187622953,113021085,342454444,643098482,6524256957,5506886160,9855682810,21886825927,1597946,503243,1834433,3935622
4/14/23,LTSE (L),22243,48199,37482,107924,2596271.206,8433109.64,2793760.99,13823141.84,262,362,363,987
4/14/23,NYSE Chicago (M),9016258,14192872,9853392,33062522,748406995.9,1662086469,1322905977,3733399442,55224,4535,44294,104053
4/14/23,NYSE (N),797222303,42881970,75336419,915440692,39548508507,2931498524,2784619384,45264626415,3266153,184158,539276,3989587
4/14/23,NYSE Arca (P),178895480,329437674,409452746,917785900,7218347661,20441388291,11602454826,39262190778,1934529,1389417,2953844,6277790
4/14/23,NASDAQ (Q),430321086,187929128,951324167,1569574381,20458337069,14599939781,43681643095,78739919944,6032207,1205643,7476845,14714695
4/14/23,Members Exchange (U),122534081,54027946,128405369,304967396,4184484502,2939684850,4642036864,11766206216,1345060,282702,1179111,2806873
4/14/23,Investors Exchange (V),107363381,20236719,80706351,208306451,6266252965,1510688417,4603771894,12380713275,1535105,144015,1161455,2840575
4/14/23,NASDAQ PSX (X),10729792,12747516,17119134,40596442,419164758.3,940523330.8,995024585.1,2354712674,146713,73326,171225,391264
4/14/23,BYX Equities (Y),35902923,30737093,35137898,101777914,921248388,1677842656,1088260681,3687351725,337415,142268,301158,780841
4/14/23,BZX Equities (Z),165987584,108976956,179853066,454817606,6817351367,7442316012,7555454705,21815122083,2099195,677204,1754738,4531137
4/13/23,NYSE American (A),7521406,15028275,6968509,29518190,280666859.1,393687018.3,266530701.4,940884578.8,86993,63621,66529,217143
4/13/23,NASDAQ BX (B),12657656,10297802,13155876,36111334,627968063.5,657908883.9,677068159.3,1962945107,302005,57317,244468,603790
4/13/23,NYSE National (C),21094018,13416037,18447213,52957268,586636572.8,566597228.6,503128366.7,1656362168,295812,69771,212211,577794
4/13/23,FINRA / Nasdaq TRF Chicago (DB),4531651,2427381,11092526,18051558,175331233.1,102227531.7,554499012.6,832057777.4,20383,7028,47705,75116
4/13/23,FINRA / NYSE TRF (DN),263417559,220674961,818419612,1302512132,6543381563,7231835099,26611908109,40387124770,712727,432175,1550648,2695550
4/13/23,FINRA / Nasdaq TRF Carteret (DQ),1110240260,777133285,1683073262,3570446807,50447497261,44766248710,60024812807,1.55239E+11,7659428,2053355,7291398,17004181
4/13/23,MIAX Pearl (H),48140868,57124368,51811609,157076845,1071920874,2331721685,1899077437,5302719997,417864,207629,359714,985207
4/13/23,EDGA Equities (J),60824609,35845765,57871893,154542267,1919913038,1634961640,2147237418,5702112095,764781,189991,657469,1612241
4/13/23,EDGX Equities (K),179529513,111534111,331306723,622370347,5751031561,5600535554,10712043596,22063610711,1541528,495132,1841485,3878145
4/13/23,LTSE (L),40172,13769,191554,245495,2985658.95,611414.943,5143863.695,8740937.588,153,150,429,732
4/13/23,NYSE Chicago (M),11191572,16754734,12473986,40420292,664052761.8,2089844994,1604383294,4358281050,46014,3765,40662,90441
4/13/23,NYSE (N),820987948,45130539,77333653,943452140,41954746777,3240815859,3086479775,48282042411,3145646,178762,565736,3890144
4/13/23,NYSE Arca (P),165237728,327613160,397217969,890068857,6682783437,21786016762,12183700196,40652500394,1843732,1324349,2851618,6019699
4/13/23,NASDAQ (Q),418639220,182505079,998705501,1599849800,19197619631,14257194974,49221377588,82676192192,5694015,1115295,7454493,14263803
4/13/23,Members Exchange (U),119199869,53982367,128784088,301966324,3981926170,3046631596,4954617403,11983175169,1316013,287925,1243858,2847796
4/13/23,Investors Exchange (V),112183674,25094617,90698011,227976302,6338320968,1899046897,5247467588,13484835453,1591196,168316,1229902,2989414
4/13/23,NASDAQ PSX (X),10726101,12850143,17280520,40856764,445833331.3,877157493.4,961154623.5,2284145448,154229,72374,181513,408116
4/13/23,BYX Equities (Y),37172633,35934081,36425248,109531962,887850199.2,2010524229,1192502192,4090876620,345688,149927,313675,809290
4/13/23,BZX Equities (Z),165888069,101456544,189311171,456655784,6474245465,6744980293,7940685582,21159911339,2104748,617612,1851871,4574231
4/12/23,NYSE American (A),8109171,14160875,8465804,30735850,293444154.5,363970780.1,275186162.8,932601097.4,96879,62454,78580,237913
4/12/23,NASDAQ BX (B),13307027,9734354,15682450,38723831,630557263.4,629616955.3,764295035.8,2024469255,321741,56254,275902,653897
4/12/23,NYSE National (C),21617689,12657780,21476924,55752393,581943014.9,551612361.2,558974980.4,1692530357,313458,69472,243651,626581
4/12/23,FINRA / Nasdaq TRF Chicago (DB),6265077,2559470,12111239,20935786,304803298.4,126519747.7,665832832.7,1097155879,24924,7237,49856,82017
4/12/23,FINRA / NYSE TRF (DN),280219831,243486443,838647199,1362353473,7374806316,8423586021,30598402266,46396794603,748569,451043,1571166,2770778
4/12/23,FINRA / Nasdaq TRF Carteret (DQ),1101375880,614267926,1605457223,3321101029,50091489435,34930182779,59461946986,1.44484E+11,7735063,1874198,7313570,16922831
4/12/23,MIAX Pearl (H),52235249,70527792,59376286,182139327,1249906124,2564316307,1997898829,5812121260,462603,220208,402892,1085703
4/12/23,EDGA Equities (J),62781803,35651778,65616120,164049701,1902378018,1607429080,2422920977,5932728076,776086,193415,674216,1643717
4/12/23,EDGX Equities (K),191088433,115749623,353597529,660435585,6021456801,5974141882,11757864431,23753463113,1626721,541626,1930334,4098681
4/12/23,LTSE (L),34101,13255,51484,98840,5439370.49,869633.79,5933105.735,12242110.01,423,140,463,1026
4/12/23,NYSE Chicago (M),11403456,17028678,15032868,43465002,838254103.1,1503557926,2058308551,4400120581,60075,3607,51117,114799
4/12/23,NYSE (N),809905069,47348393,80486352,937739814,38589079266,3306290179,3172953631,45068323077,3488336,197668,571310,4257314
4/12/23,NYSE Arca (P),176218397,345778157,432820963,954817517,6967619533,21525012762,13395644454,41888276749,1988311,1462988,2990629,6441928
4/12/23,NASDAQ (Q),451460433,204332840,998866075,1654659348,20315340492,15880915064,48656777958,84853033514,6020582,1266027,7911669,15198278
4/12/23,Members Exchange (U),125547977,53809051,134657542,314014570,3977081311,3116203385,5227356461,12320641156,1343168,295213,1253596,2891977
4/12/23,Investors Exchange (V),110933962,21332613,90388874,222655449,6211891679,1538358049,5081712492,12831962220,1598522,151773,1249949,3000244
4/12/23,NASDAQ PSX (X),11938993,13611399,18354937,43905329,462818719.1,994430006.4,1194485540,2651734265,161332,77665,188302,427299
4/12/23,BYX Equities (Y),37825955,29849603,40614316,108289874,897762273.8,1558448452,1250557287,3706768012,346283,136538,316764,799585
4/12/23,BZX Equities (Z),170876077,113805295,194039256,478720628,6726727869,8173923163,8189576545,23090227577,2193996,731278,1895974,4821248
4/11/23,NYSE American (A),7832012,14424496,6888849,29145357,250685386.5,298434260.3,230028449.6,779148096.5,92224,56280,67973,216477
4/11/23,NASDAQ BX (B),12498554,6659461,13379520,32537535,564732550.6,406337158.5,632190581.9,1603260291,289973,46615,235842,572430
4/11/23,NYSE National (C),20375229,10085419,17791146,48251794,547087592.5,434721827.3,455366853.6,1437176273,302352,62686,223141,588179
4/11/23,FINRA / Nasdaq TRF Chicago (DB),5600735,2055237,10540390,18196362,181005202.8,84097859.16,522768968,787872029.9,23286,6214,43452,72952
4/11/23,FINRA / NYSE TRF (DN),282009069,197176614,787312299,1266497982,7049123168,6355243255,25843335344,39247701767,765448,395255,1485785,2646488
4/11/23,FINRA / Nasdaq TRF Carteret (DQ),1127272016,569821207,1592415805,3289509028,49059858196,31893331833,52557042993,1.3351E+11,7746599,1756668,7177474,16680741
4/11/23,MIAX Pearl (H),50853390,50448346,43452570,144754306,1137289360,1832099721,1393368262,4362757342,442500,170991,343859,957350
4/11/23,EDGA Equities (J),60281372,25543679,56485079,142310130,1788221435,1180908306,1914612724,4883742465,749280,148855,630305,1528440
4/11/23,EDGX Equities (K),193677812,91205674,314855074,599738560,5730514680,4351408310,9597676788,19679599778,1548870,407339,1718570,3674779
4/11/23,LTSE (L),36081,46180,48692,130953,1975061.96,2670152.95,4022409.311,8667624.221,305,379,620,1304
4/11/23,NYSE Chicago (M),16140158,15106554,13798708,45045420,938557495.4,1903724945,1360459596,4202742036,49350,3993,44969,98312
4/11/23,NYSE (N),817008051,35508212,73131640,925647903,37950628765,2283906140,2817614262,43052149168,3197647,148893,549951,3896491
4/11/23,NYSE Arca (P),174019436,267377125,398863825,840260386,6311927783,16200453947,11052044226,33564425956,1844199,1061767,2734123,5640089
4/11/23,NASDAQ (Q),425975319,143622409,939066523,1508664251,18352849457,10835542697,42865590023,72053982177,5510066,915929,7158845,13584840
4/11/23,Members Exchange (U),121937390,41020404,125847346,288805140,3759085350,2227407226,4493815170,10480307747,1293595,227497,1199379,2720471
4/11/23,Investors Exchange (V),105986503,18313393,86844719,211144615,5891356580,1301348270,4581521318,11774226168,1533490,136290,1218964,2888744
4/11/23,NASDAQ PSX (X),11298097,9667288,14676327,35641712,398765386.2,570449856.1,740822932.1,1710038174,150870,55206,172895,378971
4/11/23,BYX Equities (Y),37643042,27027448,35996852,100667342,842497204.2,1302138195,1023925076,3168560476,344190,122985,293148,760323
4/11/23,BZX Equities (Z),168228100,82459389,181052468,431739957,6230072859,5440752602,7124301886,18795127348,2063776,513808,1787870,4365454
4/10/23,NYSE American (A),7526608,15304255,6249475,29080338,272066865.1,292200949.4,223588189.3,787856003.7,80962,56819,60732,198513
4/10/23,NASDAQ BX (B),10607902,7809566,12858729,31276197,497352555.4,499068933.7,638946937.1,1635368426,250264,48168,217249,515681
4/10/23,NYSE National (C),18539816,10771449,16823146,46134411,479260892.9,412034446.6,422207201.4,1313502541,268046,60352,200634,529032
4/10/23,FINRA / Nasdaq TRF Chicago (DB),4926252,2186412,11535845,18648509,174378010.8,97893445.97,618309909.1,890581365.9,22511,7184,44168,73863
4/10/23,FINRA / NYSE TRF (DN),253786603,202537029,716693581,1173017213,6268156169,6923965979,27441691650,40633813799,731065,416124,1429129,2576318
4/10/23,FINRA / Nasdaq TRF Carteret (DQ),1029630721,513080567,1436625666,2979336954,45656531868,28932347121,52174248212,1.26763E+11,7248566,1920686,6857002,16026254
4/10/23,MIAX Pearl (H),44689175,46059398,41180292,131928865,1004535976,1782614447,1321026344,4108176767,416303,173058,330665,920026
4/10/23,EDGA Equities (J),53100134,28245507,50481474,131827115,1594167291,1242178067,1794650153,4630995511,677289,156258,574640,1408187
4/10/23,EDGX Equities (K),164832526,96689703,278042987,539565216,4968878411,4447185765,9446533450,18862597626,1404742,429820,1631017,3465579
4/10/23,LTSE (L),18115,46736,34767,99618,1979314.07,2254354.01,2417043.656,6650711.736,244,774,379,1397
4/10/23,NYSE Chicago (M),8099297,7751884,11777676,27628857,663146594.7,923063074.6,1669256716,3255466385,40879,3379,37619,81877
4/10/23,NYSE (N),824873109,35568755,67063199,927505063,37412096637,2377991110,2735305656,42525393403,2981366,152749,513112,3647227
4/10/23,NYSE Arca (P),150703287,268479736,372226434,791409457,5681134458,16016062628,10587877886,32285074973,1675374,1118702,2551661,5345737
4/10/23,NASDAQ (Q),375720630,147403429,927041593,1450165652,16400227017,11285625325,42285352717,69971205059,5179986,974182,6674814,12828982
4/10/23,Members Exchange (U),101684992,42121582,111107540,254914114,3195411832,2268797464,4245701509,9709910805,1162614,234347,1079761,2476722
4/10/23,Investors Exchange (V),91763332,17765910,72296666,181825908,5245787492,1345239200,4100862635,10691889327,1353330,136441,1019053,2508824
4/10/23,NASDAQ PSX (X),9773452,10419180,13537101,33729733,382464742.1,697733537.4,830150384.5,1910348664,138530,56896,165485,360911
4/10/23,BYX Equities (Y),30472156,25617773,32046392,88136321,750822688,1259668685,1000185153,3010676527,310771,120017,279940,710728
4/10/23,BZX Equities (Z),146616238,82875277,158204644,387696159,5700845977,5382242292,6646317125,17729405393,1938222,519056,1644004,4101282
4/6/23,NYSE American (A),8459078,13940980,5994434,28394492,332488936.3,350399410.7,324123121.8,1007011469,95046,58051,67740,220837
4/6/23,NASDAQ BX (B),11391042,8320988,11999240,31711270,562442658.5,526908164.7,608164150.2,1697514973,271941,45509,210490,527940
4/6/23,NYSE National (C),19721236,11937428,16295505,47954169,549002680.8,520718491.4,470488690.1,1540209862,289985,64600,196253,550838
4/6/23,FINRA / Nasdaq TRF Chicago (DB),5395400,2467046,8205481,16067927,196503780.1,100372694.6,534409817.6,831286292.3,23571,6649,38885,69105
4/6/23,FINRA / NYSE TRF (DN),288231443,232247418,582426315,1102905176,6991148768,6904919482,25926351689,39822419939,785501,436648,1294438,2516587
4/6/23,FINRA / Nasdaq TRF Carteret (DQ),1079722363,553784320,1320277648,2953784331,48155653192,29353010864,54859069830,1.32368E+11,7817191,1795591,6766052,16378834
4/6/23,MIAX Pearl (H),42152815,56030186,40955252,139138253,955682832.9,2024803196,1569179395,4549665424,393451,188050,308395,889896
4/6/23,EDGA Equities (J),57662242,29282207,49814938,136759387,1820033470,1315710978,2012736565,5148481013,749742,158565,577056,1485363
4/6/23,EDGX Equities (K),186252823,106586698,250156581,542996102,5609893626,4924994938,9980126908,20515015471,1554001,475681,1596347,3626029
4/6/23,LTSE (L),24545,35340,55727,115612,2503500.127,1794297.99,5525263.073,9823061.19,221,381,262,864
4/6/23,NYSE Chicago (M),13239260,16839750,9897693,39976703,706948439.8,1496854618,1249865170,3453668228,42793,4405,36590,83788
4/6/23,NYSE (N),760306376,40978438,65990856,867275670,37834926754,2670117067,2896657798,43401701618,3098473,172488,518278,3789239
4/6/23,NYSE Arca (P),166653258,296206399,325676087,788535744,6602678991,17650780734,11837786862,36091246587,1912334,1233435,2596023,5741792
4/6/23,NASDAQ (Q),407827566,170249045,851699724,1429776335,18930923045,12635101343,46280261815,77846286203,5555830,1086799,6835869,13478498
4/6/23,Members Exchange (U),109959146,47698638,103886608,261544392,3596974964,2627652059,4679157154,10903784178,1240715,263346,1074731,2578792
4/6/23,Investors Exchange (V),108514165,19349881,77225625,205089671,6223636449,1519125808,4830230550,12572992807,1594084,145168,1146910,2886162
4/6/23,NASDAQ PSX (X),11190480,12784338,13783279,37758097,441779700.9,757248666.3,917819636.3,2116848003,151091,65327,167501,383919
4/6/23,BYX Equities (Y),34315993,26532378,30946008,91794379,837848773,1362747221,1045074773,3245670766,334795,118165,270419,723379
4/6/23,BZX Equities (Z),159135911,94140447,153789680,407066038,6674052753,5960812191,8049544384,20684409329,2101808,606155,1706397,4414360
4/5/23,NYSE American (A),10044315,16366586,7374572,33785473,398777282.3,387541391.7,368396781.9,1154715456,113535,70849,79371,263755
4/5/23,NASDAQ BX (B),14858481,9803617,13893578,38555676,723984426.9,610840701.2,748763637.5,2083588766,312912,60172,243517,616601
4/5/23,NYSE National (C),23188727,14131118,17534590,54854435,670082715.7,609860821,568717828.5,1848661365,335602,78768,227599,641969
4/5/23,FINRA / Nasdaq TRF Chicago (DB),5827902,2475125,10158280,18461307,216476970.3,101082718.7,625882322.7,943442011.8,25457,8166,45083,78706
4/5/23,FINRA / NYSE TRF (DN),289017690,240404500,665830072,1195252262,7718967967,7865603984,27048524802,42633096752,832464,463084,1457973,2753521
4/5/23,FINRA / Nasdaq TRF Carteret (DQ),1185101207,600251495,1444543244,3229895946,55130892158,32217386845,57809075870,1.45157E+11,8746288,1929702,7588598,18264588
4/5/23,MIAX Pearl (H),50534570,59423856,49938113,159896539,1220951700,2250430673,2014482072,5485864445,462655,212541,381499,1056695
4/5/23,EDGA Equities (J),67445428,36265502,60247800,163958730,2139866834,1511692891,2482158945,6133718669,850357,203776,692669,1746802
4/5/23,EDGX Equities (K),202505514,125221006,283560427,611286947,6539114712,5626135150,11176657420,23341907283,1753218,579570,1824876,4157664
4/5/23,LTSE (L),30392,33467,34907,98766,3046631.97,1781767.06,2092659.369,6921058.399,316,356,309,981
4/5/23,NYSE Chicago (M),10919993,14058562,12676045,37654600,758960341.4,1604082488,1623549764,3986592593,53340,4334,46768,104442
4/5/23,NYSE (N),914501005,47322996,76761928,1038585929,45055639297,3014554669,3544947907,51615141874,3557574,198889,601466,4357929
4/5/23,NYSE Arca (P),201136530,348599057,365998461,915734048,7955330581,20663132880,13828140486,42446603947,2178886,1471730,2906115,6556731
4/5/23,NASDAQ (Q),482895893,198262218,969903685,1651061796,22493958155,14564190023,51507447691,88565595869,6316638,1288092,7673345,15278075
4/5/23,Members Exchange (U),126761326,60424768,119552234,306738328,4253784673,3205025257,5169506416,12628316346,1399091,323848,1207141,2930080
4/5/23,Investors Exchange (V),123003821,26281034,90837030,240121885,7361926859,1734983880,5496029145,14592939885,1774804,168985,1300803,3244592
4/5/23,NASDAQ PSX (X),12910897,14919699,15547634,43378230,533072376.9,843480308.9,986332217.6,2362884903,180773,78155,219085,478013
4/5/23,BYX Equities (Y),38800450,33332445,34535173,106668068,984822661.1,1585444408,1234977065,3805244134,366741,149834,305569,822144
4/5/23,BZX Equities (Z),181191854,113344237,176794009,471330100,7359744633,7161854156,8889954369,23411553158,2285365,698201,1870233,4853799
4/4/23,NYSE American (A),11253768,17059805,6816098,35129671,427502849.9,475707406.3,322985084.2,1226195340,133404,77964,86030,297398
4/4/23,NASDAQ BX (B),14367566,9463721,12762850,36594137,657612051,605031834.1,593742498.8,1856386384,308750,57131,219555,585436
4/4/23,NYSE National (C),24447450,13781705,16302255,54531410,707247337.1,651887091.6,529260925,1888395354,343513,75140,221792,640445
4/4/23,FINRA / Nasdaq TRF Chicago (DB),6912194,2910312,10135360,19957866,235456351.7,136199171,583024463,954679985.7,30948,9115,44620,84683
4/4/23,FINRA / NYSE TRF (DN),348396136,249091781,633757894,1231245811,8935654510,8349480880,25941552251,43226687641,941051,493467,1378020,2812538
4/4/23,FINRA / Nasdaq TRF Carteret (DQ),1262978039,793346721,1432634323,3488959083,53925253597,39203421404,54756080343,1.47885E+11,8363301,2165603,6923930,17452834
4/4/23,MIAX Pearl (H),52511848,61712045,47298069,161521962,1250002758,2148330329,1662681873,5061014960,461319,216509,372242,1050070
4/4/23,EDGA Equities (J),71935397,35826524,52101728,159863649,2023025528,1581282254,2204948218,5809256001,836024,200990,618856,1655870
4/4/23,EDGX Equities (K),233298966,121000555,270894356,625193877,6851223567,5765637303,9967907232,22584768102,1839966,576956,1700793,4117715
4/4/23,LTSE (L),51822,32289,71133,155244,4610610.82,1465639.73,12020080.45,18096331,324,348,826,1498
4/4/23,NYSE Chicago (M),12195678,17214820,10583017,39993515,700677131,1581680850,1407678365,3690036346,53384,3629,44573,101586
4/4/23,NYSE (N),920858603,49955717,70487927,1041302247,43247267716,3128798442,2910825104,49286891263,3624559,196517,550483,4371559
4/4/23,NYSE Arca (P),213610331,337324558,333402065,884336954,7691819558,20530658002,11747417692,39969895252,2198191,1492521,2730912,6421624
4/4/23,NASDAQ (Q),502444564,200825602,942150443,1645420609,22007513349,15182525121,46872902354,84062940824,6323875,1295270,7325980,14945125
4/4/23,Members Exchange (U),134641811,58709822,120156536,313508169,4216765865,3314335895,4841655429,12372757189,1454316,330070,1201902,2986288
4/4/23,Investors Exchange (V),119588934,25990555,81928279,227507768,6821738959,1966376778,4926900165,13715015901,1767290,164895,1215723,3147908
4/4/23,NASDAQ PSX (X),11903905,14143291,13723937,39771133,454213940,909329021.1,878908212.6,2242451174,155316,79136,213182,447634
4/4/23,BYX Equities (Y),41071746,30537854,31612896,103222496,969860669.7,1556826054,1087053302,3613740026,377281,150526,295267,823074
4/4/23,BZX Equities (Z),186181024,111882216,155950949,454014189,7290438228,7024469072,7531174562,21846081862,2347332,722494,1806759,4876585
4/3/23,NYSE American (A),12275155,21107015,7930549,41312719,472699602.9,476500532.1,326145569.5,1275345705,138758,83150,93543,315451
4/3/23,NASDAQ BX (B),14543410,10169132,14654684,39367226,730778169.5,632265196.3,724075711.3,2087119077,320340,62513,243710,626563
4/3/23,NYSE National (C),24666113,14597494,19385495,58649102,699095650.9,623861208.7,534733394.1,1857690254,340671,78290,230214,649175
4/3/23,FINRA / Nasdaq TRF Chicago (DB),7592905,2820218,12097090,22510213,251338744.9,134468754.3,631408402.6,1017215902,32462,9550,49936,91948
4/3/23,FINRA / NYSE TRF (DN),334788237,265332413,752290987,1352411637,9082165742,8665437470,28851667752,46599270964,949517,540862,1514093,3004472
4/3/23,FINRA / Nasdaq TRF Carteret (DQ),1304411352,680535525,1659494615,3644441492,61248994167,35521677994,60317000691,1.57088E+11,8889393,2249015,7807983,18946391
4/3/23,MIAX Pearl (H),51635877,53245252,51268558,156149687,1346734381,2206680015,1815266843,5368681239,484295,204705,379353,1068353
4/3/23,EDGA Equities (J),74132980,35576856,58045810,167755646,2373731435,1620599585,2349731511,6344062531,938762,204893,716285,1859940
4/3/23,EDGX Equities (K),228554113,127994117,307536974,664085204,7253367871,5849305860,12117750727,25220424458,1888681,585400,1883728,4357809
4/3/23,LTSE (L),124330,17911,35595,177836,4700855.64,701792.54,2963246.02,8365894.2,625,221,408,1254
4/3/23,NYSE Chicago (M),9177080,12084096,12501265,33762441,693362898.2,1874623519,1814952598,4382939015,60100,3815,49425,113340
4/3/23,NYSE (N),950787097,43950186,75821003,1070558286,46085230020,2932117866,3225464393,52242812279,3763611,196854,613111,4573576
4/3/23,NYSE Arca (P),227269739,352937023,403458336,983665098,8282703489,22006196366,13434521843,43723421698,2299434,1477697,2928186,6705317
4/3/23,NASDAQ (Q),519652797,197218482,1028241264,1745112543,23143306916,15085774188,51035535206,89264616310,6597504,1319712,7855249,15772465
4/3/23,Members Exchange (U),133569097,56181746,130577297,320328140,4432354083,3179411817,5318574756,12930340656,1492719,327582,1268445,3088746
4/3/23,Investors Exchange (V),124076689,23432481,88930520,236439690,7176305582,1816979723,5229210668,14222495973,1770018,172411,1277708,3220137
4/3/23,NASDAQ PSX (X),13494278,12724792,14752522,40971592,556359914,814802597.1,862244438.3,2233406949,185294,78065,181015,444374
4/3/23,BYX Equities (Y),41194735,31556179,34675456,107426370,1157761599,1626789833,1286350664,4070902097,410021,156437,329777,896235
4/3/23,BZX Equities (Z),190711242,107966486,180252934,478930662,7851816056,7165833475,8383181472,23400831004,2514039,692364,1973147,5179550
3/31/23,NYSE American (A),9273703,24544727,7429064,41247494,333862749.5,519542578.1,319849784.2,1173255112,101739,77421,74625,253785
3/31/23,NASDAQ BX (B),13402770,9544614,14266801,37214185,610070779.4,787578643.1,802549388,2200198811,259785,56467,217743,533995
3/31/23,NYSE National (C),25536436,14495361,22701571,62733368,677813681.5,681335490.3,613122408.4,1972271580,339610,77112,246220,662942
3/31/23,FINRA / Nasdaq TRF Chicago (DB),6808494,2665270,12305393,21779157,250745117.7,124209034.6,635477323.2,1010431476,28685,7907,47678,84270
3/31/23,FINRA / NYSE TRF (DN),353295412,239914338,840150959,1433360709,8087385899,8951547185,31758145563,48797078646,897507,480108,1600002,2977617
3/31/23,FINRA / Nasdaq TRF Carteret (DQ),1337558203,722621846,1819179072,3879359121,55371953868,45984073139,65676717958,1.67033E+11,7986947,1997020,7590710,17574677
3/31/23,MIAX Pearl (H),52274442,49374160,50683684,152332286,1224404481,2429558426,2059213113,5713176020,441115,188130,406608,1035853
3/31/23,EDGA Equities (J),77002892,38189774,67332564,182525230,2202214116,1883828091,2672381633,6758423840,875555,201059,729527,1806141
3/31/23,EDGX Equities (K),219265144,127805876,366489122,713560142,6252069169,6334069932,13264586953,25850726054,1664813,520241,1915129,4100183
3/31/23,LTSE (L),102598,20076,79483,202157,7020062.76,3719150.8,11552647.86,22291861.42,247,202,485,934
3/31/23,NYSE Chicago (M),9309488,17021293,13712329,40043110,580254127.2,3322084177,1916222068,5818560372,45593,4129,43312,93034
3/31/23,NYSE (N),1186432718,48030593,79142536,1313605847,56105231352,3397360078,3467287904,62969879334,3503967,188542,598556,4291065
3/31/23,NYSE Arca (P),212181002,342983007,483962122,1039126131,7702260707,23218155036,13562816673,44483232415,2171500,1370169,2960556,6502225
3/31/23,NASDAQ (Q),482601214,198922065,1251644513,1933167792,21059202461,16506603209,65366932657,1.02933E+11,6027710,1227862,7970126,15225698
3/31/23,Members Exchange (U),129952911,55615733,143753880,329322524,4274517490,3268694706,5639451213,13182663408,1445268,289107,1315559,3049934
3/31/23,Investors Exchange (V),122431635,25742333,96593568,244767536,6528949908,1949270143,5589361328,14067581378,1607106,170821,1297903,3075830
3/31/23,NASDAQ PSX (X),12743475,13428754,17244679,43416908,491081369.2,1154558237,1137585671,2783225278,157032,76253,186931,420216
3/31/23,BYX Equities (Y),45184652,33063344,40443064,118691060,1081265789,1919356549,1481057320,4481679658,394355,150282,358197,902834
3/31/23,BZX Equities (Z),190921241,115320322,200141212,506382775,7339232414,8301006444,10120500231,25760739090,2328718,690019,2053014,5071751
3/30/23,NYSE American (A),8977423,17313550,6840245,33131218,302508916.1,392658146.3,270283907.5,965450970,100294,71151,70938,242383
3/30/23,NASDAQ BX (B),12546597,8967524,12804177,34318298,544053576.5,566648884.2,594616367.9,1705318829,208164,49252,176244,433660
3/30/23,NYSE National (C),21590818,12868352,17371512,51830682,554964052,511835916.2,482947460.3,1549747429,303568,65874,216277,585719
3/30/23,FINRA / Nasdaq TRF Chicago (DB),5911053,2582183,11337299,19830535,202758895.9,126534768.5,552576415.1,881870079.5,25431,7675,43886,76992
3/30/23,FINRA / NYSE TRF (DN),349164607,222681045,753323911,1325169563,8812273005,7421698603,27890449097,44124420705,874069,447563,1427636,2749268
3/30/23,FINRA / Nasdaq TRF Carteret (DQ),1232609447,570046603,1673507984,3476164034,50191344592,30252939566,58360846948,1.38805E+11,7524018,1894266,6957599,16375883
3/30/23,MIAX Pearl (H),50481582,47639368,45342088,143463038,1185208966,1975535535,1675251369,4835995871,423928,183795,362699,970422
3/30/23,EDGA Equities (J),64315127,31765219,54878775,150959121,1755793038,1369083456,2061174215,5186050709,721663,178224,601422,1501309
3/30/23,EDGX Equities (K),212788866,111721693,314690008,639200567,6110506945,5306293532,11051677912,22468478389,1630401,486507,1737565,3854473
3/30/23,LTSE (L),26831,212192,375214,614237,2971195.47,10687526.02,6259570.055,19918291.55,340,129,465,934
3/30/23,NYSE Chicago (M),13724053,14926492,15691802,44342347,831860892.9,1799893460,2752462901,5384217254,45541,3668,42860,92069
3/30/23,NYSE (N),803748218,42448370,70347483,916544071,35224795814,2570228436,2889202014,40684226264,3251214,165820,545381,3962415
3/30/23,NYSE Arca (P),214565190,304210031,388897123,907672344,7266775905,18386449041,11596942384,37250167331,2026360,1280862,2685656,5992878
3/30/23,NASDAQ (Q),458359380,175706792,993891353,1627957525,19349629358,12946018812,45607485752,77903133922,5708361,1108135,7284742,14101238
3/30/23,Members Exchange (U),123721621,54989580,131580901,310292102,3850074311,2921104393,4803893084,11575071788,1338008,281974,1229938,2849920
3/30/23,Investors Exchange (V),107688050,24153688,92706815,224548553,5946518207,1653275298,5224113012,12823906517,1562479,154655,1247143,2964277
3/30/23,NASDAQ PSX (X),13858177,11720104,14412286,39990567,530529211.8,739125370.8,907518677.5,2177173260,150771,65695,176677,393143
3/30/23,BYX Equities (Y),37086122,29806895,32687855,99580872,874123732.3,1475353757,1098607169,3448084658,348296,140867,306409,795572
3/30/23,BZX Equities (Z),176554345,103414066,172458053,452426464,6516816835,6623257978,7969659317,21109734131,2137486,625603,1792705,4555794
3/29/23,NYSE American (A),9592693,16136722,7167428,32896843,332777458.7,405425707.2,334984172.8,1073187339,105870,69725,73443,249038
3/29/23,NASDAQ BX (B),13156576,10013609,13409590,36579775,548276436.7,640732171.6,668348894.4,1857357503,206149,53910,165817,425876
3/29/23,NYSE National (C),21697680,13459341,18191774,53348795,555242344.7,569707158.2,546452479.6,1671401983,289381,71842,203065,564288
3/29/23,FINRA / Nasdaq TRF Chicago (DB),6473761,2522677,9913635,18910073,203898717.6,98328071.83,571537779.6,873764569,24662,7129,42674,74465
3/29/23,FINRA / NYSE TRF (DN),388050419,234017500,709042820,1331110739,8307419830,7798388296,28114346431,44220154557,859440,461223,1386643,2707306
3/29/23,FINRA / Nasdaq TRF Carteret (DQ),1239857461,733788455,1526999740,3500645656,48221137894,38253899226,56279804182,1.42755E+11,7667792,1897599,6840287,16405678
3/29/23,MIAX Pearl (H),51232532,48554395,48637380,148424307,1070585782,2013589763,1738040647,4822216192,423937,181743,339548,945228
3/29/23,EDGA Equities (J),67133892,35439430,57694712,160268034,1814235417,1545700858,2267771760,5627708035,754007,188781,613203,1555991
3/29/23,EDGX Equities (K),229534997,116828335,282953679,629317011,6003740572,5437176147,11492072064,22932988783,1638288,502250,1672322,3812860
3/29/23,LTSE (L),25889,37992,43985,107866,3395189.443,2846480.86,3995871.915,10237542.22,370,374,573,1317
3/29/23,NYSE Chicago (M),11493037,12558812,15697788,39749637,834936240.8,1530348666,1619001222,3984286128,49948,3639,44310,97897
3/29/23,NYSE (N),899834309,43340979,73658170,1016833458,40039219696,2796664280,3202687786,46038571762,3218934,167779,539679,3926392
3/29/23,NYSE Arca (P),220466129,320713577,390507740,931687446,6830315917,20208731761,12666009916,39705057594,2033197,1285442,2621486,5940125
3/29/23,NASDAQ (Q),471894038,193806321,991456788,1657157147,19684076578,13975010033,52482327855,86141414467,5779386,1142262,7201691,14123339
3/29/23,Members Exchange (U),125535308,56996868,122390542,304922718,3758519889,3026599363,4876284015,11661403267,1322231,280495,1153200,2755926
3/29/23,Investors Exchange (V),115523165,27550667,89225319,232299151,6110738999,1949769152,5168701491,13229209642,1581191,161958,1238344,2981493
3/29/23,NASDAQ PSX (X),12398900,12467673,15697750,40564323,454326688,835668227.7,944080378.2,2234075294,155802,69285,169219,394306
3/29/23,BYX Equities (Y),41865299,32895687,34717005,109477991,928816739.6,1780141193,1304876558,4013834491,355657,150267,299774,805698
3/29/23,BZX Equities (Z),183451913,108089392,184395049,475936354,6444729732,6973407060,8474653465,21892790257,2161948,624232,1803018,4589198
3/28/23,NYSE American (A),10122787,15635375,6853766,32611928,339117098.1,389403074.4,304178611.6,1032698784,109983,68647,78509,257139
3/28/23,NASDAQ BX (B),13177723,7653635,11841492,32672850,510177416.2,445084305.5,631283199.1,1586544921,205259,46483,165325,417067
3/28/23,NYSE National (C),20850226,10915872,14719081,46485179,516229785.5,476927576.1,466638367.5,1459795729,285775,65348,189871,540994
3/28/23,FINRA / Nasdaq TRF Chicago (DB),6135032,2096752,9031254,17263038,229451216.6,136290323.8,543152692.5,908894232.9,26367,7030,39819,73216
3/28/23,FINRA / NYSE TRF (DN),399017454,219055781,583075719,1201148954,9190201674,7516860678,24555480034,41262542386,898729,432750,1269222,2600701
3/28/23,FINRA / Nasdaq TRF Carteret (DQ),1217217366,543591386,1432706453,3193515205,46537681289,29573074392,52138643249,1.28249E+11,7443440,1779765,6492234,15715439
3/28/23,MIAX Pearl (H),49453565,47219695,44249776,140923036,1024223664,1878037000,1567876778,4470137442,411372,179009,324881,915262
3/28/23,EDGA Equities (J),62553772,33069041,50336963,145959776,1674775058,1500043373,2159304453,5334122884,720930,185201,583849,1489980
3/28/23,EDGX Equities (K),225554260,102072470,237861049,565487779,6033360161,4763098885,9548793397,20345252443,1627084,470733,1562750,3660567
3/28/23,LTSE (L),36098,20888,36561,93547,4862814.676,746313.18,2874795.613,8483923.469,483,233,478,1194
3/28/23,NYSE Chicago (M),12047185,17167762,12448542,41663489,728918963.2,1743264295,1389454991,3861638249,49593,4085,46070,99748
3/28/23,NYSE (N),797941993,39444124,67744438,905130555,34454443981,2376810517,2721520704,39552775202,3132122,160825,512004,3804951
3/28/23,NYSE Arca (P),223577551,310467465,341749073,875794089,6930010990,17645253029,11905657035,36480921054,2027407,1258048,2560322,5845777
3/28/23,NASDAQ (Q),462141196,164552716,842578073,1469271985,18774279611,11622854820,41197689072,71594823503,5519695,1034616,6753552,13307863
3/28/23,Members Exchange (U),126605566,51590557,110673550,288869673,3824018567,2893366868,4485321390,11202706825,1310214,287134,1125569,2722917
3/28/23,Investors Exchange (V),111537945,21432346,84160164,217130455,5792469618,1416372637,4663373268,11872215522,1494920,143753,1160069,2798742
3/28/23,NASDAQ PSX (X),12223024,11153896,14326166,37703086,432718952.7,706138103.9,824510212.2,1963367269,145218,62936,160686,368840
3/28/23,BYX Equities (Y),41974211,28052570,30621993,100648774,898511632.6,1347598028,1179456900,3425566560,349482,135400,276223,761105
3/28/23,BZX Equities (Z),180420254,94861296,153426109,428707659,6236145708,6167715439,7343929794,19747790941,2102708,579282,1703055,4385045
3/27/23,NYSE American (A),10573078,16030752,6065258,32669088,363931091.4,473462474.7,313729791,1151123357,114858,71802,74265,260925
3/27/23,NASDAQ BX (B),14471440,9727994,12841209,37040643,649073023.7,632448454.4,748916057.2,2030437535,257666,61324,198963,517953
3/27/23,NYSE National (C),23484998,11900213,16703381,52088592,631493316.7,511586651.1,532732637.9,1675812606,336783,70604,223830,631217
3/27/23,FINRA / Nasdaq TRF Chicago (DB),6469869,2478906,9242644,18191419,184281869.8,125368291.2,617233234.7,926883395.7,26642,7805,44585,79032
3/27/23,FINRA / NYSE TRF (DN),361911944,228736811,661758963,1252407718,7801522978,7950707583,28308847939,44061078500,891021,449708,1364006,2704735
3/27/23,FINRA / Nasdaq TRF Carteret (DQ),1268973816,640339865,1472132387,3381446068,51883829183,35362446891,55510248563,1.42757E+11,7945254,1955212,6819309,16719775
3/27/23,MIAX Pearl (H),50913856,49675490,44655649,145244995,1032303291,1879962392,1558199698,4470465381,416609,180533,334116,931258
3/27/23,EDGA Equities (J),67038955,37418233,53103239,157560427,1874008083,1699130682,2227994391,5801133157,794600,199828,613883,1608311
3/27/23,EDGX Equities (K),215566633,118838757,262041524,596446914,6001445228,5859659899,10849751363,22710856490,1738027,553645,1670537,3962209
3/27/23,LTSE (L),32338,13314,34440,80092,3668581.922,597440.26,2763912.82,7029935.002,414,138,482,1034
3/27/23,NYSE Chicago (M),10029150,12713098,9912985,32655233,756326907.3,1162420434,1175343134,3094090476,57388,3745,51187,112320
3/27/23,NYSE (N),912328134,45497489,68154412,1025980035,40937834991,2808080006,2733116892,46479031889,3564525,186977,540336,4291838
3/27/23,NYSE Arca (P),218930068,332819081,368303426,920052575,7360581178,19335535525,11665483046,38361599750,2255432,1466810,2656197,6378439
3/27/23,NASDAQ (Q),494877162,194175711,917685595,1606738468,20372327563,14506684510,47082808392,81961820464,6304743,1268722,7355713,14929178
3/27/23,Members Exchange (U),132708519,57462019,117109451,307279989,4105852447,3143298725,4828302243,12077453414,1434550,322943,1164245,2921738
3/27/23,Investors Exchange (V),121344080,24613443,85633178,231590701,6185440174,1845834194,4789967275,12821241643,1655128,174558,1184597,3014283
3/27/23,NASDAQ PSX (X),14257406,12038599,14291208,40587213,519303923,783670632.9,854908533.6,2157883090,167498,68091,163015,398604
3/27/23,BYX Equities (Y),41403418,30005844,33008929,104418191,1019964815,1688258101,1225501220,3933724137,416741,145149,320650,882540
3/27/23,BZX Equities (Z),179075953,110303039,157984636,447363628,6680631100,7297410463,7493287300,21471328862,2293509,712493,1735415,4741417
3/24/23,NYSE American (A),9782910,18793362,6050750,34627022,303737423.6,524533229,302490291.9,1130760944,108211,82178,73333,263722
3/24/23,NASDAQ BX (B),15468566,10301355,14594717,40364638,644180938.6,733918710.1,818003773.4,2196103422,243786,66072,204652,514510
3/24/23,NYSE National (C),28200542,14374948,18345769,60921259,743165786,641340065,631325056.1,2015830907,376214,91679,242884,710777
3/24/23,FINRA / Nasdaq TRF Chicago (DB),6712923,3125609,9600161,19438693,214978621.4,250678548.2,590814523.6,1056471693,27380,9616,43119,80115
3/24/23,FINRA / NYSE TRF (DN),419997792,264288343,615244741,1299530876,8507417688,9949722835,30024673910,48481814433,932964,494836,1342964,2770764
3/24/23,FINRA / Nasdaq TRF Carteret (DQ),1325683634,653787395,1418365912,3397836941,50959787364,38108281118,57624767447,1.46693E+11,8265387,2164527,6950863,17380777
3/24/23,MIAX Pearl (H),57161926,77875104,54206661,189243691,1050613083,2894095680,2115064680,6059773443,444180,275823,379922,1099925
3/24/23,EDGA Equities (J),65403098,41094335,53453894,159951327,1860707490,1868327765,2525397889,6254433143,780173,243699,611849,1635721
3/24/23,EDGX Equities (K),248617527,144051336,272407720,665076583,6461733400,7789924501,12045771299,26297429201,1923543,702399,1808967,4434909
3/24/23,LTSE (L),46348,19431,33349,99128,4080713.23,746434.77,2014400.753,6841548.753,409,165,418,992
3/24/23,NYSE Chicago (M),13109437,16259788,13400266,42769491,967482914.8,1871079604,1621529662,4460092180,91802,8014,86218,186034
3/24/23,NYSE (N),979807711,53798140,75941209,1109547060,42404698024,3670971104,3176857331,49252526458,4077176,231418,587221,4895815
3/24/23,NYSE Arca (P),264386169,423945757,347258727,1035590653,8015472806,26042272171,13704003570,47761748547,2493826,1877887,2876262,7247975
3/24/23,NASDAQ (Q),567559568,254395905,1008516908,1830472381,22945368315,19065431187,53967399297,95978198799,7006334,1756424,8175423,16938181
3/24/23,Members Exchange (U),148178414,72349130,123419021,343946565,4446190701,4219276252,5522843441,14188310395,1584744,425342,1282252,3292338
3/24/23,Investors Exchange (V),139302294,25480050,95481383,260263727,7227833403,1797597287,5496502922,14521933613,1819914,182115,1288184,3290213
3/24/23,NASDAQ PSX (X),15913954,15782443,17937883,49634280,597621197.7,1061370099,1206422645,2865413942,196277,90909,210301,497487
3/24/23,BYX Equities (Y),47280514,32852302,34639710,114772526,1159532190,2035244905,1360039622,4554816717,419935,185807,319687,925429
3/24/23,BZX Equities (Z),210626787,144989637,176647987,532264411,7506407394,9801048324,9525863591,26833319310,2596886,1006489,2003245,5606620
3/23/23,NYSE American (A),11648993,21050120,8803760,41502873,386759750.6,712000817,405388638.7,1504149206,124515,92548,90710,307773
3/23/23,NASDAQ BX (B),17982428,11921115,16343129,46246672,825181388.3,745347420.9,989612194.1,2560141003,279853,73264,235775,588892
3/23/23,NYSE National (C),32341372,17454919,25626446,75422737,798954964.8,729034511.1,689073489.8,2217062966,410910,103513,278510,792933
3/23/23,FINRA / Nasdaq TRF Chicago (DB),9580304,3334677,11844887,24759868,296143339.7,238872526.8,783832459.2,1318848326,37376,9886,55374,102636
3/23/23,FINRA / NYSE TRF (DN),463544528,288857764,735562002,1487964294,10613448003,10939095485,34700362093,56252905581,1085086,551948,1576656,3213690
3/23/23,FINRA / Nasdaq TRF Carteret (DQ),1398666641,705612583,1558300565,3662579789,54685309089,40863597551,63666950811,1.59216E+11,8817080,2210095,7621165,18648340
3/23/23,MIAX Pearl (H),64828456,67403808,62455144,194687408,1271196041,3106733819,2700843146,7078773005,504926,289981,468563,1263470
3/23/23,EDGA Equities (J),75794449,45996308,63752077,185542834,2093484912,2128801044,3070725373,7293011330,847242,256220,706993,1810455
3/23/23,EDGX Equities (K),280872261,164880600,320852050,766604911,7733848350,8701140842,14101324687,30536313879,2157946,773361,2050063,4981370
3/23/23,LTSE (L),51520,11716,104964,168200,7270371.66,797770.79,9262268.759,17330411.21,655,89,712,1456
3/23/23,NYSE Chicago (M),17887644,21013335,22564522,61465501,1465969702,1448108280,3457861244,6371939226,96498,6488,85081,188067
3/23/23,NYSE (N),1076634369,65437233,91469523,1233541125,47918321070,4463128691,3947453843,56328903605,4628001,269509,668751,5566261
3/23/23,NYSE Arca (P),285477295,479689334,393603401,1158770030,8876405726,29402205267,16093492201,54372103194,2709658,2073662,3257480,8040800
3/23/23,NASDAQ (Q),615401059,285473042,1110720159,2011594260,25238760761,21558069052,62289484147,1.09086E+11,7698108,1932292,9304505,18934905
3/23/23,Members Exchange (U),164877003,87764607,150359929,403001539,4923520181,4823931483,6771209427,16518661091,1704138,493449,1463627,3661214
3/23/23,Investors Exchange (V),149807559,31650192,106255384,287713135,7861084281,2155699047,6319752631,16336535960,1979450,209805,1419518,3608773
3/23/23,NASDAQ PSX (X),19322344,17755800,20773523,57851667,772746344.7,1234652276,1446885845,3454284465,234758,108392,247083,590233
3/23/23,BYX Equities (Y),56444245,41648335,42294756,140387336,1370231685,2244120929,1716271594,5330624208,476653,202366,378028,1057047
3/23/23,BZX Equities (Z),231770846,163250485,199729761,594751092,8366875687,11351102547,10894728300,30612706534,2775843,1082058,2228190,6086091
3/22/23,NYSE American (A),10351623,19940733,8665858,38958214,342468666.8,619950075.3,404437518.5,1366856261,109084,91927,83686,284697
3/22/23,NASDAQ BX (B),16914724,11352805,17335745,45603274,711765166.3,713364438.4,962935527.8,2388065133,273759,70728,234047,578534
3/22/23,NYSE National (C),25840798,16144491,21788178,63773467,644001704.2,653312498.3,626827176.8,1924141379,342530,93157,245931,681618
3/22/23,FINRA / Nasdaq TRF Chicago (DB),7236171,3099810,11952125,22288106,238476921.2,227310404.4,840490303.8,1306277629,33233,8974,54160,96367
3/22/23,FINRA / NYSE TRF (DN),395497664,273719341,789716462,1458933467,8377578227,9759569380,39251374885,57388522492,988421,526700,1659867,3174988
3/22/23,FINRA / Nasdaq TRF Carteret (DQ),1272270598,664493408,1564099504,3500863510,49717819517,39635897587,65591618379,1.54945E+11,8350898,2103784,7498960,17953642
3/22/23,MIAX Pearl (H),58933353,63784703,55654171,178372227,1164236862,2729285129,2362747740,6256269731,472464,293649,427724,1193837
3/22/23,EDGA Equities (J),72536875,45951156,69318808,187806839,2026843130,2147845249,3275273170,7449961550,844744,258731,726726,1830201
3/22/23,EDGX Equities (K),257606631,152311303,325005473,734923407,6975495568,8261486663,15196898334,30433880565,2026891,735810,2070563,4833264
3/22/23,LTSE (L),123576,13566,174188,311330,11755120.61,861580.36,17786752.64,30403453.61,1049,84,2191,3324
3/22/23,NYSE Chicago (M),20919101,15810690,19218283,55948074,1577707680,2269820574,2492188852,6339717106,113472,6886,94084,214442
3/22/23,NYSE (N),1008894793,61985205,97755633,1168635631,43547396511,3953134234,4253245395,51753776140,4409583,249854,660077,5319514
3/22/23,NYSE Arca (P),260912531,448625761,435791096,1145329388,8315848536,27905693845,16452854014,52674396395,2592530,1979462,3196818,7768810
3/22/23,NASDAQ (Q),566219555,286604765,1088249068,1941073388,23090335410,22449213848,59973674088,1.05513E+11,7324369,1912167,9072477,18309013
3/22/23,Members Exchange (U),157534924,82504752,153174744,393214420,4626214110,4583749784,6883381579,16093345474,1648454,459295,1442888,3550637
3/22/23,Investors Exchange (V),140938238,27068395,104739194,272745827,7421856897,2089623727,6360784305,15872264928,1865024,184183,1369715,3418922
3/22/23,NASDAQ PSX (X),17084769,19776104,23678073,60538946,626520017.2,1411466806,1598247380,3636234204,205018,120872,254169,580059
3/22/23,BYX Equities (Y),46664487,37015288,42109190,125788965,1150435488,2051360153,1720596719,4922392359,432150,176215,365049,973414
3/22/23,BZX Equities (Z),211115229,162586660,202841780,576543669,7651920639,11423344656,11021661046,30096926341,2610892,1066680,2205858,5883430
3/21/23,NYSE American (A),9921514,21601927,7457972,38981413,346590139.3,575791127.8,338555003.6,1260936271,116584,87788,86253,290625
3/21/23,NASDAQ BX (B),18173737,11449680,14973550,44596967,695059083.6,605368754.6,732904138.8,2033331977,256800,73807,208795,539402
3/21/23,NYSE National (C),27205941,14827290,20042911,62076142,665162165.1,583954427.3,562633664.6,1811750257,360797,88421,252043,701261
3/21/23,FINRA / Nasdaq TRF Chicago (DB),8129805,2477391,11104571,21711767,265327579,127458017.3,660725014.7,1053510611,33724,8039,48864,90627
3/21/23,FINRA / NYSE TRF (DN),420014696,238185501,656110666,1314310863,8408632108,8330885024,31495154712,48234671844,992517,471582,1491552,2955651
3/21/23,FINRA / Nasdaq TRF Carteret (DQ),1476885106,724656531,1627189165,3828730802,56048306242,43124499560,66395593779,1.65568E+11,8955259,2098120,7736146,18789525
3/21/23,MIAX Pearl (H),52503594,61732387,47316128,161552109,1056238151,2651555078,1680953749,5388746979,450081,248171,399058,1097310
3/21/23,EDGA Equities (J),70326070,40386809,56358118,167070997,1976653387,1754019362,2341503046,6072175794,834917,228097,669914,1732928
3/21/23,EDGX Equities (K),269607441,134171113,297692613,701471167,7209986556,6575930917,13621927042,27407844515,1985933,622811,1928345,4537089
3/21/23,LTSE (L),32461,15004,59358,106823,3574645.68,3466329.78,5826258.263,12867233.72,479,185,839,1503
3/21/23,NYSE Chicago (M),17114297,15382116,18061418,50557831,1359602058,1862392931,2635764730,5857759719,73996,6419,63940,144355
3/21/23,NYSE (N),1146346109,49510547,80778081,1276634737,54046889521,3210591995,3659058404,60916539920,4097419,208027,629430,4934876
3/21/23,NYSE Arca (P),260862850,374729895,367291055,1002883800,8505596031,22556567431,13798637842,44860801303,2622750,1611957,2991293,7226000
3/21/23,NASDAQ (Q),565602480,220634753,1121632413,1907869646,23172791363,15905739564,60055689277,99134220204,7028953,1436188,8406827,16871968
3/21/23,Members Exchange (U),151088540,72323940,136626947,360039427,4633666877,4114173971,5780830705,14528671553,1669514,407486,1394994,3471994
3/21/23,Investors Exchange (V),149622881,30060988,112836809,292520678,7848695917,2081314052,6413041089,16343051059,1978578,185118,1427942,3591638
3/21/23,NASDAQ PSX (X),16135249,15296457,17318021,48749727,596116818.6,1000574370,979270773.5,2575961962,205630,94705,218409,518744
3/21/23,BYX Equities (Y),51638015,39857303,37990351,129485669,1160060020,1809558346,1431458848,4401077214,447228,179659,354317,981204
3/21/23,BZX Equities (Z),206379271,130985728,191396283,528761282,7491859618,8362893267,9328106220,25182859105,2551905,810990,2099680,5462575
3/20/23,NYSE American (A),10152809,24113726,7391696,41658231,327823437,668199999.7,315767655.5,1311791092,119589,98990,84070,302649
3/20/23,NASDAQ BX (B),17390915,9882924,15955166,43229005,707683787.8,548576904.5,794489493,2050750185,277289,56105,215230,548624
3/20/23,NYSE National (C),29959999,13526552,19472971,62959522,705509157.8,599637712.4,577691509.3,1882838380,409059,86759,270259,766077
3/20/23,FINRA / Nasdaq TRF Chicago (DB),7517217,2488344,11989542,21995103,198923656.9,141696850.2,619953681.9,960574188.9,31675,7941,47360,86976
3/20/23,FINRA / NYSE TRF (DN),430170953,251219676,735908673,1417299302,8386387914,9291500421,30177592994,47855481329,999460,498437,1475939,2973836
3/20/23,FINRA / Nasdaq TRF Carteret (DQ),1542918486,656842881,1596794772,3796556139,57613968503,37208382094,61360063686,1.56182E+11,9221555,2074218,7670169,18965942
3/20/23,MIAX Pearl (H),62502373,72760994,59376525,194639892,1226524909,2951444290,2244585685,6422554884,509885,280474,440917,1231276
3/20/23,EDGA Equities (J),76254022,40849517,61591789,178695328,1962015350,1740523607,2431321197,6133860153,883521,232752,694747,1811020
3/20/23,EDGX Equities (K),286409411,137790408,301030252,725230071,6852013039,7205724320,11950697393,26008434751,2086611,691637,1911013,4689261
3/20/23,LTSE (L),36481,6507,119132,162120,4444293.13,266157.4675,24667927.19,29378377.79,512,67,930,1509
3/20/23,NYSE Chicago (M),20362923,14076179,18232601,52671703,1430894592,2198966807,2528835019,6158696418,93802,8395,78627,180824
3/20/23,NYSE (N),1228624075,62207108,85749292,1376580475,54551655037,3882788136,3630688784,62065131957,4293658,256255,654930,5204843
3/20/23,NYSE Arca (P),308182679,402664372,428804713,1139651764,8826452498,24699581862,13781526754,47307561113,2769322,1850383,3117763,7737468
3/20/23,NASDAQ (Q),652806746,252721565,1176267016,2081795327,24205945417,18899909137,59487064200,1.02593E+11,7521402,1766966,8877376,18165744
3/20/23,Members Exchange (U),174301210,80066697,143548860,397916767,5033563207,4732063500,6000785982,15766412690,1828702,465561,1473982,3768245
3/20/23,Investors Exchange (V),170078422,27438755,106022122,303539299,7690894309,1950555565,5922267139,15563717014,2091902,197967,1446479,3736348
3/20/23,NASDAQ PSX (X),18341560,17579368,19641034,55561962,684213791.2,1296074928,1125269822,3105558541,227643,110320,232539,570502
3/20/23,BYX Equities (Y),55066644,33087588,39975170,128129402,1191694534,1667704889,1435878089,4295277512,477457,167331,355866,1000654
3/20/23,BZX Equities (Z),225158873,139562469,195500544,560221886,7893258170,9214606157,9182753511,26290617838,2710785,856687,2083456,5650928
3/17/23,NYSE American (A),13992970,106835384,8695198,129523552,458840045.5,1216336366,408031259.7,2083207671,147668,120331,99668,367667
3/17/23,NASDAQ BX (B),20282318,14577699,19780801,54640818,887438177.4,792814799,994282706.1,2674535682,335598,77679,262570,675847
3/17/23,NYSE National (C),40416545,23967271,25259772,89643588,1087081744,924216897.8,751315414.1,2762614056,511213,124148,310335,945696
3/17/23,FINRA / Nasdaq TRF Chicago (DB),7882491,2983386,10962041,21827918,245320417.3,178848808.3,680591476.3,1104760702,33480,9167,51513,94160
3/17/23,FINRA / NYSE TRF (DN),385981800,267205972,723799704,1376987476,9224478254,10421678900,33158160846,52804318000,1073752,545999,1552141,3171892
3/17/23,FINRA / Nasdaq TRF Carteret (DQ),2405162427,988390589,2224386938,5617939954,1.00266E+11,63152359045,1.00152E+11,2.63571E+11,10420609,2508950,8442357,21371916
3/17/23,MIAX Pearl (H),70679812,88161944,72392433,231234189,1457300238,3500696443,2500094490,7458091171,592753,390161,519185,1502099
3/17/23,EDGA Equities (J),90342905,57470280,71263502,219076687,2505693976,2607171028,3424977802,8537842806,1043615,311872,815078,2170565
3/17/23,EDGX Equities (K),320136210,184194922,325972295,830303427,8937456143,9541874673,14370866280,32850197096,2603551,894865,2269651,5768067
3/17/23,LTSE (L),34215,5277,70084,109576,5101275.51,185682.64,9559684.103,14846642.25,459,66,907,1432
3/17/23,NYSE Chicago (M),30221029,23420006,30408787,84049822,2018514109,3185978678,4235068838,9439561626,104759,10034,89066,203859
3/17/23,NYSE (N),3926633916,84299043,111173304,4122106263,1.82574E+11,5546798817,5204880919,1.93325E+11,5265260,351946,861072,6478278
3/17/23,NYSE Arca (P),330872563,530109205,468457536,1329439304,11904055046,35063800071,17901022622,64868877740,3528049,2448461,3701610,9678120
3/17/23,NASDAQ (Q),770003797,339785277,3065464989,4175254063,31120528648,24914782422,1.39077E+11,1.95112E+11,9158426,2339569,10266296,21764291
3/17/23,Members Exchange (U),207334791,99967469,179566912,486869172,6457145039,5830496749,7881337316,20168979103,2278745,603052,1798377,4680174
3/17/23,Investors Exchange (V),190794130,39704276,125287206,355785612,9426765215,2578636562,6947432239,18952834016,2366478,251796,1636606,4254880
3/17/23,NASDAQ PSX (X),28445239,24401943,26012451,78859633,1151838602,1590385623,1664187641,4406411866,322011,142714,295445,760170
3/17/23,BYX Equities (Y),73110780,51868949,46961696,171941425,1561664779,2711182635,1844283341,6117130754,566554,239953,428115,1234622
3/17/23,BZX Equities (Z),284615562,187736530,241676962,714029054,11245902177,12522885015,12795841936,36564629129,3487613,1139437,2710550,7337600
3/16/23,NYSE American (A),14340874,25658570,10694375,50693819,564924364.5,822023218.2,610304784.8,1997252368,165541,112933,122247,400721
3/16/23,NASDAQ BX (B),22074608,14543124,20482051,57099783,924396553,909682355.6,1131686850,2965765759,358552,84591,284959,728102
3/16/23,NYSE National (C),38625126,19867834,26598866,85091826,976790894.5,895831304.5,831189713.8,2703811913,498997,120082,335384,954463
3/16/23,FINRA / Nasdaq TRF Chicago (DB),8677493,2575725,11778077,23031295,268662690.1,144232724.4,762446289.9,1175341704,38331,8083,53986,100400
3/16/23,FINRA / NYSE TRF (DN),404043964,262256249,751094992,1417395205,10626027533,9967486101,33096244913,53689758548,1145193,522440,1649798,3317431
3/16/23,FINRA / Nasdaq TRF Carteret (DQ),1592110760,797294580,1731738457,4121143797,64896499460,49942435131,75443375932,1.90282E+11,10536841,2415805,8722430,21675076
3/16/23,MIAX Pearl (H),72475774,84170272,74556117,231202163,1568065283,3950324138,3470763040,8989152461,610393,411184,563674,1585251
3/16/23,EDGA Equities (J),91230039,57822396,75253898,224306333,2652427154,2801238782,3969838722,9423504658,1097618,345882,878787,2322287
3/16/23,EDGX Equities (K),314887491,201386792,349893523,866167806,9095627253,10888664469,16846758361,36831050084,2597819,948220,2423158,5969197
3/16/23,LTSE (L),140269,6624,74852,221745,8089281.37,297440.0348,15869436.91,24256158.31,460,54,1085,1599
3/16/23,NYSE Chicago (M),25480878,23057507,29053027,77591412,1468962395,2455582692,4070772921,7995318008,99354,8292,89248,196894
3/16/23,NYSE (N),1262089351,90500938,116258323,1468848612,56927976900,6148265012,5811284316,68887526227,5352501,363178,848482,6564161
3/16/23,NYSE Arca (P),328859481,570584549,429909125,1329353155,11645837584,38028775952,19942026457,69616639993,3506323,2576911,3828606,9911840
3/16/23,NASDAQ (Q),749624104,360462125,1264057009,2374143238,31320317462,27425846968,71870096017,1.30616E+11,9433367,2504500,10576581,22514448
3/16/23,Members Exchange (U),201351983,108290885,173444808,483087676,6316789637,6567098782,8407637394,21291525813,2219281,632100,1775641,4627022
3/16/23,Investors Exchange (V),192988068,34967339,131257560,359212967,9785728790,2589582852,7814519392,20189831035,2428037,231724,1695771,4355532
3/16/23,NASDAQ PSX (X),23196746,25416694,26347193,74960633,933342630.9,1758652819,1738591774,4430587224,284384,142787,296136,723307
3/16/23,BYX Equities (Y),64849403,41854310,45377230,152080943,1455868214,2557399313,1980635792,5993903318,566453,224667,432089,1223209
3/16/23,BZX Equities (Z),273034381,196586381,243986074,713606836,10283872312,13901310056,13982490538,38167672906,3458228,1221745,2736982,7416955
3/15/23,NYSE American (A),17280769,35172127,12226836,64679732,554842634.3,1302647081,510994691.2,2368484406,170346,153866,116979,441191
3/15/23,NASDAQ BX (B),24837619,17617201,24787610,67242430,1092372013,1101053010,1212950502,3406375524,412926,108540,318946,840412
3/15/23,NYSE National (C),42997052,22767009,28582946,94347007,974375832.2,921341036.5,835253690.6,2730970559,536790,133824,352036,1022650
3/15/23,FINRA / Nasdaq TRF Chicago (DB),10939474,3523235,11960800,26423509,307939219.1,236140198,632868237.5,1176947655,43416,11224,52469,107109
3/15/23,FINRA / NYSE TRF (DN),477085129,298119513,780089852,1555294494,11691080234,11357221711,31748578899,54796880844,1258761,628198,1593452,3480411
3/15/23,FINRA / Nasdaq TRF Carteret (DQ),1812710084,873320504,1805969720,4492000308,70744704771,53714898494,70019833909,1.94479E+11,11151427,3021667,8515029,22688123
3/15/23,MIAX Pearl (H),88350722,117534783,92647406,298532911,1808845500,5024793351,3383060058,10216698909,706474,545360,657844,1909678
3/15/23,EDGA Equities (J),106864850,72884906,85132441,264882197,2807834888,3199485606,3868980252,9876300747,1221113,425102,913739,2559954
3/15/23,EDGX Equities (K),357644980,240397001,383362366,981404347,9874197335,12761498627,15809829433,38445525395,2814510,1167433,2516543,6498486
3/15/23,LTSE (L),66552,4838,74119,145509,9277607.775,216482.86,10131094,19625184.64,783,49,845,1677
3/15/23,NYSE Chicago (M),25785866,23965661,16576775,66328302,1677958351,3312730513,2187518360,7178207224,125795,10199,96757,232751
3/15/23,NYSE (N),1472781566,128843957,133602464,1735227987,63527413423,8652905014,5973760278,78154078715,6131129,510386,943671,7585186
3/15/23,NYSE Arca (P),418578652,739069668,508671281,1666319601,13467314615,45107039560,21077013671,79651367846,4005020,3340355,4257213,11602588
3/15/23,NASDAQ (Q),850664871,448326999,1376742032,2675733902,33974910308,32697493441,71748683381,1.38421E+11,10369369,3089268,11278270,24736907
3/15/23,Members Exchange (U),240785533,132000375,193312214,566098122,6977166398,8111754959,8454185453,23543106809,2483165,808821,1911198,5203184
3/15/23,Investors Exchange (V),215039111,45747721,135008572,395795404,10354692515,3157246607,7535998466,21047937588,2668429,292815,1725657,4686901
3/15/23,NASDAQ PSX (X),26840592,37984889,29122943,93948424,1098895746,2457363618,1792694685,5348954049,311688,216283,305089,833060
3/15/23,BYX Equities (Y),81709601,56692887,51463519,189866007,1623407511,3145845324,1962336526,6731589362,653818,285322,477078,1416218
3/15/23,BZX Equities (Z),320742829,255162611,257540519,833445959,11206181495,16826062750,12820845968,40853090213,3864288,1580251,2822565,8267104
3/14/23,NYSE American (A),13992580,26763715,11174586,51930881,539980381.9,824809415.2,519189932,1883979729,158880,114749,117891,391520
3/14/23,NASDAQ BX (B),23831428,14045623,20871861,58748912,1063174059,946754235.8,1094456851,3104385146,387253,88458,286140,761851
3/14/23,NYSE National (C),36094535,16643970,28992135,81730640,974236562.6,726625521.7,827190579.7,2528052664,476697,110073,352536,939306
3/14/23,FINRA / Nasdaq TRF Chicago (DB),8934592,2547116,11662886,23144594,294200887,162618117.8,597324119,1054143124,39082,10072,55554,104708
3/14/23,FINRA / NYSE TRF (DN),400540826,269565966,718247123,1388353915,10992194471,10160116266,29557432180,50709742917,1104474,522850,1540089,3167413
3/14/23,FINRA / Nasdaq TRF Carteret (DQ),1589054768,839535505,1786245820,4214836093,68996839150,52948139389,73611628598,1.95557E+11,10103925,2369796,8390638,20864359
3/14/23,MIAX Pearl (H),71453343,79020247,86104041,236577631,1629898228,3741525809,2677282056,8048706093,628760,345943,557908,1532611
3/14/23,EDGA Equities (J),89717765,52600107,76919178,219237050,2624096463,2479252614,3383924368,8487273445,1079383,314987,853623,2247993
3/14/23,EDGX Equities (K),295127174,176750064,339332144,811209382,9010514714,9650869534,13953212998,32614597246,2481150,832757,2296400,5610307
3/14/23,LTSE (L),40525,156618,52328,249471,7755171.36,15367097.55,5789498.971,28911767.88,577,256,691,1524
3/14/23,NYSE Chicago (M),17743573,18078314,12904880,48726767,1295091695,1755436570,1790467474,4840995739,87997,8249,72038,168284
3/14/23,NYSE (N),1309253021,80593458,114757689,1504604168,60549732517,5489514101,5240472863,71279719481,5278276,322271,842798,6443345
3/14/23,NYSE Arca (P),311444532,517974364,424999760,1254418656,11649065538,35173336576,17449228227,64271630341,3428511,2329430,3710025,9467966
3/14/23,NASDAQ (Q),715590334,318480675,1301628052,2335699061,30455579131,25401098782,70989740140,1.26846E+11,9143051,2201689,10482562,21827302
3/14/23,Members Exchange (U),188831858,96506922,170565254,455904034,6087273357,6048719143,7055873714,19191866215,2119282,550767,1671707,4341756
3/14/23,Investors Exchange (V),183025642,39910745,129838181,352774568,9342740668,3049791075,7164554930,19557086674,2383163,259940,1722581,4365684
3/14/23,NASDAQ PSX (X),22400381,25495309,26911739,74807429,952761734.4,1705886004,1625991565,4284639303,284388,137844,276898,699130
3/14/23,BYX Equities (Y),64124614,42921418,48462730,155508762,1559860147,2478974590,2009366302,6048201038,609757,221932,491251,1322940
3/14/23,BZX Equities (Z),268292450,168038137,237664802,673995389,10056791551,13185152585,12001400016,35243344152,3418872,1074663,2680416,7173951
3/13/23,NYSE American (A),15549745,27527990,12579687,55657422,651822114.5,960429557.2,595482376.1,2207734048,170400,136024,125713,432137
3/13/23,NASDAQ BX (B),27021354,22155765,28220256,77397375,1262015857,1543741710,1553729922,4359487489,442200,144686,374297,961183
3/13/23,NYSE National (C),43673679,24651409,31954497,100279585,1101738171,1025908463,880355541.7,3008002176,536673,159663,376003,1072339
3/13/23,FINRA / Nasdaq TRF Chicago (DB),11091241,3781846,14681242,29554329,336766659.8,223279577.6,758060341.6,1318106579,49653,13560,68107,131320
3/13/23,FINRA / NYSE TRF (DN),449357811,305919701,777493125,1532770637,11223134404,11055489003,30921124641,53199748048,1261143,615327,1664734,3541204
3/13/23,FINRA / Nasdaq TRF Carteret (DQ),1760864085,900160123,1828781999,4489806207,71816047645,51047207859,69501489929,1.92365E+11,11399006,3104245,8944188,23447439
3/13/23,MIAX Pearl (H),94720937,125023373,106233677,325977987,2097073864,4982120871,3460671544,10539866280,783112,623650,718695,2125457
3/13/23,EDGA Equities (J),102854306,80567648,91204224,274626178,2897864156,3925704455,4378784402,11202353013,1208019,526706,998540,2733265
3/13/23,EDGX Equities (K),352229412,253767459,415823301,1021820172,10423861543,13509204646,16532154422,40465220611,2982562,1330732,2812417,7125711
3/13/23,LTSE (L),46676,2951,51808,101435,7540535.2,138745.0436,6268888.711,13948168.95,680,40,694,1414
3/13/23,NYSE Chicago (M),22601610,15189039,17810284,55600933,1738136565,2232866559,1786437072,5757440196,150617,11382,112241,274240
3/13/23,NYSE (N),1419011785,115561161,134414580,1668987526,57648821364,7576994770,5905198686,71131014820,6773799,525663,1012652,8312114
3/13/23,NYSE Arca (P),387687913,788138090,520067161,1695893164,13752427687,47341196715,21898559379,82992183781,4104310,3826642,4562731,12493683
3/13/23,NASDAQ (Q),924921136,548718760,1496929954,2970569850,38309957100,38523721297,75493737092,1.52327E+11,11404994,3987251,13090903,28483148
3/13/23,Members Exchange (U),240632562,139593801,200742718,580969081,7663944301,8295167142,8794983014,24754094457,2618115,888578,1982678,5489371
3/13/23,Investors Exchange (V),240894509,59115634,155116006,455126149,12549555758,3957072155,8393829882,24900457795,2840394,355878,1940781,5137053
3/13/23,NASDAQ PSX (X),28755513,38755295,43110408,110621216,1281969929,2766012162,2613080351,6661062442,350801,251079,432413,1034293
3/13/23,BYX Equities (Y),74292597,60113860,54642351,189048808,1933927866,3423672405,2226262665,7583862936,684553,333246,525698,1543497
3/13/23,BZX Equities (Z),339223688,268627413,280289996,888141097,12452616112,18499594792,14284749745,45236960649,4324890,1866542,3186443,9377875
3/10/23,NYSE American (A),12645650,25959735,11054564,49659949,498853794,834025440.8,483773825.3,1816653060,144184,119462,108629,372275
3/10/23,NASDAQ BX (B),22043045,17213411,24160812,63417268,1121493119,1114034490,1213909716,3449437325,393479,99449,314053,806981
3/10/23,NYSE National (C),36993064,24130465,32018142,93141671,1019398947,968822860.5,916265395.5,2904487203,487892,151749,359398,999039
3/10/23,FINRA / Nasdaq TRF Chicago (DB),10052457,4456854,15339862,29849173,340708014.6,233668077.4,784319063.4,1358695155,43682,13960,69113,126755
3/10/23,FINRA / NYSE TRF (DN),383083293,363013924,859568830,1605666047,10078635561,12950888973,34120223355,57149747888,1097802,686886,1810798,3595486
3/10/23,FINRA / Nasdaq TRF Carteret (DQ),1538113382,913904196,1918992049,4371009627,66009083439,55760214690,69221032568,1.9099E+11,10511387,3043513,9020905,22575805
3/10/23,MIAX Pearl (H),73708318,127884909,106294558,307887785,1533255046,5075706031,3782305134,10391266212,627339,530895,717111,1875345
3/10/23,EDGA Equities (J),88343652,72427665,84047739,244819056,2642891644,3568526476,3746891059,9958309179,1070665,462210,918969,2451844
3/10/23,EDGX Equities (K),292939147,239531074,418491373,950961594,9019168544,13657663561,16316912463,38993744568,2499856,1184222,2659287,6343365
3/10/23,LTSE (L),59567,8499,72286,140352,7214740.33,419478.7973,6371638.005,14005857.13,799,61,880,1740
3/10/23,NYSE Chicago (M),17933730,16017083,14086313,48037126,1646125194,1770037001,1596498669,5012660864,129449,10980,100896,241325
3/10/23,NYSE (N),1197078127,105254600,122972173,1425304900,53979150112,7287251890,5554857822,66821259824,5700641,464035,906791,7071467
3/10/23,NYSE Arca (P),302463934,673339727,501588015,1477391676,11671280771,46324576891,20103385061,78099242724,3338569,3301010,4252324,10891903
3/10/23,NASDAQ (Q),739092490,451334764,1396191589,2586618843,33211374364,34065500425,68468071987,1.35745E+11,9603245,3213423,11765717,24582385
3/10/23,Members Exchange (U),195812823,131601781,198462739,525877343,6251071062,8448385940,8326860180,23026317182,2163179,831905,1895629,4890713
3/10/23,Investors Exchange (V),192497711,48318504,146665494,387481709,10759095660,3375063296,7517880088,21652039044,2464627,306446,1788451,4559524
3/10/23,NASDAQ PSX (X),23328579,34094095,34929307,92351981,982486233.5,2500091777,2097091216,5579669226,291079,213478,354871,859428
3/10/23,BYX Equities (Y),61621939,63905473,55305219,180832631,1693734086,3286012389,2083630835,7063377311,576309,327770,483371,1387450
3/10/23,BZX Equities (Z),283929299,240223799,274016953,798170051,11436068845,19151992838,13323355738,43911417421,3703203,1568058,2961701,8232962
3/9/23,NYSE American (A),10342200,22285009,7711918,40339127,341291786.3,676344196.8,354218853.2,1371854836,116759,92662,81947,291368
3/9/23,NASDAQ BX (B),17985479,12729164,19287039,50001682,832112357.2,906502806,1022515729,2761130892,322198,78731,273060,673989
3/9/23,NYSE National (C),28418177,16219652,23730742,68368571,777868891.7,666019771,722224293,2166112956,399135,92671,285983,777789
3/9/23,FINRA / Nasdaq TRF Chicago (DB),7745017,2605782,13234638,23585437,240546445.6,135854239.7,739386592.2,1115787278,30487,8831,57351,96669
3/9/23,FINRA / NYSE TRF (DN),312584197,270382643,778692145,1361658985,8125683586,9528076728,33929652557,51583412871,918913,524634,1734038,3177585
3/9/23,FINRA / Nasdaq TRF Carteret (DQ),1287079086,669531295,1634794049,3591404430,55907056208,37774270321,62808649599,1.5649E+11,8580134,2088339,7779575,18448048
3/9/23,MIAX Pearl (H),55655669,75664582,61998598,193318849,1135362232,3263182726,2156751258,6555296216,446363,281284,435661,1163308
3/9/23,EDGA Equities (J),70805343,41892840,65003490,177701673,2195185475,1907271064,2864079893,6966536432,905391,242811,740680,1888882
3/9/23,EDGX Equities (K),239083886,150953656,347533982,737571524,7214589254,8132848054,14148989104,29496426412,2011662,677807,2222986,4912455
3/9/23,LTSE (L),132191,24104,57799,214094,10069592.95,1315043.453,5349753.801,16734390.2,654,47,802,1503
3/9/23,NYSE Chicago (M),13495502,12078438,10866007,36439947,1000884427,1725414164,1533544896,4259843486,68970,5223,65172,139365
3/9/23,NYSE (N),981198899,62437209,84932176,1128568284,45511954867,4314500037,3865958742,53692413645,4176300,253994,665843,5096137
3/9/23,NYSE Arca (P),235506800,417104847,433099622,1085711269,8947504774,27757443337,16154994522,52859942634,2590900,1752230,3501075,7844205
3/9/23,NASDAQ (Q),559957944,253202569,1092693308,1905853821,24640331611,19075024224,57364109972,1.01079E+11,7291659,1631152,9265513,18188324
3/9/23,Members Exchange (U),145335520,79073207,151563975,375972702,4710441366,4806151533,6438451690,15955044589,1629427,427680,1482506,3539613
3/9/23,Investors Exchange (V),139505319,35713252,109041283,284259854,7565032575,2349067258,6283097525,16197197358,1880194,207447,1441643,3529284
3/9/23,NASDAQ PSX (X),17359916,20908943,23188585,61457444,743859877.4,1456975254,1586944822,3787779953,217086,114197,284528,615811
3/9/23,BYX Equities (Y),51461324,46599138,42783285,140843747,1231124332,2177090019,1603229401,5011443753,470869,202310,391643,1064822
3/9/23,BZX Equities (Z),213217596,141844265,208917344,563979205,8489989481,10764854887,10012630719,29267475087,2786363,800892,2253722,5840977
3/8/23,NYSE American (A),8396777,16288198,7916274,32601249,306191979,429797329.6,297519929.8,1033509238,101458,75118,77746,254322
3/8/23,NASDAQ BX (B),13665733,8873138,17389411,39928282,638402356.1,573407680.3,764712025.6,1976522062,254743,56682,220488,531913
3/8/23,NYSE National (C),23057805,11629658,22378506,57065969,671053467.3,521388560.6,596366174.7,1788808203,338346,71498,261523,671367
3/8/23,FINRA / Nasdaq TRF Chicago (DB),5133245,2124185,11889499,19146929,155433708.5,117948991.4,636688298.6,910070998.5,22184,6980,49444,78608
3/8/23,FINRA / NYSE TRF (DN),258097037,221846076,842729762,1322672875,6290600801,8233405094,30810706055,45334711951,735779,423558,1552247,2711584
3/8/23,FINRA / Nasdaq TRF Carteret (DQ),1045321718,507907584,1701594974,3254824276,46817252781,28605402693,54121252049,1.29544E+11,7501165,1735667,7045390,16282222
3/8/23,MIAX Pearl (H),46377459,61993055,56249711,164620225,943718930.9,2441953176,1778677849,5164349956,400331,235688,380374,1016393
3/8/23,EDGA Equities (J),52147336,31007302,59731496,142886134,1678504564,1541497777,2108911275,5328913616,705047,190221,627174,1522442
3/8/23,EDGX Equities (K),190532255,117100643,367124667,674757565,5624750081,6130893176,11295251253,23050894509,1641251,553846,1882515,4077612
3/8/23,LTSE (L),55523,3224,57221,115968,6472846.875,90892.88,5176228.199,11739967.95,722,72,734,1528
3/8/23,NYSE Chicago (M),10349674,15200633,9629680,35179987,822745238.1,1694946394,1269100737,3786792370,58139,4512,54905,117556
3/8/23,NYSE (N),791030010,44396495,74576534,910003039,37168832294,3099119695,3122574422,43390526411,3460349,192312,583556,4236217
3/8/23,NYSE Arca (P),181597733,301834994,457894141,941326868,6950387809,19799837091,12547118047,39297342947,2059729,1359226,2940069,6359024
3/8/23,NASDAQ (Q),444823142,188934762,998829828,1632587732,19575720599,14425506701,46400179791,80401407090,6112526,1285753,7873355,15271634
3/8/23,Members Exchange (U),116855881,60424547,140769776,318050204,3723058960,3828725977,5448797968,13000582905,1361165,355395,1297469,3014029
3/8/23,Investors Exchange (V),119673583,25369347,99036396,244079326,6484389098,1738851620,5377648608,13600889326,1784848,167844,1357880,3310572
3/8/23,NASDAQ PSX (X),12150244,15935096,19248182,47333522,473072323.3,1140535880,1031987756,2645595959,160429,93291,191344,445064
3/8/23,BYX Equities (Y),38580278,30978290,42755191,112313759,1045561084,1561039015,1267864104,3874464203,403094,154652,356018,913764
3/8/23,BZX Equities (Z),163789137,101698955,197043370,462531462,6369151607,7872025619,8104063167,22345240393,2247257,635256,1902600,4785113
3/7/23,NYSE American (A),9746675,18402031,8457676,36606382,356882840.2,512847539.1,326657065.8,1196387445,116514,84205,84038,284757
3/7/23,NASDAQ BX (B),15292510,9692048,19177746,44162304,647826311.3,679050897.7,846189708,2173066917,274013,63068,241256,578337
3/7/23,NYSE National (C),23554421,12011857,21446268,57012546,660981240.1,535641906.9,620027964.6,1816651112,341645,79297,260552,681494
3/7/23,FINRA / Nasdaq TRF Chicago (DB),6333876,2662077,13520557,22516510,216825158.4,148366175.1,698911611.1,1064102945,27337,8142,53134,88613
3/7/23,FINRA / NYSE TRF (DN),283248590,236404748,947941139,1467594477,7811508691,8905743388,31873731755,48590983833,818590,481078,1716991,3016659
3/7/23,FINRA / Nasdaq TRF Carteret (DQ),1183695366,576185749,1780393252,3540274367,52716482211,34567371185,59015967914,1.463E+11,8246504,1989734,7684144,17920382
3/7/23,MIAX Pearl (H),46921625,62713471,64538919,174174015,1068390612,2905805008,2156451406,6130647026,418634,265028,429808,1113470
3/7/23,EDGA Equities (J),57304386,31110295,69707723,158122404,1807552734,1774333969,2329352643,5911239346,752885,201941,674085,1628911
3/7/23,EDGX Equities (K),203280017,120458445,414473593,738212055,6506678193,6831520713,12342576509,25680775415,1789060,588287,2059475,4436822
3/7/23,LTSE (L),60124,5296,72720,138140,6405120.288,122486.8117,6355526.268,12883133.37,775,71,893,1739
3/7/23,NYSE Chicago (M),10696483,15745717,14009411,40451611,827582788.8,1862188334,1609276013,4299047136,63762,4807,61921,130490
3/7/23,NYSE (N),885256150,49579590,86723296,1021559036,42631422198,3874355192,3736370239,50242147628,3834971,225461,646477,4706909
3/7/23,NYSE Arca (P),193625993,339076384,553149463,1085851840,7703762417,23351058310,14158168322,45212989049,2188721,1518320,3156029,6863070
3/7/23,NASDAQ (Q),480252906,208192034,1062754249,1751199189,21864275548,17621875104,51344685429,90830836080,6567581,1488977,8595532,16652090
3/7/23,Members Exchange (U),127528264,61949715,147664361,337142340,4106796464,4135094605,5850272324,14092163392,1480455,395107,1401758,3277320
3/7/23,Investors Exchange (V),126455217,24673596,103911370,255040183,7182620867,1737392834,5722774512,14642788213,1823661,179017,1417994,3420672
3/7/23,NASDAQ PSX (X),17456010,18986102,23649354,60091466,653667847.7,1491719149,1334992962,3480379959,208289,119477,235388,563154
3/7/23,BYX Equities (Y),43578035,33954677,48861382,126394094,1026884293,1922414810,1410244314,4359543418,434160,171175,390014,995349
3/7/23,BZX Equities (Z),178157981,114212448,212662879,505033308,7360493645,9206954962,9380839214,25948287821,2429312,709423,2068685,5207420
3/6/23,NYSE American (A),10157638,18403562,8378235,36939435,359240655.3,444141149.6,333195701.9,1136577507,118631,79481,85748,283860
3/6/23,NASDAQ BX (B),13732065,7631518,14984466,36348049,669335343.5,536088591.3,796081385.5,2001505320,308097,55249,247939,611285
3/6/23,NYSE National (C),23806650,9918710,18737665,52463025,692266766.5,441328161.5,549284659.6,1682879588,356863,70602,257910,685375
3/6/23,FINRA / Nasdaq TRF Chicago (DB),6870706,2689246,12466218,22026170,231161036.3,121720832.4,641044470.1,993926338.7,28859,8057,49584,86500
3/6/23,FINRA / NYSE TRF (DN),308130415,232045342,844735638,1384911395,7577466583,7553560995,31173358224,46304385801,863105,473134,1622395,2958634
3/6/23,FINRA / Nasdaq TRF Carteret (DQ),1167822026,536782375,1617088418,3321692819,52648800347,29997362072,60362631278,1.43009E+11,8617486,1904993,7853297,18375776
3/6/23,MIAX Pearl (H),44873619,48633902,52990395,146497916,1058647451,2201870341,1867655574,5128173366,422098,208533,395773,1026404
3/6/23,EDGA Equities (J),56619531,23862942,52395993,132878466,1776911431,1220704662,1996559291,4994175384,753839,172086,627971,1553896
3/6/23,EDGX Equities (K),206298260,106034134,333371840,645704234,6221854803,5055811853,11561887849,22839554504,1756427,518042,1949534,4224003
3/6/23,LTSE (L),43284,2667,51913,97864,4853740.08,36142.0806,5940978.616,10830860.78,520,35,708,1263
3/6/23,NYSE Chicago (M),14821106,11369615,19216917,45407638,934121848.6,1900399803,3009513219,5844034871,62990,4776,60866,128632
3/6/23,NYSE (N),944503154,37691979,80419236,1062614369,45712930436,2798272066,3675648099,52186850601,3745985,178476,635082,4559543
3/6/23,NYSE Arca (P),196686801,274195488,430568388,901450677,7625705056,18634072592,13231160851,39490938499,2257762,1290351,3147444,6695557
3/6/23,NASDAQ (Q),484667538,162685516,1048891448,1696244502,21350695320,13029980964,51840799326,86221475610,6581757,1201925,8430958,16214640
3/6/23,Members Exchange (U),131089262,52305569,138539478,321934309,4211185509,3135818381,5529707375,12876711264,1553177,317926,1416533,3287636
3/6/23,Investors Exchange (V),126267173,21455564,99686064,247408801,6849455524,1527295558,5636175426,14012926508,1781807,157317,1398088,3337212
3/6/23,NASDAQ PSX (X),18753287,13570694,21377867,53701848,708301942.8,997593347,1387951911,3093847201,235146,83584,240073,558803
3/6/23,BYX Equities (Y),40931966,27814546,35657988,104404500,1009100130,1419318184,1250937323,3679355637,399514,158151,343237,900902
3/6/23,BZX Equities (Z),172357771,87533422,196141960,456033153,6838333037,6604244411,8607081866,22049659313,2373633,564222,2077593,5015448
3/3/23,NYSE American (A),9689180,18781483,8773813,37244476,365121844.4,536806213.1,368495923.6,1270423981,109725,87388,84139,281252
3/3/23,NASDAQ BX (B),13186679,9067915,15838344,38092938,612548528,672504919.2,834000229,2119053676,269075,61950,236466,567491
3/3/23,NYSE National (C),23173325,11940590,18786958,53900873,641328938.2,514094488.9,584899647.6,1740323075,324757,73524,247011,645292
3/3/23,FINRA / Nasdaq TRF Chicago (DB),6641458,2251976,10641435,19534869,221917453.6,93249872.14,602715009.3,917882335,28383,8370,47645,84398
3/3/23,FINRA / NYSE TRF (DN),301099778,244031556,845710077,1390841411,7589653502,8353609933,30648684345,46591947780,873936,488509,1591631,2954076
3/3/23,FINRA / Nasdaq TRF Carteret (DQ),1304202795,570937941,1682646516,3557787252,53583955971,34307108965,64302795721,1.52194E+11,8081410,1869263,7409477,17360150
3/3/23,MIAX Pearl (H),41168908,50639440,52371382,144179730,864487315,2440014242,1989070841,5293572398,366519,219571,361602,947692
3/3/23,EDGA Equities (J),57656174,28902601,55791161,142349936,1810095092,1445731771,2232597524,5488424388,711631,171795,626491,1509917
3/3/23,EDGX Equities (K),217315070,116169390,340899017,674383477,6616774932,6131409627,12525141285,25273325844,1777456,538743,1929018,4245217
3/3/23,LTSE (L),60706,13624,930326,1004656,7705654.35,974569.3057,13062711.38,21742935.04,746,39,1055,1840
3/3/23,NYSE Chicago (M),11730776,10386077,18385503,40502356,787755503.9,1036700309,2806471647,4630927459,61811,5039,60446,127296
3/3/23,NYSE (N),890307989,44207379,77960439,1012475807,42284904970,3369645990,3603719923,49258270883,3608928,194738,625870,4429536
3/3/23,NYSE Arca (P),192072264,298233623,436825188,927131075,7572927044,21201537983,13915671881,42690136908,2154872,1298812,3095432,6549116
3/3/23,NASDAQ (Q),476655533,179796173,1042334755,1698786461,21484275945,14746917846,56128510071,92359703863,6246103,1215804,8378668,15840575
3/3/23,Members Exchange (U),129233806,56401486,144238782,329874074,4139335668,3858879175,5878396368,13876611212,1480111,342716,1410032,3232859
3/3/23,Investors Exchange (V),126586904,24509240,102025594,253121738,6845514245,1736322955,5965715786,14547552987,1782376,176957,1424886,3384219
3/3/23,NASDAQ PSX (X),16465172,15498890,19375629,51339691,582039795.2,1329250230,1187199648,3098489673,199637,95695,228892,524224
3/3/23,BYX Equities (Y),41145843,31470071,37317863,109933777,1017218278,1694758434,1384949769,4096926481,387321,162981,351076,901378
3/3/23,BZX Equities (Z),177990190,98653725,206883399,483527314,7236326825,7915560849,9471237490,24623125163,2433161,605883,2114248,5153292
3/2/23,NYSE American (A),11798839,17742901,11306569,40848309,418944989.6,520549620.4,422166862.5,1361661472,124099,77947,90954,293000
3/2/23,NASDAQ BX (B),14469367,8457083,15244159,38170609,642422937.5,576233509.3,779238545.2,1997894992,294327,60610,254444,609381
3/2/23,NYSE National (C),24670429,10208206,18687634,53566269,672155921.3,461373561.2,612537004.6,1746066487,327941,69939,237034,634914
3/2/23,FINRA / Nasdaq TRF Chicago (DB),6534056,2094929,11060030,19689015,246362535.7,116141490.9,649130291.3,1011634318,29126,7629,50118,86873
3/2/23,FINRA / NYSE TRF (DN),316306330,222663042,910747258,1449716630,8491430383,8511456344,30071007110,47073893837,882558,440319,1649228,2972105
3/2/23,FINRA / Nasdaq TRF Carteret (DQ),1309279743,538971615,1756980251,3605231609,55215839081,31452297268,59553798240,1.46222E+11,8221140,1876496,7443823,17541459
3/2/23,MIAX Pearl (H),46618306,54717213,56530777,157866296,988774088.5,2388595343,2130481411,5507850843,392224,229653,374296,996173
3/2/23,EDGA Equities (J),60044398,27764646,56374391,144183435,1962941318,1428534566,2370100996,5761576880,757343,188145,635625,1581113
3/2/23,EDGX Equities (K),228269216,105282829,382830391,716382436,6966205637,5359481145,11938612496,24264299277,1845628,495401,1999402,4340431
3/2/23,LTSE (L),162103,3399,96354,261856,7859207.31,71453.06,4932932.055,12863592.43,771,26,751,1548
3/2/23,NYSE Chicago (M),17033534,13747361,12602844,43383739,1074747278,1733113002,1589524223,4397384504,53022,4114,52319,109455
3/2/23,NYSE (N),924351559,41100404,75669123,1041121086,43619798083,2979450687,3434874605,50034123375,3852939,183108,609901,4645948
3/2/23,NYSE Arca (P),220442801,293429237,519037829,1032909867,8187074651,19665417124,14340573826,42193065602,2285893,1318786,3199257,6803936
3/2/23,NASDAQ (Q),508818970,168836554,1031952058,1709607582,22105473577,13476571813,50603816276,86185861666,6395773,1183655,8372539,15951967
3/2/23,Members Exchange (U),141793861,56934161,176770615,375498637,4339829228,3581811332,5781068950,13702709510,1545693,335595,1409742,3291030
3/2/23,Investors Exchange (V),136512684,23808852,107812308,268133844,7198618700,1689174598,6219416641,15107209939,1810083,161868,1453363,3425314
3/2/23,NASDAQ PSX (X),16836944,14296748,22133803,53267495,646518045.4,1041741942,1297538524,2985798511,202454,84180,223465,510099
3/2/23,BYX Equities (Y),45993998,31431563,41100652,118526213,1105092092,1552777634,1342690541,4000560267,422083,159832,367027,948942
3/2/23,BZX Equities (Z),190252502,94642314,226829007,511723823,7246571005,7371867182,8537306531,23155744718,2424004,580148,2023968,5028120
3/1/23,NYSE American (A),9812221,19754123,10403771,39970115,378078402.7,572417691,350297777.2,1300793871,114473,83739,88996,287208
3/1/23,NASDAQ BX (B),15836400,9184937,16243693,41265030,731452903.5,654047561.5,832223655.6,2217724121,349160,62917,289706,701783
3/1/23,NYSE National (C),26140474,12971300,21376255,60488029,703455365.6,596509319.1,596255176.4,1896219861,356677,81184,276643,714504
3/1/23,FINRA / Nasdaq TRF Chicago (DB),6134497,2059589,11013891,19207977,196003744.5,119378942.8,541224746,856607433.4,26583,9015,47682,83280
3/1/23,FINRA / NYSE TRF (DN),310634699,251205292,805469477,1367309468,7480071218,9451081627,32390100998,49321253843,875866,479476,1708591,3063933
3/1/23,FINRA / Nasdaq TRF Carteret (DQ),1240035118,588389605,1596040009,3424464732,53089294965,36524441481,59278591704,1.48892E+11,8698609,1985210,7892390,18576209
3/1/23,MIAX Pearl (H),56695297,62620933,57642647,176958877,1084393703,2865837926,1947440257,5897671886,455014,265178,445397,1165589
3/1/23,EDGA Equities (J),62333143,30244898,57811207,150389248,1908116007,1559603168,2240513922,5708233096,800083,190683,695115,1685881
3/1/23,EDGX Equities (K),228758963,110515078,328486251,667760292,6762713375,5650485562,11748445269,24161644205,1887051,534082,2037488,4458621
3/1/23,LTSE (L),48795,25998,130306,205099,5483161,2642035.02,6589980.899,14715176.92,612,31,746,1389
3/1/23,NYSE Chicago (M),25556418,12001601,14179634,51737653,1207017537,2170110729,1976830766,5353959033,64407,6057,59756,130220
3/1/23,NYSE (N),962442189,46741710,75927603,1085111502,44202238786,3309060085,3300625245,50811924116,4133417,199174,639849,4972440
3/1/23,NYSE Arca (P),229590139,344872215,419994653,994457007,9030504075,23190509711,15660676964,47881690750,2456760,1490445,3397300,7344505
3/1/23,NASDAQ (Q),520169247,198490215,1048911859,1767571321,22950358451,15417958197,52201093958,90569410605,6869392,1354749,8931989,17156130
3/1/23,Members Exchange (U),152382146,60805879,163691747,376879772,4663541652,4079260271,5659373703,14402175626,1667004,380101,1461029,3508134
3/1/23,Investors Exchange (V),140186794,26804431,108526358,275517583,7576629770,1760515932,5739952191,15077097892,1925802,180978,1491073,3597853
3/1/23,NASDAQ PSX (X),19292185,17216665,22153497,58662347,785925627.3,1377871891,1352462336,3516259854,240536,104268,245337,590141
3/1/23,BYX Equities (Y),46609471,31858536,40770320,119238327,1131750732,1635689411,1322989318,4090429461,435588,158340,381767,975695
3/1/23,BZX Equities (Z),192232790,111790571,187535686,491559047,7294571496,9058251348,8457670874,24810493719,2528215,689897,2064201,5282313
2/28/23,NYSE American (A),9769949,21650555,7331010,38751514,381739325.9,587085344,322985038.7,1291809709,110785,71076,80068,261929
2/28/23,NASDAQ BX (B),15302503,8218289,16064754,39585546,717776503.2,604601799.9,766670898.9,2089049202,316118,53556,261081,630755
2/28/23,NYSE National (C),26199016,10613272,18047016,54859304,749723671.7,513941320,550940719.2,1814605711,358193,67641,252882,678716
2/28/23,FINRA / Nasdaq TRF Chicago (DB),6113682,2104659,10004212,18222553,204193886.1,123473483.4,570477767,898145136.5,26037,7053,46704,79794
2/28/23,FINRA / NYSE TRF (DN),302773526,220121821,793848203,1316743550,7381902751,8063922909,30161831676,45607657336,830368,424745,1609695,2864808
2/28/23,FINRA / Nasdaq TRF Carteret (DQ),1470871565,521551681,1726153738,3718576984,64883416531,33871287295,62705274221,1.6146E+11,8280753,1688672,7322949,17292374
2/28/23,MIAX Pearl (H),50156184,54249517,50259968,154665669,1021831092,2466939173,1981531803,5470302069,411821,225492,392813,1030126
2/28/23,EDGA Equities (J),60756643,29270091,55167471,145194205,2036034325,1762960992,2453407113,6252402430,800556,182805,662955,1646316
2/28/23,EDGX Equities (K),211479943,95543115,308921847,615944905,6310743321,5020010479,11151608978,22482362777,1740032,451074,1868761,4059867
2/28/23,LTSE (L),50984,4285,63787,119056,5940713.17,48775.54,4411818.532,10401307.24,689,48,643,1380
2/28/23,NYSE Chicago (M),15464280,17528198,16339319,49331797,915505826.7,3064652406,1812429124,5792587357,55375,4428,53500,113303
2/28/23,NYSE (N),1496164200,38094090,76034097,1610292387,70635745365,2736222829,3433878082,76805846277,3959239,168759,609131,4737129
2/28/23,NYSE Arca (P),207921409,305880522,393389516,907191447,8062598260,20798679435,13359757905,42221035600,2280947,1268515,3106774,6656236
2/28/23,NASDAQ (Q),499727119,168475189,1332052101,2000254409,22284904880,13698622164,64759779570,1.00743E+11,6499417,1106100,8345652,15951169
2/28/23,Members Exchange (U),148647845,51688453,154127995,354464293,4564058881,3378109930,5648199925,13590368736,1657279,321149,1437364,3415792
2/28/23,Investors Exchange (V),135073220,21990616,98367467,255431303,7310250440,1527697974,5309817566,14147765980,1922689,160208,1435250,3518147
2/28/23,NASDAQ PSX (X),16559209,9230843,19298560,45088612,818773252.5,846861787.7,1240017719,2905652759,218878,59356,221398,499632
2/28/23,BYX Equities (Y),46308798,27011709,38547707,111868214,1152018593,1339355480,1276844172,3768218245,425463,135074,352809,913346
2/28/23,BZX Equities (Z),184647195,90989937,194245423,469882555,7182679738,7316014429,7753750836,22252445003,2342309,548540,1943397,4834246
2/27/23,NYSE American (A),8463340,17849222,7507379,33819941,289926775.1,531303140.1,309842298.2,1131072213,95425,73475,71506,240406
2/27/23,NASDAQ BX (B),13302322,8520140,14901861,36724323,679845988.9,585848603.2,726146850.4,1991841442,315424,53344,250537,619305
2/27/23,NYSE National (C),22660438,11152227,17418221,51230886,630069369.5,535324698.9,513631359.8,1679025428,317488,66976,222854,607318
2/27/23,FINRA / Nasdaq TRF Chicago (DB),6096174,1992532,9931252,18019958,168291454.4,131116339.1,579973645,879381438.5,24111,6904,44270,75285
2/27/23,FINRA / NYSE TRF (DN),329986597,214846672,769356206,1314189475,7285790111,7573806961,30683661789,45543258861,864572,423114,1554483,2842169
2/27/23,FINRA / Nasdaq TRF Carteret (DQ),1148570809,505786530,1412829945,3067187284,51196923745,28097035569,53545280080,1.32839E+11,7887895,1657729,7029396,16575020
2/27/23,MIAX Pearl (H),45598733,45871249,48233207,139703189,939614530.3,2404114438,1749691725,5093420694,407257,201699,365968,974924
2/27/23,EDGA Equities (J),53235022,28309402,51082612,132627036,1749787003,1666475871,2160403743,5576666616,697994,173830,584396,1456220
2/27/23,EDGX Equities (K),205294074,98329151,299151495,602774720,5868704160,5082531689,10868779587,21820015436,1633466,448373,1757934,3839773
2/27/23,LTSE (L),66085,6877,137578,210540,7565409.06,98144.34,25682423.72,33345977.12,642,25,989,1656
2/27/23,NYSE Chicago (M),12724239,14202479,19294235,46220953,802077644.4,1700693075,1939462869,4442233589,52651,3491,49773,105915
2/27/23,NYSE (N),836163649,41968516,71356639,949488804,39671634785,2977682690,3231920869,45881238344,3588026,174821,556969,4319816
2/27/23,NYSE Arca (P),199776598,297139186,386631747,883547531,7816089413,19492560869,12959272227,40267922509,2163046,1210441,2942192,6315679
2/27/23,NASDAQ (Q),446722344,160733956,947256779,1554713079,20439204720,12777455915,47551583504,80768244139,5953277,1079006,7613891,14646174
2/27/23,Members Exchange (U),138185900,53887301,143606228,335679429,4230411189,3594935956,5261166380,13086513525,1513699,311577,1275424,3100700
2/27/23,Investors Exchange (V),124573680,19507465,95205724,239286869,6978844587,1356468451,5093699767,13429012805,1819773,155115,1330945,3305833
2/27/23,NASDAQ PSX (X),14185305,8986641,15496149,38668095,538696062,791404442.6,1037408139,2367508643,178835,52293,179801,410929
2/27/23,BYX Equities (Y),39966536,26813795,34555343,101335674,976763144.3,1355797732,1148322317,3480883193,388358,128235,312754,829347
2/27/23,BZX Equities (Z),169666049,94410161,189772962,453849172,6624154944,7298017576,7395747933,21317920453,2254443,540667,1894288,4689398
2/24/23,NYSE American (A),8653761,20892530,7940177,37486468,322089762.5,618786942.1,374618116.5,1315494821,108500,89886,83990,282376
2/24/23,NASDAQ BX (B),15101809,10557523,15381222,41040554,747751988.2,694409607.1,903335983,2345497578,323602,64721,263222,651545
2/24/23,NYSE National (C),23459439,12677659,19014083,55151181,693563408.4,558327290.3,613364283.4,1865254982,349363,78435,253056,680854
2/24/23,FINRA / Nasdaq TRF Chicago (DB),6729330,2550741,11102100,20382171,222263547.6,171322281.7,542089602.1,935675431.4,27349,10125,46267,83741
2/24/23,FINRA / NYSE TRF (DN),292718600,267059469,702739457,1262517526,8158894733,8940900505,30744731158,47844526397,871147,559580,1606030,3036757
2/24/23,FINRA / Nasdaq TRF Carteret (DQ),1134548070,583439827,1388131753,3106119650,50570650252,34311728300,56991858020,1.41874E+11,7957546,2143791,7274609,17375946
2/24/23,MIAX Pearl (H),47376549,61048351,54829313,163254213,912140444.2,3060531507,2262857345,6235529296,392922,250730,391746,1035398
2/24/23,EDGA Equities (J),55608822,35396633,55575882,146581337,1832459020,1925537309,2852226276,6610222604,738840,209472,648420,1596732
2/24/23,EDGX Equities (K),203765719,126209682,282768291,612743692,6347457846,6548924567,12053649625,24950032038,1728533,580566,1897311,4206410
2/24/23,LTSE (L),62768,3236,64295,130299,8297608.062,88947.95,8424814.788,16811370.8,789,21,923,1733
2/24/23,NYSE Chicago (M),13025146,14322018,23235170,50582334,999899106.2,1420320791,2336420341,4756640238,66846,5158,58709,130713
2/24/23,NYSE (N),860235558,55065038,75771060,991071656,41717301547,3981538729,3810250324,49509090599,3876840,222231,618237,4717308
2/24/23,NYSE Arca (P),199128246,397012985,383188927,979330158,8161624420,26897164170,15411226237,50470014828,2245117,1628118,3192376,7065611
2/24/23,NASDAQ (Q),483718389,205894778,995306208,1684919375,22228745919,15817220541,53950887666,91996854126,6412635,1383804,8393281,16189720
2/24/23,Members Exchange (U),144457716,68358021,146690138,359505875,4451022691,4399304027,6166979130,15017305847,1557102,386345,1379366,3322813
2/24/23,Investors Exchange (V),130335184,26531730,94044689,250911603,7465656966,1768305852,5616961726,14850924544,1787682,181290,1337449,3306421
2/24/23,NASDAQ PSX (X),15298624,13472215,18603133,47373972,709359727.2,1107934984,1298807973,3116102684,205086,75479,220002,500567
2/24/23,BYX Equities (Y),41376798,34921611,36740603,113039012,1080408746,1836845460,1436473199,4353727406,402993,166890,337216,907099
2/24/23,BZX Equities (Z),176986102,115205795,177683415,469875312,7185447928,8907785958,9131328668,25224562555,2352620,672268,1953439,4978327
2/23/23,NYSE American (A),8392062,18356773,8514939,35263774,320725655.8,587692546,373499939.3,1281918141,97422,74616,80370,252408
2/23/23,NASDAQ BX (B),14485169,9289357,14876001,38650527,705587936.1,701716599.9,889340624.3,2296645160,310987,61623,259741,632351
2/23/23,NYSE National (C),22296094,11886833,19393769,53576696,659949905.3,518784068.8,664526586.7,1843260561,315647,72801,243615,632063
2/23/23,FINRA / Nasdaq TRF Chicago (DB),6313657,2397105,11164730,19875492,204672009,153588218.9,797522377.9,1155782606,26881,7563,56353,90797
2/23/23,FINRA / NYSE TRF (DN),340628413,262165864,770391445,1373185722,8191299696,9345862021,37334665904,54871827621,917293,474498,1704298,3096089
2/23/23,FINRA / Nasdaq TRF Carteret (DQ),1181680561,528207953,1483578170,3193466684,51787014682,30155610550,65053793406,1.46996E+11,7909720,1716494,7521932,17148146
2/23/23,MIAX Pearl (H),45527995,58232117,51902270,155662382,873961812.9,3060913519,2125692762,6060568094,380530,246516,379256,1006302
2/23/23,EDGA Equities (J),54934810,34118653,55112484,144165947,1786933354,2025476224,2730790724,6543200302,734599,207530,651925,1594054
2/23/23,EDGX Equities (K),206046123,119267071,306992928,632306122,6365422156,6533133156,13540273415,26438828727,1709862,544844,1986278,4240984
2/23/23,LTSE (L),74388,7405,60569,142362,9541935.64,2827342.83,6271827.962,18641106.43,814,87,805,1706
2/23/23,NYSE Chicago (M),14101356,13558814,19697585,47357755,850115920.1,1354896476,1831621109,4036633505,67235,5161,59225,131621
2/23/23,NYSE (N),854992943,49830652,76320181,981143776,41463044830,3528988446,4094278992,49086312268,3924937,219375,638709,4783021
2/23/23,NYSE Arca (P),205013704,355091253,388633112,948738069,8046833063,22879187390,16945505136,47871525590,2233306,1505410,3242112,6980828
2/23/23,NASDAQ (Q),476691478,191190638,984834785,1652716901,22003444060,15675351025,56680998397,94359793482,6358666,1302923,8710199,16371788
2/23/23,Members Exchange (U),142135567,67849201,146301486,356286254,4383617933,4422675323,6583692971,15389986227,1541789,365340,1404242,3311371
2/23/23,Investors Exchange (V),129306325,23005229,104305754,256617308,7328001917,1750058949,6518368703,15596429570,1767044,161168,1394046,3322258
2/23/23,NASDAQ PSX (X),15121983,12394262,20032806,47549051,693483838.5,1151960402,1457322089,3302766330,211086,76514,243146,530746
2/23/23,BYX Equities (Y),41129625,31265583,36433402,108828610,1053314525,1642842478,1548299946,4244456949,397218,148212,344833,890263
2/23/23,BZX Equities (Z),167010449,111176375,186007649,464194473,6795875482,8698517228,9926444966,25420837676,2199058,644188,2000671,4843917
2/22/23,NYSE American (A),10094026,19284106,8707698,38085830,374255152.7,559699481.9,350000002.8,1283954637,111323,82140,88393,281856
2/22/23,NASDAQ BX (B),15466898,9292481,15772052,40531431,702936533.5,545392541.5,880773406.4,2129102481,327206,58947,265584,651737
2/22/23,NYSE National (C),22996386,12130618,19241444,54368448,661942380.2,518336299.3,611932783.1,1792211463,324926,70334,247062,642322
2/22/23,FINRA / Nasdaq TRF Chicago (DB),6012054,2177495,11340581,19530130,217042703.1,151182975.3,778469105.7,1146694784,25252,7296,53700,86248
2/22/23,FINRA / NYSE TRF (DN),336599393,249117895,770133213,1355850501,7249256639,8311301969,37026338104,52586896712,861293,477694,1667565,3006552
2/22/23,FINRA / Nasdaq TRF Carteret (DQ),1210709473,683295514,1505597733,3399602720,53132814797,40551419706,65400999324,1.59085E+11,8040139,1947483,7227176,17214798
2/22/23,MIAX Pearl (H),44392206,48362598,46097618,138852422,852223686.9,2105398761,1691220003,4648842451,391549,183503,367392,942444
2/22/23,EDGA Equities (J),56669597,28624717,53423806,138718120,1751915013,1365291244,2057210569,5174416826,737632,166637,620467,1524736
2/22/23,EDGX Equities (K),196900279,109189102,283119804,589209185,5625811744,5632684359,11692681772,22951177875,1594646,502093,1786850,3883589
2/22/23,LTSE (L),53824,2069,119303,175196,7581468.62,39067.75,9602026.379,17222562.75,730,24,982,1736
2/22/23,NYSE Chicago (M),14827448,14547783,15712570,45087801,1236896041,1898821739,1776691392,4912409172,67813,6353,57518,131684
2/22/23,NYSE (N),920045194,48362028,74308307,1042715529,43094229331,3162529768,3303161621,49559920721,3948029,189995,582968,4720992
2/22/23,NYSE Arca (P),212379152,338733986,382105030,933218168,7648407806,21455060995,14677548678,43781017479,2284195,1462362,3066627,6813184
2/22/23,NASDAQ (Q),475420623,184154393,1027321319,1686896335,21655013215,13731345248,53871305247,89257663710,6421563,1241771,8473899,16137233
2/22/23,Members Exchange (U),144930126,61106574,139054057,345090757,4213437462,3621651313,5564872059,13399960834,1521937,337530,1310281,3169748
2/22/23,Investors Exchange (V),127763840,26858003,96748966,251370809,7242821993,1793330646,5706546686,14742699325,1810790,180167,1383250,3374207
2/22/23,NASDAQ PSX (X),14663912,11908698,17421097,43993707,645113130.7,974832260,1133458880,2753404270,194414,72901,205111,472426
2/22/23,BYX Equities (Y),42557449,28495221,36061601,107114271,1044375517,1384057760,1310746744,3739180022,412473,138677,343189,894339
2/22/23,BZX Equities (Z),170328523,109491974,176604016,456424513,6665994943,7624603092,8114857918,22405455953,2187767,616110,1875833,4679710
2/21/23,NYSE American (A),9882669,22836627,9504933,42224229,453990916.7,650860346.3,412541116.5,1517392379,128030,86870,101452,316352
2/21/23,NASDAQ BX (B),15136428,9498743,17932142,42567313,741559865.1,556834704.4,886878368.6,2185272938,324545,60491,275161,660197
2/21/23,NYSE National (C),22964937,11235752,21776587,55977276,702695913.5,480125824,658501991.5,1841323729,341553,71911,270769,684233
2/21/23,FINRA / Nasdaq TRF Chicago (DB),7958837,2815360,12739721,23513918,280622453.6,144331747.1,737392549.9,1162346751,32450,9614,54026,96090
2/21/23,FINRA / NYSE TRF (DN),323964121,275285314,800312918,1399562353,8510259278,8880188340,33989134117,51379581736,997190,580737,1777946,3355873
2/21/23,FINRA / Nasdaq TRF Carteret (DQ),1222938743,742415752,1603715450,3569069945,56548586953,43400747146,64787612557,1.64737E+11,8743161,2376200,8075476,19194837
2/21/23,MIAX Pearl (H),44081232,42200494,48430674,134712400,914731863.5,1779345535,1541120563,4235197961,411639,186936,391934,990509
2/21/23,EDGA Equities (J),55080360,27058724,55008862,137147946,1851556135,1190721392,2071741656,5114019183,753476,163303,641719,1558498
2/21/23,EDGX Equities (K),207430839,114023881,323383002,644837722,6393247977,5165781500,11333784907,22892814384,1771855,531734,1952792,4256381
2/21/23,LTSE (L),47368,2083,129702,179153,5782859.01,184986.74,10548858.32,16516704.07,651,25,1032,1708
2/21/23,NYSE Chicago (M),14742732,13441882,15075351,43259965,1147728347,1515678186,1695707951,4359114484,60120,7455,56295,123870
2/21/23,NYSE (N),975349071,40621447,79048599,1095019117,48276949005,2620351111,3355958558,54253258673,3970488,172359,618130,4760977
2/21/23,NYSE Arca (P),207747841,351791703,419664080,979203624,8576215778,21976798525,14484399897,45037414200,2394988,1488270,3276165,7159423
2/21/23,NASDAQ (Q),469877816,171616353,1112588236,1754082405,21942499797,12734531105,58016670369,92693701270,6387717,1147977,8704327,16240021
2/21/23,Members Exchange (U),134841796,60352438,159103243,354297477,4359569643,3648035813,5696664120,13704269576,1511836,357890,1388167,3257893
2/21/23,Investors Exchange (V),134672319,27351112,109332867,271356298,7905018103,2021233786,5874017753,15800269642,1860701,194891,1379487,3435079
2/21/23,NASDAQ PSX (X),12822827,10429157,16852414,40104398,553034907.7,826854016.7,982615177.3,2362504102,188804,64776,211016,464596
2/21/23,BYX Equities (Y),42698138,31357915,38523775,112579828,1072215577,1425672301,1216694554,3714582432,422267,150504,365141,937912
2/21/23,BZX Equities (Z),173271514,99029930,185880772,458182216,6983558676,6921942963,7934161193,21839662832,2325534,588541,1985083,4899158
2/17/23,NYSE American (A),9191302,23975833,8547139,41714274,352594906,585644127.9,359144120.2,1297383154,100986,90238,79072,270296
2/17/23,NASDAQ BX (B),13820678,9449695,15579845,38850218,702587597.7,601446438.2,815956603.4,2119990639,307978,61891,251587,621456
2/17/23,NYSE National (C),21392390,11209435,18842131,51443956,666339377.1,519163428.7,607973205.5,1793476011,305407,76511,240208,622126
2/17/23,FINRA / Nasdaq TRF Chicago (DB),6403317,2833415,12890550,22127282,241702829.9,149816435.8,805237347.5,1196756613,28339,9308,54756,92403
2/17/23,FINRA / NYSE TRF (DN),295679081,288648803,861309809,1445637693,8566063068,9185946081,38661439722,56413448871,887344,557769,1807029,3252142
2/17/23,FINRA / Nasdaq TRF Carteret (DQ),1233172166,641214606,1572564434,3446951206,61256953702,38775914743,65097105054,1.6513E+11,7966834,2018599,7444036,17429469
2/17/23,MIAX Pearl (H),44198536,40029019,47576719,131804274,953685893.4,1772093937,1564749718,4290529548,402518,189209,371566,963293
2/17/23,EDGA Equities (J),52574242,28901093,52309450,133784785,1802601638,1309933937,2092432606,5204968182,702018,182096,612179,1496293
2/17/23,EDGX Equities (K),191176951,119241336,313826480,624244767,6519172006,5432254459,12115583069,24067009533,1650178,544680,1824932,4019790
2/17/23,LTSE (L),60489,14652,61196,136337,5446058.86,4919445.33,6305025.204,16670529.39,511,168,797,1476
2/17/23,NYSE Chicago (M),18344821,14825642,20761316,53931779,1634639266,2098855148,2802117138,6535611552,59617,6284,55427,121328
2/17/23,NYSE (N),936816043,43248340,78071311,1058135694,48528741860,2683351234,3648552423,54860645517,3830329,184464,599785,4614578
2/17/23,NYSE Arca (P),192843875,348546424,387918676,929308975,8312912442,20127736549,14495683590,42936332582,2210828,1474456,3004781,6690065
2/17/23,NASDAQ (Q),466846364,180110618,1053616048,1700573030,23370926576,13292610285,55947404234,92610941096,6428247,1194289,8256905,15879441
2/17/23,Members Exchange (U),131546471,58209749,158595312,348351532,4417823889,3353379806,5959185486,13730389180,1448664,323406,1314103,3086173
2/17/23,Investors Exchange (V),129966483,26013516,96702765,252682764,8114042249,1784040069,6056720419,15954802737,1801581,183831,1325193,3310605
2/17/23,NASDAQ PSX (X),12777961,10965541,18660143,42403645,588873821.5,960975257.7,1195468279,2745317358,179569,65440,212138,457147
2/17/23,BYX Equities (Y),40578302,31962923,37660203,110201428,1067628288,1426162005,1311226250,3805016544,381583,164125,344409,890117
2/17/23,BZX Equities (Z),167376404,105209969,187868261,460454634,7542455051,7232412863,8990307829,23765175744,2306344,612303,1987313,4905960
2/16/23,NYSE American (A),9271339,22051096,8394398,39716833,390599517.4,561871886.6,456971246.3,1409442650,106183,85568,84568,276319
2/16/23,NASDAQ BX (B),15164764,11173634,18436447,44774845,762425460.7,748745702.1,1052644045,2563815208,310326,66665,262670,639661
2/16/23,NYSE National (C),22604169,13873957,20225913,56704039,666908172.4,568634268.1,686246901.1,1921789342,308726,80066,244793,633585
2/16/23,FINRA / Nasdaq TRF Chicago (DB),7843726,2315508,12528021,22687255,262183788.8,127935959.4,712995145.1,1103114893,34018,7358,58435,99811
2/16/23,FINRA / NYSE TRF (DN),381202277,255415887,894099151,1530717315,9325116391,8572231552,41587866213,59485214155,1057996,492550,1960751,3511297
2/16/23,FINRA / Nasdaq TRF Carteret (DQ),1200635698,610368999,1646004507,3457009204,53141904229,33794023783,70149427368,1.57085E+11,8004244,1978780,7659875,17642899
2/16/23,MIAX Pearl (H),45944864,46396184,51692970,144034018,931117232.1,2116076064,1833363322,4880556618,397594,203672,407752,1009018
2/16/23,EDGA Equities (J),58167772,31780507,57486517,147434796,1840816867,1444012540,2311257279,5596086686,740229,179217,636188,1555634
2/16/23,EDGX Equities (K),223821041,124624446,341323642,689769129,6828156567,6097196728,15120545176,28045898471,1745793,543707,2082235,4371735
2/16/23,LTSE (L),49621,1576,49277,100474,6763428.519,57246.9685,5201779.498,12022454.99,672,26,702,1400
2/16/23,NYSE Chicago (M),11683496,13076562,14044674,38804732,964907245.5,1147577540,1931284965,4043769750,69070,6964,64423,140457
2/16/23,NYSE (N),866083229,49205248,87365577,1002654054,41726631469,3142236484,4341829034,49210696987,3864550,199740,652395,4716685
2/16/23,NYSE Arca (P),223348072,360929548,419924803,1004202423,8427297354,22618343266,17143691505,48189332125,2284390,1520068,3362522,7166980
2/16/23,NASDAQ (Q),484779676,195106197,1080938598,1760824471,22529700489,13825393458,60561034821,96916128768,6306405,1224070,8712090,16242565
2/16/23,Members Exchange (U),141562143,65815498,159670430,367048071,4212478338,3639019741,6048710021,13900208100,1465629,344727,1355300,3165656
2/16/23,Investors Exchange (V),135679037,30806787,109527225,276013049,7987187785,2000009398,6732669083,16719866265,1801278,189216,1411643,3402137
2/16/23,NASDAQ PSX (X),13590462,14204352,21348905,49143719,604705536.8,1147102715,1488068219,3239876470,182187,74053,228008,484248
2/16/23,BYX Equities (Y),44025903,32472663,41095353,117593919,1113715383,1519507958,1521183737,4154407078,403127,153494,368042,924663
2/16/23,BZX Equities (Z),178547809,115573679,197891274,492012762,7213242346,7740305065,9787729917,24741277328,2273923,628741,2050979,4953643
2/15/23,NYSE American (A),8802616,17433651,7683144,33919411,338112263.7,458592832,362588743.2,1159293839,95973,75119,77862,248954
2/15/23,NASDAQ BX (B),14365357,7693652,17482167,39541176,705091806.8,489138856.8,909076381.3,2103307045,306958,54240,263021,624219
2/15/23,NYSE National (C),21193758,9688593,17904916,48787267,603716346.5,425773267.3,559730758.9,1589220373,292057,64857,222877,579791
2/15/23,FINRA / Nasdaq TRF Chicago (DB),7487355,2044323,12672404,22204082,280642698.3,101080965,801624959.2,1183348622,32202,6759,54972,93933
2/15/23,FINRA / NYSE TRF (DN),377767696,224437366,885944174,1488149236,9733644011,8292717745,37709307167,55735668923,1035957,448705,1863017,3347679
2/15/23,FINRA / Nasdaq TRF Carteret (DQ),1278637918,528854373,1650161281,3457653572,53605473466,31146824622,61957514461,1.4671E+11,7919785,1739044,7470510,17129339
2/15/23,MIAX Pearl (H),42906454,34944733,44263254,122114441,844977939,1463153767,1360897891,3669029597,374386,154129,365134,893649
2/15/23,EDGA Equities (J),54903008,24822264,53301117,133026389,1751817595,1133465919,2014047721,4899331235,697017,156454,614942,1468413
2/15/23,EDGX Equities (K),223124327,93996325,329090363,646211015,6868307422,4431418870,12306260460,23605986752,1696931,423569,1922064,4042564
2/15/23,LTSE (L),143972,1405,48018,193395,5841305.81,42812.2,3881217.346,9765335.356,608,10,580,1198
2/15/23,NYSE Chicago (M),13178023,14714246,19960038,47852307,960014258.8,1921289632,2730005139,5611309029,61376,5367,57532,124275
2/15/23,NYSE (N),838820625,36992849,75228191,951041665,40367155117,2267979687,3290072688,45925207491,3600049,157864,593982,4351895
2/15/23,NYSE Arca (P),209289140,284204866,405273625,898767631,7704481887,16684400269,14465733490,38854615647,2094866,1237676,3138243,6470785
2/15/23,NASDAQ (Q),464977689,143505750,1025412286,1633895725,21005414966,10444027977,51718348286,83167791230,5973963,984850,8170724,15129537
2/15/23,Members Exchange (U),141160808,49562823,150807408,341531039,4250623613,2775910319,5478983075,12505517007,1435189,280910,1326929,3043028
2/15/23,Investors Exchange (V),132060543,22305177,100386756,254752476,7643471436,1572942102,6079434528,15295848067,1794163,152368,1395880,3342411
2/15/23,NASDAQ PSX (X),13003373,8897532,16994118,38895023,551156795.1,647577031.7,1011508655,2210242481,172349,50661,197567,420577
2/15/23,BYX Equities (Y),41723106,24905595,40374404,107003105,1068432841,1158537772,1252039027,3479009641,386205,130493,345233,861931
2/15/23,BZX Equities (Z),169532249,84851353,182714349,437097951,6565474534,5888643504,7735642292,20189760330,2074437,500769,1867067,4442273
2/14/23,NYSE American (A),9456224,20496947,9138302,39091473,415809555.9,608197934.4,436536439.2,1460543930,117569,86098,96841,300508
2/14/23,NASDAQ BX (B),13109774,9184305,17783952,40078031,649149019.3,609696851.9,1031654938,2290500810,295882,63343,275465,634690
2/14/23,NYSE National (C),21781396,11420308,19315893,52517597,627664975.1,488355899,606161747.4,1722182622,309330,76015,245686,631031
2/14/23,FINRA / Nasdaq TRF Chicago (DB),7176616,2588420,12860506,22625542,230872114.2,174231563.1,900849280.8,1305952958,29720,8264,58007,95991
2/14/23,FINRA / NYSE TRF (DN),379100142,253655520,900163077,1532918739,8842474131,10035846788,42427793398,61306114318,916600,478019,1864527,3259146
2/14/23,FINRA / Nasdaq TRF Carteret (DQ),1164957776,583166686,1590883602,3339008064,51117898958,35079696334,65570823910,1.51768E+11,7418801,1798823,7133999,16351623
2/14/23,MIAX Pearl (H),49916332,48487315,59867777,158271424,993215434.1,2017381452,1898943588,4909540475,411361,196219,434265,1041845
2/14/23,EDGA Equities (J),54509330,31364357,55625288,141498975,1678802387,1490671952,2203458208,5372932548,702592,181032,622629,1506253
2/14/23,EDGX Equities (K),205190185,114785436,332193830,652169451,6114532379,6153024030,14305915223,26573471633,1554564,539699,1960522,4054785
2/14/23,LTSE (L),41124,501,283705,325330,4993605.49,15165.16,6267927.781,11276698.43,528,6,659,1193
2/14/23,NYSE Chicago (M),13314044,14264070,13540065,41118179,812205498,1263084561,1973573909,4048863969,70299,4670,67068,142037
2/14/23,NYSE (N),841565000,48273556,87445117,977283673,40362115089,3162460176,4136548294,47661123558,3804244,199857,613977,4618078
2/14/23,NYSE Arca (P),196636991,362879815,424641528,984158334,7191163541,22850620076,17836469253,47878252871,2000310,1565836,3272007,6838153
2/14/23,NASDAQ (Q),453056662,187167069,1038529756,1678753487,20277282295,13837727737,58565979405,92680989437,5966240,1253699,8581205,15801144
2/14/23,Members Exchange (U),131389762,60534762,148149308,340073832,3992761142,3528406067,6045234925,13566402134,1393655,341258,1321209,3056122
2/14/23,Investors Exchange (V),122200717,23379792,93784774,239365283,7212530005,1652071631,6000882096,14865483732,1689348,159666,1277228,3126242
2/14/23,NASDAQ PSX (X),12716233,11856098,20893765,45466096,503133694.5,1002722498,1281256369,2787112562,163782,69522,201562,434866
2/14/23,BYX Equities (Y),41369974,26142361,38691807,106204142,977945753.9,1435046349,1390898109,3803890212,389289,140785,350018,880092
2/14/23,BZX Equities (Z),161581098,111171094,185981803,458733995,6472609797,8095452716,9345855493,23913918006,2089140,664125,1916286,4669551
2/13/23,NYSE American (A),7953629,17378746,7636778,32969153,276397255.3,399036343.2,322772662.5,998206261,84775,69552,68925,223252
2/13/23,NASDAQ BX (B),12134776,6529112,15506177,34170065,623637785.2,456365255.3,746584189.1,1826587230,279796,45757,228782,554335
2/13/23,NYSE National (C),19960408,8926757,17479240,46366405,606133246,383482703.3,516473393.9,1506089343,291264,59889,219783,570936
2/13/23,FINRA / Nasdaq TRF Chicago (DB),4868747,1797484,9186276,15852507,173193893,95359876.79,679344260.7,947898030.5,23934,6776,51865,82575
2/13/23,FINRA / NYSE TRF (DN),294731380,214522250,886682765,1395936395,7524088453,7317560427,36700592423,51542241304,803913,428803,1759278,2991994
2/13/23,FINRA / Nasdaq TRF Carteret (DQ),1033455409,556687515,1511971082,3102114006,49934301775,33260755295,59125042578,1.4232E+11,7298695,1692218,7107198,16098111
2/13/23,MIAX Pearl (H),36663299,32715298,38949499,108328096,826751109.1,1325661945,1339047025,3491460080,349603,132927,334273,816803
2/13/23,EDGA Equities (J),50232080,21152399,51900718,123285197,1655292566,950172277.2,1810319941,4415784785,678781,138183,581313,1398277
2/13/23,EDGX Equities (K),170600843,81878265,283639273,536118381,5317191767,4244323660,10667205918,20228721345,1388033,377655,1681465,3447153
2/13/23,LTSE (L),46707,810,133074,180591,4897668.61,39340.9,6172092.408,11109101.92,548,10,629,1187
2/13/23,NYSE Chicago (M),9429210,14696750,15464143,39590103,743774610,2813219308,1994492009,5551485927,51282,4566,52134,107982
2/13/23,NYSE (N),779114902,31902953,71518350,882536205,40655120104,2059485802,3263676953,45978282858,3325140,135024,533311,3993475
2/13/23,NYSE Arca (P),176879999,267486578,383875423,828242000,6640552188,17601207498,12619161663,36860921349,1849012,1083296,2817134,5749442
2/13/23,NASDAQ (Q),399912615,122977828,1006976519,1529866962,18711158163,9551297423,50734196051,78996651636,5489689,844899,7532252,13866840
2/13/23,Members Exchange (U),111927282,42871740,131943629,286742651,3543518153,2528481889,4995636212,11067636254,1231165,236446,1206097,2673708
2/13/23,Investors Exchange (V),111472908,20739711,91992972,224205591,6846746158,1434898589,5592025704,13873670451,1652279,145613,1259903,3057795
2/13/23,NASDAQ PSX (X),11342291,7466371,15445121,34253783,497670867.1,606469344.8,954647641.1,2058787853,153849,42228,176365,372442
2/13/23,BYX Equities (Y),34929542,22038265,36768648,93736455,891447332.3,1045119901,1083943575,3020510808,350824,113762,310781,775367
2/13/23,BZX Equities (Z),143293561,75066334,158032498,376392393,5956349608,5721071604,7000259717,18677680929,1930298,458155,1690913,4079366
2/10/23,NYSE American (A),8915400,18371668,8025193,35312261,313586171.4,491816688.3,345847761.6,1151250621,98556,74240,78676,251472
2/10/23,NASDAQ BX (B),13935925,8435591,17683939,40055455,685428883.7,559621805.8,925456854.9,2170507544,314442,60255,275445,650142
2/10/23,NYSE National (C),23561192,11744161,20127265,55432618,731799305.4,491185957,612752623.9,1835737886,332782,79374,261297,673453
2/10/23,FINRA / Nasdaq TRF Chicago (DB),6271732,2205716,12350824,20828272,228181571,130279247,788301427.5,1146762245,28352,7959,56151,92462
2/10/23,FINRA / NYSE TRF (DN),294034846,236045038,863512813,1393592697,7943272642,7918990672,37387602280,53249865595,849135,452756,1867271,3169162
2/10/23,FINRA / Nasdaq TRF Carteret (DQ),1152721757,628956496,1521241315,3302919568,53711413424,33404240662,62608012260,1.49724E+11,7739102,1781348,7507653,17028103
2/10/23,MIAX Pearl (H),46942507,41266350,53164122,141372979,926114413,1703641947,1692728899,4322485259,381149,164837,381287,927273
2/10/23,EDGA Equities (J),58656502,28345881,54437600,141439983,1798246877,1228002459,1983235125,5009484462,739059,171658,636538,1547255
2/10/23,EDGX Equities (K),193493676,95590554,319847661,608931891,6057868419,4739556266,12443852332,23241277016,1589672,452205,1977554,4019431
2/10/23,LTSE (L),56357,222,42969,99548,6689752.33,6437.1,4265350.567,10961540,840,5,623,1468
2/10/23,NYSE Chicago (M),13453376,16059017,18565909,48078302,1244607965,1460895055,2905948020,5611451039,68896,6370,63983,139249
2/10/23,NYSE (N),860232944,39114339,76560395,975907678,41864736568,2486026066,3523105911,47873868545,3758368,172018,618889,4549275
2/10/23,NYSE Arca (P),206800228,354977439,409545619,971323286,7822730851,20476038475,14806603756,43105373082,2130180,1343120,3283344,6756644
2/10/23,NASDAQ (Q),470592114,158630946,1026462609,1655685669,22283748602,11421188864,54328631792,88033569259,6330169,1083086,8686845,16100100
2/10/23,Members Exchange (U),133988877,51053557,137371961,322414395,4296427741,2823355482,5614413941,12734197164,1423466,292600,1353911,3069977
2/10/23,Investors Exchange (V),131085756,24778432,106132171,261996359,7857467293,1655974650,6342944673,15856386616,1790274,171587,1392976,3354837
2/10/23,NASDAQ PSX (X),14029995,10397816,17944772,42372583,618049921.6,862456536.5,1139799414,2620305872,183719,56436,214607,454762
2/10/23,BYX Equities (Y),42228731,27868534,36179699,106276964,1024243457,1273563924,1197425045,3495232427,399172,149170,345398,893740
2/10/23,BZX Equities (Z),175386978,92746759,188609782,456743519,7177456729,6507254799,8865352394,22550063921,2227510,571218,2064386,4863114
2/9/23,NYSE American (A),9928162,20060342,10944942,40933446,329642379,566611156.9,413086526.9,1309340063,105620,80213,85683,271516
2/9/23,NASDAQ BX (B),16185448,9154798,16894610,42234856,836519731.4,585007815.1,1016393800,2437921346,354621,58274,283321,696216
2/9/23,NYSE National (C),25085275,11339041,20634987,57059303,786661943.5,475518986.3,684822282.4,1947003212,352750,74515,262088,689353
2/9/23,FINRA / Nasdaq TRF Chicago (DB),7822851,2097253,13877718,23797822,267272251.7,145031989.1,846504428.1,1258808669,33798,7260,61847,102905
2/9/23,FINRA / NYSE TRF (DN),375878294,242252081,995000620,1613130995,10207608326,9116342883,42398526511,61722477721,999629,466512,2164392,3630533
2/9/23,FINRA / Nasdaq TRF Carteret (DQ),1295646890,585229208,1775047076,3655923174,59947896071,32166628008,73991068438,1.66106E+11,8106368,1806151,8203252,18115771
2/9/23,MIAX Pearl (H),44688596,37015759,52902345,134606700,1039528190,1654675295,1860028515,4554232000,410169,156208,415573,981950
2/9/23,EDGA Equities (J),64238111,30857316,58260036,153355463,2042738691,1314962271,2422922965,5780623927,794167,189557,676473,1660197
2/9/23,EDGX Equities (K),224373538,109557134,397580538,731511210,6870830332,5294029501,15111876512,27276736345,1759374,487393,2275783,4522550
2/9/23,LTSE (L),71158,369,62586,134113,6629465.35,9416.04,6282805.662,12921687.05,1029,5,838,1872
2/9/23,NYSE Chicago (M),11353933,14947619,12495545,38797097,941733905.5,1857737233,1906720958,4706192096,87187,4128,81920,173235
2/9/23,NYSE (N),894064680,41538061,84293911,1019896652,44900622788,2626149896,3954387885,51481160569,3968185,168763,637489,4774437
2/9/23,NYSE Arca (P),222976695,339111280,486419878,1048507853,8358818921,21328137785,17527141584,47214098290,2243131,1403165,3573236,7219532
2/9/23,NASDAQ (Q),501263094,168080717,1136085444,1805429255,23447925099,12095327010,61842052642,97385304751,6543467,1112001,9237792,16893260
2/9/23,Members Exchange (U),147369675,56933800,162720285,367023760,4638170202,3172633643,6885013497,14695817343,1524197,307214,1500209,3331620
2/9/23,Investors Exchange (V),143218676,24614104,116556687,284389467,8884622550,1849426106,7592499310,18326547966,1874698,168333,1472020,3515051
2/9/23,NASDAQ PSX (X),13825892,10504156,18541858,42871906,611201325.5,767313767.3,1230784260,2609299352,183460,55108,227451,466019
2/9/23,BYX Equities (Y),46071414,29813659,40267813,116152886,1174316570,1410528974,1432028988,4016874531,431531,157309,384367,973207
2/9/23,BZX Equities (Z),180466484,103548749,212561152,496576385,7417414689,7302097845,9783009806,24502522340,2264268,604263,2114927,4983458
2/8/23,NYSE American (A),8405874,16291828,8152489,32850191,305956611.7,457235982.1,399119931.2,1162312525,99199,68822,77283,245304
2/8/23,NASDAQ BX (B),15624982,8410663,16375176,40410821,771729307.8,599429552,985163663.2,2356322523,342277,58073,269493,669843
2/8/23,NYSE National (C),23166354,9332869,19466924,51966147,770951576.7,403027815.9,657967913.9,1831947306,360248,64333,256235,680816
2/8/23,FINRA / Nasdaq TRF Chicago (DB),6913192,1772045,13190100,21875337,231542820.7,125360126.2,865890121,1222793068,31103,6851,60756,98710
2/8/23,FINRA / NYSE TRF (DN),373576683,234754285,940151717,1548482685,9606256262,8087753786,40971776898,58665786946,948689,453682,1957727,3360098
2/8/23,FINRA / Nasdaq TRF Carteret (DQ),1256087972,516746551,1585524576,3358359099,57007764147,31541283941,69004091809,1.57553E+11,7911653,1820633,7674166,17406452
2/8/23,MIAX Pearl (H),46125303,39040073,51541318,136706694,1041527053,1708130571,1791343360,4541000984,394750,159031,391270,945051
2/8/23,EDGA Equities (J),60122175,27033501,55788600,142944276,1970252702,1272776105,2374045574,5617074381,791584,170225,663963,1625772
2/8/23,EDGX Equities (K),208161661,92307568,344269412,644738641,6547242024,4521742989,13449907176,24518892189,1656509,431346,2006655,4094510
2/8/23,LTSE (L),64144,423,39246,103813,6539690.952,7365.36,2734356.353,9281412.665,530,6,538,1074
2/8/23,NYSE Chicago (M),18235205,9494162,22022658,49752025,1404744354,1398573985,2633053105,5436371443,91702,6120,81631,179453
2/8/23,NYSE (N),813792280,35652281,75516742,924961303,40384757773,2433139866,3694520012,46512417650,3742158,162040,597648,4501846
2/8/23,NYSE Arca (P),214050110,299871761,423095430,937017301,8382958644,19008488677,15646886929,43038334250,2197427,1305111,3287566,6790104
2/8/23,NASDAQ (Q),479209813,153089624,1042074095,1674373532,22423403818,11624705613,60424564650,94472674081,6318662,1036989,8637744,15993395
2/8/23,Members Exchange (U),141808662,48244593,154522326,344575581,4394241470,2738388594,6513810036,13646440100,1496133,276795,1430931,3203859
2/8/23,Investors Exchange (V),141441712,21680871,104169386,267291969,8160242472,1698025683,6779457882,16637726037,1884018,154544,1407191,3445753
2/8/23,NASDAQ PSX (X),13025595,9039597,15339860,37405052,575639364.4,795727918.3,1039998982,2411366264,176679,51631,194310,422620
2/8/23,BYX Equities (Y),41484572,25344223,37160616,103989411,1056842044,1293876069,1309563067,3660281180,398272,136675,346966,881913
2/8/23,BZX Equities (Z),167288633,89206245,190790491,447285369,6929671340,6509525829,9423242597,22862439766,2161181,539815,1942256,4643252
2/7/23,NYSE American (A),8483797,21097260,9735460,39316517,303844798.4,620365567.9,402512769.1,1326723135,94402,85546,82065,262013
2/7/23,NASDAQ BX (B),17034669,10421074,20455030,47910773,862739405.8,832490290.7,1162859445,2858089142,347760,76549,307455,731764
2/7/23,NYSE National (C),23436610,12525247,21457548,57419405,701481642.6,526032437,648332758.4,1875846838,319648,83096,253000,655744
2/7/23,FINRA / Nasdaq TRF Chicago (DB),8121621,2554695,13600084,24276400,251014752.2,174485438.3,754656537.3,1180156728,32127,8791,66321,107239
2/7/23,FINRA / NYSE TRF (DN),414099398,261966634,1047186446,1723252478,9692724604,9451854690,47014952226,66159531520,1009690,508178,2113366,3631234
2/7/23,FINRA / Nasdaq TRF Carteret (DQ),1287926494,616654784,1747283024,3651864302,58942421045,38275469295,73310103149,1.70528E+11,7980413,2073846,7836301,17890560
2/7/23,MIAX Pearl (H),44317232,56336153,61454483,162107868,950900095.6,2266430726,2167084058,5384414880,383060,223787,419665,1026512
2/7/23,EDGA Equities (J),63908976,35694930,62337174,161941080,2030359590,1666922457,2766693483,6463975530,784501,225650,673169,1683320
2/7/23,EDGX Equities (K),232884372,124413961,392258561,749556894,6830061534,6279742692,14592611351,27702415577,1743817,565032,2139420,4448269
2/7/23,LTSE (L),39743,317572,114290,471605,3928012.851,34623266.43,16107062.43,54658341.71,556,48,1267,1871
2/7/23,NYSE Chicago (M),17246169,9160875,14223389,40630433,1213512451,961899151,1925834992,4101246593,106327,7231,105057,218615
2/7/23,NYSE (N),911436937,51360763,88906215,1051703915,43604690395,3464921694,4021811465,51091423554,4118459,232270,646768,4997497
2/7/23,NYSE Arca (P),233868078,393054048,492477570,1119399696,8917756682,24823966035,18025305065,51767027782,2323192,1739759,3569257,7632208
2/7/23,NASDAQ (Q),521618585,210837947,1188731978,1921188510,24028924526,15619572480,65708288718,1.05357E+11,6665873,1464341,9183761,17313975
2/7/23,Members Exchange (U),152596423,66959330,170678911,390234664,4691460608,3828484056,7018385572,15538330237,1568178,386692,1497430,3452300
2/7/23,Investors Exchange (V),150012521,26088139,121614002,297714662,9240524563,1869571479,7385675140,18495771182,1934550,166343,1500229,3601122
2/7/23,NASDAQ PSX (X),13203153,11930408,20991238,46124799,554418774.6,966783551.4,1363686767,2884889093,167197,66857,216398,450452
2/7/23,BYX Equities (Y),43276289,29474052,43552272,116302613,1102498294,1696598839,1581848170,4380945303,411077,166355,374007,951439
2/7/23,BZX Equities (Z),184348022,123735411,218615484,526698917,7585272639,9037766812,10616886651,27239926103,2315817,761676,2131143,5208636
2/6/23,NYSE American (A),8369076,18277111,7670881,34317068,290274674.6,440698162.8,279740703.8,1010713541,93488,75983,71060,240531
2/6/23,NASDAQ BX (B),15322871,9306585,16480919,41110375,752372398,582543347.3,930730189.5,2265645935,325444,66382,280884,672710
2/6/23,NYSE National (C),21364568,10180224,17877305,49422097,615392514.2,434506475.4,497640440.9,1547539430,304842,69662,227286,601790
2/6/23,FINRA / Nasdaq TRF Chicago (DB),5281535,1622886,9945104,16849525,184651099.6,106818778.3,596895380.2,888365258.1,26159,5740,49426,81325
2/6/23,FINRA / NYSE TRF (DN),418138501,239470449,1057908640,1715517590,9780205670,8205031303,38985320023,56970556995,1053889,466396,1989939,3510224
2/6/23,FINRA / Nasdaq TRF Carteret (DQ),1245677638,584155688,1800339727,3630173053,55314456315,33580851210,62915096927,1.5181E+11,8091498,1976386,7812297,17880181
2/6/23,MIAX Pearl (H),41784912,36856544,48696129,127337585,897763260.2,1548912167,1444400862,3891076289,378455,152440,359602,890497
2/6/23,EDGA Equities (J),56173064,28161152,52998712,137332928,1720632284,1387065401,1960006252,5067703936,726247,176361,622352,1524960
2/6/23,EDGX Equities (K),219703734,98103722,375469203,693276659,6269277806,4532513734,11261733608,22063525149,1719595,462429,1974453,4156477
2/6/23,LTSE (L),61997,5268,312565,379830,7309607.403,90681.62,21334851.51,28735140.53,632,21,1026,1679
2/6/23,NYSE Chicago (M),13997741,8210792,15033140,37241673,1063722000,1161381768,1656392017,3881495786,90957,5812,88624,185393
2/6/23,NYSE (N),853394396,37460649,79532282,970387327,40843075286,2374358988,3166308215,46383742488,3620092,166107,594586,4380785
2/6/23,NYSE Arca (P),209508990,317670818,488431348,1015611156,7917945608,18926675350,13372825574,40217446532,2174494,1329501,3247351,6751346
2/6/23,NASDAQ (Q),476094408,152601834,1096475184,1725171426,22018071357,10471560951,51370718383,83860350691,6232588,1044055,8332152,15608795
2/6/23,Members Exchange (U),137606512,49700540,151623135,338930187,4161461168,2678419987,5223895001,12063776155,1440819,281559,1326954,3049332
2/6/23,Investors Exchange (V),134246466,24560124,104403075,263209665,8349173038,1597918920,6082986897,16030078855,1848927,169917,1412141,3430985
2/6/23,NASDAQ PSX (X),12379631,9128310,16674171,38182112,502947710.5,687349730.4,830246365.1,2020543806,160939,48025,179223,388187
2/6/23,BYX Equities (Y),39431750,26300642,38217833,103950225,1011245583,1395220566,1160010421,3566476570,398017,141869,352360,892246
2/6/23,BZX Equities (Z),167737985,86622071,211238490,465598546,6771121534,5783783665,7712664630,20267569829,2204508,541166,1940975,4686649
2/3/23,NYSE American (A),9992471,21885637,9673036,41551144,364950002.5,707308653.9,472118151.7,1544376808,113778,91128,86898,291804
2/3/23,NASDAQ BX (B),17459634,12187848,21970343,51617825,863897756.9,870254898.6,1532625914,3266778569,358801,87753,331305,777859
2/3/23,NYSE National (C),25214685,14469659,24169509,63853853,765517299.2,650841173.4,822779650,2239138123,353722,97293,273741,724756
2/3/23,FINRA / Nasdaq TRF Chicago (DB),7997453,2587042,14698074,25282569,308498232.6,155342046.6,1052101000,1515941279,35663,9267,75543,120473
2/3/23,FINRA / NYSE TRF (DN),456772129,294898670,1080023016,1831693815,11348712290,10465311334,50252027682,72066051306,1162761,573778,2238581,3975120
2/3/23,FINRA / Nasdaq TRF Carteret (DQ),1367079501,755530265,1835387574,3957997340,62924489244,46859507531,83412441132,1.93196E+11,8985018,2295689,8811045,20091752
2/3/23,MIAX Pearl (H),45979800,52017751,58687034,156684585,974112435.4,2301581993,2031042198,5306736626,411596,215357,420306,1047259
2/3/23,EDGA Equities (J),73459720,38946318,68760892,181166930,2235816329,2057364786,3121176942,7414358056,876839,256939,766670,1900448
2/3/23,EDGX Equities (K),255669168,135619198,396726009,788014375,7625185305,6666850555,16919873917,31211909777,1909031,643076,2335248,4887355
2/3/23,LTSE (L),60756,17824,39828,118408,9267113.02,544681.28,3621729.398,13433523.7,711,28,517,1256
2/3/23,NYSE Chicago (M),16788900,9641126,23306000,49736026,1378452828,1312173647,3067100279,5757726755,122560,8019,111216,241795
2/3/23,NYSE (N),982230541,54803800,93436633,1130470974,48350253483,3590460537,4375816905,56316530924,4282913,248043,702996,5233952
2/3/23,NYSE Arca (P),242088745,450215339,517816711,1210120795,9220273570,28130987230,20238152977,57589413777,2448685,1918494,3871080,8238259
2/3/23,NASDAQ (Q),537444541,217971891,1237074559,1992490991,26186591796,16366642055,71312149907,1.13865E+11,7131543,1554471,10011680,18697694
2/3/23,Members Exchange (U),163620351,70630602,168816786,403067739,5070687904,4009310234,7702101523,16782099661,1669482,401651,1597529,3668662
2/3/23,Investors Exchange (V),153557234,32265877,122046384,307869495,9657872990,2163397744,8579135879,20400406612,2041192,214132,1568371,3823695
2/3/23,NASDAQ PSX (X),15545773,13706290,25043220,54295283,613866408.5,1099937813,1676786405,3390590626,189145,70787,252580,512512
2/3/23,BYX Equities (Y),49178532,35748055,44482900,129409487,1306810563,1972367045,1938584699,5217762308,466732,195982,418363,1081077
2/3/23,BZX Equities (Z),200548022,133424986,225306024,559279032,8417506363,9737905016,12279901087,30435312467,2593181,831867,2361981,5787029
2/2/23,NYSE American (A),13718599,27185830,12103237,53007666,571057373.2,800456732.9,666035998.1,2037550104,145361,109902,116696,371959
2/2/23,NASDAQ BX (B),23165965,14012906,26304036,63482907,1201534274,897472356.8,1837696123,3936702754,451476,99334,410616,961426
2/2/23,NYSE National (C),30877512,16290743,27360366,74528621,902081962.5,764112867.5,914983860.4,2581178690,405370,110216,318277,833863
2/2/23,FINRA / Nasdaq TRF Chicago (DB),10581197,3250081,19969432,33800710,367717979.9,218718520.9,1186606776,1773043277,48401,12267,92598,153266
2/2/23,FINRA / NYSE TRF (DN),525831059,327615589,1223176443,2076623091,13238815939,12427605543,53955278057,79621699539,1395413,658830,2626662,4680905
2/2/23,FINRA / Nasdaq TRF Carteret (DQ),1745234456,815011824,2299291125,4859537405,83109621248,46783425003,1.01564E+11,2.31457E+11,10532982,2666636,10471107,23670725
2/2/23,MIAX Pearl (H),55685871,52358235,69578967,177623073,1368195302,2601359418,2509600279,6479154999,530421,227970,529461,1287852
2/2/23,EDGA Equities (J),83863680,37799955,75844691,197508326,2552905632,1936957862,3303037198,7792900693,994316,242299,859641,2096256
2/2/23,EDGX Equities (K),311769982,150716230,483749602,946235814,9933324419,7644962626,19534322821,37112609866,2363125,717028,2797587,5877740
2/2/23,LTSE (L),79088,2973,101429,183490,9002353.73,62188.25,6740662.48,15805204.46,531,10,647,1188
2/2/23,NYSE Chicago (M),15774691,15231051,21286348,52292090,1345006519,2588859792,3023823582,6957689893,125580,7084,119821,252485
2/2/23,NYSE (N),1111447800,57641615,115252820,1284342235,56428955712,3847338178,5395514685,65671808575,5106716,259310,862859,6228885
2/2/23,NYSE Arca (P),304893998,476210900,625603814,1406708712,12218313794,29656941862,26131806656,68007062313,3065510,2077054,4891168,10033732
2/2/23,NASDAQ (Q),674888498,238984243,1459755420,2373628161,33805088032,17806222937,83005526755,1.34617E+11,8653725,1678510,11896344,22228579
2/2/23,Members Exchange (U),191215592,75113313,202385151,468714056,6325900099,4601774799,9062801349,19990476247,2017777,444796,1941782,4404355
2/2/23,Investors Exchange (V),191529397,35049284,158325750,384904431,12406527531,2509739193,10635353382,25551620106,2484148,238173,1976274,4698595
2/2/23,NASDAQ PSX (X),18610731,14851524,27567781,61030036,798629373.8,1184066775,1693002800,3675698949,241553,78525,284657,604735
2/2/23,BYX Equities (Y),56632395,39713883,52669091,149015369,1562646777,2232224600,2216079637,6010951014,543657,219538,496944,1260139
2/2/23,BZX Equities (Z),245095925,141586387,283489453,670171765,10780443442,10904311041,14865885641,36550640124,3154233,933927,2976626,7064786
2/1/23,NYSE American (A),11289930,22626299,11223077,45139306,415274554.4,846395701.6,502886587.1,1764556843,113222,101725,91047,305994
2/1/23,NASDAQ BX (B),20678435,13457551,23917809,58053795,1132190965,917891392.6,1405151804,3455234162,420115,87000,357904,865019
2/1/23,NYSE National (C),28057371,17493129,28102710,73653210,774963027.8,745802866.1,740888683.3,2261654577,359169,107822,286116,753107
2/1/23,FINRA / Nasdaq TRF Chicago (DB),7986745,2991179,15655806,26633730,312591203.5,195552261.3,977570241.6,1485713706,37090,10519,82419,130028
2/1/23,FINRA / NYSE TRF (DN),440851938,317451612,1163602289,1921905839,11033250612,11974226296,45041008476,68048485385,1087561,637275,2311077,4035913
2/1/23,FINRA / Nasdaq TRF Carteret (DQ),1395865940,790663360,1937985446,4124514746,63632829538,45229751774,75303498530,1.84166E+11,8889761,2377278,8705360,19972399
2/1/23,MIAX Pearl (H),46784358,51834151,56945556,155564065,1077401733,2317227702,1813432733,5208062169,425441,216201,419044,1060686
2/1/23,EDGA Equities (J),81477652,46642993,74322950,202443595,2465626994,2386465863,3154889616,8006982472,964439,271782,850746,2086967
2/1/23,EDGX Equities (K),268376704,156991242,445280625,870648571,8129386690,8058492273,15807938738,31995817701,2003168,706362,2489778,5199308
2/1/23,LTSE (L),64956,1100,169226,235282,9024004.485,39024.98,10999986.9,20063016.36,882,9,888,1779
2/1/23,NYSE Chicago (M),21760603,14397636,20347644,56505883,1717695702,1691856536,2580892594,5990444832,163445,7289,131057,301791
2/1/23,NYSE (N),1047405211,60597124,103187260,1211189595,51446576935,4010164876,4452431849,59909173660,4802247,266292,771556,5840095
2/1/23,NYSE Arca (P),268426270,493411550,585071704,1346909524,10906143780,30467597314,20858066967,62231808061,2705045,2042330,4217055,8964430
2/1/23,NASDAQ (Q),584582422,257038975,1343066514,2184687911,27664721143,18622080817,71372622999,1.17659E+11,7645341,1753241,10579515,19978097
2/1/23,Members Exchange (U),163988889,76822893,188277298,429089080,5200038384,4360275386,7025719876,16586033646,1691911,439276,1625694,3756881
2/1/23,Investors Exchange (V),164940122,32285388,125522452,322747962,10155146278,2396069994,7923214432,20474430704,2247553,212837,1698615,4159005
2/1/23,NASDAQ PSX (X),16209597,17116944,28194674,61521215,665302491.5,1244790615,1748075474,3658168581,203048,89394,259688,552130
2/1/23,BYX Equities (Y),50008435,39159768,51157048,140325251,1284880010,2063805518,1689152538,5037838066,463536,213043,431979,1108558
2/1/23,BZX Equities (Z),217116500,154189307,242813699,614119506,8948022140,11257532763,11633799291,31839354194,2769716,962926,2538621,6271263
1/31/23,NYSE American (A),9046915,23156428,8191406,40394749,349077395.9,579239512.6,294275096.4,1222592005,96796,80508,72078,249382
1/31/23,NASDAQ BX (B),14869370,9697604,17712952,42279926,795214002.8,645190282.7,840646191.8,2281050477,323424,68132,255385,646941
1/31/23,NYSE National (C),22991014,11809462,23291387,58091863,740952152.7,564547402.5,640021238,1945520793,316986,72581,235326,624893
1/31/23,FINRA / Nasdaq TRF Chicago (DB),6573601,2234438,12804357,21612396,253077281.3,134522773.2,693890815.1,1081490870,29723,8066,61874,99663
1/31/23,FINRA / NYSE TRF (DN),362217664,220123943,1005245282,1587586889,10184367788,8557949526,34259444769,53001762082,964119,458021,1817580,3239720
1/31/23,FINRA / Nasdaq TRF Carteret (DQ),1371134026,668230732,1874897885,3914262643,67177205340,42775078415,63350864399,1.73303E+11,7940391,1840810,7102572,16883773
1/31/23,MIAX Pearl (H),33897784,28932894,44497183,107327861,903527008.9,1365498739,1271931945,3540957693,352131,135165,332786,820082
1/31/23,EDGA Equities (J),63244303,30557343,58754493,152556139,2093262218,1507013768,2251062033,5851338019,795238,180143,646660,1622041
1/31/23,EDGX Equities (K),204249478,111249095,365433616,680932189,6737686129,5351727845,10346112438,22435526411,1631884,493804,1806703,3932391
1/31/23,LTSE (L),42964,252,43440,86656,5477888.29,990.3622,3554437.537,9033316.189,508,5,575,1088
1/31/23,NYSE Chicago (M),13970195,13353501,17186275,44509971,1195342645,1623483347,2873734571,5692560564,76222,4940,63650,144812
1/31/23,NYSE (N),1288159640,36923066,78914561,1403997267,68977855293,2478457354,3027405144,74483717791,3689903,159154,570980,4420037
1/31/23,NYSE Arca (P),205220657,316288899,414772398,936281954,8364298715,21571458720,12658045168,42593802603,2140508,1262538,2938798,6341844
1/31/23,NASDAQ (Q),461248313,173093726,1231020331,1865362370,22478820702,12657746958,60647224185,95783791845,6087855,1076671,7747414,14911940
1/31/23,Members Exchange (U),138597659,52436728,174947410,365981797,4574946875,2993519851,4995549673,12564016399,1411591,280395,1248261,2940247
1/31/23,Investors Exchange (V),135897259,26915543,100649766,263462568,8412459665,1889345009,5970108582,16271913256,1884868,175590,1376399,3436857
1/31/23,NASDAQ PSX (X),17439393,15927984,20885096,54252473,665203451.6,951356075.3,1073577838,2690137365,183764,69385,191641,444790
1/31/23,BYX Equities (Y),40916351,30141725,51801216,122859292,1203414138,1511681873,1248109477,3963205489,425607,148230,375152,948989
1/31/23,BZX Equities (Z),167200592,102401844,197043802,466646238,7275086318,7311643996,7667102977,22253833291,2224681,587558,1917804,4730043
1/30/23,NYSE American (A),8111021,20035424,7617646,35764091,297220976.8,450229873,311600843.7,1059051693,85469,81320,69253,236042
1/30/23,NASDAQ BX (B),13869787,8958474,17593208,40421469,757316601.9,630836169.9,1004020832,2392173604,304026,66641,273075,643742
1/30/23,NYSE National (C),22096670,11204520,20432288,53733478,681038113.2,484090124.6,651754946.2,1816883184,306433,71863,230738,609034
1/30/23,FINRA / Nasdaq TRF Chicago (DB),7067221,2696650,14029378,23793249,257145098.9,148290275.8,791300999.2,1196736374,30480,9862,61678,102020
1/30/23,FINRA / NYSE TRF (DN),353674108,269004695,943871549,1566550352,9158495199,9167581468,35465590205,53791666872,924115,545674,1862139,3331928
1/30/23,FINRA / Nasdaq TRF Carteret (DQ),1173976286,592340957,1644190669,3410507912,55837379833,34848123165,63091370170,1.53777E+11,7759060,2028019,7534241,17321320
1/30/23,MIAX Pearl (H),35493741,30586321,43883106,109963168,891675453.5,1370426711,1533339703,3795441867,366209,137461,360368,864038
1/30/23,EDGA Equities (J),59200627,28977296,58687684,146865607,1914080700,1365073588,2271103461,5550257748,742444,179932,653766,1576142
1/30/23,EDGX Equities (K),203958751,119413186,366532521,689904458,6189297331,5166164117,11469036254,22824497701,1600715,529285,1917979,4047979
1/30/23,LTSE (L),41478,0,225147,266625,3743088.7,0,32868616.21,36611704.91,513,0,950,1463
1/30/23,NYSE Chicago (M),13356819,11595381,17083856,42036056,1008256538,1085249003,2098737790,4192243330,76374,4674,70397,151445
1/30/23,NYSE (N),794803400,36859275,77808289,909470964,40061862072,2288535512,3398593374,45748990959,3488444,165495,583121,4237060
1/30/23,NYSE Arca (P),194438859,315555285,393213395,903207539,7639473437,19276112526,12662055574,39577641537,2004079,1293106,2973341,6270526
1/30/23,NASDAQ (Q),442918309,168077726,1033131531,1644127566,21032741504,11794647989,51267850085,84095239578,5862811,1071252,7903651,14837714
1/30/23,Members Exchange (U),130033434,51098372,159502798,340634604,4444780960,2761924774,5290730357,12497436091,1423279,296851,1286754,3006884
1/30/23,Investors Exchange (V),126746629,25191399,97527629,249465657,7557354508,1823036675,6128850360,15509241544,1790617,173863,1344992,3309472
1/30/23,NASDAQ PSX (X),15106872,15160733,21278523,51546128,560608937.2,845014130.1,1198180454,2603803522,164553,68222,194336,427111
1/30/23,BYX Equities (Y),38545891,29185355,42737688,110468934,1071551733,1468271515,1321547516,3861370763,391421,151419,348655,891495
1/30/23,BZX Equities (Z),163662011,103006298,182457400,449125709,6945844559,6854314095,8361455823,22161614478,2166044,601096,1954898,4722038
1/27/23,NYSE American (A),8332233,19483516,8656085,36471834,311401430.4,473752963.1,301507055.5,1086661449,85897,80162,70329,236388
1/27/23,NASDAQ BX (B),14387844,9680905,18600749,42669498,731586008,626269732,997644706.4,2355500446,300112,65457,273453,639022
1/27/23,NYSE National (C),23943516,12226185,25885527,62055228,708363003.7,533505159.9,684353104.2,1926221268,301728,73967,241708,617403
1/27/23,FINRA / Nasdaq TRF Chicago (DB),6742601,2252607,16769077,25764285,247119188.7,142826102.6,1072116562,1462061853,26936,7759,70730,105425
1/27/23,FINRA / NYSE TRF (DN),364554649,265571220,1234814684,1864940553,10082620767,8575823513,42903420504,61561864783,969729,516157,2252579,3738465
1/27/23,FINRA / Nasdaq TRF Carteret (DQ),1244069826,602483545,2103656945,3950210316,58898052583,34466754245,71198740409,1.64564E+11,7806142,1925168,8340567,18071877
1/27/23,MIAX Pearl (H),35952952,29606153,53442585,119001690,887104278.8,1309198583,1690381368,3886684230,366496,139489,412842,918827
1/27/23,EDGA Equities (J),62570931,30513505,65910478,158994914,1952736037,1413770368,2450624368,5817130774,758379,185192,687428,1630999
1/27/23,EDGX Equities (K),209842897,115285268,449588810,774716975,6972711258,5139255951,14814591735,26926558944,1624959,504027,2129839,4258825
1/27/23,LTSE (L),67491,715,41606,109812,6103053.3,20598.85,2660074.964,8783727.114,619,9,517,1145
1/27/23,NYSE Chicago (M),14044978,21737293,17216809,52999080,1009580720,2132494499,2475764595,5617839814,79237,4568,73967,157772
1/27/23,NYSE (N),766306441,36242225,82314378,884863044,39417089343,2383827619,3089125248,44890042210,3491967,169598,580351,4241916
1/27/23,NYSE Arca (P),183705320,294668915,493809441,972183676,7384882802,18196440297,14871883813,40453206912,1881634,1245324,3162623,6289581
1/27/23,NASDAQ (Q),444254740,164571000,1137457739,1746283479,21330703773,11487793088,56447166341,89265663202,5829965,1039254,8253002,15122221
1/27/23,Members Exchange (U),138039465,50330381,211819612,400189458,4382400029,2767692235,6483901126,13633993390,1375813,285938,1434567,3096318
1/27/23,Investors Exchange (V),127520696,23562232,109902692,260985620,8139821269,1639583750,6686297332,16465702351,1791514,169577,1356395,3317486
1/27/23,NASDAQ PSX (X),15650733,15402624,22967435,54020792,555744597.9,868053372.7,1163749826,2587547797,163774,65442,207869,437085
1/27/23,BYX Equities (Y),39873080,28705663,50390749,118969492,1051473150,1389703089,1415368851,3856545090,385377,147762,378653,911792
1/27/23,BZX Equities (Z),169649403,99587027,231820534,501056964,7105263306,6925311545,9914940562,23945515413,2185969,595995,2129728,4911692
1/26/23,NYSE American (A),7827859,19134760,8531595,35494214,304448414.9,514740089.9,302203136.3,1121391641,85793,77840,68989,232622
1/26/23,NASDAQ BX (B),14361765,9601440,18885902,42849107,759239368,621945515.3,925248378.5,2306433262,306782,67683,278228,652693
1/26/23,NYSE National (C),21526362,11018970,23898953,56444285,689900204,498482369.2,644336393.1,1832718966,297749,75771,233962,607482
1/26/23,FINRA / Nasdaq TRF Chicago (DB),5675396,2403970,14632756,22712122,255331455.8,153060802.1,828203054.1,1236595312,25551,7583,61317,94451
1/26/23,FINRA / NYSE TRF (DN),337715620,261573947,1145862876,1745152443,10271162931,9007193015,33561530454,52839886400,881151,489405,1893624,3264180
1/26/23,FINRA / Nasdaq TRF Carteret (DQ),1181231986,611600165,1859465603,3652297754,57820592042,34855470108,61570203609,1.54246E+11,7491495,1842434,7347398,16681327
1/26/23,MIAX Pearl (H),38532341,33500866,46340728,118373935,1045506018,1483608627,1447303251,3976417897,396031,155592,365665,917288
1/26/23,EDGA Equities (J),61996767,32565640,64142258,158704665,1980811109,1394159443,2285105039,5660075591,766933,185349,656979,1609261
1/26/23,EDGX Equities (K),199231448,115716059,421932656,736880163,6839681455,5347318101,12396643571,24583643127,1575837,513498,1966261,4055596
1/26/23,LTSE (L),61984,9030,34178,105192,5910917.04,3136024.14,2495856.533,11542797.71,690,120,440,1250
1/26/23,NYSE Chicago (M),16128159,11273006,12522040,39923205,1173500360,1123824296,1579040038,3876364695,88554,5277,74832,168663
1/26/23,NYSE (N),780915330,37063927,77018745,894998002,39604132874,2283611284,3003326570,44891070728,3526823,159593,550655,4237071
1/26/23,NYSE Arca (P),191602586,314089044,481020136,986711766,8367301747,18564956419,13981772421,40914030588,2003413,1322753,3039375,6365541
1/26/23,NASDAQ (Q),446164009,174701155,1085981806,1706846970,22119009637,11832783349,52522498919,86474291905,5810971,1144238,7969431,14924640
1/26/23,Members Exchange (U),133674145,55470930,194868808,384013883,4448023022,2950563410,5566330317,12964916748,1368322,306694,1314374,2989390
1/26/23,Investors Exchange (V),132360841,24159567,106556544,263076952,8660499065,1682746231,6676094857,17019340153,1789374,184621,1369845,3343840
1/26/23,NASDAQ PSX (X),15374235,15646922,19859793,50880950,595665838.8,901455516.2,1132065995,2629187350,163619,69170,198826,431615
1/26/23,BYX Equities (Y),41807095,28772333,44288300,114867728,1117030478,1437049246,1262079986,3816159710,396723,148406,362394,907523
1/26/23,BZX Equities (Z),166544846,110980598,206182135,483707579,7108033733,7638612562,8651505190,23398151484,2133006,647403,1916268,4696677
1/25/23,NYSE American (A),8238591,19848356,7772247,35859194,304416236.1,485528135.3,307471965.4,1097416337,91684,73354,69061,234099
1/25/23,NASDAQ BX (B),14162537,8591728,17449010,40203275,740724414.1,588090725.2,948176855.1,2276991994,315112,63738,276090,654940
1/25/23,NYSE National (C),20626525,9921450,22173888,52721863,665101027.1,435759169.6,617451563.6,1718311760,317266,70739,242287,630292
1/25/23,FINRA / Nasdaq TRF Chicago (DB),6066893,2591206,14620841,23278940,253958181.5,189477710.9,833755059.3,1277190952,27655,8605,60957,97217
1/25/23,FINRA / NYSE TRF (DN),316270505,249255392,1120656742,1686182639,9390242245,8936623507,35084408596,53411274348,844945,493456,1821280,3159681
1/25/23,FINRA / Nasdaq TRF Carteret (DQ),1118056259,573538324,1787551604,3479146187,53287101827,35179736545,59032525228,1.47499E+11,7065764,1816853,7083989,15966606
1/25/23,MIAX Pearl (H),33835711,28776266,42730289,105342266,890811589.8,1445524845,1451739582,3788076017,370316,142269,352103,864688
1/25/23,EDGA Equities (J),55982448,29875664,56362364,142220476,1880940885,1395237377,2167751657,5443929919,749463,184605,632245,1566313
1/25/23,EDGX Equities (K),188156721,112282740,397175306,697614767,6449408737,5567223629,12062027883,24078660249,1546325,524908,1935079,4006312
1/25/23,LTSE (L),38065,936,28678,67679,6723824.24,7253.52,2995448.391,9726526.151,528,17,371,916
1/25/23,NYSE Chicago (M),14699631,14502475,14782480,43984586,1225917740,1385491549,1853430245,4464839534,84471,4658,68197,157326
1/25/23,NYSE (N),772885366,41266616,81137392,895289374,40104361471,2512225570,3128693292,45745280333,3544010,166919,562000,4272929
1/25/23,NYSE Arca (P),184865302,304344044,486132665,975342011,7743817629,19196882090,14195259011,41135958730,1918919,1326669,3033186,6278774
1/25/23,NASDAQ (Q),444038103,168383438,1014868141,1627289682,21466795046,12295654020,48968390267,82730839334,5833728,1131994,7859104,14824826
1/25/23,Members Exchange (U),133057781,54714524,162634693,350406998,4378471191,3012830276,5679575163,13070876630,1393885,312022,1330670,3036577
1/25/23,Investors Exchange (V),138863866,23161309,104688044,266713219,8717142846,1645744838,6633483938,16996371622,1869718,168460,1367642,3405820
1/25/23,NASDAQ PSX (X),12955012,14893401,18137623,45986036,489117484.5,940729516.6,1008046007,2437893008,152673,66621,186915,406209
1/25/23,BYX Equities (Y),38321229,26953468,47100489,112375186,1078356066,1482950838,1281224798,3842531702,386280,148744,362657,897681
1/25/23,BZX Equities (Z),167486535,109018616,203200512,479705663,7099677179,8022814507,8663521888,23786013574,2206626,656501,1949698,4812825
1/24/23,NYSE American (A),7100232,21510423,7388267,35998922,284932919.6,437597047.5,306750821.4,1029280789,83789,80261,69956,234006
1/24/23,NASDAQ BX (B),12801306,8876624,16317920,37995850,698878404.7,583510547.5,744162138.8,2026551091,285789,65523,244852,596164
1/24/23,NYSE National (C),18014302,9443320,17771667,45229289,581312097.7,393949191.1,497676212.2,1472937501,264892,61828,209696,536416
1/24/23,FINRA / Nasdaq TRF Chicago (DB),4918405,2263759,13305067,20487231,196242678.5,129805805.8,739453546,1065502030,23351,9020,56902,89273
1/24/23,FINRA / NYSE TRF (DN),293444845,256961508,1194907356,1745313709,8462149603,8764636560,31380578055,48607364218,787046,500795,1769767,3057608
1/24/23,FINRA / Nasdaq TRF Carteret (DQ),1097029925,540256217,1869918105,3507204247,51972698093,30477341732,56238867931,1.38689E+11,6951360,1763566,6683774,15398700
1/24/23,MIAX Pearl (H),31271882,30093192,43938033,105303107,807359774.6,1340579931,1255903413,3403843118,338364,144920,337784,821068
1/24/23,EDGA Equities (J),48900042,26880762,54337414,130118218,1757201464,1152066405,1885614123,4794881992,695961,162414,591928,1450303
1/24/23,EDGX Equities (K),167126380,103437331,420289689,690853400,5484392023,4628952157,9530043233,19643387413,1410249,478069,1754495,3642813
1/24/23,LTSE (L),67315,506,73794,141615,4110066.946,18761.72,6010575.807,10139404.47,422,12,485,919
1/24/23,NYSE Chicago (M),11909109,12418800,14305956,38633865,974461269.5,1870837367,2043102196,4888400833,98068,5443,75810,179321
1/24/23,NYSE (N),606202039,27866982,56449686,690518707,31424131258,1737149734,2288786578,35450067571,2943284,126948,445080,3515312
1/24/23,NYSE Arca (P),160422161,283739851,556349648,1000511660,6697060315,15479672978,13662318820,35839052114,1723577,1187141,2880346,5791064
1/24/23,NASDAQ (Q),392531875,152444368,991433844,1536410087,19655730270,10178131028,43505770924,73339632221,5410647,1016638,7224015,13651300
1/24/23,Members Exchange (U),116566265,50651289,146914319,314131873,3869502504,2658753601,4476086717,11004342822,1279465,282219,1189127,2750811
1/24/23,Investors Exchange (V),116720203,21646713,96434623,234801539,7584678447,1391879663,5794601021,14771159131,1690641,160210,1308889,3159740
1/24/23,NASDAQ PSX (X),11986566,13974257,16020569,41981392,447592392.6,826728272.1,807490157.7,2081810822,139034,63538,162282,364854
1/24/23,BYX Equities (Y),35085153,25535770,54077814,114698737,1041464565,1260500817,1110165714,3412131096,369467,134485,351775,855727
1/24/23,BZX Equities (Z),147281516,93901937,217434773,458618226,6406102012,6259889171,6918237825,19584229009,2051369,581409,1790173,4422951
1/23/23,NYSE American (A),7811473,24995356,7405989,40212818,282826245.3,696126547.7,303827572.2,1282780365,84924,100654,70898,256476
1/23/23,NASDAQ BX (B),15289035,10904695,17997639,44191369,752485561.8,699371385.5,972424578.8,2424281526,323814,77543,282121,683478
1/23/23,NYSE National (C),20724285,13800222,21244027,55768534,652117924,577029121.2,622301177.4,1851448223,307153,85172,246275,638600
1/23/23,FINRA / Nasdaq TRF Chicago (DB),6708838,3194213,15909109,25812160,288920709.3,168539622.6,848190225.8,1305650558,31768,11524,64555,107847
1/23/23,FINRA / NYSE TRF (DN),360783575,328812452,1198994203,1888590230,9984915562,10062846526,36325879426,56373641514,943679,624713,1921581,3489973
1/23/23,FINRA / Nasdaq TRF Carteret (DQ),1240163837,786310134,1937486513,3963960484,58502985592,44837740345,66855654893,1.70196E+11,7794439,2245306,7840147,17879892
1/23/23,MIAX Pearl (H),35536524,34795469,50460625,120792618,922505497.6,1533470345,1584095701,4040071544,391794,174744,396909,963447
1/23/23,EDGA Equities (J),55867417,34211361,58218653,148297431,1910795574,1573563832,2186866858,5671226264,732789,199657,651836,1584282
1/23/23,EDGX Equities (K),190521637,127995941,429609261,748126839,6165252458,5625915319,11527884285,23319052062,1527290,582597,1946611,4056498
1/23/23,LTSE (L),57747,1002,34529,93278,4798972.212,20035.67,2428110.13,7247118.012,450,12,515,977
1/23/23,NYSE Chicago (M),21503528,13970157,20563044,56036729,1403401370,1569425292,2797278962,5770105624,82239,6176,75977,164392
1/23/23,NYSE (N),816047587,42069718,80408709,938526014,39886038333,2608161731,3452257995,45946458058,3600360,188707,584058,4373125
1/23/23,NYSE Arca (P),195067131,362599541,525430049,1083096721,8670373081,21437524985,14592510194,44700408260,2109228,1484707,3168957,6762892
1/23/23,NASDAQ (Q),439114267,183253000,1131223899,1753591166,21293030583,12960490566,54185323600,88438844748,5938482,1199577,8414077,15552136
1/23/23,Members Exchange (U),129558668,61688223,157398012,348644903,4265446916,3236862287,5551722669,13054031873,1388464,350242,1358130,3096836
1/23/23,Investors Exchange (V),134923698,27338102,112295097,274556897,8303922606,1833318863,7220094505,17357335975,1831292,195612,1457439,3484343
1/23/23,NASDAQ PSX (X),15441899,17046044,19542964,52030907,528399150.4,989988102.1,994733300.7,2513120553,163135,74487,196151,433773
1/23/23,BYX Equities (Y),40731904,34274247,41942039,116948190,1098248577,1750914308,1285927325,4135090210,412395,171325,372272,955992
1/23/23,BZX Equities (Z),172274445,116852128,227353133,516479706,7324783750,7762837697,8951185157,24038806604,2367959,674774,2153195,5195928
1/20/23,NYSE American (A),8408785,25103616,7456950,40969351,315843387.2,633965833.2,306020559.2,1255829780,90696,89073,71489,251258
1/20/23,NASDAQ BX (B),14250848,10655194,17334268,42240310,686396836.5,627591403.7,842104793.7,2156093034,312006,75627,265141,652774
1/20/23,NYSE National (C),20515182,12483568,20363604,53362354,633518339.5,499193037.1,574831249.9,1707542626,288616,80174,222152,590942
1/20/23,FINRA / Nasdaq TRF Chicago (DB),5783586,2851886,13628901,22264373,258153590.9,170117300.2,648588943.5,1076859835,26480,10056,51342,87878
1/20/23,FINRA / NYSE TRF (DN),314894369,293413499,1096157772,1704465640,9228345842,9421572818,29067051982,47716970642,821524,571765,1625502,3018791
1/20/23,FINRA / Nasdaq TRF Carteret (DQ),1196484734,754236430,1908327382,3859048546,59486514371,44621342150,63257582311,1.67365E+11,7457074,2050027,6926719,16433820
1/20/23,MIAX Pearl (H),32978218,30707925,41253892,104940035,832215209.5,1390596611,1317877107,3540688928,364912,154615,351221,870748
1/20/23,EDGA Equities (J),51723548,30598927,52387739,134710214,1761009120,1468068762,1919766796,5148844679,676114,182971,572996,1432081
1/20/23,EDGX Equities (K),167990427,121532985,411753635,701277047,5748184971,5310955141,9852705652,20911845763,1454320,547521,1745924,3747765
1/20/23,LTSE (L),47291,500,68517,116308,5001840.539,8322,5158483.221,10168645.76,437,5,726,1168
1/20/23,NYSE Chicago (M),22015036,29702374,30272630,81990040,1586923413,3926383159,4470077893,9983384465,80883,5639,70740,157262
1/20/23,NYSE (N),999034463,40372858,71213111,1110620432,54788919328,2497421739,3225321840,60511662907,3591214,175106,557910,4324230
1/20/23,NYSE Arca (P),179028762,365740837,538288356,1083057955,7307167372,21001997951,13520535624,41829700947,1910158,1341318,2911880,6163356
1/20/23,NASDAQ (Q),432564584,185372535,1244856224,1862793343,21006927237,12139922080,61053282632,94200131949,5835054,1133021,7862067,14830142
1/20/23,Members Exchange (U),122883257,53519549,146570401,322973207,4051851374,2722554070,4946436033,11720841477,1335122,310977,1239508,2885607
1/20/23,Investors Exchange (V),136151048,26785327,107103058,270039433,8234270715,1784090781,6409984673,16428346169,1877225,187835,1427121,3492181
1/20/23,NASDAQ PSX (X),14165894,16976702,17730982,48873578,488480184.6,980646311.6,908320539.8,2377447036,152143,68838,172255,393236
1/20/23,BYX Equities (Y),40710342,33580181,40994536,115285059,1104668040,1567819138,1265434054,3937921232,408006,163746,364846,936598
1/20/23,BZX Equities (Z),168945873,110285837,231580549,510812259,7260045831,7228761077,8636130633,23124937541,2269373,620507,2027091,4916971
1/19/23,NYSE American (A),9845166,26243340,7670274,43758780,358050884.4,659859271.3,314755423.8,1332665580,99212,93179,73157,265548
1/19/23,NASDAQ BX (B),14563792,12437885,15430505,42432182,712586334.5,707081501.7,799377492.1,2219045328,311103,74533,254155,639791
1/19/23,NYSE National (C),22571724,13814639,19558375,55944738,668557708.3,604147980.7,571373872.7,1844079562,310562,84989,228684,624235
1/19/23,FINRA / Nasdaq TRF Chicago (DB),5864785,2862929,11185030,19912744,250605730.5,153060263.7,666922146.3,1070588141,27523,10114,52098,89735
1/19/23,FINRA / NYSE TRF (DN),328760481,339485087,790787938,1459033506,8544736114,9836949998,29806040273,48187726385,826680,564688,1559868,2951236
1/19/23,FINRA / Nasdaq TRF Carteret (DQ),1196394363,936265619,1544435510,3677095492,54568914757,50988264999,56731982480,1.62289E+11,7546922,2097835,6670765,16315522
1/19/23,MIAX Pearl (H),37360476,34849101,47160117,119369694,901543339.7,1605086323,1370778506,3877408169,384312,170419,356692,911423
1/19/23,EDGA Equities (J),51784033,34952416,45524403,132260852,1654490056,1521284263,1749845451,4925619770,656624,200765,547247,1404636
1/19/23,EDGX Equities (K),174303604,137966077,282866533,595136214,5687065921,5997580640,9211791441,20896438002,1502245,568718,1653021,3723984
1/19/23,LTSE (L),322472,3550,49333,375355,8835617.3,145368.5,3244486.181,12225471.98,493,9,551,1053
1/19/23,NYSE Chicago (M),14894957,18223198,13237244,46355399,1168800844,1740422781,1564359780,4473583405,93227,6185,73453,172865
1/19/23,NYSE (N),853730028,44649793,73408642,971788463,43606448619,2839573148,3070648170,49516669936,3600768,190649,552514,4343931
1/19/23,NYSE Arca (P),192423580,391571121,390560925,974555626,7628471408,21414680142,12591202721,41634354271,2026442,1407949,2806189,6240580
1/19/23,NASDAQ (Q),454093287,206111350,985092319,1645296956,21196846977,13340277994,48575121478,83112246449,5992652,1229167,7580803,14802622
1/19/23,Members Exchange (U),133254365,59283608,128761741,321299714,4107957028,3156769835,4579064355,11843791217,1415327,314163,1199971,2929461
1/19/23,Investors Exchange (V),136906201,27997460,106174750,271078411,8323645889,1873315733,6168011543,16364973166,1873171,194153,1412281,3479605
1/19/23,NASDAQ PSX (X),15410329,19749537,17461304,52621170,492299848.1,1094882752,845743294,2432925894,160048,77943,171894,409885
1/19/23,BYX Equities (Y),41605134,35761975,35403996,112771105,1038092918,1754807835,1167630499,3960531252,396744,168265,335010,900019
1/19/23,BZX Equities (Z),178999253,122714483,181204139,482917875,7292054646,7874222235,7623784963,22790061844,2412183,668704,1948865,5029752
1/18/23,NYSE American (A),9640460,21811530,8490000,39941990,338531750,632119239.9,297540881.3,1268191871,100985,81977,82100,265062
1/18/23,NASDAQ BX (B),16033257,11934845,18483245,46451347,768998587,738436989.6,956140008.7,2463575585,331439,79316,289391,700146
1/18/23,NYSE National (C),25733641,15275906,22760700,63770247,739583410.7,648481870.2,654893432.8,2042958714,347942,94268,273642,715852
1/18/23,FINRA / Nasdaq TRF Chicago (DB),7183020,2749598,15176246,25108864,273214225.7,184774957.6,754227332,1212216515,31135,9198,62613,102946
1/18/23,FINRA / NYSE TRF (DN),396954709,275072727,907186806,1579214242,9604124143,10478061638,30510293749,50592479530,967899,523447,1753420,3244766
1/18/23,FINRA / Nasdaq TRF Carteret (DQ),1306582769,853612595,1732258965,3892454329,57634130739,51346274316,63826233087,1.72807E+11,7973225,2176453,7316756,17466434
1/18/23,MIAX Pearl (H),39651223,35469244,49516757,124637224,1025448670,1663678425,1615045347,4304172441,414907,168709,400910,984526
1/18/23,EDGA Equities (J),59667528,39353327,54731992,153752847,1950714332,1798135322,2131607211,5880456865,747841,227198,623727,1598766
1/18/23,EDGX Equities (K),209511530,126160610,329767167,665439307,6446451087,6610720858,10816323151,23873495096,1709224,596547,1914951,4220722
1/18/23,LTSE (L),70740,10598,227396,308734,6667402.058,694128.36,4021505.775,11383036.19,495,8,722,1225
1/18/23,NYSE Chicago (M),14405082,16515520,17118917,48039519,1179074758,2132497553,1437313251,4748885561,90665,6770,84219,181654
1/18/23,NYSE (N),898034610,49086490,83742497,1030863597,44876294546,3133196067,3271582422,51281073035,3866120,211328,580830,4658278
1/18/23,NYSE Arca (P),208854029,379666976,406092094,994613099,8130946780,24712016851,13405459386,46248423017,2184535,1498952,3023319,6706806
1/18/23,NASDAQ (Q),484188305,212237992,1081454553,1777880850,22230043023,15133220766,52199576542,89562840331,6288944,1323779,8345945,15958668
1/18/23,Members Exchange (U),138921489,63689978,144068531,346679998,4335246974,3662462919,5115859262,13113569156,1462667,354494,1327905,3145066
1/18/23,Investors Exchange (V),145451243,32265772,111210448,288927463,8641674557,2282781051,6717228937,17641684545,2023058,210978,1516906,3750942
1/18/23,NASDAQ PSX (X),16390749,21438701,21474599,59304049,524356927.1,1244809106,1034403160,2803569193,174542,87206,203751,465499
1/18/23,BYX Equities (Y),46061054,37785146,41217175,125063375,1202367983,1881680272,1391020969,4475069224,449457,186143,390506,1026106
1/18/23,BZX Equities (Z),187304621,137989281,205383422,530677324,7572983726,9309860295,8494029918,25376873938,2497155,761452,2079957,5338564
1/17/23,NYSE American (A),10496464,21350840,7793873,39641177,437764889.9,537613621.9,340111712.6,1315490224,137559,76017,94694,308270
1/17/23,NASDAQ BX (B),14990911,10078277,17047999,42117187,729631841.4,599714548.9,806440031.1,2135786421,311864,68390,272191,652445
1/17/23,NYSE National (C),22837397,13974444,21626614,58438455,684777566.2,609092730.3,575569327.3,1869439624,316107,88843,251301,656251
1/17/23,FINRA / Nasdaq TRF Chicago (DB),8001510,2116635,13732000,23850145,317624404.8,122702854.4,660381032.2,1100708291,35713,8420,59501,103634
1/17/23,FINRA / NYSE TRF (DN),392996649,237982073,916729940,1547708662,10037948446,8999254207,27633512172,46670714824,1006614,474616,1703802,3185032
1/17/23,FINRA / Nasdaq TRF Carteret (DQ),1363301984,680468853,1710081331,3753852168,63363655050,39609652917,59723939014,1.62697E+11,8108954,2111834,7578368,17799156
1/17/23,MIAX Pearl (H),34647835,26184737,38605579,99438151,810772742.1,1265155108,1143065702,3218993552,345856,126835,331297,803988
1/17/23,EDGA Equities (J),56946768,32169792,52187948,141304508,1926742759,1415182739,1857858085,5199783584,726243,201407,617775,1545425
1/17/23,EDGX Equities (K),206100608,100794297,319644366,626539271,6492756033,4923435634,9425957160,20842148827,1675322,475661,1812684,3963667
1/17/23,LTSE (L),29345,4770,39076,73191,3447278.82,142309.12,2810775.835,6400363.775,428,10,528,966
1/17/23,NYSE Chicago (M),10224453,10213116,11737809,32175378,866498890.3,1397283996,1475272620,3739055506,78941,4446,72877,156264
1/17/23,NYSE (N),902333612,40780728,77208157,1020322497,47236263404,2592030232,3111714675,52940008312,3611879,183719,588513,4384111
1/17/23,NYSE Arca (P),205621411,326197924,423706572,955525907,7981296440,19693781725,12166339030,39841417194,2123547,1205458,2976070,6305075
1/17/23,NASDAQ (Q),457275595,168015246,1067279452,1692570293,21608662479,11245523302,50143930483,82998116264,6026382,1102307,7983876,15112565
1/17/23,Members Exchange (U),136111993,50717193,131188165,318017351,4338410938,2789331432,4515812837,11643555207,1416037,290718,1249510,2956265
1/17/23,Investors Exchange (V),142800592,28308150,107861696,278970438,8683004668,1833266556,6020323798,16536595022,1948339,212374,1473121,3633834
1/17/23,NASDAQ PSX (X),15036607,16034145,16019983,47090735,490908620.3,902264425.1,761966263.8,2155139309,160466,72803,181134,414403
1/17/23,BYX Equities (Y),44960616,32713942,39238953,116913511,1169361879,1505390994,1212581109,3887333982,442909,163169,379833,985911
1/17/23,BZX Equities (Z),184866477,108320419,205667766,498854662,7606182700,7238935261,7480288063,22325406024,2510721,635853,2086412,5232986
1/13/23,NYSE American (A),10273102,18833390,9229571,38336063,412586606.1,520575444.4,398101208.7,1331263259,110647,74528,93329,278504
1/13/23,NASDAQ BX (B),13725027,9924606,15904358,39553991,636956040.6,594247244.3,735695138.9,1966898424,286074,71339,256021,613434
1/13/23,NYSE National (C),21958368,14356753,22427402,58742523,623858923.8,540132979.6,545148211.5,1709140115,306732,84264,241659,632655
1/13/23,FINRA / Nasdaq TRF Chicago (DB),7177787,2324744,14072830,23575361,266599740.4,159033812.6,646228611.8,1071862165,28028,7955,56883,92866
1/13/23,FINRA / NYSE TRF (DN),380615988,245078784,949715500,1575410272,8843241755,9567824336,27305986886,45717052977,915085,478840,1763968,3157893
1/13/23,FINRA / Nasdaq TRF Carteret (DQ),1242844148,608216177,1662346998,3513407323,52936939871,33096144787,53418181723,1.39451E+11,7292242,1896733,7034943,16223918
1/13/23,MIAX Pearl (H),30446428,26294741,38373362,95114531,688162710.5,1270813201,1168849172,3127825083,309927,122116,320393,752436
1/13/23,EDGA Equities (J),52904798,31811474,51051084,135767356,1681171284,1356493792,1835404497,4873069572,680197,197771,598447,1476415
1/13/23,EDGX Equities (K),209189038,110276668,332671500,652137206,6065959082,5374541940,9769855525,21210356547,1552703,516687,1861618,3931008
1/13/23,LTSE (L),49187,414,43092,92693,5891551.31,12562.14,3882051.042,9786164.492,808,5,519,1332
1/13/23,NYSE Chicago (M),9439825,14871776,15097073,39408674,911180527,1890855017,1789319655,4591355199,66871,4613,67237,138721
1/13/23,NYSE (N),784068729,40220737,81084643,905374109,37952235520,2415316931,3138135445,43505687897,3367667,188755,603107,4159529
1/13/23,NYSE Arca (P),201101491,324276133,427594059,952971683,7555666600,18581732929,11573027860,37710427389,2024347,1241670,3002236,6268253
1/13/23,NASDAQ (Q),434529153,167548750,1015148874,1617226777,19840877429,10966406888,44895493811,75702778128,5574725,1138286,7694477,14407488
1/13/23,Members Exchange (U),130740829,53767586,135650024,320158439,3930856585,2873998998,4473132944,11277988527,1363982,304310,1268906,2937198
1/13/23,Investors Exchange (V),132011742,29168973,102737827,263918542,7610020380,1640986882,5465303188,14716310451,1847249,194937,1401628,3443814
1/13/23,NASDAQ PSX (X),13624235,14117672,16995059,44736966,432910352.5,869787803,865927659.2,2168625815,148628,68195,183378,400201
1/13/23,BYX Equities (Y),40873729,33797084,37660419,112331232,1054041733,1524361813,1136775575,3715179121,406057,167474,359376,932907
1/13/23,BZX Equities (Z),173209467,108888536,185855423,467953426,6840248677,6902060533,7487938098,21230247308,2228379,643932,1986681,4858992
1/12/23,NYSE American (A),11001129,20323367,10625949,41950445,373117757.3,652234498.9,411888092.2,1437240348,110713,82748,96104,289565
1/12/23,NASDAQ BX (B),15921597,12732534,20657487,49311618,733674508.3,693523054.4,965928718,2393126281,330691,87385,314393,732469
1/12/23,NYSE National (C),24395319,15419504,24806278,64621101,645938859.3,631396365.6,641409831.5,1918745056,329802,88844,266260,684906
1/12/23,FINRA / Nasdaq TRF Chicago (DB),7981452,2755844,16128763,26866059,293709807,214185817.3,687606605.9,1195502230,32765,9004,58468,100237
1/12/23,FINRA / NYSE TRF (DN),453510925,282918369,997136523,1733565817,8970896528,11729181316,31287524625,51987602468,1000671,541511,1812227,3354409
1/12/23,FINRA / Nasdaq TRF Carteret (DQ),1359670140,692022740,1841806703,3893499583,55112425324,38906097879,59593444914,1.53612E+11,7602830,2064537,7295581,16962948
1/12/23,MIAX Pearl (H),41157385,37600204,49348217,128105806,833913418.7,1760334258,1391521951,3985769628,358457,168240,359283,885980
1/12/23,EDGA Equities (J),58400496,42871433,60976045,162247974,1802717002,1930803424,2427595511,6161115937,721127,251581,675684,1648392
1/12/23,EDGX Equities (K),239291015,131491158,379099443,749881616,6353578365,6684985467,11720468977,24759032809,1703563,632336,2070215,4406114
1/12/23,LTSE (L),42826,5523,211002,259351,4385431.1,279781.8622,3952187.796,8617400.758,686,34,673,1393
1/12/23,NYSE Chicago (M),10136622,11263646,13202137,34602405,861790275.2,1744126880,1702276956,4308194112,76133,4690,70222,151045
1/12/23,NYSE (N),870919903,47846531,96734456,1015500890,40956414976,3152347458,3735683434,47844445868,3755906,232934,684187,4673027
1/12/23,NYSE Arca (P),252343818,422663114,448289656,1123296588,7849285576,25674432528,14866669833,48390387937,2218743,1658380,3312846,7189969
1/12/23,NASDAQ (Q),483031274,205444539,1141610833,1830086646,21154462986,14273846497,51392673301,86820982784,6150327,1441193,8746620,16338140
1/12/23,Members Exchange (U),149062640,66956246,157211486,373230372,4265353845,3617907458,5569077921,13452339224,1488053,377560,1425086,3290699
1/12/23,Investors Exchange (V),145056023,30245707,113275360,288577090,8135004517,1933786815,6028038560,16096829892,1924753,212371,1446634,3583758
1/12/23,NASDAQ PSX (X),13363188,15929471,22649734,51942393,442120281.2,1022206258,1229165488,2693492027,158454,72192,225589,456235
1/12/23,BYX Equities (Y),48296836,34278120,43906686,126481642,1158807278,1743355051,1458183138,4360345467,455378,179914,411112,1046404
1/12/23,BZX Equities (Z),202061021,142947460,227987961,572996442,7473787176,9205184043,8740197149,25419168368,2472191,851813,2190069,5514073
1/11/23,NYSE American (A),10630670,18482419,9305371,38418460,367379829.1,622241605.4,343158617.5,1332780052,108615,75120,89082,272817
1/11/23,NASDAQ BX (B),17456328,11336114,18182457,46974899,781633252.3,683649751.7,904926937.8,2370209942,363801,75143,326913,765857
1/11/23,NYSE National (C),25055552,12880354,21920591,59856497,709357528.5,565955559.5,630490150.9,1905803239,354172,80783,271089,706044
1/11/23,FINRA / Nasdaq TRF Chicago (DB),7479712,2101683,14688210,24269605,303824228.4,115801368.5,597412341.6,1017037939,26934,7381,55854,90169
1/11/23,FINRA / NYSE TRF (DN),409574546,230113175,912010398,1551698119,8201272387,9778487962,28378462821,46358223169,878602,469923,1787395,3135920
1/11/23,FINRA / Nasdaq TRF Carteret (DQ),1377340892,857737563,1831811662,4066890117,56662675645,48619337928,61795561377,1.67078E+11,7584810,1907273,7306395,16798478
1/11/23,MIAX Pearl (H),39384256,26499091,40873557,106756904,867842572.1,1263925650,1357813124,3489581346,388143,125752,350130,864025
1/11/23,EDGA Equities (J),60477099,30831971,55208728,146517798,1962810738,1423178231,2203117986,5589106955,797626,190602,708732,1696960
1/11/23,EDGX Equities (K),225440258,103463922,343976354,672880534,6031118081,5378055880,10231660675,21640834635,1657611,491103,1977593,4126307
1/11/23,LTSE (L),47649,401544,48971,498164,4491630.06,16753579.33,4534871.915,25780081.31,572,23,605,1200
1/11/23,NYSE Chicago (M),11054685,12870644,16815723,40741052,857164552.8,1596456894,2270463063,4724084510,61790,4825,57079,123694
1/11/23,NYSE (N),866631674,39501603,86097926,992231203,42277715506,2414769259,3582783709,48275268474,3660701,180261,670450,4511412
1/11/23,NYSE Arca (P),234090621,292375949,442135590,968602160,7722210328,18407662021,12981279722,39111152071,2185146,1229872,3339721,6754739
1/11/23,NASDAQ (Q),495737089,166373390,1101293495,1763403974,21687131712,11614170209,51236921988,84538223909,6445128,1088754,8787684,16321566
1/11/23,Members Exchange (U),38497856,22356125,43497985,104351966,1208967415,1352322702,1767646230,4328936347,440824,120559,448637,1010020
1/11/23,Investors Exchange (V),140323363,28699877,114734151,283757391,8072666677,1921667652,6278031651,16272365980,2030872,196116,1577984,3804972
1/11/23,NASDAQ PSX (X),17854148,20306892,20602043,58763083,513212907.4,1044980347,1085170970,2643364225,193670,81214,253355,528239
1/11/23,BYX Equities (Y),48259163,30443369,37526117,116228649,1138689427,1538538657,1303509659,3980737742,475842,157164,423107,1056113
1/11/23,BZX Equities (Z),196641285,108227595,200076348,504945228,7306307731,7452971148,7966684403,22725963281,2599885,640727,2211467,5452079
1/10/23,NYSE American (A),10155008,16283698,8339285,34777991,353167577.1,493827784.7,323740854.6,1170736216,104691,66062,82351,253104
1/10/23,NASDAQ BX (B),13472905,7717718,16176422,37367045,574232941,454029162.2,729098069.9,1757360173,307598,61078,279071,647747
1/10/23,NYSE National (C),22405357,12127259,20299192,54831808,591663180.8,471666372.5,505085061.9,1568414615,307441,74888,244678,627007
1/10/23,FINRA / Nasdaq TRF Chicago (DB),5972547,1950933,12289580,20213060,196443435.3,152292162.7,563950727.1,912686325.1,23634,6959,51384,81977
1/10/23,FINRA / NYSE TRF (DN),366137659,209612939,846984424,1422735022,8007423210,8152280730,27682001262,43841705201,786483,428747,1607409,2822639
1/10/23,FINRA / Nasdaq TRF Carteret (DQ),1195559276,526231818,1540685945,3262477039,49871863757,31120911163,51010078429,1.32003E+11,6937384,1731755,6690662,15359801
1/10/23,MIAX Pearl (H),33000043,26917440,39400045,99317528,754601093.9,1267978631,1176461082,3199040807,319139,120508,311258,750905
1/10/23,EDGA Equities (J),52416586,28003003,50277413,130697002,1564153571,1166497262,1772303538,4502954370,647127,177960,598241,1423328
1/10/23,EDGX Equities (K),176982238,90950770,297558908,565491916,5196544087,4580892816,8731885211,18509322113,1404991,447582,1704749,3557322
1/10/23,LTSE (L),101550,3723,77603,182876,6982826.25,76548.34,6158660.569,13218035.16,528,20,706,1254
1/10/23,NYSE Chicago (M),8381657,15328640,10447778,34158075,707374446.6,1374259284,1161135016,3242768747,62004,6074,57865,125943
1/10/23,NYSE (N),788335718,35219866,75147336,898702920,37323099395,2199959822,3040077301,42563136518,3435085,170862,597111,4203058
1/10/23,NYSE Arca (P),201651777,282698553,407209150,891559480,6783739796,17479548910,10878009879,35141298585,1906744,1171676,2897666,5976086
1/10/23,NASDAQ (Q),429854870,152563739,967954028,1550372637,18703495806,10398171163,43935079256,73036746225,5571757,1064864,7999714,14636335
1/10/23,Members Exchange (U),129386737,48285622,123300636,300972995,3774754721,2651999963,4301051985,10727806670,1326486,298268,1236635,2861389
1/10/23,Investors Exchange (V),128279778,24151154,100425639,252856571,7102209003,1486873224,5386658367,13975740595,1810261,175229,1414846,3400336
1/10/23,NASDAQ PSX (X),17832521,18772738,18877171,55482430,437879236.1,893450863.8,854253445.2,2185583545,162718,74703,222272,459693
1/10/23,BYX Equities (Y),42590091,27633554,36148238,106371883,1029029049,1315794882,1116191696,3461015627,410054,151885,367895,929834
1/10/23,BZX Equities (Z),171396741,95486995,187046338,453930074,6335879188,6351643898,6853689068,19541212155,2187511,584895,1933014,4705420
1/9/23,NYSE American (A),10504142,21985212,8922954,41412308,391914371.6,604584776.2,360432800.7,1356931948,115849,77800,92496,286145
1/9/23,NASDAQ BX (B),15311377,10613486,18494834,44419697,745071226.8,607471155.6,930463810.8,2283006193,380639,78479,344360,803478
1/9/23,NYSE National (C),24632197,14486105,22424948,61543250,680559723.4,608657286.2,632020265.7,1921237275,371172,93007,285305,749484
1/9/23,FINRA / Nasdaq TRF Chicago (DB),7904916,2773020,15657500,26335436,276588075.1,211768701.6,729043318,1217400095,31248,9472,63864,104584
1/9/23,FINRA / NYSE TRF (DN),349072780,254156313,815702738,1418931831,9161787943,9601781489,28715879204,47479448636,915766,523663,1767990,3207419
1/9/23,FINRA / Nasdaq TRF Carteret (DQ),1342556944,723287186,1650748491,3716592621,63015776750,42045483109,61490591626,1.66552E+11,8211895,2128543,7881896,18222334
1/9/23,MIAX Pearl (H),36675102,32469826,45114687,114259615,904836655.1,1523263431,1332149739,3760249826,377318,149735,360251,887304
1/9/23,EDGA Equities (J),55746823,36893259,54983280,147623362,1783596024,1486344767,2057849014,5327789804,765209,225886,688090,1679185
1/9/23,EDGX Equities (K),196882391,112156468,312504800,621543659,6432744840,5377561705,9906673973,21716980517,1659775,552405,1966256,4178436
1/9/23,LTSE (L),87760,2750,2780972,2871482,10312527.93,83556.12,5153117.689,15549201.74,828,18,1272,2118
1/9/23,NYSE Chicago (M),13484922,11727678,14458156,39670756,1073030249,1261845659,1609225620,3944101528,65635,4125,60415,130175
1/9/23,NYSE (N),924978285,41164715,88993112,1055136112,45739665247,2652661477,3673313046,52065639769,3901117,201345,703128,4805590
1/9/23,NYSE Arca (P),202621292,365984447,408380519,976986258,8205908120,22001346310,13449756129,43657010560,2254733,1459501,3409473,7123707
1/9/23,NASDAQ (Q),473235059,187178892,1125920098,1786334049,22222809246,12236327843,52166605228,86625742317,6497943,1261834,9148308,16908085
1/9/23,Members Exchange (U),149332030,59674684,147789739,356796453,4897174433,3191391885,5560111568,13648677886,1623931,367998,1516708,3508637
1/9/23,Investors Exchange (V),143738291,28699673,114351744,286789708,8154536405,1815734012,6465065221,16435335639,2000960,203719,1607264,3811943
1/9/23,NASDAQ PSX (X),19862655,21617845,23638901,65119401,619275333.2,1052771325,1174001856,2846048514,213924,83309,286017,583250
1/9/23,BYX Equities (Y),44030413,34088376,40952081,119070870,1168161990,1585072252,1363434299,4116668541,471754,183264,435891,1090909
1/9/23,BZX Equities (Z),187372319,117333304,195203977,499909600,7813563689,7346483115,8126118143,23286164946,2603644,704471,2290435,5598550
1/6/23,NYSE American (A),9243918,23017786,8737355,40999059,366579345.3,745108221.9,447087171.7,1558774739,104209,85718,84536,274463
1/6/23,NASDAQ BX (B),14207761,11243742,18583741,44035244,716275385.3,725385160.9,998984696,2440645242,355230,79212,302949,737391
1/6/23,NYSE National (C),23503069,15568902,20731523,59803494,687754183.8,664659670.5,655681013.2,2008094868,350245,95859,262866,708970
1/6/23,FINRA / Nasdaq TRF Chicago (DB),6589646,2813182,15915486,25318314,232296629.3,166010142.3,624655862.4,1022962634,27965,9413,56367,93745
1/6/23,FINRA / NYSE TRF (DN),262823420,227545196,757960386,1248329002,6760136685,8065970371,21757108997,36583216053,733566,432834,1404487,2570887
1/6/23,FINRA / Nasdaq TRF Carteret (DQ),1288151420,708792491,1859682423,3856626334,57440276327,40516942385,64621095064,1.62578E+11,8176587,2090663,7826540,18093790
1/6/23,MIAX Pearl (H),36366169,33523663,40528343,110418175,843578858.3,1631845336,1322327418,3797751612,358550,168212,363132,889894
1/6/23,EDGA Equities (J),54625913,38671441,57403320,150700674,1822800596,1689055570,2256367728,5768223893,731855,228204,671163,1631222
1/6/23,EDGX Equities (K),195515713,123412460,332995592,651923765,6333104950,6414444043,10983933497,23731482490,1639436,573859,1982102,4195397
1/6/23,LTSE (L),98450,2405,49493,150348,4638829.759,109812.71,2204143.064,6952785.533,476,25,567,1068
1/6/23,NYSE Chicago (M),12044110,9643888,12934792,34622790,1196373016,920541611.1,1508642161,3625556788,68388,4926,60151,133465
1/6/23,NYSE (N),824029698,42287177,85647138,951964013,41169060806,2958505712,3990243410,48117809928,3676301,211806,669204,4557311
1/6/23,NYSE Arca (P),201915426,382952068,419864834,1004732328,8010139027,24648971528,14628812030,47287922585,2203688,1531512,3327173,7062373
1/6/23,NASDAQ (Q),456395718,205345984,1078129818,1739871520,21954743664,14849980754,54834948104,91639672522,6308011,1349428,8732980,16390419
1/6/23,Members Exchange (U),133687958,64826754,135819268,334333980,4393652102,3707776689,5288494004,13389922796,1456854,394795,1363350,3214999
1/6/23,Investors Exchange (V),135027904,28752072,108554272,272334248,8126336289,2036964340,6077651155,16240951784,2003293,194983,1526789,3725065
1/6/23,NASDAQ PSX (X),19113500,25838841,24081924,69034265,614475179,1466582920,1285856675,3366914774,207406,104284,279349,591039
1/6/23,BYX Equities (Y),43387831,36843489,41989637,122220957,1157694761,1845149244,1494344476,4497188481,464648,190327,425722,1080697
1/6/23,BZX Equities (Z),187176721,124897820,199560550,511635091,7890328798,8902174218,9236171605,26028674621,2558461,756485,2221065,5536011
1/5/23,NYSE American (A),10482539,17450979,7977354,35910872,402517866.1,587910211.4,375476437.4,1365904515,121386,70627,88807,280820
1/5/23,NASDAQ BX (B),13883178,8845844,15917652,38646674,672062237.3,600722553.5,776095615.2,2048880406,347692,69371,293316,710379
1/5/23,NYSE National (C),22501992,13095863,19707075,55304930,612750638.9,557073600.2,551620878.4,1721445118,348639,83205,255582,687426
1/5/23,FINRA / Nasdaq TRF Chicago (DB),6141326,1939995,13829424,21910745,205861600.8,138407651.1,542059391.2,886328643,29255,6415,54058,89728
1/5/23,FINRA / NYSE TRF (DN),190908549,144217610,553861041,888987200,4923550349,6253483123,15606824047,26783857519,587601,303862,1058149,1949612
1/5/23,FINRA / Nasdaq TRF Carteret (DQ),1266668147,592631012,1805886800,3665185959,52257413325,34161755368,60895269805,1.47314E+11,7775685,1868720,7456018,17100423
1/5/23,MIAX Pearl (H),37897444,33672165,38757043,110326652,765259693.8,1474549302,1164841634,3404650629,357693,141514,337689,836896
1/5/23,EDGA Equities (J),50934133,33440517,49021180,133395830,1577750455,1439991850,1865889246,4883631551,689178,204355,610131,1503664
1/5/23,EDGX Equities (K),177902511,97073315,299241216,574217042,5423306735,5078999025,9021819666,19524125425,1552720,488011,1810693,3851424
1/5/23,LTSE (L),26724,4766,43302,74792,2352904.202,166716.5169,2700907.895,5220528.614,364,44,498,906
1/5/23,NYSE Chicago (M),15920941,12649251,15131779,43701971,1249784806,1805181044,1904735506,4959701356,67171,4189,56689,128049
1/5/23,NYSE (N),876666035,38539725,76188166,991393926,40601201722,2459958412,3272040674,46333200807,3708528,195574,642470,4546572
1/5/23,NYSE Arca (P),204149708,293515793,378895576,876561077,7397771114,18117381115,11843068777,37358221006,2200364,1255308,3114096,6569768
1/5/23,NASDAQ (Q),444661199,168316267,1039897114,1652874580,19760509711,11528940836,47930075785,79219526332,6129637,1188334,8266300,15584271
1/5/23,Members Exchange (U),141547026,56187226,129873736,327607988,4227025284,3123245901,4721887970,12072159155,1522203,345643,1334156,3202002
1/5/23,Investors Exchange (V),133763611,23372521,109680039,266816171,7512323615,1562029790,5827072848,14901426253,1919863,168849,1505869,3594581
1/5/23,NASDAQ PSX (X),19212036,21711513,21212823,62136372,580395254.2,1074610439,1052927635,2707933328,209461,84728,250913,545102
1/5/23,BYX Equities (Y),46005588,29068389,34935803,110009780,1053471762,1411371613,1169512444,3634355819,457821,156112,397466,1011399
1/5/23,BZX Equities (Z),175181512,109481587,183366542,468029641,6781343325,7218690733,7505208453,21505242511,2393658,675955,2090210,5159823
1/4/23,NYSE American (A),11248953,19264025,8183180,38696158,375196647.1,621076498.8,340984761.9,1337257908,117684,83308,87893,288885
1/4/23,NASDAQ BX (B),15920000,12439217,19321626,47680843,719284299.4,689931050.1,939331286.8,2348546636,389668,85019,338477,813164
1/4/23,NYSE National (C),26676182,17233858,23182507,67092547,680680440.9,696530243.6,629709208.9,2006919893,388749,102153,277959,768861
1/4/23,FINRA / Nasdaq TRF Chicago (DB),7191606,2012407,13583408,22787421,243506199.9,129229049,617780276.8,990515525.7,28845,7428,55690,91963
1/4/23,FINRA / NYSE TRF (DN),192037110,133095657,525815862,850948629,5166563403,5259425653,15068370167,25494359223,533442,295248,1046796,1875486
1/4/23,FINRA / Nasdaq TRF Carteret (DQ),1461105671,718464570,1897618921,4077189162,59513615947,40459033886,68591241088,1.68564E+11,7980220,2252873,7964929,18198022
1/4/23,MIAX Pearl (H),40857518,37873071,44476788,123207377,829270676.2,1572193135,1342395166,3743858976,392994,172241,364832,930067
1/4/23,EDGA Equities (J),59470586,41576276,54510541,155557403,1795241619,1762387297,2102296897,5659925813,754458,243601,652592,1650651
1/4/23,EDGX Equities (K),205073351,114476715,323008127,642558193,6515842422,6204393062,10151514705,22871750190,1702414,599407,1991381,4293202
1/4/23,LTSE (L),32272,2787,83930,118989,3701947.49,71417.56,8217290.912,11990655.96,426,32,1020,1478
1/4/23,NYSE Chicago (M),12650106,11433409,16863095,40946610,1163761005,1147221226,1781812880,4092795111,79057,5346,71180,155583
1/4/23,NYSE (N),980440215,47338804,85302703,1113081722,44294286182,2914324903,3642946154,50851557239,4160392,220767,710015,5091174
1/4/23,NYSE Arca (P),221895357,395597355,431392559,1048885271,8152316827,22919662024,13439196475,44511175325,2234671,1574094,3349611,7158376
1/4/23,NASDAQ (Q),514237230,220022389,1129608968,1863868587,21620960719,14504863001,52714777101,88840600821,6508116,1501720,9149367,17159203
1/4/23,Members Exchange (U),140755443,63566073,132506984,336828500,3914781708,3475195641,4651823910,12041801259,1361473,388564,1242983,2993020
1/4/23,Investors Exchange (V),153133576,27231010,116595645,296960231,8096496364,1812661312,6194477654,16103635331,2002508,183568,1567138,3753214
1/4/23,NASDAQ PSX (X),22492904,28219549,26490381,77202834,680814535.8,1520639078,1436418876,3637872490,233171,114712,322389,670272
1/4/23,BYX Equities (Y),46891073,35123828,39870226,121885127,1179880474,1808150083,1340653988,4328684545,489283,191206,421995,1102484
1/4/23,BZX Equities (Z),215296479,145770749,206446162,567513390,8116148349,9651266377,8676946989,26444361715,2711744,864467,2318815,5895026
1/3/23,NYSE American (A),9473131,20344557,7715220,37532908,321777867.8,672755070.8,310439744.7,1304972683,105737,88506,83509,277752
1/3/23,NASDAQ BX (B),15346830,11143738,17698245,44188813,666727388.6,661705739.6,782618354.7,2111051483,366678,76552,322580,765810
1/3/23,NYSE National (C),24567462,15309195,21742564,61619221,631334986.1,630766753.1,595610897.7,1857712637,362017,98052,278619,738688
1/3/23,FINRA / Nasdaq TRF Chicago (DB),7914449,2700730,13927015,24542194,276402117.2,201918543.4,697326098.3,1175646759,29924,8708,61128,99760
1/3/23,FINRA / NYSE TRF (DN),162970696,122649327,451136145,736756168,3965680110,4806534561,13485766705,22257981376,516326,286742,1022329,1825397
1/3/23,FINRA / Nasdaq TRF Carteret (DQ),1307564900,733569822,1856654522,3897789244,53322087564,43411711889,69607924258,1.66342E+11,7944451,2444678,8223128,18612257
1/3/23,MIAX Pearl (H),41818201,37159913,41704793,120682907,860706449.1,1637220161,1250359304,3748285914,410468,169947,373818,954233
1/3/23,EDGA Equities (J),53021832,34868757,50080136,137970725,1517303283,1477446315,1901827047,4896576644,714701,222501,642065,1579267
1/3/23,EDGX Equities (K),187360378,109086047,300060100,596506525,5494130329,5732528628,9753247728,20979906685,1629388,578073,1975037,4182498
1/3/23,LTSE (L),30555,4296,52186,87037,2883243.099,108912.67,3334602.201,6326757.97,412,33,657,1102
1/3/23,NYSE Chicago (M),9913673,8905878,12214550,31034101,734896454.9,1042355516,1804305299,3581557270,78236,3914,67924,150074
1/3/23,NYSE (N),909717398,45344815,76582282,1031644495,41507207123,2807141208,3018627639,47332975970,3897397,234397,664017,4795811
1/3/23,NYSE Arca (P),197101803,359522613,390116820,946741236,6889536938,21476527483,12155962512,40522026934,2094481,1563141,3297959,6955581
1/3/23,NASDAQ (Q),462268855,197691576,1069010933,1728971364,19321905748,13477682141,49742036310,82541624199,6250314,1445967,8803892,16500173
1/3/23,Members Exchange (U),153475768,68698071,131404324,353578163,4214754365,3737122398,4741423449,12693300212,1539892,419754,1359302,3318948
1/3/23,Investors Exchange (V),125470870,27173423,99735301,252379594,6542596857,1874265662,5260314563,13677177082,1754191,190900,1401852,3346943
1/3/23,NASDAQ PSX (X),22293573,24352422,20607664,67253659,592202694.1,1240572111,1127695631,2960470437,214791,105687,278195,598673
1/3/23,BYX Equities (Y),46561202,32193289,37804635,116559126,1041446552,1502946449,1195512601,3739905602,473019,183397,417395,1073811
1/3/23,BZX Equities (Z),189227875,129653595,183251732,502133202,6807475216,8509042574,7399031877,22715549667,2509208,819070,2155392,5483670