Day,Market Participant,Tape A Shares,Tape B Shares,Tape C Shares,Total Shares,Tape A Notional,Tape B Notional,Tape C Notional,Total Notional,Tape A Trade Count,Tape B Trade Count,Tape C Trade Count,Total Trade Count
2024-12-31,NYSE American (A),2864841,35356241,6666792,44887874,111713343.929400,294940096.330100,188363465.458800,595016905.718300,35165,92023,43664,170852
2024-12-31,NASDAQ BX (B),8285084,9986008,16920215,35191307,466087359.275300,586825520.402100,692789904.436900,1745702784.114300,144119,94769,169826,408714
2024-12-31,NYSE National (C),10848742,10641077,15187803,36677622,305587757.394800,401945329.418100,425373878.589200,1132906965.402100,137624,61893,151282,350799
2024-12-31,FINRA / Nasdaq TRF Chicago (DB),4575714,3630720,17310827,25517261,170125684.325000,144034431.577400,969105534.851200,1283265650.753600,45803,19696,119151,184650
2024-12-31,FINRA / NYSE TRF (DN),67326625,87195312,329225105,483747042,2274488212.671600,2775270077.563900,5418737339.611602,10468495629.847102,502286,196377,755960,1454623
2024-12-31,FINRA / Nasdaq TRF Carteret (DQ),1375565247,1325328422,4591318390,7292212059,56267348840.837992,57126777993.808786,103116099473.658076,216510226308.304854,10876032,3616040,14793102,29285174
2024-12-31,MIAX Pearl (H),28455757,65049422,118287588,211792767,700976979.246900,2117763676.285100,1813128936.251600,4631869591.783600,209701,196219,408083,814003
2024-12-31,EDGA Equities (J),17092184,22109775,45743487,84945446,576981558.092300,1494049745.764700,925673605.747300,2996704909.604300,208565,134771,263299,606635
2024-12-31,EDGX Equities (K),115688509,154441088,713849763,983979360,3666399287.650200,6575626877.532805,14211275840.992705,24453302006.175710,900538,694123,2856122,4450783
2024-12-31,LTSE (L),8518245,2150561,12186415,22855221,268649091.795500,360299639.026600,521110140.010700,1150058870.832800,38877,5921,38028,82826
2024-12-31,NYSE Chicago (M),16486441,11971562,14159296,42617299,948332659.325400,1330565903.509600,2203043118.794500,4481941681.629500,33937,25271,46990,106198
2024-12-31,NYSE (N),886593802,48577242,71456719,1006627763,46409652605.872295,2635586781.381100,2544719520.030600,51589958907.283995,2704441,185826,553179,3443446
2024-12-31,NYSE Arca (P),122268354,401069980,967936358,1491274692,5011954852.239800,23839559901.561499,13586939450.808193,42438454204.609492,1477706,1682469,4407136,7567311
2024-12-31,NASDAQ (Q),256517481,164600133,1480147003,1901264617,13610472766.921898,12524405217.935103,68893841821.163075,95028719806.020076,4407347,1053123,8672722,14133192
2024-12-31,Members Exchange (U),35085218,74306413,231631760,341023391,1347397636.158000,2549613070.557299,3300924126.687101,7197934833.402400,423044,264367,804818,1492229
2024-12-31,Investors Exchange (V),107551979,49801403,122172274,279525656,5207395058.972900,2921228691.531600,5631566096.555399,13760189847.059899,1484022,264565,1402471,3151058
2024-12-31,NASDAQ PSX (X),4084006,5795582,11158755,21038343,222738527.897100,445174521.179000,371922752.008700,1039835801.084800,53779,32859,89879,176517
2024-12-31,BYX Equities (Y),24008305,24083987,58595275,106687567,867715972.677500,950217030.591600,1200398767.169300,3018331770.438400,381351,129118,427298,937767
2024-12-31,BZX Equities (Z),102217232,126082625,239083548,467383405,4964854378.858799,7615936425.975398,8790089768.809897,21370880573.644094,1692701,654802,1962061,4309564
2024-12-30,NYSE American (A),3031156,32293818,7427570,42752544,148134453.715300,273092705.505900,244760552.957500,665987712.178700,39726,91201,47439,178366
2024-12-30,NASDAQ BX (B),8667126,10234618,16022571,34924315,493867868.128100,520468623.479700,759963079.904900,1774299571.512700,142459,101903,193179,437541
2024-12-30,NYSE National (C),12470833,10716896,16166750,39354479,312226139.304900,374290749.569600,423228805.058100,1109745693.932600,150953,64831,161160,376944
2024-12-30,FINRA / Nasdaq TRF Chicago (DB),5461610,4069851,17319734,26851195,214148429.161600,170366908.607300,954104016.766201,1338619354.535101,54430,24796,128015,207241
2024-12-30,FINRA / NYSE TRF (DN),85258826,96191392,299959517,481409735,3672660516.896099,5521239698.837103,6173859508.432203,15367759724.165405,518513,216883,791088,1526484
2024-12-30,FINRA / Nasdaq TRF Carteret (DQ),1651139021,1419784175,4603113634,7674036830,67078013114.643831,59411217351.558530,113442351483.500381,239931581949.702742,12335725,4266414,16508072,33110211
2024-12-30,MIAX Pearl (H),32261520,55307534,110252978,197822032,753894377.299300,1810887748.619900,1610911019.096900,4175693145.016100,245529,180442,429232,855203
2024-12-30,EDGA Equities (J),18782862,20133353,40409616,79325831,524438616.219500,1212609792.789099,928315110.864800,2665363519.873399,189366,127633,251880,568879
2024-12-30,EDGX Equities (K),139869874,149579899,619360075,908809848,4290583488.114998,6124297888.578301,15105202910.580706,25520084287.274005,1070429,752300,3045367,4868096
2024-12-30,LTSE (L),9571392,2833201,12822026,25226619,351707617.054900,501587006.236400,572962241.231100,1426256864.522400,41970,8297,42282,92549
2024-12-30,NYSE Chicago (M),10812348,21687393,23756910,56256651,922026795.018300,2773745946.582798,3185220793.129300,6880993534.730398,34718,23702,41506,99926
2024-12-30,NYSE (N),791122470,45627891,64928198,901678559,41330242306.151299,2397097324.556200,2500653454.784700,46227993085.492199,2742539,183017,559419,3484975
2024-12-30,NYSE Arca (P),157758203,423997803,894245873,1476001879,5864012536.341301,22206486654.319809,15525391464.618699,43595890655.279809,1768241,1990541,4955326,8714108
2024-12-30,NASDAQ (Q),291427061,168916238,1431920537,1892263836,14795800435.992605,11244509190.092899,71213559179.533229,97253868805.618733,4774699,1136776,9431335,15342810
2024-12-30,Members Exchange (U),40257183,71307559,216441485,328006227,1395895706.519000,2545913359.105700,3544291342.501498,7486100408.126198,454921,277140,832518,1564579
2024-12-30,Investors Exchange (V),123782084,50181966,126859252,300823302,5562029901.914101,2578196093.494700,5824975045.754601,13965201041.163402,1584160,280786,1489975,3354921
2024-12-30,NASDAQ PSX (X),4056855,5522358,8891158,18470371,206429804.017900,432574843.592000,352134498.854000,991139146.463900,52730,32961,83969,169660
2024-12-30,BYX Equities (Y),29833570,23117127,53651357,106602054,860362096.226500,903497843.251800,1288230100.182300,3052090039.660600,402510,135711,461566,999787
2024-12-30,BZX Equities (Z),118036558,131590588,207407345,457034491,5465897777.961700,6955514866.274197,9212189215.868699,21633601860.104596,1853159,721151,2085020,4659330
2024-12-27,NYSE American (A),2626263,27547388,5650249,35823900,100702727.298800,286164587.167000,177991815.150100,564859129.615900,29157,88612,38986,156755
2024-12-27,NASDAQ BX (B),9291274,9218810,13976669,32486753,480568341.775400,530116177.995800,702660685.108500,1713345204.879700,129560,85210,168937,383707
2024-12-27,NYSE National (C),11264522,9976748,15066887,36308157,301121151.514000,389662009.505700,367871950.945100,1058655111.964800,141330,64814,149415,355559
2024-12-27,FINRA / Nasdaq TRF Chicago (DB),5677975,4199422,17568903,27446300,228925013.817100,187665302.019900,1138517871.919800,1555108187.756800,56136,22678,137385,216199
2024-12-27,FINRA / NYSE TRF (DN),70738669,72823778,267833482,411395929,2060327644.115500,4835354243.945196,5747835574.298701,12643517462.359397,468040,206989,730786,1405815
2024-12-27,FINRA / Nasdaq TRF Carteret (DQ),1441848431,1148442651,4105006751,6695297833,54497398405.786514,56523452211.268689,110981492215.555031,222002342832.610234,10794919,3846065,15427178,30068162
2024-12-27,MIAX Pearl (H),31721449,51693098,100880359,184294906,721103832.527900,2642684973.792800,1668415287.766800,5032204094.087500,235083,175968,403862,814913
2024-12-27,EDGA Equities (J),17606286,19281639,38303269,75191194,482067136.757600,1285326990.367800,1014702622.640700,2782096749.766100,174891,117669,255516,548076
2024-12-27,EDGX Equities (K),136988881,134083132,563890501,834962514,3878589705.375800,6207593884.503196,15296028838.600904,25382212428.479900,1044240,686901,2966496,4697637
2024-12-27,LTSE (L),8467608,2303116,15489542,26260266,287550983.818500,136145151.659000,759937024.952800,1183633160.430300,42173,5728,49279,97180
2024-12-27,NYSE Chicago (M),17463421,15463997,14672312,47599730,832189945.151400,1925475820.624700,2135676580.891999,4893342346.668099,39563,30532,47686,117781
2024-12-27,NYSE (N),757614299,46636136,68939703,873190138,41241356146.449800,2976937707.852600,2590596384.080400,46808890238.382800,2707276,191358,553491,3452125
2024-12-27,NYSE Arca (P),164746122,394100002,799780865,1358626989,5518852715.653902,22864677300.521497,15703563930.724611,44087093946.900010,1693017,1770951,4815814,8279782
2024-12-27,NASDAQ (Q),271959733,160396479,1399944937,1832301149,13804231363.696401,11982631997.254607,77191418011.905116,102978281372.856124,4463684,1095686,9286746,14846116
2024-12-27,Members Exchange (U),38275214,59192890,198710664,296178768,1302664139.752400,2523507456.372000,3832272651.002099,7658444247.126499,418531,263443,786567,1468541
2024-12-27,Investors Exchange (V),108651404,53095502,117254865,279001771,5114216339.413700,2872448215.830100,5530246694.685601,13516911249.929401,1448888,274148,1405260,3128296
2024-12-27,NASDAQ PSX (X),3281408,5749064,8217993,17248465,207624151.961500,507833498.524700,377834853.460500,1093292503.946700,49659,35626,84757,170042
2024-12-27,BYX Equities (Y),28465153,21869358,46958863,97293374,860256576.685300,1000426263.240900,1201109390.134300,3061792230.060500,368206,132983,443217,944406
2024-12-27,BZX Equities (Z),110478815,122817061,196234960,429530836,5100168778.982199,7588553624.650502,10564680283.974699,23253402687.607400,1754131,698096,2082724,4534951
2024-12-26,NYSE American (A),2082395,24958202,4272701,31313298,78860414.798900,207347336.469700,123623667.175500,409831418.444100,25194,75585,32743,133522
2024-12-26,NASDAQ BX (B),7396808,6756302,12076818,26229928,393497590.805500,356924188.238400,572931463.023200,1323353242.067100,114345,68797,152318,335460
2024-12-26,NYSE National (C),9406867,7277239,12890030,29574136,239551459.626800,267350726.559500,332123919.085500,839026105.271800,120972,49919,133069,303960
2024-12-26,FINRA / Nasdaq TRF Chicago (DB),5365563,3241834,14415772,23023169,189493801.531900,132454024.071100,861531005.391400,1183478830.994400,49576,18850,111545,179971
2024-12-26,FINRA / NYSE TRF (DN),69209457,71792959,225928655,366931071,1884639235.772400,2717971751.469101,5127033780.166499,9729644767.408000,442677,172520,676253,1291450
2024-12-26,FINRA / Nasdaq TRF Carteret (DQ),1381393605,1046969190,3410532805,5838895600,51191876220.929009,51772000871.906603,95794147841.417857,198758024934.253469,10534617,3289056,13956463,27780136
2024-12-26,MIAX Pearl (H),32176161,36206102,85554672,153936935,673216016.837500,1219389658.925300,1390463564.380900,3283069240.143700,227357,130812,352588,710757
2024-12-26,EDGA Equities (J),16403903,13125060,33878548,63407511,456169425.311500,796770550.387900,664182305.328000,1917122281.027400,170681,94183,223112,487976
2024-12-26,EDGX Equities (K),135418877,114942447,489001651,739362975,3492135046.743200,4346049871.738400,13965893496.675799,21804078415.157399,908338,563031,2707894,4179263
2024-12-26,LTSE (L),8836179,2412138,11756894,23005211,260222497.215000,248265597.961300,428026327.279900,936514422.456200,43478,5730,39563,88771
2024-12-26,NYSE Chicago (M),7706714,7054885,12054659,26816258,692266021.064000,661972302.931700,1848894842.150901,3203133166.146601,41515,23755,47362,112632
2024-12-26,NYSE (N),668895022,32813460,55249371,756957853,34510887266.421802,1814418920.506099,1999883190.227800,38325189377.155701,2269124,135400,467299,2871823
2024-12-26,NYSE Arca (P),148153464,284906275,722023930,1155083669,4529498851.392300,16308351515.468199,12149293988.954387,32987144355.814886,1414109,1404056,4325782,7143947
2024-12-26,NASDAQ (Q),240714626,116417249,1121589439,1478721314,11894738740.725101,7799555883.852901,53538761885.531426,73233056510.109428,4016794,835363,7756930,12609087
2024-12-26,Members Exchange (U),36125641,47205237,173395696,256726574,1130819843.393800,1745457555.386100,2876021711.451902,5752299110.231802,363940,193949,679253,1237142
2024-12-26,Investors Exchange (V),94479301,36906915,99339559,230725775,4411004705.275100,2009282624.595600,4365228703.375399,10785516033.246099,1321284,221254,1225872,2768410
2024-12-26,NASDAQ PSX (X),3333949,4663333,6501166,14498448,180084731.742100,333320291.906700,269098173.731700,782503197.380500,47788,27102,72658,147548
2024-12-26,BYX Equities (Y),25109745,17219051,41801331,84130127,721220044.251500,752421321.764700,1029361360.866200,2503002726.882400,324377,101756,370384,796517
2024-12-26,BZX Equities (Z),99440533,86162438,170354133,355957104,4301060848.977600,4796875087.820301,7613565956.097605,16711501892.895506,1449332,502325,1726210,3677867
2024-12-24,NYSE American (A),1830832,12001985,3691679,17524496,70208051.627800,156461343.523200,124999713.701400,351669108.852400,20470,42070,26567,89107
2024-12-24,NASDAQ BX (B),3912362,5390657,9731006,19034025,266006628.444900,303854530.706700,497755983.692400,1067617142.844000,70637,40720,112876,224233
2024-12-24,NYSE National (C),4859906,5943867,8242508,19046281,190131019.584400,226943064.046700,272678593.237600,689752676.868700,74916,38435,87282,200633
2024-12-24,FINRA / Nasdaq TRF Chicago (DB),3745173,2186472,10438296,16369941,141195624.217700,103897700.858300,709875601.561200,954968926.637200,32319,13711,85934,131964
2024-12-24,FINRA / NYSE TRF (DN),45807047,34507341,155037214,235351602,1520399251.718800,1459483183.626400,3950026412.271298,6929908847.616498,291316,107633,454070,853019
2024-12-24,FINRA / Nasdaq TRF Carteret (DQ),815361717,596144501,2350412825,3761919043,32146298533.094009,33310835773.344725,73320912020.592591,138778046327.031325,6274240,2114190,9274180,17662610
2024-12-24,MIAX Pearl (H),19544140,22838797,56002153,98385090,535618390.192800,1175170967.847900,1217037726.009800,2927827084.050500,149620,85278,246922,481820
2024-12-24,EDGA Equities (J),9197969,10163767,23198150,42559886,294167847.268800,644922804.509200,591646825.661200,1530737477.439200,104010,61225,160935,326170
2024-12-24,EDGX Equities (K),81647149,75813709,450899189,608360047,2517002915.586000,3498999145.575899,11136631812.695701,17152633873.857600,618924,421734,2274772,3315430
2024-12-24,LTSE (L),7626767,956639,8282401,16865807,246768405.955400,86682118.568400,407649372.108400,741099896.632200,33584,3497,29902,66983
2024-12-24,NYSE Chicago (M),4684739,6411018,12822739,23918496,413425372.777000,873415013.116700,1477170844.168400,2764011230.062100,29995,17624,36147,83766
2024-12-24,NYSE (N),400663667,25167733,41532175,467363575,21759171878.909599,1379267868.858800,1689779497.886100,24828219245.654499,1466547,102133,351518,1920198
2024-12-24,NYSE Arca (P),84311872,194107939,596007408,874427219,3324636484.947500,11878585861.375704,10332435717.403398,25535658063.726602,973678,972961,3350976,5297615
2024-12-24,NASDAQ (Q),153152702,85399914,785711286,1024263902,8048187360.153100,6366763403.283699,44560737415.810908,58975688179.247707,2531804,583561,5541240,8656605
2024-12-24,Members Exchange (U),21901253,27743392,111036243,160680888,785057508.495000,1390649719.306800,2454176198.629898,4629883426.431698,249773,138617,517702,906092
2024-12-24,Investors Exchange (V),60124477,25735793,67751173,153611443,3058095169.115000,1404775195.217600,3571317504.453800,8034187868.786400,842815,145922,828431,1817168
2024-12-24,NASDAQ PSX (X),2094850,3795068,4615164,10505082,122387637.454600,283446340.017200,236270435.008600,642104412.480400,28572,20359,52039,100970
2024-12-24,BYX Equities (Y),11603665,12452770,28425984,52482419,484602179.598600,523828825.589600,749551641.170600,1757982646.358800,193739,69221,258515,521475
2024-12-24,BZX Equities (Z),60845147,65800090,124102900,250748137,2953326464.521700,3897999074.368300,6206391547.717800,13057717086.607800,1014284,369361,1315031,2698676
2024-12-23,NYSE American (A),3994431,18726946,6337592,29058969,169756525.341600,301018058.923300,247469956.681800,718244540.946700,68802,77144,75307,221253
2024-12-23,NASDAQ BX (B),9471174,11346441,14938724,35756339,651197840.972700,686606508.426400,860749680.824700,2198554030.223800,170974,132749,201246,504969
2024-12-23,NYSE National (C),13567249,11153467,16725732,41446448,370416001.690400,481983260.967400,459869187.155300,1312268449.813100,172425,71459,169417,413301
2024-12-23,FINRA / Nasdaq TRF Chicago (DB),5686160,3043802,15513405,24243367,254723651.099700,163291653.026900,1030679183.346600,1448694487.473200,59160,21760,133278,214198
2024-12-23,FINRA / NYSE TRF (DN),73481730,68515600,226999040,368996370,2854317782.546600,3708953051.451000,7081846661.599900,13645117495.597500,588164,211350,786109,1585623
2024-12-23,FINRA / Nasdaq TRF Carteret (DQ),1731461307,1159277221,3574334537,6465073065,82835183799.867372,69670435894.195275,129040833371.147655,281546453065.210302,13785068,3750478,16462036,33997582
2024-12-23,MIAX Pearl (H),36775507,49460999,87159819,173396325,1062195995.899900,2003894260.301200,1863321822.820700,4929412079.021800,329975,197924,453736,981635
2024-12-23,EDGA Equities (J),22080382,21631596,34640955,78352933,733032461.044900,1219862437.385900,1139004667.218799,3091899565.649599,245802,167329,274337,687468
2024-12-23,EDGX Equities (K),141471355,132002780,501067419,774541554,5064221657.801600,6135053919.820800,16275887633.681493,27475163211.303893,1219017,714001,3075852,5008870
2024-12-23,LTSE (L),10164305,2616216,15199130,27979651,446617643.889600,402166464.265700,708717208.035200,1557501316.190500,43867,7043,48981,99891
2024-12-23,NYSE Chicago (M),16244051,14222641,21795965,52262657,2330023327.849399,1320517887.033700,3156663717.717500,6807204932.600599,68759,37733,76177,182669
2024-12-23,NYSE (N),906012081,47839824,76946663,1030798568,50196565655.876598,2738970605.052400,3273361625.011799,56208897885.940797,3239660,194764,674304,4108728
2024-12-23,NYSE Arca (P),166076016,369525618,638124867,1173726501,7380364756.520401,26141058813.447495,16560190700.580896,50081614270.548792,1938084,1830233,4814396,8582713
2024-12-23,NASDAQ (Q),351011996,166931880,1385858207,1903802083,19114210100.667994,12227599830.753088,80189821427.333906,111531631358.754988,5747340,1146820,10214217,17108377
2024-12-23,Members Exchange (U),44646004,51781670,164758419,261186093,1850173029.296000,2597327608.444101,3823860025.555002,8271360663.295103,528750,263286,836242,1628278
2024-12-23,Investors Exchange (V),22451074,13556005,24165968,60173047,1054162069.451700,518684500.502700,1270010699.628700,2842857269.583100,246072,47392,249078,542542
2024-12-23,NASDAQ PSX (X),4823310,6097821,8323203,19244334,283609967.795700,480009839.166400,410807528.096900,1174427335.059000,62590,35729,92778,191097
2024-12-23,BYX Equities (Y),30014336,20870128,45125232,96009696,1014451145.601800,1040213036.842000,1386130272.109200,3440794454.553000,385086,132325,429988,947399
2024-12-23,BZX Equities (Z),137627454,119998163,200787526,458413143,6771664591.585298,7628148234.782801,10591047262.716800,24990860089.084899,2171185,728750,2390451,5290386
2024-12-20,NYSE American (A),5770430,83512120,7054517,96337067,297726701.124000,719072443.530000,336315053.111700,1353114197.765700,65367,85074,53065,203506
2024-12-20,NASDAQ BX (B),14879413,15733963,20188115,50801491,1136588441.272400,950707673.134600,1455368632.965300,3542664747.372300,231457,126272,261573,619302
2024-12-20,NYSE National (C),22110025,15322771,21783440,59216236,828616211.445200,686580853.931100,785531098.682700,2300728164.059000,262610,90028,213913,566551
2024-12-20,FINRA / Nasdaq TRF Chicago (DB),7426393,4366914,16361263,28154570,397628309.716400,233527658.675800,1206296223.280600,1837452191.672800,69948,26478,143292,239718
2024-12-20,FINRA / NYSE TRF (DN),107594052,82449983,275326624,465370659,5003007854.819300,5961693797.196798,9596434988.169899,20561136640.185997,668460,251930,842741,1763131
2024-12-20,FINRA / Nasdaq TRF Carteret (DQ),3381944163,1408594877,5086270268,9876809308,197895698565.679028,99098335120.632773,273828075261.168308,570822108947.480109,16477132,4312456,18424316,39213904
2024-12-20,MIAX Pearl (H),46881218,71199008,102220564,220300790,1602995664.729500,4498990676.893700,2688082753.314500,8790069094.937700,394080,245005,497646,1136731
2024-12-20,EDGA Equities (J),28841143,29302933,47295183,105439259,1132828051.469400,2322247147.243900,1806480646.100200,5261555844.813500,309333,163280,347027,819640
2024-12-20,EDGX Equities (K),166848525,195439478,594561686,956849689,6982948955.618700,10048334815.061098,22542202992.011708,39573486762.691506,1460130,994209,3677595,6131934
2024-12-20,LTSE (L),17567478,3383311,18403627,39354416,663814314.246500,277400332.807400,673163496.956500,1614378144.010400,63120,9301,52721,125142
2024-12-20,NYSE Chicago (M),27567829,25667415,26923913,80159157,2527896884.568999,4327103757.789701,4411491042.350799,11266491684.709499,57931,39162,67940,165033
2024-12-20,NYSE (N),3855747637,65251744,89042654,4010042035,239349300139.622750,4111036246.555501,4788396493.296301,248248732879.474552,4263217,266384,769684,5299285
2024-12-20,NYSE Arca (P),233991579,522248650,791076991,1547317220,11892140753.729890,40125495303.815988,25862891489.375779,77880527546.921657,2667834,2504076,5651532,10823442
2024-12-20,NASDAQ (Q),489662480,268210307,3880824585,4638697372,29033866072.921997,21219067948.457209,280301826661.564979,330554760682.944185,7403235,1637478,12620598,21661311
2024-12-20,Members Exchange (U),58555132,81682520,191426149,331663801,2758168658.501300,4448491372.465697,5605199012.098302,12811859043.065299,726053,370942,1027201,2124196
2024-12-20,Investors Exchange (V),199134289,73576476,174480559,447191324,11403246667.577103,4861301466.331801,10048264722.457401,26312812856.366305,2588003,398303,2074671,5060977
2024-12-20,NASDAQ PSX (X),11015567,9256417,12673868,32945852,766932077.053200,863547922.960500,927459994.941900,2557939994.955600,127562,53639,138135,319336
2024-12-20,BYX Equities (Y),45747908,31363895,61279003,138390806,2013050268.600900,1637897666.404000,2287454497.059601,5938402432.064501,597228,178694,586112,1362034
2024-12-20,BZX Equities (Z),190151508,180832786,264068242,635052536,10196559325.959899,13107013210.068300,16599325935.924809,39902898471.953008,2791441,1022578,2914023,6728042
2024-12-19,NYSE American (A),6080975,28995319,8058194,43134488,327115633.456300,468028194.518300,394146815.052700,1189290643.027300,71179,108921,56645,236745
2024-12-19,NASDAQ BX (B),14350580,19336590,21547517,55234687,1038056665.015600,1097223724.287300,1439096155.955900,3574376545.258800,228748,141291,281442,651481
2024-12-19,NYSE National (C),17055787,18437753,21237756,56731296,606026777.634900,742909826.185900,864976174.769000,2213912778.589800,208149,103614,213565,525328
2024-12-19,FINRA / Nasdaq TRF Chicago (DB),7196430,4375074,18634017,30205521,321224947.751800,234639874.126600,1303094039.463300,1858958861.341700,72783,28737,168512,270032
2024-12-19,FINRA / NYSE TRF (DN),89762469,106476822,277824232,474063523,3700373019.589001,7019232376.318500,10076522324.439708,20796127720.347209,701488,291818,920061,1913367
2024-12-19,FINRA / Nasdaq TRF Carteret (DQ),2210444202,1589936977,4063261297,7863642476,110095105629.941911,94744114915.824949,172282606436.525713,377121826982.292573,17008229,4890577,18986179,40884985
2024-12-19,MIAX Pearl (H),45975901,76322965,100429341,222728207,1290965083.135100,3322542364.192499,2622258606.738299,7235766054.065898,370310,281781,491700,1143791
2024-12-19,EDGA Equities (J),27888450,30984081,43764251,102636782,995142930.663800,2234168783.469001,2284074678.183900,5513386392.316701,302929,181169,353416,837514
2024-12-19,EDGX Equities (K),170844835,205389371,534982896,911217102,6634773397.173403,9611908969.982398,22423585577.808606,38670267944.964407,1524485,1130889,3609464,6264838
2024-12-19,LTSE (L),16912716,3780250,15817477,36510443,557443027.004700,235303141.926000,702606406.561700,1495352575.492400,65544,8306,53921,127771
2024-12-19,NYSE Chicago (M),22565368,20864148,17412109,60841625,1763125321.847800,1904369138.254600,2720123396.466199,6387617856.568599,59808,42496,66921,169225
2024-12-19,NYSE (N),1225086360,74593350,89413099,1389092809,71855856921.554598,4414084086.798300,4769569436.453801,81039510444.806699,4070528,319986,814446,5204960
2024-12-19,NYSE Arca (P),224318703,568847588,734762513,1527928804,10631995975.442894,38568425587.670208,25930034986.954301,75130456550.067403,2618254,2858967,5716391,11193612
2024-12-19,NASDAQ (Q),473678909,267377286,1713371979,2454428174,26986115565.177709,19646433628.755299,113721241180.867044,160353790374.800052,7210181,1801342,12592632,21604155
2024-12-19,Members Exchange (U),60635396,89189399,184626733,334451528,2669114045.814300,4475593230.522196,5598117612.275199,12742824888.611695,743688,429952,1067668,2241308
2024-12-19,Investors Exchange (V),201672142,84089341,176548568,462310051,11336128307.192897,5094288187.574300,10976273653.880795,27406690148.647992,2607171,451688,2190512,5249371
2024-12-19,NASDAQ PSX (X),7138477,9866856,11081617,28086950,390139950.906500,861495256.886400,596962092.128900,1848597299.921800,90560,57161,121055,268776
2024-12-19,BYX Equities (Y),43977416,38437346,61113245,143528007,1918864118.776800,1929328283.560700,2463535010.213000,6311727412.550500,604447,221394,616542,1442383
2024-12-19,BZX Equities (Z),184204427,199634896,249784288,633623611,9439300210.575899,13282934561.956496,15440048209.299108,38162282981.831503,2728684,1179353,2897797,6805834
2024-12-18,NYSE American (A),6600006,32410020,8469372,47479398,337292329.877800,399096668.416400,445730834.264900,1182119832.559100,72920,97209,67373,237502
2024-12-18,NASDAQ BX (B),16029761,18520836,25509019,60059616,1248418618.060800,1111249306.160100,1599078663.905899,3958746588.126799,256217,141511,297942,695670
2024-12-18,NYSE National (C),18845794,17757963,23035239,59638996,542952894.565600,694095931.550400,816528387.844900,2053577213.960900,226506,93014,225042,544562
2024-12-18,FINRA / Nasdaq TRF Chicago (DB),15015323,8048909,74805696,97869928,581737388.831000,489183392.197100,2611262570.898800,3682183351.926900,128772,48511,362630,539913
2024-12-18,FINRA / NYSE TRF (DN),114676465,82708565,341508525,538893555,4389630276.719800,3823234218.166298,10060706374.105799,18273570868.991897,762855,264260,1089088,2116203
2024-12-18,FINRA / Nasdaq TRF Carteret (DQ),2263801911,1491997887,5078017450,8833817248,108149801331.795659,113047072024.617924,189771252062.119637,410968125418.533220,16697219,4681699,20896006,42274924
2024-12-18,MIAX Pearl (H),55476840,83626399,125335700,264438939,1742840976.245600,3813938223.240500,3109978912.876200,8666758112.362300,431485,293626,614912,1340023
2024-12-18,EDGA Equities (J),30142262,31286379,57058260,118486901,1134930594.512900,1924708699.801200,2552875349.887100,5612514644.201200,314127,166821,418879,899827
2024-12-18,EDGX Equities (K),210882288,208000991,687595900,1106479179,7597631116.365000,10722622388.739102,27006163550.365091,45326417055.469193,1715373,1106398,4215176,7036947
2024-12-18,LTSE (L),17224005,1661989,19740316,38626310,731499436.000400,190045596.005400,1054496058.896300,1976041090.902100,80917,6133,77905,164955
2024-12-18,NYSE Chicago (M),13784645,17995111,31539657,63319413,1430074877.898200,1956018850.991800,4007245600.136197,7393339329.026197,66426,41217,82459,190102
2024-12-18,NYSE (N),1329246582,74903571,99884209,1504034362,74197532751.122906,5025919588.339901,5031810395.258100,84255262734.720907,4475546,299871,890354,5665771
2024-12-18,NYSE Arca (P),246539424,592604250,1002837197,1841980871,11343171462.500905,42655056992.815192,32761338332.167503,86759566787.483600,2833799,2869546,6871760,12575105
2024-12-18,NASDAQ (Q),512584606,281948358,1991281572,2785814536,28414963576.821298,22971773897.182608,132645102772.361204,184031840246.365110,7455652,1809606,14100766,23366024
2024-12-18,Members Exchange (U),69133463,96410161,243675022,409218646,2989001564.223900,4558071484.705201,6595625355.505404,14142698404.434505,799682,427451,1234321,2461454
2024-12-18,Investors Exchange (V),210943546,89952354,190899874,491795774,11278872149.553898,5441283626.957801,11279003445.443496,27999159221.955195,2450250,416397,2164746,5031393
2024-12-18,NASDAQ PSX (X),10772207,10744397,15603989,37120593,678318062.295000,1006035156.367700,928714047.345600,2613067266.008300,118249,60764,160854,339867
2024-12-18,BYX Equities (Y),49439690,37943925,73946282,161329897,2107929068.077700,1969076154.672900,2687328745.537800,6764333968.288400,637797,205703,662366,1505866
2024-12-18,BZX Equities (Z),211413258,211464267,303124590,726002115,10465089083.546896,13821636203.068695,17758831877.546399,42045557164.161990,2953978,1146788,3279577,7380343
2024-12-17,NYSE American (A),4974883,21244366,6940922,33160171,268139486.439400,255940555.001800,312532121.269300,836612162.710500,57810,70515,49796,178121
2024-12-17,NASDAQ BX (B),12997648,11943374,19394067,44335089,974808123.572500,616636965.918400,1278726039.705800,2870171129.196700,204857,94234,249089,548180
2024-12-17,NYSE National (C),16070335,13552699,18667182,48290216,514043273.041500,469231411.099700,577917922.923400,1561192607.064600,213042,67537,185799,466378
2024-12-17,FINRA / Nasdaq TRF Chicago (DB),7464141,2835247,20491491,30790879,321119380.723900,140990694.429200,1462282227.263400,1924392302.416500,69882,19366,167768,257016
2024-12-17,FINRA / NYSE TRF (DN),85449912,68771252,342195266,496416430,3522292455.548801,2910233842.520000,9520912420.640409,15953438718.709210,654752,200657,910002,1765411
2024-12-17,FINRA / Nasdaq TRF Carteret (DQ),2071368612,1087505943,5203666696,8362541251,105489838199.425205,71051372997.281155,166123669012.656271,342664880209.362631,15767473,3648967,19060995,38477435
2024-12-17,MIAX Pearl (H),43802755,48232103,121933389,213968247,1205198760.957700,1742375205.247800,2452824960.815500,5400398927.021000,338420,178773,541581,1058774
2024-12-17,EDGA Equities (J),27577114,18886463,50994939,97458516,951851747.345800,1223826019.405100,1631223290.821200,3806901057.572100,273830,126190,348354,748374
2024-12-17,EDGX Equities (K),159522709,125232683,606158327,890913719,6173858951.864800,5861292031.604500,19993470995.640489,32028621979.109789,1398607,692826,3370809,5462242
2024-12-17,LTSE (L),15206332,2381950,17672678,35260960,504989014.525700,262789243.594300,913255902.222400,1681034160.342400,68818,6435,63640,138893
2024-12-17,NYSE Chicago (M),17606859,21772629,26855852,66235340,1198207988.873100,2615453125.501200,4553347253.481201,8367008367.855501,60570,31086,71286,162942
2024-12-17,NYSE (N),1165579635,44272212,84806642,1294658489,70478299189.244696,2481762775.642600,4218505166.234702,77178567131.121998,3721450,183075,728141,4632666
2024-12-17,NYSE Arca (P),204952090,358224794,949809135,1512986019,9278832824.714500,24443806668.636603,25990868486.409801,59713507979.760904,2364379,1703890,5868543,9936812
2024-12-17,NASDAQ (Q),420922609,172845091,1662499503,2256267203,24452503592.150902,12833917164.637798,110515080380.781907,147801501137.570607,6526550,1126946,11628705,19282201
2024-12-17,Members Exchange (U),57007122,56432824,281512879,394952825,2600242558.391000,2711127902.771898,5463703186.575703,10775073647.738601,708457,263411,1052097,2023965
2024-12-17,Investors Exchange (V),181155461,60187523,159087350,400430334,10242658015.309502,3684413933.657300,9782124420.399103,23709196369.365905,2280682,318896,1908386,4507964
2024-12-17,NASDAQ PSX (X),5525625,6108430,9505281,21139336,329513873.186400,408385725.644600,499911411.136200,1237811009.967200,76372,35102,119783,231257
2024-12-17,BYX Equities (Y),42848540,29342806,64162143,136353489,1760082238.411400,1073956505.453400,2172269124.106400,5006307867.971200,583108,137210,588926,1309244
2024-12-17,BZX Equities (Z),163270896,123035188,278610583,564916667,8561118120.826398,8213004450.591397,14518855745.605104,31292978317.022899,2413209,720388,2690103,5823700
2024-12-16,NYSE American (A),5018469,23640709,6582421,35241599,285480731.947200,244151744.421300,328434573.299800,858067049.668300,61941,77821,56071,195833
2024-12-16,NASDAQ BX (B),13648424,10256792,18368821,42274037,1010240959.179000,588518939.792800,1262504359.129300,2861264258.101100,209710,106828,246792,563330
2024-12-16,NYSE National (C),16118452,11061986,18662956,45843394,463140740.824000,428588374.414800,639160386.823400,1530889502.062200,194006,70176,198603,462785
2024-12-16,FINRA / Nasdaq TRF Chicago (DB),7652277,4013394,22656889,34322560,317617795.621400,161322339.451400,1662731561.182000,2141671696.254800,78260,20762,194004,293026
2024-12-16,FINRA / NYSE TRF (DN),87595403,70290841,304164784,462051028,3501120498.340700,4746610880.365701,8408884261.500997,16656615640.207398,667799,210999,982985,1861783
2024-12-16,FINRA / Nasdaq TRF Carteret (DQ),2011406965,1125243373,4766919948,7903570286,100777814111.415631,78828188426.025887,177896874367.057809,357502876904.499327,15617174,3871887,19557166,39046227
2024-12-16,MIAX Pearl (H),44263633,44257657,109552515,198073805,1220722619.647700,1886501992.756400,2786859121.821700,5894083734.225800,347290,166494,534769,1048553
2024-12-16,EDGA Equities (J),23839174,18104886,44764800,86708860,860841255.492200,1101607026.754500,1521313719.341900,3483762001.588600,256976,133708,322404,713088
2024-12-16,EDGX Equities (K),167487460,130018916,533401728,830908104,6413040087.511501,5697309186.570199,21326818343.458588,33437167617.540288,1449309,674921,3245459,5369689
2024-12-16,LTSE (L),16602767,1429497,18392643,36424907,552937446.539500,169878671.245400,824883087.040500,1547699204.825400,71396,4550,65951,141897
2024-12-16,NYSE Chicago (M),9071534,13153022,21644271,43868827,761701379.565100,2063496720.223100,3406760889.987500,6231958989.775700,51101,33535,66093,150729
2024-12-16,NYSE (N),1102080287,41446965,78784416,1222311668,66104311292.910314,2362418963.902900,3900521627.885299,72367251884.698513,3382646,173850,690350,4246846
2024-12-16,NYSE Arca (P),190018212,342406005,781097985,1313522202,8693762914.906099,22644239316.927193,26424362699.960098,57762364931.793390,2188563,1605888,5301731,9096182
2024-12-16,NASDAQ (Q),397401221,167623749,1643224199,2208249169,22610954986.371198,11358407221.432897,113282403631.101982,147251765838.906077,6200197,1043137,11239303,18482637
2024-12-16,Members Exchange (U),56012651,55429601,202199583,313641835,2461142778.798100,2415672228.874599,5832529005.246801,10709344012.919500,663791,247421,1032170,1943382
2024-12-16,Investors Exchange (V),175185433,52876872,169061312,397123617,9835019303.651799,3179244871.898900,10359728708.554302,23373992884.105001,2265232,293168,1991296,4549696
2024-12-16,NASDAQ PSX (X),5730877,5866347,9922938,21520162,284374024.567900,365278679.522600,567109908.960800,1216762613.051300,65272,33556,112066,210894
2024-12-16,BYX Equities (Y),41288349,22120248,58739882,122148479,1608329516.645500,949525937.081900,2123451213.908599,4681306667.635999,537064,135537,533844,1206445
2024-12-16,BZX Equities (Z),165772217,117461451,270445931,553679599,8539381106.447497,7201243403.505294,15316921238.913004,31057545748.865795,2458859,654848,2777252,5890959
2024-12-13,NYSE American (A),4346165,21439776,4731631,30517572,253009839.002300,232501816.663400,241976520.086300,727488175.752000,53851,73420,44316,171587
2024-12-13,NASDAQ BX (B),10931961,9991641,14260574,35184176,823588740.434800,517510409.164800,1038730257.679100,2379829407.278700,173764,77562,197517,448843
2024-12-13,NYSE National (C),12906750,10588726,15599652,39095128,463339894.995600,366441892.788400,545694297.895900,1375476085.679900,174275,59098,174775,408148
2024-12-13,FINRA / Nasdaq TRF Chicago (DB),6257243,4524316,16623748,27405307,310968022.280900,148355324.607300,1379633133.452300,1838956480.340500,61379,18877,146084,226340
2024-12-13,FINRA / NYSE TRF (DN),74309694,129114336,206135122,409559152,3207646510.241400,2610301344.378300,8377229165.371692,14195177019.991392,587064,187976,820354,1595394
2024-12-13,FINRA / Nasdaq TRF Carteret (DQ),1676992618,1724428876,3046425680,6447847174,84649386366.391023,51359903848.090283,151020820259.171964,287030110473.653270,13209879,3330115,15835892,32375886
2024-12-13,MIAX Pearl (H),33395770,67738961,68643986,169778717,790811419.636000,1584398416.860300,1944265193.189800,4319475029.686100,251843,159670,358699,770212
2024-12-13,EDGA Equities (J),21231231,31827396,35435176,88493803,770723047.900800,1176831883.258800,1396781925.672400,3344336856.832000,231781,122570,278611,632962
2024-12-13,EDGX Equities (K),128008143,118211105,386321393,632540641,5194471490.170502,5291218567.410598,17712540484.460304,28198230542.041404,1139113,611317,2497298,4247728
2024-12-13,LTSE (L),13780621,1471131,14867259,30119011,470124833.870000,76793282.715800,836707712.241300,1383625828.827100,58783,3053,53716,115552
2024-12-13,NYSE Chicago (M),11796964,9595523,32770024,54162511,1163173145.295200,2066540941.337300,5506566638.140103,8736280724.772603,43122,26092,51498,120712
2024-12-13,NYSE (N),882910283,38813866,70108680,991832829,51190553531.194996,2278047251.605900,3672614344.230501,57141215127.031397,2991887,159838,639074,3790799
2024-12-13,NYSE Arca (P),153593832,337530327,502492516,993616675,7738746125.410097,20976459216.147917,20480749165.243598,49195954506.801612,1861476,1460688,4035128,7357292
2024-12-13,NASDAQ (Q),335374004,158391145,1309423403,1803188552,19627060744.925597,10482484968.761197,87068934787.182275,117178480500.869069,5446055,968202,9683760,16098017
2024-12-13,Members Exchange (U),46304077,79090363,139320316,264714756,2068751694.158700,2327798029.949199,5072161393.680397,9468711117.788296,577460,238106,860730,1676296
2024-12-13,Investors Exchange (V),148124094,46738383,142776329,337638806,8413515576.406400,2721387049.358300,8591896829.110899,19726799454.875599,1963458,264614,1748798,3976870
2024-12-13,NASDAQ PSX (X),6393772,6601440,9795763,22790975,366893166.096500,404182833.144500,509630132.896000,1280706132.137000,82416,33998,111705,228119
2024-12-13,BYX Equities (Y),31069957,21728742,42010967,94809666,1300717302.565300,959496239.480000,1694730209.774900,3954943751.820200,453791,121629,463541,1038961
2024-12-13,BZX Equities (Z),138047014,113125250,209018256,460190520,7035854598.610703,6482920402.511897,13343901372.584504,26862676373.707104,1994779,594560,2256695,4846034
2024-12-12,NYSE American (A),5531348,21787800,6229938,33549086,327738448.487800,224838522.191200,252329329.534900,804906300.213900,65582,68039,50536,184157
2024-12-12,NASDAQ BX (B),11976348,10128788,16790188,38895324,867382152.446400,474974014.894200,1061522898.751800,2403879066.092400,191910,73836,215737,481483
2024-12-12,NYSE National (C),14714982,11540475,17860590,44116047,502344709.792900,388901642.535100,607745132.170700,1498991484.498700,176609,57091,182662,416362
2024-12-12,FINRA / Nasdaq TRF Chicago (DB),6026690,4684424,15504297,26215411,308099316.354100,150413211.869900,1074117231.721000,1532629759.945000,54631,15495,114619,184745
2024-12-12,FINRA / NYSE TRF (DN),75619321,146768919,295695891,518084131,3157124877.664500,2377902075.605498,6782123153.416003,12317150106.686001,566998,185818,802034,1554850
2024-12-12,FINRA / Nasdaq TRF Carteret (DQ),1676692712,1887006737,3775593384,7339292833,84095119954.396719,48697179573.420597,132390033755.268127,265182333283.085443,13288582,3184646,15358029,31831257
2024-12-12,MIAX Pearl (H),33119291,77888074,82879943,193887308,796146259.837000,1471523981.409300,1645258985.313200,3912929226.559500,249597,155910,370707,776214
2024-12-12,EDGA Equities (J),23327717,46098349,36515955,105942021,850733747.104800,985169929.474600,1147865009.819300,2983768686.398700,245133,116621,279242,640996
2024-12-12,EDGX Equities (K),130625638,125712246,422586985,678924869,5249378730.184501,5159957888.525703,15251404878.341593,25660741497.051797,1147397,565334,2497681,4210412
2024-12-12,LTSE (L),13162518,1748609,14470746,29381873,425241828.501300,79798224.822300,579961061.302100,1085001114.625700,47354,3577,45463,96394
2024-12-12,NYSE Chicago (M),12243249,15808591,19502144,47553984,1391767027.005400,2311687373.000600,2343660110.815200,6047114510.821200,45915,24718,49416,120049
2024-12-12,NYSE (N),889360361,38632324,73950638,1001943323,51757291683.166688,2037556859.067900,3150706773.869000,56945555316.103588,3037237,161359,629531,3828127
2024-12-12,NYSE Arca (P),163963220,351826703,615968809,1131758732,7942173326.367300,18766908956.270191,19912990333.038607,46622072615.676098,1929027,1486649,4340622,7756298
2024-12-12,NASDAQ (Q),347792888,154813333,1269850587,1772456808,20108207588.002703,9757164304.765407,77552485919.221911,107417857811.990021,5347650,937856,9248517,15534023
2024-12-12,Members Exchange (U),49185983,93700180,190343365,333229528,2199322069.633400,2280369102.742001,4306607985.899001,8786299158.274402,641300,250950,914694,1806944
2024-12-12,Investors Exchange (V),155332376,51006174,145529374,351867924,8767652389.663900,2732312186.522500,7976168905.887702,19476133482.074102,2029093,258591,1754509,4042193
2024-12-12,NASDAQ PSX (X),7197297,6315614,10443921,23956832,410173202.952900,364023289.248600,482078937.699600,1256275429.901100,88914,32382,115246,236542
2024-12-12,BYX Equities (Y),33382067,22081989,49735224,105199280,1362785535.301800,931587098.681300,1654891363.509700,3949263997.492800,442116,117991,461686,1021793
2024-12-12,BZX Equities (Z),136302403,115072227,193251924,444626554,6708085572.043201,5966994477.898599,10738295087.522396,23413375137.464196,1886403,567893,2043493,4497789
2024-12-11,NYSE American (A),5839278,22740319,5345999,33925596,302740315.408500,252865677.276900,284033620.563200,839639613.248600,65226,69049,49070,183345
2024-12-11,NASDAQ BX (B),13368004,10592102,18003632,41963738,1024519901.731800,552297304.034000,1093712607.271700,2670529813.037500,202514,79398,218037,499949
2024-12-11,NYSE National (C),15797898,13018413,20244483,49060794,595918281.515200,399678520.915500,680675376.025500,1676272178.456200,208270,59901,199081,467252
2024-12-11,FINRA / Nasdaq TRF Chicago (DB),6864745,3891416,17941369,28697530,338091829.654400,161659630.453300,1372694662.919200,1872446123.026900,70470,19187,154330,243987
2024-12-11,FINRA / NYSE TRF (DN),85188173,150515854,219260979,454965006,3749457144.463300,2398649321.517000,6976507818.502301,13124614284.482601,628535,197035,841033,1666603
2024-12-11,FINRA / Nasdaq TRF Carteret (DQ),1945258380,1978827975,3349433148,7273519503,104630774589.262028,48759766577.599201,154927064395.636812,308317605562.498041,14403926,3311625,16487611,34203162
2024-12-11,MIAX Pearl (H),39179511,62703126,77477404,179360041,1074883183.413900,1574163886.184300,2209691025.056800,4858738094.655000,337051,156176,429900,923127
2024-12-11,EDGA Equities (J),25471074,70192139,38534227,134197440,929944435.831000,1301525329.283100,1448593988.588400,3680063753.702500,277105,116987,312252,706344
2024-12-11,EDGX Equities (K),148815337,127398204,423432299,699645840,6096328895.482500,5493356055.607800,17666325413.661799,29256010364.752099,1321358,593607,2687949,4602914
2024-12-11,LTSE (L),14873355,64713483,13939866,93526704,527806639.659500,212149387.248300,721620091.174400,1461576118.082200,62962,23974,49091,136027
2024-12-11,NYSE Chicago (M),17299762,15832493,23590260,56722515,1611371562.792600,2171386470.842099,4488684651.494598,8271442685.129297,43995,21551,54872,120418
2024-12-11,NYSE (N),1096714822,41211043,79256185,1217182050,65595818199.992400,2226947465.166700,3681302038.989101,71504067704.148201,3275352,162257,669696,4107305
2024-12-11,NYSE Arca (P),184300760,359794964,617877011,1161972735,8883135178.891998,19604951006.775998,22850502988.844998,51338589174.512994,2216530,1490969,4794896,8502395
2024-12-11,NASDAQ (Q),392181687,158208462,1434633178,1985023327,23074250182.530903,10069742027.174099,92081346255.125311,125225338464.830313,6044104,962012,10055235,17061351
2024-12-11,Members Exchange (U),56711843,68880899,147259215,272851957,2585692667.386600,2509012996.188800,5177042461.239004,10271748124.814404,733976,237773,955153,1926902
2024-12-11,Investors Exchange (V),169178766,51882033,149246650,370307449,9098788309.173700,2929066813.419100,8614581651.509497,20642436774.102297,2019099,273008,1710535,4002642
2024-12-11,NASDAQ PSX (X),5706265,6860828,9299072,21866165,343615281.139200,409838518.843800,455316775.354100,1208770575.337100,79536,34606,103526,217668
2024-12-11,BYX Equities (Y),38246801,21921714,48623874,108792389,1690322741.268400,994020341.292000,1828544061.109701,4512887143.670101,522817,123704,496518,1143039
2024-12-11,BZX Equities (Z),170295868,120881890,214789646,505967404,8731843503.514599,6306072469.689000,13290579070.261602,28328495043.465201,2441696,584392,2442486,5468574
2024-12-10,NYSE American (A),5746612,23095428,5803601,34645641,341576950.735900,258928897.412000,275055862.947200,875561711.095100,72226,70050,50677,192953
2024-12-10,NASDAQ BX (B),14703611,11711377,17203984,43618972,1092388769.084600,645855451.479000,1085114236.887900,2823358457.451500,223998,89246,225579,538823
2024-12-10,NYSE National (C),15494710,15954178,18671475,50120363,626189581.758600,431257233.975000,665971145.126600,1723417960.860200,208083,63627,202818,474528
2024-12-10,FINRA / Nasdaq TRF Chicago (DB),7694929,3815411,19331462,30841802,384200554.884000,153612907.310000,1534645999.923800,2072459462.117800,74225,20486,163670,258381
2024-12-10,FINRA / NYSE TRF (DN),85767610,63772870,238536329,388076809,3922127660.634799,2630154601.715101,6579779440.236703,13132061702.586603,654028,204096,876092,1734216
2024-12-10,FINRA / Nasdaq TRF Carteret (DQ),1873423692,1064822283,3486456723,6424702698,97792867852.709111,51425256707.881291,141295037402.477198,290513161963.067600,14946002,3408249,17002785,35357036
2024-12-10,MIAX Pearl (H),37488131,43059453,85913256,166460840,1003056231.547800,1443994450.418400,2006000526.695900,4453051208.662100,316229,147434,447296,910959
2024-12-10,EDGA Equities (J),26939642,22244181,39315853,88499676,1029899683.448200,1204461545.204300,1402262521.094500,3636623749.747000,303730,105518,354567,763815
2024-12-10,EDGX Equities (K),145952634,130304823,425430305,701687762,6371108248.575701,5157524251.792200,16884547633.170085,28413180133.537986,1332199,611875,2752588,4696662
2024-12-10,LTSE (L),15529429,2781288,19979755,38290472,611117216.518700,221820979.027000,911326309.038400,1744264504.584100,72844,5633,58856,137333
2024-12-10,NYSE Chicago (M),15533614,22630594,19192725,57356933,1296466950.853300,1521457408.803500,2688150901.794701,5506075261.451501,55828,22245,54826,132899
2024-12-10,NYSE (N),972981801,45419914,77345674,1095747389,59404158157.231385,2190084424.061199,3651825420.415900,65246068001.708484,3552128,172123,694418,4418669
2024-12-10,NYSE Arca (P),187392312,355328641,628285484,1171006437,9794688751.979896,19712380993.599197,20735259301.171198,50242329046.750291,2300915,1550693,4859509,8711117
2024-12-10,NASDAQ (Q),401271377,179099297,1396435632,1976806306,25362274079.431796,10031537907.641204,89264117723.955279,124657929711.028279,6430143,1008528,10693543,18132214
2024-12-10,Members Exchange (U),52298758,50374412,156980331,259653501,2465529164.081700,2271481653.000200,4593419388.482902,9330430205.564802,721776,237144,945566,1904486
2024-12-10,Investors Exchange (V),165500470,55910888,154325156,375736514,9757264452.109101,2995803012.995000,8763829830.296597,21516897295.400698,2169738,281287,1838884,4289909
2024-12-10,NASDAQ PSX (X),6555857,7016815,8215532,21788204,458430695.508300,389451873.659400,522161826.594800,1370044395.762500,92354,35134,107252,234740
2024-12-10,BYX Equities (Y),37031876,24715018,50754094,112500988,1671802829.174800,1043726434.491600,1880478451.927500,4596007715.593900,529857,130712,532752,1193321
2024-12-10,BZX Equities (Z),160096884,116764877,227272917,504134678,9119697513.137998,6466666403.422602,12649430866.592499,28235794783.153099,2488491,601790,2474250,5564531
2024-12-09,NYSE American (A),6144148,21983346,6251751,34379245,356286490.111800,265608297.030300,287676481.354400,909571268.496500,75677,75467,56230,207374
2024-12-09,NASDAQ BX (B),14670592,16068605,18653267,49392464,1098928989.998200,706833373.831200,1106240711.841600,2912003075.671000,218782,93264,222646,534692
2024-12-09,NYSE National (C),17886750,23904739,21511520,63303009,671540598.281600,457818503.311200,671959885.684400,1801318987.277200,219483,68462,207973,495918
2024-12-09,FINRA / Nasdaq TRF Chicago (DB),9011859,3908286,21257368,34177513,451263228.936500,160665698.277500,1443274294.633600,2055203221.847600,91096,25904,184949,301949
2024-12-09,FINRA / NYSE TRF (DN),97358362,77153271,267231342,441742975,4222017509.540400,2245240423.670901,7147952802.994103,13615210736.205404,707788,239454,1012670,1959912
2024-12-09,FINRA / Nasdaq TRF Carteret (DQ),2060996834,1220367830,3779072548,7060437212,109514949536.285541,50437061974.116623,150408146986.046402,310360158496.448566,16277604,3939710,18792252,39009566
2024-12-09,MIAX Pearl (H),44005707,46429390,100411130,190846227,1138544633.216200,1648689549.861500,2179890500.150200,4967124683.227900,336409,160268,462501,959178
2024-12-09,EDGA Equities (J),29721545,34058714,49375235,113155494,1059557308.521900,1239760754.838700,1435267481.605400,3734585544.966000,295685,124116,365431,785232
2024-12-09,EDGX Equities (K),185374758,153321494,570165733,908861985,7516554503.105601,6177126788.973800,19184004820.852199,32877686112.931600,1517203,711436,3275670,5504309
2024-12-09,LTSE (L),17079087,8425077,19756824,45260988,592172659.933000,148046729.972100,902514621.778400,1642734011.683500,65118,8553,65563,139234
2024-12-09,NYSE Chicago (M),11557032,17112879,20997527,49667438,1123388654.073700,1401929622.607900,3102610705.975400,5627928982.657000,56587,23758,53192,133537
2024-12-09,NYSE (N),1059694072,58222804,92054838,1209971714,62694735847.806511,2510049321.066000,3922906381.693901,69127691550.566412,3718810,187632,753415,4659857
2024-12-09,NYSE Arca (P),229875431,435653876,812962682,1478491989,11154667978.343400,22514755228.462415,23794693669.127613,57464116875.933428,2594144,1816147,5410595,9820886
2024-12-09,NASDAQ (Q),455814973,202121695,1595424848,2253361516,27506801216.136595,11808033508.550400,95044098740.938236,134358933465.625231,6782689,1132567,11349990,19265246
2024-12-09,Members Exchange (U),62297326,57373290,200571192,320241808,2793650174.854000,2483281384.383599,4894698903.478399,10171630462.715998,749375,255992,1037806,2043173
2024-12-09,Investors Exchange (V),182891539,67679718,179717703,430288960,10479185107.157297,3465407494.277501,9730803093.521999,23675395694.956797,2184701,324065,1927744,4436510
2024-12-09,NASDAQ PSX (X),6997128,7295788,10745595,25038511,479079150.521200,407710346.595100,603143693.467100,1489933190.583400,93123,37725,122261,253109
2024-12-09,BYX Equities (Y),39014105,30974895,60811127,130800127,1676656410.425900,1172192352.724700,1845462119.807700,4694310882.958300,517154,150665,535913,1203732
2024-12-09,BZX Equities (Z),184280938,139437621,265601981,589320540,10076206386.917600,7436878862.022601,13612163578.170199,31125248827.110400,2683199,691099,2707887,6082185
2024-12-06,NYSE American (A),4381280,17396440,4871846,26649566,270627816.683700,210297882.204400,238996491.312900,719922190.201000,55575,69749,47744,173068
2024-12-06,NASDAQ BX (B),12066024,8760020,16595435,37421479,905273394.478300,467001410.003800,1024352803.446000,2396627607.928100,186535,72585,203120,462240
2024-12-06,NYSE National (C),13760092,10165061,18183290,42108443,572855724.273100,306732190.120000,619419499.998000,1499007414.391100,197751,50222,200051,448024
2024-12-06,FINRA / Nasdaq TRF Chicago (DB),7641623,2939110,18891801,29472534,371874737.452200,129453984.568800,1312095639.627900,1813424361.648900,76067,17429,154123,247619
2024-12-06,FINRA / NYSE TRF (DN),85007588,86088949,237792170,408888707,3602592409.115900,2471613464.177600,7574923466.290400,13649129339.583900,632179,180846,858545,1671570
2024-12-06,FINRA / Nasdaq TRF Carteret (DQ),1804494846,1244814357,3370184021,6419493224,92510265986.383113,45202394138.843494,137452386893.248641,275165047018.475248,14234544,3163252,16052204,33450000
2024-12-06,MIAX Pearl (H),36806463,41031079,87858409,165695951,957671974.128300,1396146359.805000,1953308098.902000,4307126432.835300,293823,125422,416142,835387
2024-12-06,EDGA Equities (J),25874147,32594645,39316961,97785753,853978800.246900,1040799878.146900,1217067914.088500,3111846592.482300,251783,101117,314397,667297
2024-12-06,EDGX Equities (K),158943577,105866024,466323625,731133226,6270527095.157299,4721079719.246099,17314400220.494197,28306007034.897595,1279899,492783,2689086,4461768
2024-12-06,LTSE (L),13250791,14249295,16216581,43716667,487431157.713000,91412327.182900,658900805.982000,1237744290.877900,67947,9720,54688,132355
2024-12-06,NYSE Chicago (M),14638808,14845950,24054312,53539070,1664348966.762700,2248772503.166800,4538246121.888698,8451367591.818198,46030,18561,47441,112032
2024-12-06,NYSE (N),915157782,30675530,69024526,1014857838,55673188835.602295,1761787968.487200,2915471793.017900,60350448597.107395,3104623,134313,592218,3831154
2024-12-06,NYSE Arca (P),179633193,288945876,666374460,1134953529,8545865710.207402,16284642276.337301,19858109719.332099,44688617705.876802,2071816,1265989,4539029,7876834
2024-12-06,NASDAQ (Q),362228022,127105860,1345870031,1835203913,22088174611.800402,8674697507.048202,85202179417.514083,115965051536.362687,5715589,841449,9660249,16217287
2024-12-06,Members Exchange (U),50311726,46569456,162346321,259227503,2241333580.878800,1944909880.961000,4681529779.168400,8867773241.008200,602674,195530,855164,1653368
2024-12-06,Investors Exchange (V),151455679,42835749,142334629,336626057,8919362426.494998,2498407971.137600,8402808595.919503,19820578993.552101,2066141,237564,1744014,4047719
2024-12-06,NASDAQ PSX (X),8165712,6384317,10221740,24771769,592250611.491000,405870854.109600,636875022.137300,1634996487.737900,108579,33164,122866,264609
2024-12-06,BYX Equities (Y),32104777,18497259,47134901,97736937,1456819876.153200,807373311.848700,1679554281.610500,3943747469.612400,460690,103160,453221,1017071
2024-12-06,BZX Equities (Z),148854865,97325963,217458348,463639176,8136592451.468001,5828652425.582299,12514516861.460204,26479761738.510504,2211658,520756,2256174,4988588
2024-12-05,NYSE American (A),5382497,21524190,5029280,31935967,312239893.882200,225725709.256500,243063142.291300,781028745.430000,62649,72693,44859,180201
2024-12-05,NASDAQ BX (B),13435722,10673508,16932647,41041877,939874789.745300,475059083.636400,950475835.131500,2365409708.513200,189409,80275,201002,470686
2024-12-05,NYSE National (C),15512727,16025616,19601849,51140192,605523000.977800,367176823.615300,703623907.245900,1676323731.839000,194650,54896,196758,446304
2024-12-05,FINRA / Nasdaq TRF Chicago (DB),7478010,3651729,18646512,29776251,341748297.459600,150916396.519900,1406526208.402201,1899190902.381701,72111,18403,161468,251982
2024-12-05,FINRA / NYSE TRF (DN),91018580,102700960,254443359,448162899,3735099857.927899,2321015298.265602,7883677912.837798,13939793069.031299,656937,197240,914439,1768616
2024-12-05,FINRA / Nasdaq TRF Carteret (DQ),1980138929,1513580206,3628680730,7122399865,94797283363.963803,44368534867.505790,138391072135.305705,277556890366.775298,14284074,3391340,16358905,34034319
2024-12-05,MIAX Pearl (H),36033259,58595694,80397494,175026447,872975972.301600,1217407771.467300,1838763895.035500,3929147638.804400,268161,133119,394039,795319
2024-12-05,EDGA Equities (J),27408985,44329064,40122832,111860881,901370503.555200,1011259350.934900,1302301904.171500,3214931758.661600,256992,113542,303493,674027
2024-12-05,EDGX Equities (K),162570415,133341063,545528849,841440327,6358490182.240301,5024484900.130801,17876093030.625116,29259068112.996218,1320751,586703,2814569,4722023
2024-12-05,LTSE (L),17470064,2790744,18112631,38373439,635972810.682300,140435642.248100,668311723.347300,1444720176.277700,73413,5095,56817,135325
2024-12-05,NYSE Chicago (M),17486837,10297289,27050049,54834175,1526040944.146000,1100653486.210800,4396278918.173398,7022973348.530198,49953,18715,52416,121084
2024-12-05,NYSE (N),986199777,35583289,70307360,1092090426,58312976079.852792,1879842606.824799,3033887635.629101,63226706322.306692,3284218,144599,610337,4039154
2024-12-05,NYSE Arca (P),193462429,377206013,727667448,1298335890,8808153426.655100,17834390533.169013,19134897308.795195,45777441268.619308,2107936,1504436,4534179,8146551
2024-12-05,NASDAQ (Q),395988684,147382778,1386518796,1929890258,22575951316.369206,9252757242.708198,83665121285.583687,115493829844.661091,5842963,920777,9839509,16603249
2024-12-05,Members Exchange (U),51955318,61169222,162397110,275521650,2185601984.769400,2051806915.638300,4230908472.732002,8468317373.139702,595603,215405,854478,1665486
2024-12-05,Investors Exchange (V),163012831,44019914,157049282,364082027,9216237213.054400,2504216317.639900,8497431761.182702,20217885291.877002,2034503,240265,1754570,4029338
2024-12-05,NASDAQ PSX (X),7490950,7292549,9338201,24121700,487416009.801200,415427436.667700,532157175.733600,1435000622.202500,96368,37411,109575,243354
2024-12-05,BYX Equities (Y),34393229,22040521,48720666,105154416,1452402471.524600,858860760.654000,1679914909.973399,3991178142.151999,448444,106954,458537,1013935
2024-12-05,BZX Equities (Z),162275924,131633692,214925610,508835226,8363246314.703200,6130278974.373902,11770920414.756800,26264445703.833902,2297120,565660,2326502,5189282
2024-12-04,NYSE American (A),4847529,24371080,5766786,34985395,285817265.668600,260644434.347400,242920341.478900,789382041.494900,59594,78141,46249,183984
2024-12-04,NASDAQ BX (B),12831956,11082249,18037290,41951495,839356713.408800,575702752.715500,983139438.262100,2398198904.386400,173482,85460,196883,455825
2024-12-04,NYSE National (C),17479347,13580958,17535425,48595730,532298111.069900,398405767.058300,590411272.800800,1521115150.929000,192496,63840,190299,446635
2024-12-04,FINRA / Nasdaq TRF Chicago (DB),7032296,3433383,17060580,27526259,396288563.037800,144444295.072500,1194094844.797800,1734827702.908100,75453,19320,145203,239976
2024-12-04,FINRA / NYSE TRF (DN),81963446,81140979,292166262,455270687,3564587366.050699,2661701407.341100,6929028236.942294,13155317010.334093,620881,214926,863684,1699491
2024-12-04,FINRA / Nasdaq TRF Carteret (DQ),1907431526,1222953055,4047034659,7177419240,100235854820.120597,57204278372.241700,146664651422.306912,304104784614.669209,14092523,3495147,15866143,33453813
2024-12-04,MIAX Pearl (H),32413298,43519894,84678397,160611589,831174828.637900,1639917190.018500,1717873864.462700,4188965883.119100,244564,138001,363518,746083
2024-12-04,EDGA Equities (J),28073675,31112389,47724843,106910907,950012794.983000,1132947817.089300,1395022007.525300,3477982619.597600,259477,110404,315420,685301
2024-12-04,EDGX Equities (K),149740908,145371068,598412576,893524552,6684824655.916198,5899082697.526400,17393564511.798902,29977471865.241500,1296121,617398,2617888,4531407
2024-12-04,LTSE (L),16924724,1535040,16997811,35457575,728194501.874100,226657922.101500,719605994.488700,1674458418.464300,83006,5608,71432,160046
2024-12-04,NYSE Chicago (M),19280118,15120723,25347297,59748138,1817666282.332400,1910009632.151499,4048883381.270801,7776559295.754700,68038,19671,71526,159235
2024-12-04,NYSE (N),949245288,40164429,70857205,1060266922,57922703386.346597,2342204682.742900,3470783742.436701,63735691811.526198,3249714,160042,630479,4040235
2024-12-04,NYSE Arca (P),181801328,345491416,891332710,1418625454,9446878716.126100,19866744659.332409,18666208472.919811,47979831848.378320,2079195,1466561,4283116,7828872
2024-12-04,NASDAQ (Q),368305827,171396271,1392417820,1932119918,22117127323.157205,10877401403.246901,86205315401.630716,119199844128.034822,5561466,971579,9615371,16148416
2024-12-04,Members Exchange (U),49741297,53485850,188008019,291235166,2283001214.558000,2348902584.412599,4510202425.323804,9142106224.294403,565316,233795,866942,1666053
2024-12-04,Investors Exchange (V),161922863,50940294,159776676,372639833,9160981666.254598,2790509952.888200,9174523831.176800,21126015450.319598,1985380,266364,1748521,4000265
2024-12-04,NASDAQ PSX (X),7114577,6810961,11134736,25060274,435055475.732800,499315175.902800,548236823.862500,1482607475.498100,91337,36719,120145,248201
2024-12-04,BYX Equities (Y),38465491,22514922,56846024,117826437,1599629061.726200,954149114.015700,1754221506.899200,4307999682.641100,487619,123858,489411,1100888
2024-12-04,BZX Equities (Z),149232567,121811420,214858613,485902600,8269211229.498900,7041193709.602500,11956433036.928395,27266837976.029795,2143421,595780,2236677,4975878
2024-12-03,NYSE American (A),5227869,23544541,4827591,33600001,269964872.366400,232984149.029000,226803086.039200,729752107.434600,61400,79277,49159,189836
2024-12-03,NASDAQ BX (B),11578536,12345220,15536262,39460018,735464945.194400,539863002.060900,879414938.429100,2154742885.684400,168367,82246,181868,432481
2024-12-03,NYSE National (C),14418439,17810481,15289567,47518487,491991219.672000,396662695.382900,482636201.373700,1371290116.428600,183829,63505,166497,413831
2024-12-03,FINRA / Nasdaq TRF Chicago (DB),7204743,3973071,16238622,27416436,281598018.888100,132566168.248900,1186372669.237199,1600536856.374199,65481,17472,130962,213915
2024-12-03,FINRA / NYSE TRF (DN),86288454,74313585,225099435,385701474,3281470964.708600,1982293071.352000,6377013151.718803,11640777187.779403,617043,198451,831314,1646808
2024-12-03,FINRA / Nasdaq TRF Carteret (DQ),1954961827,1270250879,3136609496,6361822202,93961658397.890885,49686401057.982696,126644716425.872347,270292775881.745928,14224290,3402414,15159828,32786532
2024-12-03,MIAX Pearl (H),33565852,43683815,63318496,140568163,762160695.142500,1425067767.850300,1499162645.337800,3686391108.330600,248556,139747,321448,709751
2024-12-03,EDGA Equities (J),25696177,21622418,30655939,77974534,811169080.743600,992128344.628000,1061719646.543900,2865017071.915500,228879,106025,254875,589779
2024-12-03,EDGX Equities (K),156874764,148178609,381752591,686805964,5639226002.255000,4929034152.978500,15182766474.972711,25751026630.206211,1252164,578092,2480895,4311151
2024-12-03,LTSE (L),25660995,2029115,23725198,51415308,1077960454.486100,108207914.559300,1272103726.022000,2458272095.067400,105107,5868,93996,204971
2024-12-03,NYSE Chicago (M),16101316,13348049,25657312,55106677,1368754385.943600,1193116503.932200,4167701594.253100,6729572484.128900,65203,16784,70688,152675
2024-12-03,NYSE (N),948094160,44473422,59411182,1051978764,55922102986.855881,1895254606.686400,2634616369.922300,60451973963.464581,3087786,151099,554587,3793472
2024-12-03,NYSE Arca (P),205781085,378705435,500407346,1084893866,8496004610.340505,18974666081.791401,15653868144.374293,43124538836.506199,2162688,1482073,4044739,7689500
2024-12-03,NASDAQ (Q),370738580,172147943,1224244418,1767130941,19982764558.151404,9323585459.623199,74154581115.292607,103460931133.067210,5355954,914942,9007926,15278822
2024-12-03,Members Exchange (U),52259665,58611078,128843421,239714164,2092672517.611700,2053771403.900001,3733440808.893999,7879884730.405700,592931,223453,779465,1595849
2024-12-03,Investors Exchange (V),164007962,48355069,138444538,350807569,8622774855.931601,2675227345.624600,7700551849.167903,18998554050.724104,1948371,251091,1628127,3827589
2024-12-03,NASDAQ PSX (X),6961225,8703488,8464061,24128774,408666062.923400,421330227.248100,429977003.267300,1259973293.438800,89885,30484,105007,225376
2024-12-03,BYX Equities (Y),35310932,26790846,44211337,106313115,1500866955.398500,990565102.417700,1506348751.841100,3997780809.657300,478474,123692,461554,1063720
2024-12-03,BZX Equities (Z),149770305,114750608,178903871,443424784,7251643978.593901,6060130844.435903,9618560170.455901,22930334993.485705,2056698,555392,2054286,4666376
2024-12-02,NYSE American (A),5444041,31550486,4930117,41924644,270744058.751700,301814872.030300,225414955.746200,797973886.528200,57814,90803,47845,196462
2024-12-02,NASDAQ BX (B),13123554,11849834,15987512,40960900,850368686.517000,591589276.349500,991300116.052700,2433258078.919200,186148,84537,209375,480060
2024-12-02,NYSE National (C),16727268,19561661,17600096,53889025,517949359.219500,508993548.967100,603126482.636900,1630069390.823500,198694,70228,190009,458931
2024-12-02,FINRA / Nasdaq TRF Chicago (DB),8470134,3890704,17175893,29536731,332223957.334700,160872519.203400,1098167569.101300,1591264045.639400,85441,23278,154345,263064
2024-12-02,FINRA / NYSE TRF (DN),83392309,76428277,186416814,346237400,3138210907.351200,2470345231.560201,5990533071.039503,11599089209.950904,634947,216988,858696,1710631
2024-12-02,FINRA / Nasdaq TRF Carteret (DQ),2110601318,1470045314,3194002548,6774649180,94774518687.380551,59930606629.266702,137007085532.047977,291712210848.695230,15712175,4122742,17570124,37405041
2024-12-02,MIAX Pearl (H),36930857,44708768,63710835,145350460,872317507.296200,1686336747.265300,1522969074.403800,4081623328.965300,316917,160225,401140,878282
2024-12-02,EDGA Equities (J),33667910,26990178,34645148,95303236,877374915.824800,1274862532.817700,1270536057.276800,3422773505.919300,262377,127672,297984,688033
2024-12-02,EDGX Equities (K),166765503,170445196,438666861,775877560,6169250590.548301,6237439542.227103,17542867782.715999,29949557915.491403,1378491,703336,2832509,4914336
2024-12-02,LTSE (L),35786245,2960128,31175958,69922331,1492241980.883400,230333162.005200,1602197524.160000,3324772667.048600,161983,10063,139264,311310
2024-12-02,NYSE Chicago (M),17836599,18538750,23133025,59508374,1613685646.741100,1848768719.189701,3445994126.901499,6908448492.832300,48585,18868,56005,123458
2024-12-02,NYSE (N),982862883,46982168,71315523,1101160574,56103455354.895503,2422645607.171900,3407579911.933399,61933680874.000802,3362208,179016,657161,4198385
2024-12-02,NYSE Arca (P),217474656,441099503,533807613,1192381772,8392564753.777499,22588325261.535397,18893988603.379899,49874878618.692795,2194642,1783872,4407933,8386447
2024-12-02,NASDAQ (Q),387530173,187336937,1367940164,1942807274,20590184304.492407,11198200314.485599,82794522308.432232,114582906927.410238,5808325,1090644,10218696,17117665
2024-12-02,Members Exchange (U),53263793,66560784,133957692,253782269,1972696770.011800,2349741833.310900,4008502393.161199,8330940996.483899,523966,240484,776148,1540598
2024-12-02,Investors Exchange (V),166094733,55799289,147100969,368994991,8471759596.584301,3041815421.757200,7881301320.152199,19394876338.493700,1950459,283114,1730475,3964048
2024-12-02,NASDAQ PSX (X),6093601,7133911,8718650,21946162,367628928.759400,449073055.439100,491715041.384800,1308417025.583300,78715,32858,100745,212318
2024-12-02,BYX Equities (Y),40634322,26163885,47428080,114226287,1561143426.641500,966842791.019100,1743961307.772101,4271947525.432701,517928,136878,514502,1169308
2024-12-02,BZX Equities (Z),159420638,117413642,207648542,484482822,7632908015.244302,7060111137.445798,11438278210.229798,26131297362.919898,2281006,623707,2424436,5329149
2024-11-29,NYSE American (A),3557539,20448741,3198387,27204667,166076896.075600,224535138.986100,142505709.393800,533117744.455500,38746,66112,29682,134540
2024-11-29,NASDAQ BX (B),7004271,7624752,10262693,24891716,420670727.240300,350900571.428200,534628209.142700,1306199507.811200,88815,64954,110149,263918
2024-11-29,NYSE National (C),9191518,8805268,10608706,28605492,289944843.410400,256314755.029500,347637703.601000,893897302.040900,103944,39187,109853,252984
2024-11-29,FINRA / Nasdaq TRF Chicago (DB),5000186,2563183,11016263,18579632,195136613.455900,137096802.288000,691348598.196000,1023582013.939900,45222,15227,91704,152153
2024-11-29,FINRA / NYSE TRF (DN),44715068,50820466,137937710,233473244,1849495035.255500,1317585335.440300,3660478744.489602,6827559115.185402,352649,131384,523810,1007843
2024-11-29,FINRA / Nasdaq TRF Carteret (DQ),1044555450,989473473,1929146953,3963175876,50733939824.195416,33820452547.658112,77078690774.358703,161633083146.212231,7744646,2377715,9392122,19514483
2024-11-29,MIAX Pearl (H),19467903,26313299,41446834,87228036,480076850.524700,1125243287.156700,940792642.464700,2546112780.146100,176972,98115,245088,520175
2024-11-29,EDGA Equities (J),18285613,21979240,24134323,64399176,533808304.817000,896825726.329100,821781026.400500,2252415057.546600,150934,93068,186948,430950
2024-11-29,EDGX Equities (K),94168264,96205663,303209648,493583575,3507998388.720200,3896822492.679502,10272115316.962395,17676936198.362097,779860,448046,1724252,2952158
2024-11-29,LTSE (L),20885650,1884574,19866280,42636504,1109254507.646100,192049481.016700,1120486669.115800,2421790657.778600,98166,5769,90004,193939
2024-11-29,NYSE Chicago (M),2080311,7884698,10029536,19994545,195494534.200100,1273374563.066800,2167495541.588200,3636364638.855100,8585,5114,8723,22422
2024-11-29,NYSE (N),654273654,29213856,45072313,728559823,38744047117.100306,1533170072.806000,1908791647.726400,42186008837.632706,1855321,104524,378297,2338142
2024-11-29,NYSE Arca (P),110874730,281665496,393144180,785684406,4895448975.655701,15128310265.549898,11175658692.016200,31199417933.221799,1226261,1185897,2755395,5167553
2024-11-29,NASDAQ (Q),215119276,112859097,870648810,1198627183,11929132625.708598,7447203092.721997,52892420900.304431,72268756618.735026,3161042,668224,5645614,9474880
2024-11-29,Members Exchange (U),27128792,44833206,86396914,158358912,1130808954.464700,1447921667.592400,2470876156.796800,5049606778.853900,282822,147848,480215,910885
2024-11-29,Investors Exchange (V),95856114,34251256,85628210,215735580,4903540411.752300,1884592299.961700,4628949647.022400,11417082358.736400,1093631,179289,982030,2254950
2024-11-29,NASDAQ PSX (X),4773230,4425226,6650224,15848680,301539796.109500,323166251.265400,405166544.905100,1029872592.280000,52407,21194,69443,143044
2024-11-29,BYX Equities (Y),24026446,15758440,31386981,71171867,934128891.466300,614453534.806500,1048736181.713100,2597318607.985900,284281,81983,299033,665297
2024-11-29,BZX Equities (Z),90290134,83315733,127600549,301206416,4498873246.784300,4763397877.345201,7263945760.021803,16526216884.151304,1259695,403272,1359546,3022513
2024-11-27,NYSE American (A),5550550,22776568,4554798,32881916,313706429.172000,322118526.329900,204878384.444200,840703339.946100,63728,84068,45684,193480
2024-11-27,NASDAQ BX (B),9419822,10832516,13485094,33737432,674555458.413800,526243996.594100,808744651.483700,2009544106.491600,149388,77117,176030,402535
2024-11-27,NYSE National (C),12948144,12720165,15299196,40967505,445691167.019800,352077277.854300,524244601.978000,1322013046.852100,167499,54813,164862,387174
2024-11-27,FINRA / Nasdaq TRF Chicago (DB),6747320,4093586,14652368,25493274,363267907.891800,155677270.648500,1118444960.603700,1637390139.144000,64883,19750,138227,222860
2024-11-27,FINRA / NYSE TRF (DN),62771930,59555928,187783471,310111329,2678023680.414100,1713140842.483899,6106970556.649003,10498135079.547002,521160,182973,777478,1481611
2024-11-27,FINRA / Nasdaq TRF Carteret (DQ),1498010892,1215070760,2867488926,5580570578,75505082843.007302,45247524902.333114,115836895801.561701,236589503546.902117,12597913,3300232,14820775,30718920
2024-11-27,MIAX Pearl (H),28131498,47298657,57811665,133241820,768693658.612500,1638474698.081900,1523323521.077900,3930491877.772300,265943,157566,361851,785360
2024-11-27,EDGA Equities (J),30276909,23754418,33939267,87970594,937991947.648200,1068759757.997500,1241379123.434200,3248130829.079900,241776,108526,268186,618488
2024-11-27,EDGX Equities (K),126320292,149046048,371749944,647116284,5191444488.741599,5601352671.686304,15027483700.302285,25820280860.730188,1053201,617747,2340754,4011702
2024-11-27,LTSE (L),32878646,1797740,28442853,63119239,1525562313.128800,259980988.651800,1729572007.541700,3515115309.322300,112385,5823,106004,224212
2024-11-27,NYSE Chicago (M),12262348,15347001,12433264,40042613,624528121.772200,2446300486.966399,1975510328.542500,5046338937.281099,17353,6965,19865,44183
2024-11-27,NYSE (N),838368600,41530421,62068182,941967203,51118013174.587691,2078946490.112601,2885180344.655200,56082140009.355492,2789947,146672,573541,3510160
2024-11-27,NYSE Arca (P),145346062,359025476,502521611,1006893149,7339076154.002000,18304303930.947114,16470003923.182111,42113384008.131225,1744997,1522472,3755368,7022837
2024-11-27,NASDAQ (Q),306041919,181989467,1144985312,1633016698,18048876131.495200,10095368606.691801,73503313849.865933,101647558588.052934,4808023,975987,8473237,14257247
2024-11-27,Members Exchange (U),37892558,52455777,120543748,210892083,1686338805.234500,2058226854.723900,3453189191.088200,7197754851.046600,417368,204029,668607,1290004
2024-11-27,Investors Exchange (V),134786475,70996778,129247082,335030335,7438168366.419400,2834597273.710901,7355274246.184600,17628039886.314901,1698968,257860,1505127,3461955
2024-11-27,NASDAQ PSX (X),5355218,8057159,7602821,21015198,383335959.941600,431997491.416800,486054719.348100,1301388170.706500,76951,30676,93239,200866
2024-11-27,BYX Equities (Y),31159895,23990986,43530058,98680939,1270610236.926300,923139198.745200,1624914239.523501,3818663675.195001,447467,111338,455397,1014202
2024-11-27,BZX Equities (Z),126023090,127667795,175857516,429548401,6808362286.196097,6735492278.792503,10596589279.620399,24140443844.608999,1865674,564985,2021404,4452063
2024-11-26,NYSE American (A),5257560,22017809,4676485,31951854,318575205.948400,268100220.422700,220010994.099300,806686420.470400,69352,75861,48993,194206
2024-11-26,NASDAQ BX (B),12565479,12706799,17369971,42642249,935971697.854900,497970461.701800,1090203614.868000,2524145774.424700,207678,72053,217853,497584
2024-11-26,NYSE National (C),14521761,31111575,16607137,62240473,494422639.966800,395362773.321500,549233362.699800,1439018775.988100,193917,64821,188772,447510
2024-11-26,FINRA / Nasdaq TRF Chicago (DB),6837039,3731528,15635909,26204476,351498240.146900,147868888.787300,1189778443.315300,1689145572.249500,67238,16973,142758,226969
2024-11-26,FINRA / NYSE TRF (DN),69925450,75561817,210624524,356111791,3385296301.410099,1831091450.544600,5707682383.731300,10924070135.685999,618628,188309,855909,1662846
2024-11-26,FINRA / Nasdaq TRF Carteret (DQ),1757397342,1482726212,3372688096,6612811650,93473927481.498017,54656271979.856636,131347043980.110790,279477243441.465443,13983238,3386492,15823211,33192941
2024-11-26,MIAX Pearl (H),33021001,50502759,63114199,146637959,903589707.305300,1967805178.063300,1500005235.499500,4371400120.868100,325988,160706,388603,875297
2024-11-26,EDGA Equities (J),30276857,26270601,45281505,101828963,1136872418.909500,1352393768.944599,1365866802.918701,3855132990.772800,303397,126166,339972,769535
2024-11-26,EDGX Equities (K),140961666,161371116,433639130,735971912,6064469943.898299,5827246910.789497,16425250165.208106,28316967019.895902,1280246,618589,2639000,4537835
2024-11-26,LTSE (L),34945079,2930447,33661874,71537400,1717964917.746100,325855443.794200,1932513596.320100,3976333957.860400,132719,7045,118080,257844
2024-11-26,NYSE Chicago (M),10822821,8868842,17561770,37253433,790728370.511200,1225240968.174600,3839491212.768000,5855460551.453800,19858,7022,20261,47141
2024-11-26,NYSE (N),914373976,48915273,66006674,1029295923,55074693053.010798,2137474054.802800,3253943622.217298,60466110730.030896,3295305,148599,626856,4070760
2024-11-26,NYSE Arca (P),167449574,375385319,587174051,1130008944,8735242589.371099,20476938787.280107,18625655945.702303,47837837322.353509,2055912,1565401,4329902,7951215
2024-11-26,NASDAQ (Q),355965756,200269481,1247342918,1803578155,21851081056.900302,10923003522.474500,78695954068.010204,111470038647.385006,5745755,971190,9707117,16424062
2024-11-26,Members Exchange (U),44534428,63921664,144963050,253419142,2151708261.255600,2392391250.690299,4090411853.712403,8634511365.658302,554677,222885,793525,1571087
2024-11-26,Investors Exchange (V),152239136,60193823,141954173,354387132,9026786100.847799,2738306246.567001,8129698618.730702,19894790966.145502,1952994,246115,1668623,3867732
2024-11-26,NASDAQ PSX (X),6421235,7292731,8621063,22335029,458314827.019100,477704580.554400,508035179.916500,1444054587.490000,102140,32869,112437,247446
2024-11-26,BYX Equities (Y),33990135,29279890,49739806,113009831,1695507766.505800,933069683.029600,1912848906.904400,4541426356.439800,544863,117944,539858,1202665
2024-11-26,BZX Equities (Z),138548475,134475824,194840559,467864858,7863004232.437598,7420270161.082200,11784979976.853106,27068254370.372904,2226760,620540,2274975,5122275
2024-11-25,NYSE American (A),5975334,32192082,6490644,44658060,354831183.231400,308821603.716300,293370756.666300,957023543.614000,75837,83711,60360,219908
2024-11-25,NASDAQ BX (B),14787959,17312820,21327273,53428052,1163239650.465500,673741205.557700,1151892657.035400,2988873513.058600,235510,107697,240670,583877
2024-11-25,NYSE National (C),18171910,21643742,19357975,59173627,701352045.802400,433949457.735000,627523345.202200,1762824848.739600,240306,71399,214615,526320
2024-11-25,FINRA / Nasdaq TRF Chicago (DB),9548869,4370520,18936924,32856313,489842554.574200,179153958.252800,1413336879.156000,2082333391.983000,97695,21994,177630,297319
2024-11-25,FINRA / NYSE TRF (DN),92554043,82325410,228617973,403497426,4335419786.740800,2263607114.554900,6904008980.371503,13503035881.667203,746762,233072,995037,1974871
2024-11-25,FINRA / Nasdaq TRF Carteret (DQ),2360828929,1682141428,3740441648,7783412005,142681991679.744881,57710609766.085791,170352742647.952922,370745344093.783594,16416713,4065220,18126941,38608874
2024-11-25,MIAX Pearl (H),44581134,68359737,72608339,185549210,1348199198.517200,1979332028.364000,2000413700.465100,5327944927.346300,440717,193865,474444,1109026
2024-11-25,EDGA Equities (J),40209435,36580913,46774246,123564594,1707124689.060801,1768117095.797800,1745028029.744500,5220269814.603101,430845,186409,457425,1074679
2024-11-25,EDGX Equities (K),190820102,171921942,505213815,867955859,8006665565.552497,7240047794.602101,19584951710.540401,34831665070.694999,1663344,721599,3139385,5524328
2024-11-25,LTSE (L),40264410,3087725,34761177,78113312,2230399899.046300,334006575.150800,2187299427.779000,4751705901.976100,138932,8571,120866,268369
2024-11-25,NYSE Chicago (M),12593675,23990415,22379579,58963669,1167345301.855000,2028229935.266200,2916511095.160800,6112086332.282000,25069,8308,27102,60479
2024-11-25,NYSE (N),1860072124,50393318,95149817,2005615259,144447663116.906392,2602917075.396601,3891446107.639600,150942026299.942593,4062233,181735,765788,5009756
2024-11-25,NYSE Arca (P),229955009,476885040,693804730,1400644779,11504447356.804401,26569986552.923692,22821664786.237791,60896098695.965884,2620642,1948779,5054470,9623891
2024-11-25,NASDAQ (Q),452421353,204898839,2069740046,2727060238,27635655629.710396,13621815949.954502,140701937923.842592,181959409503.507490,7120661,1221215,11531240,19873116
2024-11-25,Members Exchange (U),59380286,77340049,150146659,286866994,2814361088.859100,2749687848.405000,4673498605.025399,10237547542.289499,733363,260830,937750,1931943
2024-11-25,Investors Exchange (V),186400174,59209690,172359848,417969712,11251804846.405900,3238590526.684800,9343242652.856801,23833638025.947501,2332044,298687,1966972,4597703
2024-11-25,NASDAQ PSX (X),10859252,8077722,12743701,31680675,793919208.207300,586499670.514000,787552084.882900,2167970963.604200,142941,39212,153297,335450
2024-11-25,BYX Equities (Y),38915150,33995559,55436279,128346988,1991311428.836900,1159798256.433600,2010566152.870700,5161675838.141200,573700,142093,559944,1275737
2024-11-25,BZX Equities (Z),180307548,153135544,241243388,574686480,10237399349.521397,9144874799.617202,13060029775.428803,32442303924.567402,2726375,750968,2677054,6154397
2024-11-22,NYSE American (A),4284785,18914314,4616825,27815924,266686301.181500,244299143.319900,253376027.879700,764361472.381100,57451,67429,48215,173095
2024-11-22,NASDAQ BX (B),12748842,10663290,16539374,39951506,872992439.397700,479044823.670300,1005919038.142700,2357956301.210700,193629,80763,204145,478537
2024-11-22,NYSE National (C),16252445,11289055,17062943,44604443,514864935.258900,363583366.788800,563557477.328800,1442005779.376500,204827,57470,186166,448463
2024-11-22,FINRA / Nasdaq TRF Chicago (DB),7823542,3589068,15971925,27384535,407030479.456600,144343170.890700,1296826422.278200,1848200072.625500,78849,16645,152532,248026
2024-11-22,FINRA / NYSE TRF (DN),82356980,65259039,213162904,360778923,4246854198.397100,1825122828.742401,6509746162.061998,12581723189.201499,640485,191465,845152,1677102
2024-11-22,FINRA / Nasdaq TRF Carteret (DQ),1928098084,1411344137,3460073037,6799515258,103985472867.020053,50989618806.080983,145416755525.647968,300391847198.749004,14639946,3331726,16333900,34305572
2024-11-22,MIAX Pearl (H),38372143,54617414,66007885,158997442,1109297793.687700,1847682745.796300,1640305802.101100,4597286341.585100,346176,161817,413399,921392
2024-11-22,EDGA Equities (J),32633318,35093587,38183485,105910390,1133835898.285000,1348977594.482600,1384031116.988200,3866844609.755800,326746,137598,338059,802403
2024-11-22,EDGX Equities (K),159227991,149157158,429523559,737908708,6851491141.487399,5826236422.295498,18264157853.902585,30941885417.685482,1351187,590198,2615232,4556617
2024-11-22,LTSE (L),33202318,3295611,31437483,67935412,1964887118.876000,324778761.164800,2045507483.904800,4335173363.945600,137624,7913,128580,274117
2024-11-22,NYSE Chicago (M),15966881,11925719,16305657,44198257,1418318174.577600,1994702362.192800,3528409341.510799,6941429878.281199,23910,8980,23122,56012
2024-11-22,NYSE (N),973166897,46648710,70838682,1090654289,57465497628.721002,2238470364.445499,3474019747.338400,63177987740.504901,3356960,162345,645831,4165136
2024-11-22,NYSE Arca (P),188034544,413755645,564167161,1165957350,9294886718.383999,21254558492.683909,19516403267.109003,50065848478.176911,2158737,1594035,4130649,7883421
2024-11-22,NASDAQ (Q),382656885,187954706,1301897326,1872508917,22465818900.934501,11083351366.696194,83135685020.263331,116684855287.894026,5783484,1045312,9667524,16496320
2024-11-22,Members Exchange (U),50680758,66913019,170679311,288273088,2302001615.052700,2312954936.926601,4292331354.522898,8907287906.502199,582554,225527,830132,1638213
2024-11-22,Investors Exchange (V),163666667,61229167,147817880,372713714,9317196296.506900,2639118249.925800,8611897243.479599,20568211789.912299,2016086,273634,1738900,4028620
2024-11-22,NASDAQ PSX (X),8332321,6753866,9807550,24893737,543808057.068200,459018097.496900,589481689.726800,1592307844.291900,108206,31454,114377,254037
2024-11-22,BYX Equities (Y),36168612,22879155,49331792,108379559,1654423935.551100,917069469.420200,1938621241.528100,4510114646.499400,518242,114955,508508,1141705
2024-11-22,BZX Equities (Z),155915373,141795308,203236832,500947513,8600176804.050702,6998063564.715198,12258736925.175004,27856977293.940904,2374737,652425,2354873,5382035
2024-11-21,NYSE American (A),4879539,23213811,5919562,34012912,291579277.755800,305972289.690900,353655476.611800,951207044.058500,59742,71333,51837,182912
2024-11-21,NASDAQ BX (B),13364914,20719987,20377414,54462315,928875652.595500,567445043.841600,1452555595.843600,2948876292.280700,191482,83931,219991,495404
2024-11-21,NYSE National (C),16590181,28944213,19092859,64627253,648140551.605800,424932040.043200,845404180.150700,1918476771.799700,206627,73140,205696,485463
2024-11-21,FINRA / Nasdaq TRF Chicago (DB),8042265,4006215,16972627,29021107,468638110.317000,189929738.613500,1546907685.324500,2205475534.255000,84130,21021,166835,271986
2024-11-21,FINRA / NYSE TRF (DN),78300589,87292086,249947568,415540243,3998434737.087300,2271883341.927801,8165295548.322204,14435613627.337305,641780,214110,948918,1804808
2024-11-21,FINRA / Nasdaq TRF Carteret (DQ),1957597224,1852884986,3839740424,7650222634,106710816398.716576,57335539063.197119,173543511403.454645,337589866865.368340,14614219,3671834,17218686,35504739
2024-11-21,MIAX Pearl (H),46362818,91893023,80155123,218410964,1406543699.483400,2373168451.270301,2593219964.130000,6372932114.883701,419171,225076,550420,1194667
2024-11-21,EDGA Equities (J),38417187,51728020,46994951,137140158,1315365832.374200,1590775825.392700,1847503678.946900,4753645336.713800,345681,162407,390248,898336
2024-11-21,EDGX Equities (K),158718063,191690894,524053857,874462814,7237077694.574500,7278480322.528198,24194742903.692098,38710300920.794796,1387029,768809,3016375,5172213
2024-11-21,LTSE (L),23719345,2376073,22152524,48247942,1805477657.120200,375986898.750900,1765733742.054500,3947198297.925600,137653,9076,115434,262163
2024-11-21,NYSE Chicago (M),19081065,11817366,14422190,45320621,1784819911.903900,1552760060.336200,2105160547.979300,5442740520.219400,19161,7694,22720,49575
2024-11-21,NYSE (N),953147074,51791629,79577037,1084515740,56787229461.968195,2817154774.518400,4813183862.049300,64417568098.535895,3503269,187690,713191,4404150
2024-11-21,NYSE Arca (P),202577699,527793872,740200787,1470572358,10556895076.033201,23932984500.946204,30400671221.189285,64890550798.168690,2275211,2000939,5077206,9353356
2024-11-21,NASDAQ (Q),409316822,232158202,1410540728,2052015752,24855166584.875402,13650029586.993900,99799035956.189566,138304232128.058868,6003065,1249094,11044259,18296418
2024-11-21,Members Exchange (U),53131749,106686681,183639762,343458192,2552247602.083300,2653304173.753300,5628304880.439604,10833856656.276204,598929,269549,934678,1803156
2024-11-21,Investors Exchange (V),169318877,60037985,161133982,390490844,9856884689.232396,2931788939.179100,10687965750.481699,23476639378.893195,1953976,287157,1784068,4025201
2024-11-21,NASDAQ PSX (X),6394347,9831664,8724986,24950997,405619869.621700,594411567.876600,609893082.643000,1609924520.141300,83418,36693,113054,233165
2024-11-21,BYX Equities (Y),37406939,34741047,53400854,125548840,1677348874.685500,1106816987.842800,2316325349.548800,5100491212.077100,517374,132048,530843,1180265
2024-11-21,BZX Equities (Z),160026164,195687720,236671243,592385127,9159792870.739200,8816632424.759497,15930086157.657991,33906511453.156688,2375093,800344,2643684,5819121
2024-11-20,NYSE American (A),4399434,18027380,4701477,27128291,292231552.029300,235182755.930100,267610730.574100,795025038.533500,58876,62904,44529,166309
2024-11-20,NASDAQ BX (B),12400233,12909357,19544135,44853725,792885133.855900,496244093.628600,1055631807.342400,2344761034.826900,175835,82382,199440,457657
2024-11-20,NYSE National (C),14696145,17028221,16536758,48261124,522100813.208800,341098677.756300,602874787.089400,1466074278.054500,190931,61047,179287,431265
2024-11-20,FINRA / Nasdaq TRF Chicago (DB),7241680,3114311,15449656,25805647,371066650.860700,167004558.783800,1292633156.762100,1830704366.406600,72895,18171,139973,231039
2024-11-20,FINRA / NYSE TRF (DN),82707670,67306759,235811646,385826075,3803798231.539200,3697203463.119001,6832470668.690903,14333472363.349104,630080,190332,828615,1649027
2024-11-20,FINRA / Nasdaq TRF Carteret (DQ),1742487989,1048190401,3874065854,6664744244,93525429260.015283,51699376300.422908,141717014350.037516,286941819910.475707,13465708,3226580,15226034,31918322
2024-11-20,MIAX Pearl (H),38896752,67775873,75333740,182006365,1170243659.089000,2496051309.748000,1997667449.574200,5663962418.411200,379145,195641,463399,1038185
2024-11-20,EDGA Equities (J),28941331,56720906,50110697,135772934,1129579666.928500,1272165876.455700,1572450604.090300,3974196147.474500,353155,140214,390237,883606
2024-11-20,EDGX Equities (K),142435858,141517103,490003242,773956203,6334919289.968702,6155166485.261299,19565847477.763394,32055933252.993395,1272881,643887,2598850,4515618
2024-11-20,LTSE (L),21983815,2049109,20924317,44957241,1606264044.689000,355411693.325300,1501037731.170400,3462713469.184700,127044,7570,107858,242472
2024-11-20,NYSE Chicago (M),14530020,11085353,13038722,38654095,1124855042.390500,1823643690.770400,2640033646.881900,5588532380.042800,20229,7597,20493,48319
2024-11-20,NYSE (N),891410040,40553337,75345989,1007309366,54082845804.612697,2485341522.688901,3657091622.584500,60225278949.886098,3159051,163925,600037,3923013
2024-11-20,NYSE Arca (P),177932795,374688856,712270909,1264892560,9460711729.459201,21063358508.452891,23772585104.858987,54296655342.771079,2158612,1687921,4236188,8082721
2024-11-20,NASDAQ (Q),356727853,177622408,1255999753,1790350014,21858326675.910904,11752104389.921498,84412269530.616334,118022700596.448736,5534380,1106602,9351863,15992845
2024-11-20,Members Exchange (U),42125339,65006970,172572948,279705257,2014476769.906800,2173127662.934900,4329913343.691899,8517517776.533599,501712,215323,777021,1494056
2024-11-20,Investors Exchange (V),155978865,48787846,147799463,352566174,8927352409.872200,2630188620.723100,8467393289.167797,20024934319.763097,1887731,257578,1673416,3818725
2024-11-20,NASDAQ PSX (X),5523776,8424254,8581122,22529152,364481670.330500,532106700.104900,470515297.566000,1367103668.001400,73778,32555,89167,195500
2024-11-20,BYX Equities (Y),32917187,25125318,57010295,115052800,1497893453.365900,938902515.554300,1740686338.516700,4177482307.436900,499959,120211,493789,1113959
2024-11-20,BZX Equities (Z),142463640,141203885,197213719,480881244,7959688564.165398,7372260436.639404,11946176478.426905,27278125479.231707,2166298,690071,2198240,5054609
2024-11-19,NYSE American (A),5034064,21305694,5493992,31833750,281732196.232300,227620191.703100,255169056.410900,764521444.346300,61865,67528,44949,174342
2024-11-19,NASDAQ BX (B),12006905,9799913,20032562,41839380,800447280.228100,465885823.922700,946672644.012500,2213005748.163300,177516,72267,192455,442238
2024-11-19,NYSE National (C),16118359,9146572,18200422,43465353,535408085.000200,313460608.699800,597240246.987400,1446108940.687400,195566,53816,188071,437453
2024-11-19,FINRA / Nasdaq TRF Chicago (DB),6737518,4411557,14974850,26123925,335035043.619600,149775866.631800,1232609550.094600,1717420460.346000,69314,17108,138206,224628
2024-11-19,FINRA / NYSE TRF (DN),79290113,74674344,227368767,381333224,3743911412.198800,1774577126.217600,6134583027.550298,11653071565.966698,617901,192520,761982,1572403
2024-11-19,FINRA / Nasdaq TRF Carteret (DQ),1814658009,1413313807,3901891631,7129863447,95147033172.742776,55975181823.413913,133281042083.010002,284403257079.166691,13906469,3418021,14812699,32137189
2024-11-19,MIAX Pearl (H),44696072,52394103,81009912,178100087,1216007182.913300,1892787533.758900,1889183638.552100,4997978355.224300,391141,183161,461601,1035903
2024-11-19,EDGA Equities (J),34659299,29005139,50551300,114215738,1188780944.708000,1459540075.216701,1475435794.710400,4123756814.635101,370505,136553,386854,893912
2024-11-19,EDGX Equities (K),152355045,154434446,490592303,797381794,6073132717.451599,5635013031.579203,17101424445.394913,28809570194.425715,1261873,615227,2466924,4344024
2024-11-19,LTSE (L),22507224,3144817,19786724,45438765,1506644861.600100,286010220.827900,1253755424.643700,3046410507.071700,123921,9085,100046,233052
2024-11-19,NYSE Chicago (M),10499164,13745940,20736082,44981186,1054170591.850700,2079949988.715000,3435061054.493802,6569181635.059502,22077,5449,18662,46188
2024-11-19,NYSE (N),914381984,37506505,76571820,1028460309,54205795439.673919,2004296575.216500,3156956740.856200,59367048755.746619,3108380,156754,568779,3833913
2024-11-19,NYSE Arca (P),192414549,412373585,758059195,1362847329,9280059314.984399,19540690042.165919,18582068055.254309,47402817412.404627,2199639,1647637,3960554,7807830
2024-11-19,NASDAQ (Q),376717821,168003078,1271521472,1816242371,21674289726.242496,10543345628.834199,79024531876.463907,111242167231.540602,5517504,986790,8911530,15415824
2024-11-19,Members Exchange (U),48004604,61867040,182553532,292425176,2002266072.199800,2164079730.390500,3970395304.070698,8136741106.660998,514278,219793,760792,1494863
2024-11-19,Investors Exchange (V),168082470,48964424,151722785,368769679,9135182884.275602,2648837115.382900,8087329672.089097,19871349671.747599,1922140,261221,1656693,3840054
2024-11-19,NASDAQ PSX (X),5507197,5712844,7737186,18957227,357004835.593500,438994363.902800,417666604.920000,1213665804.416300,72610,29113,87358,189081
2024-11-19,BYX Equities (Y),34062228,23810416,55590856,113463500,1528809761.359400,810119862.590600,1693154596.306700,4032084220.256700,494885,115605,495998,1106488
2024-11-19,BZX Equities (Z),154376260,107649420,200498466,462524146,7814628195.753501,6667843628.114300,10690103433.436001,25172575257.303802,2194574,616576,2151485,4962635
2024-11-18,NYSE American (A),4948795,23272395,6371768,34592958,286914269.939100,250615651.249200,241647194.641400,779177115.829700,63324,82823,50767,196914
2024-11-18,NASDAQ BX (B),14169667,10987478,20914819,46071964,1055915778.057000,480764860.639000,1055256456.186500,2591937094.882500,227342,86788,223185,537315
2024-11-18,NYSE National (C),14535652,10917616,19178422,44631690,592389589.833700,357868003.765100,647639886.877700,1597897480.476500,223005,59391,212211,494607
2024-11-18,FINRA / Nasdaq TRF Chicago (DB),7263898,4571534,17134648,28970080,345463431.125900,156436957.558900,1293550857.010500,1795451245.695300,70703,19369,147137,237209
2024-11-18,FINRA / NYSE TRF (DN),80505472,54316012,272297295,407118779,3808429487.601000,2099506594.941399,6689985564.706001,12597921647.248400,630233,193837,836648,1660718
2024-11-18,FINRA / Nasdaq TRF Carteret (DQ),1890062997,1190227922,4710496772,7790787691,101184435359.571371,49210176179.240356,140626981808.936540,291021593347.748267,14623935,3664932,16141733,34430600
2024-11-18,MIAX Pearl (H),39997336,48208861,86177607,174383804,1217675009.049300,1846427788.725300,1806097842.994700,4870200640.769300,440773,183930,477106,1101809
2024-11-18,EDGA Equities (J),35922215,27432853,55859884,119214952,1287998122.370000,1373815632.771000,1477923557.052700,4139737312.193700,467706,157830,466734,1092270
2024-11-18,EDGX Equities (K),155491577,152027374,545760283,853279234,6729018077.379102,5573913687.301501,18667759780.781593,30970691545.462196,1470939,680139,2792850,4943928
2024-11-18,LTSE (L),22756626,1923217,21463431,46143274,1621946070.884600,255100448.414800,1354425267.017200,3231471786.316600,122979,6848,102947,232774
2024-11-18,NYSE Chicago (M),13566506,17604068,20524947,51695521,1295306832.089100,3658534906.148400,3449122799.557300,8402964537.794800,24449,8775,20263,53487
2024-11-18,NYSE (N),906349755,38499758,81087270,1025936783,54091023588.943492,1993128790.212900,3334097443.227401,59418249822.383793,3282754,158406,615454,4056614
2024-11-18,NYSE Arca (P),184926505,410893881,824290068,1420110454,9013086066.097498,19484621362.811190,20198396396.973604,48696103825.882292,2269798,1659813,4201100,8130711
2024-11-18,NASDAQ (Q),377669094,168822047,1384051087,1930542228,22139517772.432296,10157174243.962897,87185747968.781973,119482439985.177166,5843107,1032283,9651791,16527181
2024-11-18,Members Exchange (U),46940809,54352481,195389768,296683058,2074758312.063700,1882516365.753700,3954046564.741100,7911321242.558500,566021,213816,826106,1605943
2024-11-18,Investors Exchange (V),165848304,51734234,163168070,380750608,9366144192.648802,2737349777.348300,8211294601.257199,20314788571.254301,1961909,275680,1733234,3970823
2024-11-18,NASDAQ PSX (X),6478134,6191036,9436132,22105302,422399198.184500,386646583.605600,482719917.079300,1291765698.869400,94759,31289,109053,235101
2024-11-18,BYX Equities (Y),34944948,25390453,61888013,122223414,1606253308.154700,859728620.648400,1739324334.324899,4205306263.127999,531161,123723,518695,1173579
2024-11-18,BZX Equities (Z),157611501,111569431,228493121,497674053,8266610139.079501,6591930575.930503,11354214346.544895,26212755061.554899,2384532,611780,2351444,5347756
2024-11-15,NYSE American (A),4764531,56071779,5378798,66215108,263383628.575000,391351041.051800,308309099.126400,963043768.753200,60021,87278,49253,196552
2024-11-15,NASDAQ BX (B),15258332,14947928,19411787,49618047,1015345364.444700,652474565.511100,1124817993.819100,2792637923.774900,209123,89529,217046,515698
2024-11-15,NYSE National (C),14851469,16256078,19305568,50413115,559170443.632600,442907928.314800,676679146.189900,1678757518.137300,197022,68298,192123,457443
2024-11-15,FINRA / Nasdaq TRF Chicago (DB),7666461,4629185,15855475,28151121,388354453.119100,191933019.883000,1237900561.951200,1818188034.953300,79897,23202,142558,245657
2024-11-15,FINRA / NYSE TRF (DN),80013969,54794095,248981253,383789317,3827851149.386898,2883519457.896298,7290428109.522595,14001798716.805791,660361,235124,860214,1755699
2024-11-15,FINRA / Nasdaq TRF Carteret (DQ),1957282123,1320695825,4183659527,7461637475,104370851204.351088,75485459237.028592,154835524743.591543,334691835184.971223,15216019,4131071,16778885,36125975
2024-11-15,MIAX Pearl (H),46106501,64899815,84125312,195131628,1428410024.669300,2709337878.745900,2319408558.081400,6457156461.496600,476314,247800,504419,1228533
2024-11-15,EDGA Equities (J),34593142,30370189,56533820,121497151,1471610261.688200,1759235147.220499,1955170449.637200,5186015858.545899,452298,172079,452824,1077201
2024-11-15,EDGX Equities (K),165240890,163652535,484393447,813286872,7647693665.136803,7458064360.072101,19060908819.917580,34166666845.126484,1509318,817576,2725193,5052087
2024-11-15,LTSE (L),26950489,2420338,27388284,56759111,1968620483.971700,335701549.922200,1583626910.195200,3887948944.089100,130549,10081,117895,258525
2024-11-15,NYSE Chicago (M),27144154,21355232,39885788,88385174,2907126561.425600,3496147042.329499,7583694680.119003,13986968283.874102,23103,9202,20782,53087
2024-11-15,NYSE (N),1150037960,52131718,77419482,1279589160,70385401855.889388,3161837420.171500,4349782444.077099,77897021720.137987,3638843,214832,707476,4561151
2024-11-15,NYSE Arca (P),208144569,415788931,686453349,1310386849,10780268945.444800,24975628422.904608,23772202335.120289,59528099703.469697,2452440,1984996,4386150,8823586
2024-11-15,NASDAQ (Q),439268865,215231079,1513793399,2168293343,27875948795.957007,14719341623.522009,105213836778.726009,147809127198.205025,6696969,1364862,10621307,18683138
2024-11-15,Members Exchange (U),61574624,69449585,197696718,328720927,2995509034.711000,3070527258.307599,5444739553.814799,11510775846.833398,791152,316340,992354,2099846
2024-11-15,Investors Exchange (V),194493380,64155513,184867011,443515904,11009401570.157700,3682701567.030500,10267503867.762099,24959607004.950299,2130865,342983,1929535,4403383
2024-11-15,NASDAQ PSX (X),5302037,7582684,8099949,20984670,360955115.920700,602801558.734600,493133014.785500,1456889689.440800,81188,42889,98454,222531
2024-11-15,BYX Equities (Y),36233655,31486498,57888200,125608353,1579613987.641900,1148204789.506300,1837058285.053100,4564877062.201300,516786,154998,518865,1190649
2024-11-15,BZX Equities (Z),186214311,147321645,246916453,580452409,10564693366.734001,9458900031.398097,15436488238.120102,35460081636.252200,2786094,828653,2715904,6330651
2024-11-14,NYSE American (A),4884675,25757554,6510804,37153033,274523779.850600,252341110.361400,238300042.248600,765164932.460600,68099,94496,49032,211627
2024-11-14,NASDAQ BX (B),14052658,11502511,17453359,43008528,1033943604.809800,554032955.115600,1128558485.641500,2716535045.566900,222358,90323,208617,521298
2024-11-14,NYSE National (C),17218927,11322665,19625450,48167042,621270801.930300,395990028.583400,659900953.119800,1677161783.633500,235065,63545,225289,523899
2024-11-14,FINRA / Nasdaq TRF Chicago (DB),7808316,3798908,16232940,27840164,399943211.524300,162456841.798500,1321138736.291801,1883538789.614601,72446,18830,141841,233117
2024-11-14,FINRA / NYSE TRF (DN),84829255,57168013,289429833,431427101,4063203708.607799,2259333787.512700,6930489905.473100,13253027401.593599,641638,208664,838435,1688737
2024-11-14,FINRA / Nasdaq TRF Carteret (DQ),1908438046,1161897867,4286746750,7357082663,98345777220.519579,53498501442.910881,140606533328.979779,292450811992.410239,14523008,3632803,15769641,33925452
2024-11-14,MIAX Pearl (H),43858895,57784398,100048063,201691356,1248381129.159300,2146669237.039000,2110541803.476901,5505592169.675201,418675,207801,486066,1112542
2024-11-14,EDGA Equities (J),41276569,47065079,61257632,149599280,1418894829.982400,2332367669.456100,1866710315.948700,5617972815.387200,458357,253732,433411,1145500
2024-11-14,EDGX Equities (K),158079837,150598634,785160328,1093838799,6744972443.187597,6168718824.479599,17227803367.239601,30141494634.906797,1417409,728157,2705750,4851316
2024-11-14,LTSE (L),25800799,1853564,25832911,53487274,1782097593.955100,246465992.537200,1492537818.964100,3521101405.456400,129513,7474,119911,256898
2024-11-14,NYSE Chicago (M),14154018,25928244,29220713,69302975,998171778.247000,2962980712.885000,5125638592.205897,9086791083.337897,24427,6067,22789,53283
2024-11-14,NYSE (N),946524484,43872474,73494821,1063891779,55039351878.575510,2382092294.001300,3529733489.292699,60951177661.869509,3583302,184881,654982,4423165
2024-11-14,NYSE Arca (P),197052736,382347115,1064373570,1643773421,9463314577.555498,21019977109.244206,18753928889.519106,49237220576.318810,2335146,1796145,4363457,8494748
2024-11-14,NASDAQ (Q),400999942,192324878,1412458821,2005783641,24152538108.861703,11717768529.184997,83468946832.227854,119339253470.274554,6116914,1167483,10156559,17440956
2024-11-14,Members Exchange (U),55191182,56710156,280168354,392069692,2497829749.961400,2368749227.498400,4425607150.474198,9292186127.933998,702999,272230,911609,1886838
2024-11-14,Investors Exchange (V),186949317,58152509,176445102,421546928,10531088227.471099,3007261405.441700,9005554719.687200,22543904352.599999,2186478,295036,1876180,4357694
2024-11-14,NASDAQ PSX (X),7028984,6325838,8862162,22216984,511823679.521300,440959669.852600,557723882.061900,1510507231.435800,98051,37072,107172,242295
2024-11-14,BYX Equities (Y),36893271,25008142,60946526,122847939,1520733212.028100,970868913.474600,1773466354.282900,4265068479.785600,545844,134584,533680,1214108
2024-11-14,BZX Equities (Z),167948195,129846125,260093559,557887879,8767778865.105902,7559040099.553500,12397161323.557002,28723980288.216404,2421283,693722,2436721,5551726
2024-11-13,NYSE American (A),4975357,30938524,7853838,43767719,310494517.200100,311908570.229000,246736544.448300,869139631.877400,66552,93484,57967,218003
2024-11-13,NASDAQ BX (B),12343860,13906618,20687373,46937851,858782083.160200,649789462.471200,1166836451.890300,2675407997.521700,180271,100206,215283,495760
2024-11-13,NYSE National (C),14302648,11830922,22104905,48238475,554269319.407800,419186232.605700,708236499.139700,1681692051.153200,204727,67276,219256,491259
2024-11-13,FINRA / Nasdaq TRF Chicago (DB),7651224,4968387,19426159,32045770,400331506.431900,190142695.152900,1452754687.337200,2043228888.922000,75723,20474,161980,258177
2024-11-13,FINRA / NYSE TRF (DN),90055743,61421136,346374242,497851121,3779783885.089001,2027382648.718000,6982058001.908193,12789224535.715194,640090,217628,946736,1804454
2024-11-13,FINRA / Nasdaq TRF Carteret (DQ),1945286362,1186113696,5264796508,8396196566,99338004967.409515,55117644475.104077,149939701064.806956,304395350507.320548,14636887,3712850,17060514,35410251
2024-11-13,MIAX Pearl (H),43342661,54506395,84088856,181937912,1213943731.805300,2391370242.971500,1993745487.187900,5599059461.964700,421298,199749,479292,1100339
2024-11-13,EDGA Equities (J),40368765,48730766,72699400,161798931,1394990650.970500,2411275876.307900,2019561074.080401,5825827601.358801,468847,276132,503970,1248949
2024-11-13,EDGX Equities (K),165523810,164237949,653738242,983500001,7172956485.690400,6752650509.179302,19747908163.061197,33673515157.930899,1461908,769235,2953784,5184927
2024-11-13,LTSE (L),25492589,2637689,28435167,56565445,1760833375.016700,311702382.928300,1703943194.599000,3776478952.544000,128024,11422,125405,264851
2024-11-13,NYSE Chicago (M),13971043,17278095,18496309,49745447,1020296265.271900,2044678035.775300,3699400293.339001,6764374594.386201,22648,6820,24198,53666
2024-11-13,NYSE (N),968792553,50388272,81370310,1100551135,57192934819.476886,2663948307.875199,3604931252.424300,63461814379.776385,3579615,197523,677734,4454872
2024-11-13,NYSE Arca (P),191278990,387954066,1018197172,1597430228,9028493604.699796,21638170184.984615,21207687223.733102,51874351013.417513,2228144,1798105,4756595,8782844
2024-11-13,NASDAQ (Q),391231649,211924699,1538662805,2141819153,22889707632.968099,12757762463.220207,86752722365.013609,122400192461.201915,5991089,1240585,10858103,18089777
2024-11-13,Members Exchange (U),60343700,58935900,328083746,447363346,2575124789.124300,2621125975.849100,4831730123.000499,10027980887.973899,740312,278658,1065636,2084606
2024-11-13,Investors Exchange (V),182683285,59992581,191526822,434202688,10399540511.671800,3225321023.312700,9752848880.665598,23377710415.650098,2122536,307516,1923922,4353974
2024-11-13,NASDAQ PSX (X),6916382,6288746,10331571,23536699,481645101.995000,501818535.491300,570118312.132500,1553581949.618800,94929,35934,114861,245724
2024-11-13,BYX Equities (Y),34482731,27777253,69859911,132119895,1449288351.631500,1060511812.856700,1840866017.788500,4350666182.276700,503070,139425,529339,1171834
2024-11-13,BZX Equities (Z),168755458,135809203,269709721,574274382,8743501741.834197,8235163105.992795,13145029415.493992,30123694263.320984,2444215,751982,2629122,5825319
2024-11-12,NYSE American (A),4672903,30361836,6602989,41637728,266322736.202600,323505769.804900,276555091.428800,866383597.436300,62813,99226,51157,213196
2024-11-12,NASDAQ BX (B),12799536,13632628,19254661,45686825,898969162.951100,646983379.392600,1186633294.035800,2732585836.379500,209357,86964,234687,531008
2024-11-12,NYSE National (C),15640151,12570740,23914277,52125168,614590780.853700,465119307.246400,735936842.536300,1815646930.636400,216917,67586,215949,500452
2024-11-12,FINRA / Nasdaq TRF Chicago (DB),7988243,4658812,17529356,30176411,394116087.716300,193407788.799500,1402781026.866100,1990304903.381900,81088,22878,157692,261658
2024-11-12,FINRA / NYSE TRF (DN),78879343,71645014,260229268,410753625,3445212535.930800,2203197448.895900,7556584834.618405,13204994819.445105,649755,240508,916802,1807065
2024-11-12,FINRA / Nasdaq TRF Carteret (DQ),1936811684,1495355145,4028260240,7460427069,101716287711.726406,65041659012.290210,151025233893.404550,317783180617.421166,14933269,4064027,16531476,35528772
2024-11-12,MIAX Pearl (H),48372707,61259406,90863421,200495534,1315649424.985600,2237594177.567300,2075143063.633001,5628386666.185901,457065,214127,502752,1173944
2024-11-12,EDGA Equities (J),40324492,51569285,64068489,155962266,1338191884.369100,2477976462.349200,1954302754.861699,5770471101.579999,478534,275369,491028,1244931
2024-11-12,EDGX Equities (K),162684589,168699670,539356493,870740752,7112971436.107601,6857511357.725595,21467671521.988900,35438154315.822096,1490382,791869,3112286,5394537
2024-11-12,LTSE (L),23930362,2827151,24942295,51699808,1777260798.144000,359129591.778100,1720038284.584600,3856428674.506700,125479,9976,115226,250681
2024-11-12,NYSE Chicago (M),16721878,25862783,14638659,57223320,1139573858.326200,3875743433.155001,2845798336.246800,7861115627.728001,30514,8372,29545,68431
2024-11-12,NYSE (N),979163469,50296296,73989018,1103448783,57147732148.990302,2562890809.865000,3518078791.617899,63228701750.473201,3606936,195263,660838,4463037
2024-11-12,NYSE Arca (P),201310450,469827342,777303923,1448441715,9788477536.944296,24177649225.928304,23658601232.793503,57624727995.666103,2362239,1944041,4848716,9154996
2024-11-12,NASDAQ (Q),415863852,220264711,1480164390,2116292953,24644693794.236093,13167316387.514296,90759178659.921955,128571188841.672344,6370543,1246253,11086695,18703491
2024-11-12,Members Exchange (U),61658242,66299192,201896605,329854039,2704546096.730200,2600397247.551800,4829359013.491004,10134302357.773004,776774,281677,983933,2042384
2024-11-12,Investors Exchange (V),189438683,70356616,185377145,445172444,10395782271.943903,3759631789.540099,9556188750.191603,23711602811.675605,2156832,349307,1896825,4402964
2024-11-12,NASDAQ PSX (X),6146231,6744813,9050007,21941051,415836330.057800,450220722.165100,515447487.279700,1381504539.502600,92217,36111,108736,237064
2024-11-12,BYX Equities (Y),36943888,30456660,59495186,126895734,1528709490.799700,1125720717.698400,1913165302.739600,4567595511.237700,531342,146857,551217,1229416
2024-11-12,BZX Equities (Z),170428026,142923934,236387800,549739760,8928142342.732296,8503656121.170697,13236162705.854997,30667961169.757990,2525261,742082,2588531,5855874
2024-11-11,NYSE American (A),4641885,30617117,6225368,41484370,251206351.683100,281477853.748800,280726523.812800,813410729.244700,56601,97268,52356,206225
2024-11-11,NASDAQ BX (B),13549504,12278563,21126717,46954784,942254251.021000,587440722.683900,1325251020.752700,2854945994.457600,202023,85469,234283,521775
2024-11-11,NYSE National (C),16546990,11366853,22361900,50275743,640924770.827100,360913368.090200,738849937.621700,1740688076.539000,214486,62466,203662,480614
2024-11-11,FINRA / Nasdaq TRF Chicago (DB),8486737,4340985,19364051,32191773,419887120.554900,166592526.694200,1681511290.645900,2267990937.895000,90827,24664,195031,310522
2024-11-11,FINRA / NYSE TRF (DN),84485358,75345551,267073962,426904871,3618918152.637900,1800520304.827300,7985543128.945598,13404981586.410798,669548,242093,945064,1856705
2024-11-11,FINRA / Nasdaq TRF Carteret (DQ),1956951610,1604214326,4232024571,7793190507,103586373660.292959,53378157106.184443,161994105962.580225,318958636729.057627,15515534,4222156,18026484,37764174
2024-11-11,MIAX Pearl (H),50325860,54513902,92488093,197327855,1400882384.116400,1839095685.665200,2342955275.894899,5582933345.676499,485691,209803,575165,1270659
2024-11-11,EDGA Equities (J),41382036,42394579,66131538,149908153,1329523150.961600,1863975843.603499,1999223444.023200,5192722438.588299,480492,222476,503218,1206186
2024-11-11,EDGX Equities (K),183898926,170515210,558451849,912865985,7683056699.647100,6675169468.516603,24478808759.002794,38837034927.166497,1617312,812659,3278702,5708673
2024-11-11,LTSE (L),23781717,3453776,23332791,50568284,1800253744.319700,348618337.581600,1759369558.411599,3908241640.312899,126897,10528,114570,251995
2024-11-11,NYSE Chicago (M),14881614,14534923,21091074,50507611,1447139611.200400,2853889449.831800,3534670486.501601,7835699547.533801,44599,10780,38180,93559
2024-11-11,NYSE (N),968212451,43183589,76510935,1087906975,56644655667.393912,2193696345.428900,3707150228.144699,62545502240.967511,3743205,186915,687834,4617954
2024-11-11,NYSE Arca (P),204517759,444753428,720584840,1369856027,9665512885.391096,21194540759.361118,24082513755.547991,54942567400.300205,2384441,1944929,4663269,8992639
2024-11-11,NASDAQ (Q),421754668,201271825,1488389874,2111416367,24476630987.614805,11972600277.416904,94344255301.382313,130793486566.414022,6484876,1241126,11601303,19327305
2024-11-11,Members Exchange (U),62202974,70934195,190876984,324014153,2719662086.381800,2443146236.806100,5215693515.600901,10378501838.788801,766464,285828,1021457,2073749
2024-11-11,Investors Exchange (V),191744217,60928435,186839918,439512570,10613776468.535702,3052656315.846300,9982078829.322097,23648511613.704099,2169545,304079,1925487,4399111
2024-11-11,NASDAQ PSX (X),5363718,7051362,9090969,21506049,322816559.089300,428119080.538500,468585920.274600,1219521559.902400,74246,33154,107129,214529
2024-11-11,BYX Equities (Y),39726901,29902098,66191087,135820086,1550402998.632600,941259338.306700,2123566673.005600,4615229009.944900,535788,140191,565161,1241140
2024-11-11,BZX Equities (Z),182064646,135121184,254067578,571253408,9464986932.962699,7899939510.390900,14407098257.841504,31772024701.195103,2726858,758292,2816776,6301926
2024-11-08,NYSE American (A),5451632,28942337,5729229,40123198,261549219.859500,299319254.111300,275650465.727700,836518939.698500,65106,90865,60671,216642
2024-11-08,NASDAQ BX (B),15528756,15348816,19562996,50440568,993530224.436500,778491985.363900,1164886414.810200,2936908624.610600,218693,112599,230948,562240
2024-11-08,NYSE National (C),17464404,11427298,22964063,51855765,739036393.990400,416340874.538600,812602794.264200,1967980062.793200,233497,63213,212742,509452
2024-11-08,FINRA / Nasdaq TRF Chicago (DB),8139362,3769315,16457076,28365753,392952978.523800,177121596.011100,1377469530.106100,1947544104.641000,81796,20638,167817,270251
2024-11-08,FINRA / NYSE TRF (DN),81601276,95832760,234664865,412098901,3464736700.761000,2771700238.456900,7071400323.285498,13307837262.503398,656589,241699,858386,1756674
2024-11-08,FINRA / Nasdaq TRF Carteret (DQ),2079458115,1865278014,3508067503,7452803632,103638346775.662398,65453548262.803720,150009563207.507520,319101458245.973638,16627742,4199058,18022567,38849367
2024-11-08,MIAX Pearl (H),52141965,66657347,92724957,211524269,1424791737.853900,2358618057.309200,2576393115.462599,6359802910.625699,518792,228255,523433,1270480
2024-11-08,EDGA Equities (J),40810865,54490357,53387182,148688404,1450120011.070000,2353154996.661599,2008855591.517499,5812130599.249098,481476,309096,474420,1264992
2024-11-08,EDGX Equities (K),187881539,181411269,529326968,898619776,7651687827.641302,6849420469.444600,21641120532.598894,36142228829.684796,1620941,752401,2867827,5241169
2024-11-08,LTSE (L),24029836,3352708,22604115,49986659,1893143597.268500,387764247.214400,1506420097.894200,3787327942.377100,131219,10931,117853,260003
2024-11-08,NYSE Chicago (M),14873423,16158002,24516271,55547696,1318007617.004000,2995583521.419100,4518528429.790402,8832119568.213502,46053,8080,37509,91642
2024-11-08,NYSE (N),1068686342,46066292,86269040,1201021674,61733040896.842905,2632441886.476100,3820390676.057600,68185873459.376605,3873736,189590,657507,4720833
2024-11-08,NYSE Arca (P),218085793,545921845,718466029,1482473667,10055462915.226901,24480676292.877405,19865457323.592692,54401596531.696998,2529360,1891112,4207032,8627504
2024-11-08,NASDAQ (Q),457420564,216378108,1447838426,2121637098,26054288520.280301,14097604778.499609,89150160928.405796,129302054227.185706,6819550,1251360,10634101,18705011
2024-11-08,Members Exchange (U),67982357,89250089,197409843,354642289,3062831096.297400,2715517341.390201,5322843504.054495,11101191941.742096,890901,304589,1011400,2206890
2024-11-08,Investors Exchange (V),195937734,71212271,175110917,442260922,10709892518.336100,3776771039.925901,9484723419.516298,23971386977.778299,2211678,340929,1882841,4435448
2024-11-08,NASDAQ PSX (X),6569084,8917072,10119600,25605756,418836441.127600,540066365.439600,591006438.334200,1549909244.901400,95904,42602,123476,261982
2024-11-08,BYX Equities (Y),44070019,36570085,61514275,142154379,1626567941.992600,1301681758.228801,1995895710.324800,4924145410.546201,563773,162056,567791,1293620
2024-11-08,BZX Equities (Z),190439740,132203650,244105652,566749042,9937832794.868898,8434887010.371603,14109976521.481605,32482696326.722106,2813273,690920,2625656,6129849
2024-11-07,NYSE American (A),6567854,23294565,7244287,37106706,344357186.292600,335248170.206800,336124017.952900,1015729374.452300,87971,85313,66934,240218
2024-11-07,NASDAQ BX (B),16390368,13162736,24101360,53654464,1141828247.232600,771717980.942600,1191952568.998500,3105498797.173700,249945,101645,251041,602631
2024-11-07,NYSE National (C),19014245,13084413,21987768,54086426,768683637.310100,479848377.943000,757695375.823000,2006227391.076100,256614,72535,226030,555179
2024-11-07,FINRA / Nasdaq TRF Chicago (DB),8667176,3674790,18038474,30380440,441233640.149700,202086386.131600,1261128851.366200,1904448877.647500,85355,21395,154925,261675
2024-11-07,FINRA / NYSE TRF (DN),86945983,61655031,302097389,450698403,3776656490.572000,2922309498.462500,5814255013.823901,12513221002.858401,706397,226832,910907,1844136
2024-11-07,FINRA / Nasdaq TRF Carteret (DQ),2144881253,1190398484,4728933735,8064213472,111317293623.025816,62051368326.030296,148564549084.033625,321933211033.089737,17612615,4088979,18940881,40642475
2024-11-07,MIAX Pearl (H),58597921,64175099,117705735,240478755,1583786287.842300,2689914805.691600,2410026697.732001,6683727791.265901,554101,243762,581677,1379540
2024-11-07,EDGA Equities (J),41945533,46422304,75021355,163389192,1549949790.394700,2262641242.185600,2218241218.214300,6030832250.794600,520101,269795,539946,1329842
2024-11-07,EDGX Equities (K),205296494,154289728,615115317,974701539,8501507125.155001,7330644738.327199,19435982499.661499,35268134363.143699,1738837,747041,2894881,5380759
2024-11-07,LTSE (L),24675969,2474084,23170920,50320973,1850269586.969400,293558766.406700,1514265200.238000,3658093553.614100,131905,6952,119279,258136
2024-11-07,NYSE Chicago (M),16548406,18347681,22616603,57512690,1069261797.081600,3049094981.572701,4577768571.248099,8696125349.902400,47449,9110,37742,94301
2024-11-07,NYSE (N),1136153477,51141687,84392641,1271687805,70120788143.302802,2988125316.079900,4123988126.719400,77232901586.102102,4221865,210122,707127,5139114
2024-11-07,NYSE Arca (P),240264707,463263627,1063252145,1766780479,11353874331.305298,27806381249.243614,22167745042.854492,61328000623.403404,2735709,1887516,4738112,9361337
2024-11-07,NASDAQ (Q),510157327,223252600,1564636924,2298046851,28899655838.867292,14721840092.749800,91645007355.550610,135266503287.167702,7497221,1350358,11223081,20070660
2024-11-07,Members Exchange (U),74285006,66286857,276484465,417056328,3241831563.788300,2981946831.852099,5419719456.592905,11643497852.233304,931872,299979,1132784,2364635
2024-11-07,Investors Exchange (V),196189681,70829277,184369702,451388660,11208990899.917103,4039239167.253400,9857271454.538600,25105501521.709103,2265657,360951,1922819,4549427
2024-11-07,NASDAQ PSX (X),6873978,7679855,10744698,25298531,413375903.610400,561079498.048000,572241355.556400,1546696757.214800,102863,41771,122225,266859
2024-11-07,BYX Equities (Y),44594570,29863395,79704681,154162646,1854738067.295600,1362178659.006200,2276729365.045299,5493646091.347099,606277,158240,610818,1375335
2024-11-07,BZX Equities (Z),214278763,141864624,273685866,629829253,11177344359.319604,9068293591.631803,14539568555.306411,34785206506.257818,3045088,809176,2790543,6644807
2024-11-06,NYSE American (A),6575367,34978115,6454083,48007565,407068621.883800,539328152.684400,378779395.720200,1325176170.288400,92170,120438,67887,280495
2024-11-06,NASDAQ BX (B),19244870,17573086,23300695,60118651,1574889874.648400,955772376.041700,1472519159.805500,4003181410.495600,289557,117467,288898,695922
2024-11-06,NYSE National (C),22095863,19575453,26529180,68200496,777688994.407200,667500785.702200,819391249.295800,2264581029.405200,264505,99212,235271,598988
2024-11-06,FINRA / Nasdaq TRF Chicago (DB),9114453,5019562,17050508,31184523,520880060.122400,231977668.426900,1231673480.834000,1984531209.383300,97626,27510,168546,293682
2024-11-06,FINRA / NYSE TRF (DN),101141861,126695680,228910749,456748290,5244911766.006203,3925425874.507502,8030582671.581799,17200920312.095504,839841,321330,1052475,2213646
2024-11-06,FINRA / Nasdaq TRF Carteret (DQ),2642797746,1974722946,3751437675,8368958367,151170809820.620261,77119896443.248636,169016557080.892738,397307263344.761635,20724595,5109346,20404306,46238247
2024-11-06,MIAX Pearl (H),78637042,105314087,111784620,295735749,2335071194.810600,3935934159.709100,3229670190.946100,9500675545.465800,737646,361646,697852,1797144
2024-11-06,EDGA Equities (J),61028879,69102361,66236522,196367762,2246440038.079000,3562233312.830001,2485965130.653200,8294638481.562201,718970,355370,604915,1679255
2024-11-06,EDGX Equities (K),256925212,255497205,553576868,1065999285,11912829871.306802,11366646248.096501,25661688229.724299,48941164349.127602,2316612,1160760,3814726,7292098
2024-11-06,LTSE (L),33116527,3052205,24386289,60555021,2743723976.035400,466840331.761400,1836270729.185900,5046835036.982700,158130,9222,124528,291880
2024-11-06,NYSE Chicago (M),12611842,13469372,21000896,47082110,1038324788.395500,2322693273.990000,4466560522.703100,7827578585.088600,43094,8714,37115,88923
2024-11-06,NYSE (N),1432676988,70638939,108978286,1612294213,86320735628.281299,4812476241.661000,5465443101.596300,96598654971.538599,5833423,307271,890638,7031332
2024-11-06,NYSE Arca (P),326025792,766864675,739794784,1832685251,17029541467.358403,40919477872.994989,32296575223.308016,90245594563.661408,3709328,2996827,6039769,12745924
2024-11-06,NASDAQ (Q),707492180,322678320,1852580427,2882750927,44758167851.925597,23333310135.760013,120044333481.013237,188135811468.698847,10301967,1998478,14553912,26854357
2024-11-06,Members Exchange (U),96601481,119149402,198868466,414619349,4387641395.342600,4676450735.128297,6674965065.353802,15739057195.824699,1154643,474808,1268368,2897819
2024-11-06,Investors Exchange (V),274730353,94408216,222090106,591228675,16815676156.059302,5650117213.377797,12592806481.739499,35058599851.176598,2885771,460483,2262824,5609078
2024-11-06,NASDAQ PSX (X),10293846,11341073,13808433,35443352,660238224.985500,1093165571.826000,803487940.597800,2556891737.409300,152164,60265,170065,382494
2024-11-06,BYX Equities (Y),58057717,49457976,72237782,179753475,2508483994.078800,1965254543.746401,2731397165.779201,7205135703.604402,760304,229954,725751,1716009
2024-11-06,BZX Equities (Z),298143991,204046781,317144923,819335695,16680272075.758406,13955554368.058901,18623681998.283697,49259508442.101004,4335368,1171626,3799020,9306014
2024-11-05,NYSE American (A),4979093,13992182,6634525,25605800,262012814.457200,240577575.940700,270598608.459400,773188998.857300,68143,53394,55496,177033
2024-11-05,NASDAQ BX (B),12133045,8920542,17027448,38081035,872796453.895000,516725589.462500,882250428.009900,2271772471.367400,217110,67043,223199,507352
2024-11-05,NYSE National (C),14215729,8341197,16169549,38726475,415981888.947600,304556040.756000,433536295.809000,1154074225.512600,184363,49443,149739,383545
2024-11-05,FINRA / Nasdaq TRF Chicago (DB),6803209,2786949,13828482,23418640,347127548.482300,139194710.609600,779130339.480300,1265452598.572200,66978,15929,116692,199599
2024-11-05,FINRA / NYSE TRF (DN),62453795,38685393,221952372,323091560,2830152904.773898,1713743572.897900,4913692864.091399,9457589341.763197,534846,164911,697645,1397402
2024-11-05,FINRA / Nasdaq TRF Carteret (DQ),1660175603,789869964,3569873061,6019918628,85286480460.873329,41419318011.504813,103179928831.570962,229885727303.949104,13869221,2911636,14537190,31318047
2024-11-05,MIAX Pearl (H),46706300,54139672,92054865,192900837,1203403362.223600,1936836870.776300,1853462167.404200,4993702400.404100,427366,175597,440257,1043220
2024-11-05,EDGA Equities (J),34599128,30064092,59270993,123934213,1180372023.862200,1661358723.170699,1522730034.563100,4364460781.595999,440085,188666,440064,1068815
2024-11-05,EDGX Equities (K),138208699,100645423,485063634,723917756,6000539079.960401,4964471804.338798,12134715746.211104,23099726630.510303,1193238,468415,2158293,3819946
2024-11-05,LTSE (L),16857554,1374459,17456114,35688127,1284992092.410900,306652095.284300,1056964778.669200,2648608966.364400,101185,5620,88596,195401
2024-11-05,NYSE Chicago (M),16104215,16403316,13646876,46154407,911083081.956800,3227967277.435001,2692933540.103898,6831983899.495699,31859,5768,27062,64689
2024-11-05,NYSE (N),892556308,35538014,73340740,1001435062,49638534933.532297,2073809634.749500,2827492390.986500,54539836959.268297,3268621,150900,537139,3956660
2024-11-05,NYSE Arca (P),169061846,290929329,844479929,1304471104,8329010377.542201,18589303639.010198,15553109500.919897,42471423517.472296,1970367,1275703,3820284,7066354
2024-11-05,NASDAQ (Q),355266470,154190299,1171892062,1681348831,20013963388.422301,10324350510.789102,64429494530.365807,94767808429.577210,5612947,945004,8615681,15173632
2024-11-05,Members Exchange (U),53863414,41747214,242431241,338041869,2174774221.533800,2101546858.678099,3464332061.176899,7740653141.388798,631772,197971,821244,1650987
2024-11-05,Investors Exchange (V),162149800,45862524,144347492,352359816,8786867490.730100,2673475601.238000,7212842936.544802,18673186028.512902,1882267,247685,1580228,3710180
2024-11-05,NASDAQ PSX (X),5768848,4700607,8159074,18628529,372208329.872600,408331249.828400,452143948.133300,1232683527.834300,80035,28374,98085,206494
2024-11-05,BYX Equities (Y),33995682,18416614,58864824,111277120,1340652745.918600,881764584.217000,1455841541.037000,3678258871.172600,480809,105395,484946,1071150
2024-11-05,BZX Equities (Z),160426787,99307398,217131654,476865839,7743099398.451801,6490566304.906100,9247305899.059701,23480971602.417602,2265958,559933,2139797,4965688
2024-11-04,NYSE American (A),4745053,18410932,4841140,27997125,297372218.107200,280363549.980500,220266359.963900,798002128.051600,66627,64964,50931,182522
2024-11-04,NASDAQ BX (B),14389269,9927100,16200306,40516675,1076272583.299000,476149238.476300,888790378.000100,2441212199.775400,288901,83587,270961,643449
2024-11-04,NYSE National (C),14262819,9663534,15765255,39691608,477100804.701500,338988364.642900,447594269.914000,1263683439.258400,184990,58026,148538,391554
2024-11-04,FINRA / Nasdaq TRF Chicago (DB),5934988,3257147,14451543,23643678,302621353.139100,129002531.766800,759175420.723600,1190799305.629500,57392,17139,112216,186747
2024-11-04,FINRA / NYSE TRF (DN),61763411,45920049,174655588,282339048,2838282009.913101,1875144131.575699,4889748093.452200,9603174234.941000,528780,172484,676356,1377620
2024-11-04,FINRA / Nasdaq TRF Carteret (DQ),1565840821,917471495,2896877764,5380190080,80943388958.061348,44666538918.591426,106773643960.141559,232383571836.794333,14328981,3504002,15370605,33203588
2024-11-04,MIAX Pearl (H),44070041,55937006,79706331,179713378,1196789372.957900,1872298943.711500,1859634631.254700,4928722947.924100,419622,175737,447208,1042567
2024-11-04,EDGA Equities (J),32663032,29117837,44731624,106512493,1212213282.004200,1360833883.630800,1436309354.107100,4009356519.742100,442122,181358,423108,1046588
2024-11-04,EDGX Equities (K),129064388,117049457,364058440,610172285,5524645714.323103,5041679103.478001,12051417388.364800,22617742206.165904,1176360,559963,2130627,3866950
2024-11-04,LTSE (L),15626717,1304018,14216734,31147469,1304178467.443800,240277794.203800,1031963470.484400,2576419732.132000,97443,4926,85522,187891
2024-11-04,NYSE Chicago (M),12054863,13843995,12086819,37985677,921439237.437200,3414692581.470500,2402457049.662900,6738588868.570600,40343,7392,30654,78389
2024-11-04,NYSE (N),889522003,37112193,71735658,998369854,50567723558.459597,2001757216.785700,2838894283.822400,55408375059.067697,3221001,154864,538574,3914439
2024-11-04,NYSE Arca (P),165413471,320310754,542354232,1028078457,8129874909.314405,17935377631.455207,15849579365.738308,41914831906.507920,1939098,1386280,3656934,6982312
2024-11-04,NASDAQ (Q),347100447,160852471,1145308771,1653261689,19855263127.362595,9890113168.822600,66106365017.717077,95851741313.902272,5428590,970505,8387223,14786318
2024-11-04,Members Exchange (U),50819441,47807573,156169383,254796397,2082425306.200500,2015162541.450100,3463044442.294301,7560632289.944901,627217,209331,790914,1627462
2024-11-04,Investors Exchange (V),151656474,47002890,141155971,339815335,8615514890.988999,2599010549.096901,7378247253.785399,18592772693.871299,1836140,256177,1548820,3641137
2024-11-04,NASDAQ PSX (X),5402187,4650203,8022770,18075160,342806863.476300,368269245.330200,420933871.139100,1132009979.945600,71099,28480,92433,192012
2024-11-04,BYX Equities (Y),34783248,20253507,46168335,101205090,1404006902.092100,868428493.239700,1388690226.286200,3661125621.618000,475723,114275,453454,1043452
2024-11-04,BZX Equities (Z),154294721,103781419,199150284,457226424,7818465386.300200,6144133893.755302,9362372337.541803,23324971617.597305,2237118,594927,2114974,4947019
2024-11-01,NYSE American (A),4254627,21085359,4812265,30152251,218754025.397800,292754969.576200,265184992.561000,776693987.535000,56018,75375,47114,178507
2024-11-01,NASDAQ BX (B),13145689,10852772,14709534,38707995,958301060.217700,536178007.909800,999382910.056500,2493861978.184000,231174,92081,230786,554041
2024-11-01,NYSE National (C),13138860,11081146,15300113,39520119,461787466.502500,407800395.501900,553688549.237400,1423276411.241800,168998,58028,148497,375523
2024-11-01,FINRA / Nasdaq TRF Chicago (DB),6700062,4826211,14248908,25775181,323615621.605000,179246470.512900,934984898.581400,1437846990.699300,61981,20695,125430,208106
2024-11-01,FINRA / NYSE TRF (DN),76635950,46483811,186812582,309932343,3718525504.793699,1745170121.965201,7005803656.053098,12469499282.811998,533387,183626,663952,1380965
2024-11-01,FINRA / Nasdaq TRF Carteret (DQ),1696273121,1108988302,2979755611,5785017034,92748260683.854102,52076121149.201063,129282848547.183707,274107230380.238872,14530912,3677225,15441909,33650046
2024-11-01,MIAX Pearl (H),48001851,71113385,86416636,205531872,1442655386.300100,2271113416.551900,2386598388.513600,6100367191.365600,477750,213369,506908,1198027
2024-11-01,EDGA Equities (J),40176514,58697863,87781064,186655441,1366736344.326000,2237538364.046800,2130199985.968800,5734474694.341600,457691,242699,424875,1125265
2024-11-01,EDGX Equities (K),132493566,142260141,331488017,606241724,5801643682.344900,5797546650.662698,14159625647.329506,25758815980.337104,1230634,640068,2038023,3908725
2024-11-01,LTSE (L),15832232,1903880,17191205,34927317,1237830875.587900,328872826.237100,1228303902.855000,2795007604.680000,101695,6411,92437,200543
2024-11-01,NYSE Chicago (M),10795687,11005224,39138445,60939356,727131728.524000,2000854315.580000,4261769262.245998,6989755306.349998,37279,8845,26963,73087
2024-11-01,NYSE (N),880052501,45617549,74452307,1000122357,49605959286.910399,2398382329.727600,3435552061.384400,55439893678.022399,3384501,175793,571040,4131334
2024-11-01,NYSE Arca (P),166600395,375924299,507056587,1049581281,8428761021.792002,21648308973.188801,19239999673.693712,49317069668.674515,2014525,1548534,3575064,7138123
2024-11-01,NASDAQ (Q),372096813,190066520,1172577088,1734740421,22257700524.042203,12206625124.570196,76168354118.249498,110632679766.861897,5852168,1118831,8896185,15867184
2024-11-01,Members Exchange (U),53874803,56557780,152597520,263030103,2322444201.328200,2510230360.254699,4697473331.737302,9530147893.320201,688012,239698,862326,1790036
2024-11-01,Investors Exchange (V),161223322,51597896,144341101,357162319,9411941491.345499,2852296123.577200,8787401680.573300,21051639295.495999,1940887,271167,1645806,3857860
2024-11-01,NASDAQ PSX (X),5761485,6641422,8404992,20807899,356739803.574800,490550693.556000,526757135.683300,1374047632.814100,82900,36790,105919,225609
2024-11-01,BYX Equities (Y),32056866,24519319,43918565,100494750,1381851303.367500,960166001.682000,1743337547.572700,4085354852.622200,475185,128806,445227,1049218
2024-11-01,BZX Equities (Z),166489303,126978389,213401677,506869369,8695964821.258199,7375512001.196102,13050100501.719998,29121577324.174299,2417478,670495,2346544,5434517
2024-10-31,NYSE American (A),6077295,18958644,6174661,31210600,360960774.393400,344456805.115000,406042383.829200,1111459963.337600,81535,74534,65801,221870
2024-10-31,NASDAQ BX (B),13074876,11880140,17285040,42240056,965982952.492800,638037771.004600,1234527719.436300,2838548442.933700,227567,100455,236066,564088
2024-10-31,NYSE National (C),13326163,12179345,16587306,42092814,552239727.383100,476229124.166800,699872422.132400,1728341273.682300,177003,64472,153943,395418
2024-10-31,FINRA / Nasdaq TRF Chicago (DB),7344419,3485863,15641007,26471289,402197564.985800,173881977.481800,1020797361.422000,1596876903.889600,73716,23370,140376,237462
2024-10-31,FINRA / NYSE TRF (DN),67934395,46872027,182934804,297741226,3299622008.241100,2306119813.627899,5546826040.993001,11152567862.862000,600722,216031,790047,1606800
2024-10-31,FINRA / Nasdaq TRF Carteret (DQ),1857259053,1095044221,3025330423,5977633697,99910262245.223199,62872352742.613088,143066693500.202710,305849308488.038997,15010388,4025266,16557813,35593467
2024-10-31,MIAX Pearl (H),53603083,74009740,88885497,216498320,1683300232.640600,2818879147.946600,3028465411.111399,7530644791.698599,559487,239564,609767,1408818
2024-10-31,EDGA Equities (J),25453562,22246359,48735073,96434994,1445664829.661900,929871743.646700,1871140285.270500,4246676858.579100,410648,122941,399236,932825
2024-10-31,EDGX Equities (K),150112536,147340889,412099918,709553343,6751402244.236699,7465116661.020699,17946096918.896812,32162615824.154210,1410881,782270,2564383,4757534
2024-10-31,LTSE (L),15413793,2369015,14681003,32463811,1357168532.889700,375512550.688200,1236838641.586500,2969519725.164400,98258,8795,85290,192343
2024-10-31,NYSE Chicago (M),12660780,12850298,11713017,37224095,1070940008.588800,1901725787.327699,1666630372.399901,4639296168.316400,38837,8290,28703,75830
2024-10-31,NYSE (N),1197905995,52185504,88785660,1338877159,71172246770.015696,3325070347.784199,4815563254.503500,79312880372.303395,3894734,196318,696811,4787863
2024-10-31,NYSE Arca (P),191505128,445326437,612636447,1249468012,10039163431.894505,27967661957.979103,25492233489.606892,63499058879.480500,2301036,1928330,4381277,8610643
2024-10-31,NASDAQ (Q),429312881,214299082,1454169199,2097781162,26416517038.461498,15162298794.286408,103286928987.555637,144865744820.303543,6510208,1266410,10432008,18208626
2024-10-31,Members Exchange (U),63161162,63888261,151326596,278376019,2850869725.966000,3033825281.219298,5793488738.700498,11678183745.885796,823729,282501,1036711,2142941
2024-10-31,Investors Exchange (V),177460118,65584197,169731006,412775321,10329796176.212901,3895397249.890901,10252143677.722294,24477337103.826096,2065641,331529,1784126,4181296
2024-10-31,NASDAQ PSX (X),8151425,7644313,12204657,28000395,573893651.578100,691203217.689100,788487319.491300,2053584188.758500,133486,40041,151484,325011
2024-10-31,BYX Equities (Y),32520140,23763084,42213810,98497034,1595487207.588400,1141334315.487300,2045294258.195701,4782115781.271401,501728,125124,472329,1099181
2024-10-31,BZX Equities (Z),185648598,151517961,238540834,575707393,10016660377.344497,9554993348.215904,15391617895.804596,34963271621.364997,2659233,791196,2678697,6129126
2024-10-30,NYSE American (A),4546499,15600413,5709627,25856539,269317202.990300,268663542.695300,307830451.041200,845811196.726800,71117,54924,59019,185060
2024-10-30,NASDAQ BX (B),10507090,8255838,14896742,33659670,836954544.352600,431100161.008100,957902165.853400,2225956871.214100,164806,57868,181900,404574
2024-10-30,NYSE National (C),13009092,8117114,14344520,35470726,500063348.105500,289222970.556100,527925818.036900,1317212136.698500,166744,45787,135261,347792
2024-10-30,FINRA / Nasdaq TRF Chicago (DB),7075857,2995960,15040788,25112605,440518834.367600,130871220.583300,906767270.734000,1478157325.684900,69697,14861,121738,206296
2024-10-30,FINRA / NYSE TRF (DN),67234602,36761971,211506404,315502977,3323525861.813901,1573876257.668600,5288759999.210703,10186162118.693204,586686,160294,780089,1527069
2024-10-30,FINRA / Nasdaq TRF Carteret (DQ),1705323161,836956245,3307199961,5849479367,94888241201.306424,46157478222.595621,126121330108.710855,267167049532.612900,13926105,3028685,15619866,32574656
2024-10-30,MIAX Pearl (H),50801663,57622376,81155907,189579946,1524968455.312600,2188373443.049200,2349159882.831500,6062501781.193300,513388,181521,529434,1224343
2024-10-30,EDGA Equities (J),23832071,14290340,70806720,108929131,1423422202.747500,686251591.689000,1652610238.869400,3762284033.305900,371479,84045,409483,865007
2024-10-30,EDGX Equities (K),142043092,112854203,420630618,675527913,7302340803.214904,5874235005.701301,16135600152.632889,29312175961.549094,1344322,591918,2488264,4424504
2024-10-30,LTSE (L),10056570,1087617,11437970,22582157,1240489413.421300,230474816.097100,1062067755.006900,2533031984.525300,86414,5015,80612,172041
2024-10-30,NYSE Chicago (M),12050163,9797640,15880189,37727992,1049080475.481500,1720493877.231000,3192263751.707901,5961838104.420401,27661,5741,19292,52694
2024-10-30,NYSE (N),944625342,38698598,70220893,1053544833,58808583791.869609,2385199512.805600,3466300375.165199,64660083679.840408,3497654,143676,569158,4210488
2024-10-30,NYSE Arca (P),170245809,317145521,673515194,1160906524,9750462045.439801,19640558575.012794,22977465825.408898,52368486445.861493,2083377,1411338,4344016,7838731
2024-10-30,NASDAQ (Q),382175000,155045603,1260993647,1798214250,24965101294.524296,10796926244.590996,81561184666.536055,117323212205.651347,5878705,942191,9422279,16243175
2024-10-30,Members Exchange (U),53395477,45258439,177726235,276380151,2538215047.851099,2354082232.732901,4759696459.328502,9651993739.912502,689628,210286,948981,1848895
2024-10-30,Investors Exchange (V),166208741,49034120,146241565,361484426,10336433381.737999,2850681356.637600,9196539078.432800,22383653816.808399,1958639,251563,1655208,3865410
2024-10-30,NASDAQ PSX (X),6861251,5723041,9701938,22286230,507968286.597800,469576078.057900,600246462.859900,1577790827.515600,112569,29285,123345,265199
2024-10-30,BYX Equities (Y),27790755,16331406,37125320,81247481,1449168500.509500,795117836.451600,1624340661.485301,3868626998.446401,424296,90232,420354,934882
2024-10-30,BZX Equities (Z),155503883,107941463,209821743,473267089,9198304131.883601,7050528095.128399,12620718218.227599,28869550445.239599,2320797,571874,2320735,5213406
2024-10-29,NYSE American (A),4959318,15623512,6184135,26766965,265290918.533700,287688406.799200,289668142.377600,842647467.710500,63965,68106,52816,184887
2024-10-29,NASDAQ BX (B),10760770,8374960,15772793,34908523,773004515.384100,410821134.287700,886697630.347000,2070523280.018800,168631,65210,186386,420227
2024-10-29,NYSE National (C),13024699,8624366,14951721,36600786,466877576.060800,339245057.878900,486065817.758600,1292188451.698300,165235,52988,133602,351825
2024-10-29,FINRA / Nasdaq TRF Chicago (DB),7538376,3931275,24163712,35633363,340035975.176100,203693170.448600,1069655747.189300,1613384892.814000,67630,20526,157365,245521
2024-10-29,FINRA / NYSE TRF (DN),74896940,43866898,249388585,368152423,3440461452.947801,1963157618.353500,5983441241.437795,11387060312.739096,582286,172490,778112,1532888
2024-10-29,FINRA / Nasdaq TRF Carteret (DQ),1783371343,858852044,3665295302,6307518689,93487517114.342891,47406048822.056202,124792255121.603278,265685821058.002371,13775099,3179557,15348239,32302895
2024-10-29,MIAX Pearl (H),54857848,51959789,87261769,194079406,1497118103.339300,2061782536.283300,2096136991.093500,5655037630.716100,517104,185626,510915,1213645
2024-10-29,EDGA Equities (J),22554761,16493129,77066242,116114132,1156041520.343100,666010574.250600,1200854174.579500,3022906269.173200,349101,95509,361208,805818
2024-10-29,EDGX Equities (K),154102057,118458107,419325687,691885851,6415362546.417704,5657676512.607000,16742126944.026600,28815166003.051304,1319714,587235,2446706,4353655
2024-10-29,LTSE (L),9235839,1419379,11464557,22119775,1124085125.212200,257734660.915100,1077832684.288300,2459652470.415600,84138,5826,79810,169774
2024-10-29,NYSE Chicago (M),15121903,19956482,16294806,51373191,1090944706.933000,4792302008.348502,1744794582.874801,7628041298.156303,27146,8583,22375,58104
2024-10-29,NYSE (N),902317507,41673859,78115444,1022106810,51050926236.923103,2465024146.050900,3048281253.185501,56564231636.159504,3300693,157052,535084,3992829
2024-10-29,NYSE Arca (P),185377475,314786882,632371592,1132535949,9177728399.725301,19186011916.404310,18607581314.590198,46971321630.719809,2028670,1405688,3901203,7335561
2024-10-29,NASDAQ (Q),378767145,161116469,1236850142,1776733756,22349272804.744699,11050821426.775200,72806273327.102001,106206367558.621900,5702228,988482,8748484,15439194
2024-10-29,Members Exchange (U),59043341,45997797,185415815,290456953,2456333516.060100,2355283667.749600,4536098295.435798,9347715479.245498,700417,219955,917345,1837717
2024-10-29,Investors Exchange (V),160792748,46275383,139792204,346860335,9267897429.937001,2796811210.235800,7655439165.135799,19720147805.308600,1898744,255571,1565513,3719828
2024-10-29,NASDAQ PSX (X),5784797,5914079,9842516,21541392,392412825.156000,462616609.355000,505227945.999700,1360257380.510700,94307,31353,113868,239528
2024-10-29,BYX Equities (Y),28358025,16174658,38034458,82567141,1332761640.341400,767395923.373500,1398924334.868500,3499081898.583400,416140,96951,400376,913467
2024-10-29,BZX Equities (Z),154504130,105022768,211011597,470538495,8128438144.006998,6787754972.416798,11255906646.713095,26172099763.136891,2223644,586355,2153769,4963768
2024-10-28,NYSE American (A),4126777,14947942,4742367,23817086,211990469.173200,258871511.268700,210962269.126100,681824249.568000,56407,59671,46106,162184
2024-10-28,NASDAQ BX (B),10013682,7233582,12858390,30105654,628353612.167300,394820062.338300,722346047.017400,1745519721.523000,160659,53438,166057,380154
2024-10-28,NYSE National (C),13786916,7663965,13934487,35385368,418648874.136000,272780108.227800,436287774.964000,1127716757.327800,168007,43545,132605,344157
2024-10-28,FINRA / Nasdaq TRF Chicago (DB),7351500,2885991,15381792,25619283,306185572.972100,126172365.272300,893867347.812400,1326225286.056800,62961,15839,125368,204168
2024-10-28,FINRA / NYSE TRF (DN),68000791,40607360,188432925,297041076,2811620042.471100,1872751821.012400,5575162866.260593,10259534729.744093,536069,162189,718685,1416943
2024-10-28,FINRA / Nasdaq TRF Carteret (DQ),1728956452,817380609,2866686503,5413023564,81739649961.717302,38924037655.639498,113935732622.226965,234599420239.583765,13076168,3118630,14905459,31100257
2024-10-28,MIAX Pearl (H),51984572,44310002,79972770,176267344,1296450183.583000,1630946808.635200,1983926813.038400,4911323805.256600,469474,151206,493769,1114449
2024-10-28,EDGA Equities (J),23283650,14373323,48344218,86001191,1033188727.250900,599190136.859600,1050572174.928800,2682951039.039300,343649,85749,341061,770459
2024-10-28,EDGX Equities (K),145672287,103670320,377067847,626410454,5626971411.418997,4887920192.965699,14451835315.888296,24966726920.272992,1156742,489180,2190513,3836435
2024-10-28,LTSE (L),7582815,1265624,9754676,18603115,899097060.503900,252556473.227400,854975988.144800,2006629521.876100,71426,5488,68176,145090
2024-10-28,NYSE Chicago (M),15427370,9073189,10633425,35133984,1271269947.724700,1100191111.579700,1864494652.580001,4235955711.884401,28090,6277,23582,57949
2024-10-28,NYSE (N),871472598,36494054,72922230,980888882,48283086885.857007,2044804013.023400,2672102810.109901,52999993708.990308,2962324,134103,498410,3594837
2024-10-28,NYSE Arca (P),160312545,286328587,502860248,949501380,7256612925.329399,17731399892.768085,14672256829.818710,39660269647.916194,1773149,1210440,3658850,6642439
2024-10-28,NASDAQ (Q),346143012,138988509,1129214626,1614346147,18744261719.932601,9372346909.632602,62652747816.897081,90769356446.462284,5183931,845929,8042486,14072346
2024-10-28,Members Exchange (U),51799777,39618303,143169345,234587425,2031498075.266400,1946064009.450199,3915242245.015001,7892804329.731600,608844,186261,824579,1619684
2024-10-28,Investors Exchange (V),145795974,44370633,126875850,317042457,7782899007.380401,2448679882.487700,6679881852.734302,16911460742.602403,1747694,232817,1471806,3452317
2024-10-28,NASDAQ PSX (X),5469962,4643844,8297609,18411415,346312626.998700,403692299.554400,438213367.937200,1188218294.490300,89083,27434,106994,223511
2024-10-28,BYX Equities (Y),27690709,14457055,33945625,76093389,1100248105.124400,635859591.328000,1165927368.641000,2902035065.093400,384199,83621,374427,842247
2024-10-28,BZX Equities (Z),142318209,95852867,189178372,427349448,7054254514.155799,5987950155.044202,9698083000.656403,22740287669.856404,2108654,512249,2056500,4677403
2024-10-25,NYSE American (A),4495448,17171180,5398727,27065355,236303600.972200,296259279.017300,247989117.869800,780551997.859300,56525,67283,45903,169711
2024-10-25,NASDAQ BX (B),8820699,8616632,14898276,32335607,662140407.651900,415489113.443300,768485152.781300,1846114673.876500,142937,65608,159163,367708
2024-10-25,NYSE National (C),11142814,8315472,15078512,34536798,383036880.141500,297150709.075100,449418303.201100,1129605892.417700,145740,48083,125091,318914
2024-10-25,FINRA / Nasdaq TRF Chicago (DB),6693007,3534858,14998812,25226677,328333977.703700,155883815.946600,1089903317.218201,1574121110.868501,63655,17829,125831,207315
2024-10-25,FINRA / NYSE TRF (DN),66136517,43442747,222464336,332043600,2721650419.277601,1789481885.570900,6020763019.105998,10531895323.954499,541159,166574,674717,1382450
2024-10-25,FINRA / Nasdaq TRF Carteret (DQ),1498834597,858560596,2997244560,5354639753,74734403265.550567,45819730564.760905,121974269611.274111,242528403441.585583,12922351,3173336,14227058,30322745
2024-10-25,MIAX Pearl (H),46913877,59211234,84675039,190800150,1132418529.013700,2009374620.277100,2087761314.870300,5229554464.161100,408649,195154,461808,1065611
2024-10-25,EDGA Equities (J),21869791,16547292,65229298,103646381,995767674.430600,653575472.769200,1161709914.699400,2811053061.899200,324958,93263,345453,763674
2024-10-25,EDGX Equities (K),142094760,121138437,423749024,686982221,5601891187.645403,5583318377.459699,17358243372.125594,28543452937.230696,1169311,575066,2282985,4027362
2024-10-25,LTSE (L),9469820,1556491,11269241,22295552,1096030416.179900,327299373.252200,1057398671.885200,2480728461.317300,74509,5687,71166,151362
2024-10-25,NYSE Chicago (M),8378594,17984020,16623692,42986306,737094092.143400,2377914151.909300,3475500068.511999,6590508312.564699,32692,6043,27744,66479
2024-10-25,NYSE (N),825109651,39402150,75521429,940033230,46908409374.319406,2162626074.535401,3225458830.696101,52296494279.550908,3025375,147289,506873,3679537
2024-10-25,NYSE Arca (P),162415309,326627264,641610983,1130653556,7415983278.638702,20352967991.887395,16829081337.615804,44598032608.141901,1835438,1437941,3712907,6986286
2024-10-25,NASDAQ (Q),354766889,160709592,1105259101,1620735582,19740131685.243802,10939502023.431504,69170678824.438859,99850312533.114165,5352823,993379,8224389,14570591
2024-10-25,Members Exchange (U),50483289,47719532,167215232,265418053,2118811796.025700,2274221998.821900,4547999329.811498,8941033124.659098,622485,223477,823237,1669199
2024-10-25,Investors Exchange (V),152119248,48255387,130708811,331083446,8578517031.720898,2630083930.425400,7353938879.212301,18562539841.358599,1820523,253885,1489947,3564355
2024-10-25,NASDAQ PSX (X),5722855,5768503,7928445,19419803,315705449.797900,496852109.501900,467886788.210800,1280444347.510600,81390,30899,102090,214379
2024-10-25,BYX Equities (Y),26013867,14767211,34898607,75679685,1049778363.901900,659480370.450300,1238361527.571900,2947620261.924100,367305,89998,357632,814935
2024-10-25,BZX Equities (Z),152127350,104330288,204182132,460639770,7900403032.350202,6627114911.697500,12262832836.472601,26790350780.520303,2205491,576474,2116283,4898248
2024-10-24,NYSE American (A),4474031,16483858,5383244,26341133,237478144.930800,248870279.448200,248257219.341900,734605643.720900,57077,62293,42429,161799
2024-10-24,NASDAQ BX (B),8604385,7875206,14189945,30669536,648157645.544500,380258280.920300,740694474.016300,1769110400.481100,140573,66562,163277,370412
2024-10-24,NYSE National (C),12095155,7252876,14137151,33485182,412019729.207000,250125171.606600,438128157.549900,1100273058.363500,154308,44426,124806,323540
2024-10-24,FINRA / Nasdaq TRF Chicago (DB),6426740,3271269,15431377,25129386,298345540.268900,136467470.130600,980167058.066800,1414980068.466300,56923,14986,120920,192829
2024-10-24,FINRA / NYSE TRF (DN),66042616,37378935,186540679,289962230,3091550096.852699,1559535650.678500,5296712292.116797,9947798039.647996,518374,149735,704718,1372827
2024-10-24,FINRA / Nasdaq TRF Carteret (DQ),1536105089,821199009,2848383040,5205687138,78374388731.580389,41327110592.703285,110960004568.621571,230661503892.905245,12861495,2918603,14204495,29984593
2024-10-24,MIAX Pearl (H),47217285,55099322,76529772,178846379,1126973634.332600,1711694476.858500,1849733978.937400,4688402090.128500,417311,167598,425609,1010518
2024-10-24,EDGA Equities (J),21298557,14587509,66039055,101925121,1056852306.717600,549903929.571000,1185307266.888700,2792063503.177300,327058,89254,356326,772638
2024-10-24,EDGX Equities (K),134445796,106384047,397542634,638372477,5438384734.873600,4849271890.858201,15599380864.399407,25887037490.131208,1123389,497796,2179955,3801140
2024-10-24,LTSE (L),10765401,1671355,13736844,26173600,1270372271.365000,321434607.880100,992706784.110300,2584513663.355400,84746,5232,76282,166260
2024-10-24,NYSE Chicago (M),11601439,12859451,15120946,39581836,1008285319.370900,1139107636.254000,2208558810.231600,4355951765.856500,24938,5751,22873,53562
2024-10-24,NYSE (N),862831544,33206562,62041257,958079363,51536591833.484000,1870580255.350500,2845684213.092602,56252856301.927102,3049286,136151,483402,3668839
2024-10-24,NYSE Arca (P),166837558,291077860,596890724,1054806142,7997242022.848101,17489138508.908504,16452727732.134798,41939108263.891403,1853867,1230350,3651112,6735329
2024-10-24,NASDAQ (Q),347020509,145574352,1096439423,1589034284,20002634191.625602,9831361570.093206,68059565929.087486,97893561690.806294,5195293,886167,7960235,14041695
2024-10-24,Members Exchange (U),52120126,43483133,150806499,246409758,2181647540.541400,1988977363.766801,3916414166.880298,8087039071.188499,622997,199640,802993,1625630
2024-10-24,Investors Exchange (V),149696292,46694490,129829064,326219846,8804426762.278800,2423198945.631700,7175021884.908999,18402647592.819499,1759284,244606,1422559,3426449
2024-10-24,NASDAQ PSX (X),6028323,4627566,8149989,18805878,419757816.611000,437775526.944400,510974233.122500,1368507576.677900,102307,27782,112253,242342
2024-10-24,BYX Equities (Y),24751432,14061108,33973740,72786280,1093679215.179700,584887188.530700,1178474832.344500,2857041236.054900,371258,81724,354969,807951
2024-10-24,BZX Equities (Z),148727753,92924608,189240627,430892988,7851274967.580801,5779872032.764201,10796225203.419210,24427372203.764212,2130573,504980,1995919,4631472
2024-10-23,NYSE American (A),3705840,16531773,5548617,25786230,208998028.502200,276799522.690300,250890211.117400,736687762.309900,48283,64611,41872,154766
2024-10-23,NASDAQ BX (B),10478424,8657528,13923119,33059071,787031941.521800,420496412.105400,810683957.380300,2018212311.007500,167555,59007,170938,397500
2024-10-23,NYSE National (C),11301340,8103221,12757963,32162524,396821012.669000,306454354.454000,395374251.543500,1098649618.666500,151551,48542,118470,318563
2024-10-23,FINRA / Nasdaq TRF Chicago (DB),6105176,3363015,14153007,23621198,353319715.839600,124369798.219900,875310125.355500,1352999639.415000,45424,13023,88085,146532
2024-10-23,FINRA / NYSE TRF (DN),71119350,45034479,223369004,339522833,3239687415.982598,1940723434.406900,4963364865.697102,10143775716.086600,547904,182990,735924,1466818
2024-10-23,FINRA / Nasdaq TRF Carteret (DQ),1555806412,943887641,3167807682,5667501735,82273123361.214628,49035677680.860432,118160676183.378473,249469477225.453533,13073381,3514764,14627759,31215904
2024-10-23,MIAX Pearl (H),45042353,63151562,84166461,192360376,1147734200.043400,2164340478.502800,2002191216.599300,5314265895.145500,425727,197775,455610,1079112
2024-10-23,EDGA Equities (J),21815473,16133763,60092074,98041310,1078769502.224400,722759843.137200,1122107015.821400,2923636361.183000,325846,95234,324232,745312
2024-10-23,EDGX Equities (K),135888833,125891595,431259237,693039665,5665776436.252801,6254115841.404501,14395826846.939400,26315719124.596702,1169950,626609,2116101,3912660
2024-10-23,LTSE (L),12163774,1760769,15755649,29680192,1284141199.080500,247098821.765000,1231755891.197200,2762995912.042700,86444,5670,81592,173706
2024-10-23,NYSE Chicago (M),15740259,15465913,12663197,43869369,1242177399.868300,2332926902.277200,3088862722.962999,6663967025.108499,24048,7790,21674,53512
2024-10-23,NYSE (N),823378814,43154035,73749173,940282022,49423588917.792710,2523960158.453500,3152148110.349000,55099697186.595210,3077130,163961,502245,3743336
2024-10-23,NYSE Arca (P),162357845,333367667,701688968,1197414480,8206799925.389300,21276502740.682605,19141319299.988509,48624621966.060414,1885662,1480632,3778935,7145229
2024-10-23,NASDAQ (Q),349909772,166801082,1140124477,1656835331,21104812380.731495,12181457299.733398,70515704896.087813,103801974576.552706,5505358,1022183,8366599,14894140
2024-10-23,Members Exchange (U),50463246,49023519,172471274,271958039,2232229889.212400,2505665939.768700,4234361945.612599,8972257774.593699,640532,238589,840894,1720015
2024-10-23,Investors Exchange (V),141719915,52688140,130572330,324980385,8514811919.189000,2871266363.466500,7423159884.416900,18809238167.072400,1738893,267390,1443990,3450273
2024-10-23,NASDAQ PSX (X),6487267,6222708,9287900,21997875,451214039.563400,500152299.013900,632380028.543700,1583746367.121000,107789,31773,120923,260485
2024-10-23,BYX Equities (Y),25414710,14810959,34554858,74780527,1119295838.887400,693197932.649500,1167928432.147300,2980422203.684200,375967,88015,351173,815155
2024-10-23,BZX Equities (Z),146190703,109101846,199278000,454570549,8030837727.731501,7253744339.983201,11599638128.853601,26884220196.568303,2174190,606406,2114372,4894968
2024-10-22,NYSE American (A),3925094,13758233,5803010,23486337,213690013.645700,230849605.744100,209478516.903700,654018136.293500,51075,56132,44036,151243
2024-10-22,NASDAQ BX (B),9593027,7537882,13650540,30781449,649987108.136600,365262987.228800,655123782.361000,1670373877.726400,146528,58340,154668,359536
2024-10-22,NYSE National (C),10456491,7664612,10874565,28995668,377225793.636700,283051713.236300,336563502.414800,996841009.287800,142533,44100,104323,290956
2024-10-22,FINRA / Nasdaq TRF Chicago (DB),6294894,2759084,14452094,23506072,304090972.391300,116283130.193200,770258408.340900,1190632510.925400,59585,15106,103391,178082
2024-10-22,FINRA / NYSE TRF (DN),65694444,39286712,217926588,322907744,3020489708.355899,2543832536.804100,4523431761.832103,10087754006.992102,517853,151509,677536,1346898
2024-10-22,FINRA / Nasdaq TRF Carteret (DQ),1506121021,777968484,3380884611,5664974116,81571186574.182348,39782793871.304520,102319689220.382087,223673669665.868955,12388722,2912101,13575550,28876373
2024-10-22,MIAX Pearl (H),43090513,53385275,84940542,181416330,1099726307.458900,1774460230.282200,1592973110.194000,4467159647.935100,391708,162476,412074,966258
2024-10-22,EDGA Equities (J),22060069,14820685,85293038,122173792,994445082.494800,625689047.903400,974101388.353300,2594235518.751500,307798,83421,345254,736473
2024-10-22,EDGX Equities (K),121210540,102269106,410284117,633763763,5228009805.106599,4909690202.359400,12114946174.933710,22252646182.399709,1074875,493301,1936547,3504723
2024-10-22,LTSE (L),11058290,1541580,14859073,27458943,1253581619.451300,293831435.348700,1054574425.552100,2601987480.352100,86417,6331,81391,174139
2024-10-22,NYSE Chicago (M),19279362,16675470,14155675,50110507,1595880877.385000,1702210150.893301,1920625021.632700,5218716049.911001,26424,6767,22937,56128
2024-10-22,NYSE (N),804928025,35690260,69703222,910321507,47782980982.319706,1852754348.138000,2595290551.908000,52231025882.365706,2883515,131492,454185,3469192
2024-10-22,NYSE Arca (P),143311975,294963255,726911050,1165186280,7626201351.383301,18081820247.455191,14383213185.295802,40091234784.134294,1719303,1190216,3544185,6453704
2024-10-22,NASDAQ (Q),324865898,145451109,1037443125,1507760132,19030366196.223800,9672938698.774796,59921911080.050087,88625215975.048683,5002941,860646,7352147,13215734
2024-10-22,Members Exchange (U),48095418,42554693,188518271,279168382,2147198102.570500,2094131105.362500,3671988545.949700,7913317753.882700,594176,194244,796391,1584811
2024-10-22,Investors Exchange (V),140088237,44191045,123013917,307293199,8347998702.582600,2283195118.040600,6709204039.320800,17340397859.944000,1719673,236641,1383777,3340091
2024-10-22,NASDAQ PSX (X),4625725,5017587,7531225,17174537,338743462.334400,418613691.927800,375894377.805700,1133251532.067900,83934,26474,90448,200856
2024-10-22,BYX Equities (Y),24120004,13472872,37211464,74804340,1053226800.854100,575162566.286400,1047076018.162500,2675465385.303000,352561,72786,340872,766219
2024-10-22,BZX Equities (Z),134670499,97649443,179616935,411936877,7386696443.279601,5908772161.894703,9471315007.631299,22766783612.805603,1987622,505699,1832088,4325409
2024-10-21,NYSE American (A),4276985,17957359,6104172,28338516,191750676.025200,266430407.684000,210607338.340100,668788422.049300,51393,60730,42777,154900
2024-10-21,NASDAQ BX (B),8356468,8139279,12214117,28709864,550187335.120600,383718674.610700,647335528.361800,1581241538.093100,126466,64184,145852,336502
2024-10-21,NYSE National (C),11373756,8909628,13212434,33495818,382714440.079500,305649371.915200,361571827.618800,1049935639.613500,149499,47873,115431,312803
2024-10-21,FINRA / Nasdaq TRF Chicago (DB),6980546,3347152,15580196,25907894,297644462.111400,163651745.114500,867906928.477400,1329203135.703300,62675,19591,117823,200089
2024-10-21,FINRA / NYSE TRF (DN),62574982,40930119,202038074,305543175,2577891881.490601,1939358002.781700,4737718048.710899,9254967932.983200,511379,173068,692468,1376915
2024-10-21,FINRA / Nasdaq TRF Carteret (DQ),1511025818,823176027,3097307267,5431509112,73107059919.551933,42101724053.605587,101397129865.819166,216605913838.976686,12251057,3427397,14080994,29759448
2024-10-21,MIAX Pearl (H),43073223,54630714,88436376,186140313,1018574642.531100,1840472134.293299,1691128433.148000,4550175209.972399,394931,166835,427019,988785
2024-10-21,EDGA Equities (J),19982778,15277388,71350969,106611135,923949810.882900,605111281.746600,963532764.987000,2492593857.616500,316586,93740,326662,736988
2024-10-21,EDGX Equities (K),129522424,113519775,408601390,651643589,4930858048.856198,5368768063.993299,13096643647.674408,23396269760.523905,1082318,574860,2093618,3750796
2024-10-21,LTSE (L),10322115,1860677,13340430,25523222,1120509187.469700,315926282.884800,1055413755.551900,2491849225.906400,82572,6211,82909,171692
2024-10-21,NYSE Chicago (M),21579477,15032180,13263403,49875060,1908020761.248699,3203712206.950201,2618947100.802401,7730680069.001301,13451,6760,13423,33634
2024-10-21,NYSE (N),815122614,37458933,75094599,927676146,46585751279.068206,2030699443.776700,2563694547.459200,51180145270.304106,2838361,137246,483469,3459076
2024-10-21,NYSE Arca (P),152206990,298286433,602789784,1053283207,6680776987.616904,18807037624.676593,13821997181.115600,39309811793.409097,1703215,1335648,3452194,6491057
2024-10-21,NASDAQ (Q),324387698,150553490,1106777717,1581718905,17417736724.164304,10256498158.074503,62742246715.086565,90416481597.325372,4933903,894808,7500313,13329024
2024-10-21,Members Exchange (U),50214998,45795653,168165675,264176326,1954125806.695500,2214491999.661400,3679769522.710603,7848387329.067503,582686,201297,776985,1560968
2024-10-21,Investors Exchange (V),134479510,47595435,121070483,303145428,7622659100.662798,2588477703.570000,6405360641.815099,16616497446.047897,1617137,241995,1325110,3184242
2024-10-21,NASDAQ PSX (X),4617161,5976142,7359280,17952583,277870638.825300,425165182.390700,335835915.914000,1038871737.130000,72237,29385,88065,189687
2024-10-21,BYX Equities (Y),23598931,14132704,36083243,73814878,941572902.904400,593931529.443400,974121067.979400,2509625500.327200,339542,84579,331189,755310
2024-10-21,BZX Equities (Z),134794127,99531580,187360885,421686592,6792273787.375801,6317745709.714700,9060186724.081801,22170206221.172302,1995526,530505,1893815,4419846
2024-10-18,NYSE American (A),4542770,26831088,4935536,36309394,228397890.998400,236613046.130600,215944352.791100,680955289.920100,56654,84920,46485,188059
2024-10-18,NASDAQ BX (B),8629146,8845687,11302161,28776994,588008401.418200,372742078.295400,612555983.942700,1573306463.656300,122867,65558,142184,330609
2024-10-18,NYSE National (C),11532492,9173133,11402745,32108370,393826581.458100,294892315.894600,369008303.637100,1057727200.989800,147863,45554,118310,311727
2024-10-18,FINRA / Nasdaq TRF Chicago (DB),6603810,4094158,12533683,23231651,261641963.914300,149721249.403400,802094284.452200,1213457497.769900,55506,18532,105279,179317
2024-10-18,FINRA / NYSE TRF (DN),63357266,51500160,180514339,295371765,2994143933.246500,1687917760.204998,5110018543.354496,9792080236.805994,476140,193287,600055,1269482
2024-10-18,FINRA / Nasdaq TRF Carteret (DQ),1426768212,909454653,2497644534,4833867399,75747207434.363023,43983119740.380082,95919399870.806172,215649727045.549277,12001598,3281112,12910394,28193104
2024-10-18,MIAX Pearl (H),42703464,55592596,66821681,165117741,1103171677.277500,1688144001.947800,1534102609.448000,4325418288.673300,381687,168215,385048,934950
2024-10-18,EDGA Equities (J),20079026,19719268,46407829,86206123,924136846.419500,626731985.366700,996962061.508300,2547830893.294500,290935,100854,278214,670003
2024-10-18,EDGX Equities (K),125872801,131427107,319270137,576570045,5147943357.759502,4850366067.387901,11959043110.400206,21957352535.547609,1058686,565504,1847360,3471550
2024-10-18,LTSE (L),10032542,1627180,11304157,22963879,1078704027.847700,295016577.032100,1032855850.697200,2406576455.577000,85752,6606,78468,170826
2024-10-18,NYSE Chicago (M),24021774,22650357,26261739,72933870,2270528573.081400,4257296138.225001,5272385374.639702,11800210085.946103,13295,5640,13378,32313
2024-10-18,NYSE (N),877516173,44683605,61576871,983776649,57469790613.808111,1966930850.012800,2634565340.378201,62071286804.199112,2789828,152486,468460,3410774
2024-10-18,NYSE Arca (P),147357762,342329472,433371515,923058749,7185722233.958999,17998579515.447697,13169570365.998394,38353872115.405090,1697818,1300989,3140637,6139444
2024-10-18,NASDAQ (Q),323775302,166767429,1081580681,1572123412,18448836902.930001,9589842779.812500,69765285483.058583,97803965165.801084,4963836,937067,7368717,13269620
2024-10-18,Members Exchange (U),48410922,47178678,124873603,220463203,2074228482.138800,1879439490.039900,3527468084.139900,7481136056.318600,593950,207446,717619,1519015
2024-10-18,Investors Exchange (V),131543622,54714962,114810953,301069537,7764725586.475701,2593017205.444300,6407113912.158400,16764856704.078401,1660740,261722,1348155,3270617
2024-10-18,NASDAQ PSX (X),4855546,5342351,6691400,16889297,310684701.445300,348268006.155000,373337805.716600,1032290513.316900,75887,27500,87293,190680
2024-10-18,BYX Equities (Y),23209277,19332558,27339587,69881422,920317268.026000,649934966.525500,994362526.319500,2564614760.871000,332363,98723,314584,745670
2024-10-18,BZX Equities (Z),142038538,109427003,165039689,416505230,7305372917.697401,5741216161.168403,9908588413.573502,22955177492.439306,2012625,529721,1836782,4379128
2024-10-17,NYSE American (A),5091698,16887688,6274562,28253948,291239239.352800,289576582.583700,282243869.766000,863059691.702500,63590,60950,52911,177451
2024-10-17,NASDAQ BX (B),8435971,7984260,12430141,28850372,661632687.422300,399172170.657800,710284715.455400,1771089573.535500,132972,57665,151722,342359
2024-10-17,NYSE National (C),11403408,7752304,14243133,33398845,419808622.818600,285375206.763300,367285845.832900,1072469675.414800,144844,42496,118997,306337
2024-10-17,FINRA / Nasdaq TRF Chicago (DB),6964291,3417078,14946841,25328210,356990378.820700,136769172.265400,951908326.951000,1445667878.037100,62319,17252,118370,197941
2024-10-17,FINRA / NYSE TRF (DN),61461082,40798500,202384922,304644504,2868786477.666101,1763856929.807201,5735173563.132102,10367816970.605404,503260,169931,686007,1359198
2024-10-17,FINRA / Nasdaq TRF Carteret (DQ),1537575465,850614889,2911486183,5299676537,84577724607.947992,43176882832.203217,110689400005.512223,238444007445.663432,12468208,3049626,14189635,29707469
2024-10-17,MIAX Pearl (H),45359880,58562768,72771066,176693714,1075926610.003700,1865536138.553100,1701378053.338800,4642840801.895600,395117,172302,429228,996647
2024-10-17,EDGA Equities (J),21223178,16744418,53233324,91200920,1081541576.536000,651034696.701000,1076733782.518099,2809310055.755099,298766,89790,313255,701811
2024-10-17,EDGX Equities (K),127381660,120441193,375201975,623024828,5949861585.104297,5481479324.419104,14633126695.359693,26064467604.883094,1125367,580692,2292505,3998564
2024-10-17,LTSE (L),10662482,1771664,11955617,24389763,1239905496.618000,375524646.494100,1117224955.287700,2732655098.399800,91803,6429,80181,178413
2024-10-17,NYSE Chicago (M),6197080,18088387,19201375,43486842,581640698.666100,1901264210.765000,2125717060.324100,4608621969.755200,14946,5584,17983,38513
2024-10-17,NYSE (N),816407247,39338398,66493324,922238969,50897456521.747304,2092527323.184399,2995672823.006000,55985656667.937703,3024340,148099,517535,3689974
2024-10-17,NYSE Arca (P),159200473,326577048,551649992,1037427513,8658018929.763799,19233452722.055595,16471823442.629590,44363295094.448984,1830170,1338246,3782399,6950815
2024-10-17,NASDAQ (Q),348325182,160177490,1131356147,1639858819,21083395901.550511,10118076695.036002,67039312159.604500,98240784756.191013,5264399,926051,8383097,14573547
2024-10-17,Members Exchange (U),52183130,45387568,136903391,234474089,2486680705.032100,2151865227.219699,3985293580.374399,8623839512.626198,689710,209279,832890,1731879
2024-10-17,Investors Exchange (V),141087768,48982701,128034036,318104505,8670170387.829400,2468240126.792800,7378307836.774203,18516718351.396403,1699465,249604,1454924,3403993
2024-10-17,NASDAQ PSX (X),5751343,5276446,9552250,20580039,389279154.333700,448615891.090300,445253508.435600,1283148553.859600,85599,28674,102436,216709
2024-10-17,BYX Equities (Y),26087585,15884468,32722331,74694384,1117957324.577200,651062655.881800,1147652622.630000,2916672603.089000,355693,85544,352477,793714
2024-10-17,BZX Equities (Z),153978172,107215339,187895319,449088830,8788699059.046702,6355487617.770902,10909278192.226799,26053464869.044403,2232832,554256,2126143,4913231
2024-10-16,NYSE American (A),5188654,17603102,5540828,28332584,267304377.304900,256751159.256700,264144183.406500,788199719.968100,62334,63579,52217,178130
2024-10-16,NASDAQ BX (B),9180993,7938341,11979146,29098480,633648912.402200,394364505.964400,674821359.385100,1702834777.751700,133458,70125,158664,362247
2024-10-16,NYSE National (C),11525061,7508721,13097282,32131064,365563702.336300,254631897.732100,340377377.614200,960572977.682600,137552,40713,115910,294175
2024-10-16,FINRA / Nasdaq TRF Chicago (DB),6790151,3718898,14508033,25017082,279905884.459400,138809278.718700,975472180.635900,1394187343.814000,58707,17033,127297,203037
2024-10-16,FINRA / NYSE TRF (DN),56889538,39573029,177371288,273833855,2423189838.979501,1978219128.604500,4421881600.938599,8823290568.522600,491645,164686,679324,1335655
2024-10-16,FINRA / Nasdaq TRF Carteret (DQ),1552697330,847510501,2625163124,5025370955,76728251192.493907,40619178077.306742,106178076749.382559,223525506019.183208,12421442,3052180,14036560,29510182
2024-10-16,MIAX Pearl (H),45652857,53120833,66631319,165405009,1071804814.856200,1762573711.120400,1567737143.201700,4402115669.178300,403982,164058,409427,977467
2024-10-16,EDGA Equities (J),21986529,15098902,46118597,83204028,1011769970.551500,560163434.413000,999470482.512600,2571403887.477100,290491,84027,310572,685090
2024-10-16,EDGX Equities (K),134022618,110840395,353899121,598762134,5489096977.422601,4937355454.228200,13561250474.405599,23987702906.056400,1136044,529700,2186164,3851908
2024-10-16,LTSE (L),12236244,3398875,13504104,29139223,1229331202.087700,400334605.069000,1162677637.600500,2792343444.757200,102194,7945,94798,204937
2024-10-16,NYSE Chicago (M),7865870,15495960,17912230,41274060,656513176.405100,1788502156.010200,2148821172.629700,4593836505.045000,16187,6071,18286,40544
2024-10-16,NYSE (N),818281002,38574003,61923064,918778069,48352545067.846209,1941574583.066700,2786095246.925000,53080214897.837909,3022406,143295,482730,3648431
2024-10-16,NYSE Arca (P),155113479,292881060,491309662,939304201,7398756792.970398,17163924368.233200,14408112094.580397,38970793255.783995,1736055,1221726,3648036,6605817
2024-10-16,NASDAQ (Q),350649879,147473277,1093799831,1591922987,19632035413.840008,9938906996.755600,63353998219.466639,92924940630.062247,5248604,884297,8281245,14414146
2024-10-16,Members Exchange (U),51519012,41998940,123357514,216875466,2185850322.377800,1924935985.923700,3546895124.095102,7657681432.396602,636451,198966,798166,1633583
2024-10-16,Investors Exchange (V),141620722,48138466,123359396,313118584,8442767693.255900,2362896445.404900,7210634696.089202,18016298834.750002,1724119,242457,1444526,3411102
2024-10-16,NASDAQ PSX (X),5651113,5340808,7299823,18291744,338318230.564000,368175995.572900,394578105.362900,1101072331.499800,85788,26444,99678,211910
2024-10-16,BYX Equities (Y),24244520,15047020,30294741,69586281,1024552182.770700,594630279.944800,1201168755.520600,2820351218.236100,337594,90025,336645,764264
2024-10-16,BZX Equities (Z),150105513,99595708,181577029,431278250,7815871002.072801,6001557588.807401,10018502053.858999,23835930644.739201,2141369,543632,2065179,4750180
2024-10-15,NYSE American (A),5857745,13803176,7710386,27371307,319945401.048500,296722726.631300,398673029.151100,1015341156.830900,73589,59486,64712,197787
2024-10-15,NASDAQ BX (B),10538519,11704548,15582764,37825831,783613766.838100,541643239.626400,850532607.434900,2175789613.899400,156300,75969,173403,405672
2024-10-15,NYSE National (C),12362666,12399339,15710620,40472625,422057956.816600,412950893.112100,446088549.672700,1281097399.601400,150645,63052,128315,342012
2024-10-15,FINRA / Nasdaq TRF Chicago (DB),6349654,3987021,15461344,25798019,299316337.886600,153544642.116100,1131091997.739600,1583952977.742300,61119,20550,131205,212874
2024-10-15,FINRA / NYSE TRF (DN),66504036,49640401,243448296,359592733,2921449132.823600,2231681715.518801,5262772224.611903,10415903072.954304,539458,221061,752968,1513487
2024-10-15,FINRA / Nasdaq TRF Carteret (DQ),1680795962,1011487016,3132219331,5824502309,87623689187.813072,56890893036.021831,132880776897.636197,277395359121.471100,13446456,3752730,15416708,32615894
2024-10-15,MIAX Pearl (H),54173676,75336878,91518081,221028635,1336642818.585900,2606223803.479100,2289163383.148900,6232030005.213900,484843,259690,522672,1267205
2024-10-15,EDGA Equities (J),23890180,21695627,66755336,112341143,1194202672.806100,896164132.672100,1353990342.306900,3444357147.785100,325842,121745,337359,784946
2024-10-15,EDGX Equities (K),151825963,161266512,449248521,762340996,6622690193.962700,7336366383.201801,17754881955.087108,31713938532.251609,1342623,806363,2475116,4624102
2024-10-15,LTSE (L),14317509,2792541,15174498,32284548,1534041953.013500,465646968.140300,1455947984.849500,3455636906.003300,115798,9221,106363,231382
2024-10-15,NYSE Chicago (M),7117162,8405325,9821889,25344376,422212191.541200,1184642221.438200,1806874235.819200,3413728648.798600,16773,8626,20234,45633
2024-10-15,NYSE (N),935604255,52130237,87152258,1074886750,56008885169.456000,2797590483.055400,4248544065.873899,63055019718.385299,3785163,197952,622923,4606038
2024-10-15,NYSE Arca (P),183215183,418091870,679327322,1280634375,9651871800.659299,24657930015.578401,20660485200.488694,54970287016.726394,2187093,1843597,4119549,8150239
2024-10-15,NASDAQ (Q),413607628,211968668,1278083665,1903659961,25081490816.100097,14467297889.243789,85494191223.324274,125042979928.668160,6333491,1308008,10076914,17718413
2024-10-15,Members Exchange (U),57381347,56619947,169363521,283364815,2575658639.119000,2806007205.311200,4751622649.721796,10133288494.151996,751872,282915,938307,1973094
2024-10-15,Investors Exchange (V),158518056,65638476,141327468,365484000,9581087746.274602,3494759015.893901,8925851751.773797,22001698513.942300,1848585,321712,1573403,3743700
2024-10-15,NASDAQ PSX (X),6103829,7314825,9168076,22586730,409732534.581700,547588134.285200,571067285.005800,1528387953.872700,97880,38103,127998,263981
2024-10-15,BYX Equities (Y),28480552,20791781,38441822,87714155,1248683796.188000,940909315.478700,1494601722.822300,3684194834.489000,389017,119901,381674,890592
2024-10-15,BZX Equities (Z),169717412,141792097,229086514,540596023,9617985049.495300,9009240405.354401,13768906194.292598,32396131649.142299,2560569,783132,2515765,5859466
2024-10-14,NYSE American (A),4144152,11420029,4893050,20457231,200015489.009600,204994063.905700,220414819.206300,625424372.121600,49653,48014,41397,139064
2024-10-14,NASDAQ BX (B),8014454,8512228,10546800,27073482,495013715.865200,390581833.311600,581267531.487200,1466863080.664000,111877,59966,127690,299533
2024-10-14,NYSE National (C),10075144,10061299,12976856,33113299,319339478.815700,283724571.826700,323147041.995300,926211092.637700,121408,44795,104445,270648
2024-10-14,FINRA / Nasdaq TRF Chicago (DB),5946521,3154747,14906537,24007805,255561420.166100,136173237.883900,1009127671.559600,1400862329.609600,59894,20058,140097,220049
2024-10-14,FINRA / NYSE TRF (DN),56642755,38493494,164112678,259248927,2344282490.082501,1565731836.720100,4651065493.436703,8561079820.239304,462317,165835,644947,1273099
2024-10-14,FINRA / Nasdaq TRF Carteret (DQ),1345423089,673013281,2423287389,4441723759,67206948032.323660,35542767348.254984,103991124925.387847,206740840305.966491,11307689,3034085,13544043,27885817
2024-10-14,MIAX Pearl (H),39441543,46275093,63451504,149168140,998007908.675000,1649180567.931100,1562083091.746300,4209271568.352400,372607,161884,409180,943671
2024-10-14,EDGA Equities (J),18995203,13768600,45434206,78198009,858017974.508600,567471346.048300,952916241.491300,2378405562.048200,260784,80584,255586,596954
2024-10-14,EDGX Equities (K),114319377,113603012,328057073,555979462,4801631285.815101,5280977502.980600,13958596517.760599,24041205306.556300,997486,555889,1974532,3527907
2024-10-14,LTSE (L),10690789,1604193,12696375,24991357,1073529481.032900,313023622.728200,1033556576.567800,2420109680.328900,89225,6369,87553,183147
2024-10-14,NYSE Chicago (M),3807647,8279581,12288038,24375266,332639563.449200,1033488477.853200,2339919870.746501,3706047912.048901,15880,5322,15336,36538
2024-10-14,NYSE (N),722802997,34325143,62463551,819591691,41703010071.791701,1741790874.235200,2508233457.520200,45953034403.547101,2674453,127951,446199,3248603
2024-10-14,NYSE Arca (P),126282283,292720378,441657154,860659815,6244419704.531002,17133691854.962688,14501124463.012800,37879236022.506490,1494081,1260133,3056332,5810546
2024-10-14,NASDAQ (Q),296305671,142965878,993823169,1433094718,16374020524.790701,9466875692.495905,61928023760.099016,87768919977.385622,4565344,857656,7481996,12904996
2024-10-14,Members Exchange (U),43555332,38213825,120891372,202660529,1832182460.500900,1758797871.585400,3459752544.103501,7050732876.189801,544766,193107,715877,1453750
2024-10-14,Investors Exchange (V),122866880,45352184,110564114,278783178,6882207763.061999,2198844436.323300,6476859938.501500,15557912137.886799,1504896,224691,1300513,3030100
2024-10-14,NASDAQ PSX (X),4678072,4726167,7605983,17010222,276122016.329800,302391793.723200,368522324.345300,947036134.398300,78921,26509,93590,199020
2024-10-14,BYX Equities (Y),21958204,15454155,29159808,66572167,836741578.197900,645644022.237400,1000380468.079800,2482766068.515100,292986,83359,289499,665844
2024-10-14,BZX Equities (Z),122324353,97387592,168261249,387973194,6404027931.360599,5986009973.188799,9364462187.919904,21754500092.469302,1778106,522262,1855550,4155918
2024-10-11,NYSE American (A),5344776,15254870,5567144,26166790,254921686.984500,265359426.966800,240651107.231200,760932221.182500,62973,59795,50243,173011
2024-10-11,NASDAQ BX (B),8159577,8013402,11459222,27632201,553286721.702600,400516009.561400,586999582.964800,1540802314.228800,130670,59987,144028,334685
2024-10-11,NYSE National (C),10393208,9464495,12304451,32162154,334135954.735300,328270640.807800,331391089.251000,993797684.794100,130778,47893,110368,289039
2024-10-11,FINRA / Nasdaq TRF Chicago (DB),6246018,4123732,13628376,23998126,326825370.569400,145557179.438200,925787130.276900,1398169680.284500,58705,18879,125482,203066
2024-10-11,FINRA / NYSE TRF (DN),53095541,38646942,171974247,263716730,2375777517.316300,1588539628.500099,4287576930.902599,8251894076.718998,451973,170734,622930,1245637
2024-10-11,FINRA / Nasdaq TRF Carteret (DQ),1370656758,840558991,2459391448,4670607197,72056057631.622435,45177501711.380800,97152871437.329526,214386430780.332761,11520077,3021358,13179036,27720471
2024-10-11,MIAX Pearl (H),43880273,55260626,68652447,167793346,1070654186.432000,2004167309.050400,1517912016.817900,4592733512.300300,369502,176424,385226,931152
2024-10-11,EDGA Equities (J),20209590,14661761,55465556,90336907,944673133.436500,575701418.209700,934744220.552900,2455118772.199100,279165,79845,285793,644803
2024-10-11,EDGX Equities (K),123572836,122006505,371478938,617058279,5464893370.453100,5851605321.042200,14736539426.229100,26053038117.724400,1079757,554483,2125717,3759957
2024-10-11,LTSE (L),11198464,1848761,13574972,26622197,1160532416.728200,375255382.834600,1034209535.868400,2569997335.431200,97198,7477,94583,199258
2024-10-11,NYSE Chicago (M),9829205,14385252,12645702,36860159,827583010.582400,3830255281.978599,1751110348.145400,6408948640.706399,55706,7096,57078,119880
2024-10-11,NYSE (N),799045305,40103539,64726619,903875463,47040595362.779605,2165497703.376201,2797993657.499001,52004086723.654807,2854330,143619,492895,3490844
2024-10-11,NYSE Arca (P),142160799,300459741,529983973,972604513,7254265039.540301,19272576031.268000,14492835370.134991,41019676440.943292,1661346,1274614,3286562,6222522
2024-10-11,NASDAQ (Q),321817244,157105065,1011245985,1490168294,18636479598.807088,10848149426.274202,62700235115.944377,92184864141.025667,4920446,903185,7775653,13599284
2024-10-11,Members Exchange (U),47323482,41899758,141414739,230637979,2112355473.643800,2282850152.013699,3665102834.029003,8060308459.686502,579042,197689,738312,1515043
2024-10-11,Investors Exchange (V),131742149,54085222,109379031,295206402,7823938999.405301,2713157356.280499,6356912889.370803,16894009245.056603,1603194,251262,1294118,3148574
2024-10-11,NASDAQ PSX (X),4526831,5297716,7427777,17252324,293767718.566800,392915585.358900,352663388.744700,1039346692.670400,74861,26743,89582,191186
2024-10-11,BYX Equities (Y),24287544,15053214,31067924,70408682,978671855.402200,640677625.334500,1022641729.013900,2641991209.750600,332168,83677,320455,736300
2024-10-11,BZX Equities (Z),140194806,107444246,179605351,427244403,7684588521.602797,6848286216.002399,10332586524.850698,24865461262.455894,2037961,558072,2016156,4612189
2024-10-10,NYSE American (A),4521246,14463339,6691841,25676426,218027554.098900,241409399.194500,241657082.024800,701094035.318200,57023,54005,49653,160681
2024-10-10,NASDAQ BX (B),7864984,8226721,12921434,29013139,513028133.124500,406600884.385800,704635820.204400,1624264837.714700,117733,53301,136925,307959
2024-10-10,NYSE National (C),9954350,9451687,11759914,31165951,301652298.417800,320947502.431500,362787467.161300,985387268.010600,118638,44642,98425,261705
2024-10-10,FINRA / Nasdaq TRF Chicago (DB),5948584,3473255,14372963,23794802,238819053.773600,153055837.790300,965104984.405800,1356979875.969700,53879,19459,119176,192514
2024-10-10,FINRA / NYSE TRF (DN),54179165,43200106,196536349,293915620,2231566378.277399,2463507923.529402,5112344927.531202,9807419229.338003,445137,167177,612576,1224890
2024-10-10,FINRA / Nasdaq TRF Carteret (DQ),1418500163,811122587,2896478757,5126101507,68013032196.849633,42721163097.387491,106196441470.540605,216930636764.777729,11606683,2884407,12943311,27434401
2024-10-10,MIAX Pearl (H),43809594,57161043,79829175,180799812,1012010166.203900,1911325921.872500,1616139845.599900,4539475933.676300,370357,190856,396360,957573
2024-10-10,EDGA Equities (J),20436779,17324237,91064224,128825240,873965220.213700,695472228.717000,1036529601.243100,2605967050.173800,266755,92950,306070,665775
2024-10-10,EDGX Equities (K),119044670,125716058,385087943,629848671,4870276769.973001,5889341338.391703,14188154952.371394,24947773060.736098,1045194,609464,1928206,3582864
2024-10-10,LTSE (L),10945042,2487879,14697174,28130095,1046017482.804000,539130244.420800,1065931087.456400,2651078814.681200,67352,6426,65565,139343
2024-10-10,NYSE Chicago (M),7714284,11220707,12792868,31727859,635626702.657400,2090551935.044500,2699860566.947302,5426039204.649202,67526,6477,62899,136902
2024-10-10,NYSE (N),795263636,40508042,68758324,904530002,43514489674.414808,2313250244.926001,2968018016.158801,48795757935.499610,2739229,153181,466006,3358416
2024-10-10,NYSE Arca (P),136072316,325038710,626197160,1087308186,6484270922.346400,19932249756.182198,13710751993.730991,40127272672.259589,1592636,1368116,3022268,5983020
2024-10-10,NASDAQ (Q),309346649,161756490,1058191989,1529295128,16715446333.160703,11218754404.268296,61039652864.075292,88973853601.504291,4680309,979085,7538673,13198067
2024-10-10,Members Exchange (U),46320112,44092152,185198693,275610957,1918134393.767000,2195943354.674600,3581182984.575803,7695260733.017403,578345,212481,742900,1533726
2024-10-10,Investors Exchange (V),126448431,55184466,115404944,297037841,7088952469.742899,2730587429.112001,6529876782.296302,16349416681.151202,1562520,244949,1320480,3127949
2024-10-10,NASDAQ PSX (X),4723038,4900604,7957925,17581567,263262850.032700,422667600.387400,355543076.081000,1041473526.501100,70030,27937,87873,185840
2024-10-10,BYX Equities (Y),23079427,15709787,36542351,75331565,895085281.955300,678215083.773000,1063893820.276800,2637194186.005100,315199,85738,314261,715198
2024-10-10,BZX Equities (Z),128892054,112673328,184695295,426260677,6616763745.404700,6808476184.635599,9504124222.041604,22929364152.081903,1887124,605904,1854918,4347946
2024-10-09,NYSE American (A),5677496,13627117,5408020,24712633,247842836.426000,282992763.041700,259970825.293900,790806424.761600,65914,59560,51542,177016
2024-10-09,NASDAQ BX (B),9433315,10363059,11028422,30824796,518946648.901200,452245919.525400,600828478.536000,1572021046.962600,122969,65348,131549,319866
2024-10-09,NYSE National (C),11710860,9855435,11285076,32851371,320772714.514900,320756209.841200,305725986.053100,947254910.409200,130707,46213,105173,282093
2024-10-09,FINRA / Nasdaq TRF Chicago (DB),6442833,4372694,14832051,25647578,261951491.017700,153610449.321500,957920806.747000,1373482747.086200,64181,20363,123596,208140
2024-10-09,FINRA / NYSE TRF (DN),60681683,51300822,165585236,277567741,2438057442.163399,1954661328.659299,4671767699.765901,9064486470.588599,489758,179552,620338,1289648
2024-10-09,FINRA / Nasdaq TRF Carteret (DQ),1609963145,959099319,2680192981,5249255445,72709675164.228828,47804621579.704509,104569425160.402475,225083721904.335812,12092519,3054485,13063995,28210999
2024-10-09,MIAX Pearl (H),44150745,55600399,75224646,174975790,1036299878.979800,2016969407.003200,1742855170.649900,4796124456.632900,372069,192102,407992,972163
2024-10-09,EDGA Equities (J),30058866,17574145,53775232,101408243,942545101.593300,672096118.958600,1007704082.250700,2622345302.802600,289859,88283,302329,680471
2024-10-09,EDGX Equities (K),147043215,132052611,332751060,611846886,5304158404.228102,5845355593.923499,12874219827.952399,24023733826.104000,1092049,582629,1824820,3499498
2024-10-09,LTSE (L),6053277,1472723,7046864,14572864,588365663.685200,223116368.150300,574777589.949800,1386259621.785300,43709,4482,43007,91198
2024-10-09,NYSE Chicago (M),5489388,14518751,13693671,33701810,377362876.150300,1900183296.635301,2162295297.367000,4439841470.152601,46056,7866,44365,98287
2024-10-09,NYSE (N),829552078,42246247,71102837,942901162,47334630992.554400,2234473826.920200,2799232129.703200,52368336949.177800,2869083,148608,453005,3470696
2024-10-09,NYSE Arca (P),186927484,341393690,472432397,1000753571,7122313463.757900,18689009994.849309,14038612274.901509,39849935733.508718,1683603,1365105,3101164,6149872
2024-10-09,NASDAQ (Q),391197443,168646905,985618707,1545463055,17999776166.351497,10776793602.496102,60296710800.027479,89073280568.875078,4920215,955329,7600876,13476420
2024-10-09,Members Exchange (U),48781612,43312013,130442054,222535679,2041059780.209400,2287498572.554500,3480355587.727999,7808913940.491899,577603,201654,725573,1504830
2024-10-09,Investors Exchange (V),140291578,60400847,117206374,317898799,7521726161.867999,2788491660.148100,6992782695.620602,17303000517.636701,1635860,258949,1367712,3262521
2024-10-09,NASDAQ PSX (X),13050596,5523587,7982333,26556516,356122998.384400,428715204.574200,394661218.063400,1179499421.022000,81364,29108,94805,205277
2024-10-09,BYX Equities (Y),30406866,18721044,32279295,81407205,979160820.792900,774728563.210900,1091493946.744000,2845383330.747800,360937,98644,334960,794541
2024-10-09,BZX Equities (Z),145177159,114669108,167294839,427141106,7009511458.228299,6764084949.423604,9405103343.312005,23178699750.963908,1977561,573447,1862569,4413577
2024-10-08,NYSE American (A),5120547,23537023,6966125,35623695,254136184.154700,277534488.541700,273234667.706700,804905340.403100,61697,66746,53730,182173
2024-10-08,NASDAQ BX (B),8280473,14284198,11924160,34488831,510010542.518400,574754747.603200,618708376.535300,1703473666.656900,122405,74000,130964,327369
2024-10-08,NYSE National (C),9991839,12997769,11148968,34138576,304928827.462600,410172127.988800,324134428.657600,1039235384.109000,125825,58678,100243,284746
2024-10-08,FINRA / Nasdaq TRF Chicago (DB),7267756,4093634,14317218,25678608,345363691.584100,158945553.148200,956113399.883400,1460422644.615700,61918,22958,121729,206605
2024-10-08,FINRA / NYSE TRF (DN),57332257,57484005,184271134,299087396,2294190815.982700,2384455680.938300,4329785248.979601,9008431745.900601,472456,188723,614560,1275739
2024-10-08,FINRA / Nasdaq TRF Carteret (DQ),1476179383,1067365490,2795357546,5338902419,73781361693.889192,46168809437.782704,108962081644.950810,228912252776.622706,11986213,3334360,13009931,28330504
2024-10-08,MIAX Pearl (H),47972072,82572005,75008993,205553070,1095492182.742900,2432479314.786300,1707584987.066900,5235556484.596100,394629,232202,407042,1033873
2024-10-08,EDGA Equities (J),20797443,27070458,54077611,101945512,891433727.335200,864986104.495500,1052516308.034000,2808936139.864700,282293,117593,289014,688900
2024-10-08,EDGX Equities (K),128819602,169026843,362154886,660001331,5149788198.502700,6451063187.760700,13571680906.857603,25172532293.121003,1094774,710007,1874735,3679516
2024-10-08,LTSE (L),3614450,174756,4315223,8104429,388389958.809000,22321658.206400,307668113.370700,718379730.386100,34815,1004,33731,69550
2024-10-08,NYSE Chicago (M),15832576,14518997,13084821,43436394,1235972310.891300,1595700913.004300,1959793001.856800,4791466225.752400,79857,7955,75107,162919
2024-10-08,NYSE (N),832510581,51425473,66659547,950595601,46409331462.029998,2443564890.982100,3132904822.507602,51985801175.519700,2844471,177507,469712,3491690
2024-10-08,NYSE Arca (P),156940258,496656403,591767788,1245364449,7381964477.340404,23357523160.886807,16255116920.123401,46994604558.350612,1869478,1786102,3352195,7007775
2024-10-08,NASDAQ (Q),352367238,221719552,1036185930,1610272720,18541347557.142198,12910377272.260296,63127798319.417181,94579523148.819675,4988987,1202581,7566289,13757857
2024-10-08,Members Exchange (U),45451842,58469033,150249990,254170865,2025128383.611600,2531355127.228299,3681542786.567303,8238026297.407202,584886,248050,722684,1555620
2024-10-08,Investors Exchange (V),134849547,75391255,116111947,326352749,7531157506.493900,3412048190.561500,6776729126.954501,17719934824.009901,1576216,307033,1302161,3185410
2024-10-08,NASDAQ PSX (X),4252842,5946571,7579783,17779196,269098943.391400,434028022.262200,391746060.071100,1094873025.724700,71706,32731,87354,191791
2024-10-08,BYX Equities (Y),25087722,25535010,31954805,82577537,973530046.353200,983665732.144100,1132846091.074600,3090041869.571900,346053,116577,329968,792598
2024-10-08,BZX Equities (Z),143654547,147863363,185579626,477097536,7150599418.642102,7709078181.348901,9474538376.439803,24334215976.430806,1986236,685536,1867586,4539358
2024-10-07,NYSE American (A),4300901,23469581,5111729,32882211,236958431.587500,307775694.338300,279126301.894900,823860427.820700,53115,77000,48206,178321
2024-10-07,NASDAQ BX (B),8255550,13672804,11701605,33629959,583052450.223600,582954316.105700,662838639.173700,1828845405.503000,126596,104185,144791,375572
2024-10-07,NYSE National (C),10737165,10897541,10578893,32213599,309820001.013200,368041941.748300,329996801.031100,1007858743.792600,137535,60032,109043,306610
2024-10-07,FINRA / Nasdaq TRF Chicago (DB),7735935,3971208,15694248,27401391,318405238.687200,179462341.934700,1050486494.390400,1548354075.012300,68957,26812,135623,231392
2024-10-07,FINRA / NYSE TRF (DN),65437964,67189447,166842250,299469661,2636693731.763199,2692148172.122299,4618952466.042499,9947794369.927997,518390,218117,657890,1394397
2024-10-07,FINRA / Nasdaq TRF Carteret (DQ),1577574710,1082919245,2523674369,5184168324,77270396771.824031,55522721262.520654,117487362303.661047,250280480338.005732,12576568,3808111,14063583,30448262
2024-10-07,MIAX Pearl (H),54076355,84050318,71505904,209632577,1155001680.656400,2381037117.692000,1820477770.698700,5356516569.047100,420434,233138,418957,1072529
2024-10-07,EDGA Equities (J),23012241,23198520,50108422,96319183,919404634.871500,810106693.037700,1052073361.705300,2781584689.614500,285235,115754,290309,691298
2024-10-07,EDGX Equities (K),141889712,144327495,346248941,632466148,5488300583.583900,6386675497.581100,14681625619.305695,26556601700.470695,1204517,683459,2004857,3892833
2024-10-07,LTSE (L),1073922,83905,1465261,2623088,130762828.768000,927973.434300,121141127.485800,252831929.688100,12339,615,13423,26377
2024-10-07,NYSE Chicago (M),11922630,23481293,12312820,47716743,1043171281.424400,2103254935.347300,1518311239.937900,4664737456.709600,104581,10812,95710,211103
2024-10-07,NYSE (N),890224708,44970247,72338647,1007533602,49367174800.289200,2482842801.956500,3309100006.669101,55159117608.914801,3108241,186435,498402,3793078
2024-10-07,NYSE Arca (P),179413384,444399838,478049995,1101863217,7832483233.411197,24578275339.789695,17182257431.065201,49593016004.266093,2069635,1790461,3528509,7388605
2024-10-07,NASDAQ (Q),356878322,210192826,1119261379,1686332527,19096425849.118502,13652772451.694385,68522090750.700969,101271289051.513856,5302634,1257572,8245600,14805806
2024-10-07,Members Exchange (U),50294745,52261797,125690388,228246930,2187271087.707500,2511385850.300899,3842336589.599800,8540993527.608199,650751,259678,768770,1679199
2024-10-07,Investors Exchange (V),135854008,66861141,120770316,323485465,7519537429.852501,3289466721.275400,7116443644.737500,17925447795.865401,1608734,304412,1363978,3277124
2024-10-07,NASDAQ PSX (X),5724358,6338076,7692373,19754807,334847507.919500,553612161.556000,433448309.154400,1321907978.629900,84549,35075,97588,217212
2024-10-07,BYX Equities (Y),24420490,23386611,30156808,77963909,1019851911.143400,939446479.574300,1230822039.956600,3190120430.674300,348461,116441,333897,798799
2024-10-07,BZX Equities (Z),152979374,136455949,174795283,464230606,7279274540.977897,7917488642.177001,10313788777.312106,25510551960.467004,2140311,720419,2011059,4871789
2024-10-04,NYSE American (A),5891619,17737192,5480476,29109287,217135142.593300,290207993.792100,268852061.362700,776195197.748100,57134,69288,47653,174075
2024-10-04,NASDAQ BX (B),8138803,10465317,11264035,29868155,556505917.522400,517003268.826500,647443330.691700,1720952517.040600,131249,84612,131477,347338
2024-10-04,NYSE National (C),10151480,9528174,12138672,31818326,315010449.412600,358698324.074000,357035333.321300,1030744106.807900,127601,58967,109468,296036
2024-10-04,FINRA / Nasdaq TRF Chicago (DB),7625924,3753900,14801981,26181805,303266366.314800,170389349.529000,984173797.489000,1457829513.332800,65692,22071,119782,207545
2024-10-04,FINRA / NYSE TRF (DN),66489107,58913430,170762753,296165290,2741969619.500400,2373545787.943601,4358788479.403301,9474303886.847302,494782,191944,602830,1289556
2024-10-04,FINRA / Nasdaq TRF Carteret (DQ),1498746836,997730413,2439671800,4936149049,72748340547.160901,47378283952.352009,106909070206.229181,227035694705.742091,12128478,3356049,12847124,28331651
2024-10-04,MIAX Pearl (H),50980154,79744902,79320853,210045909,1172469745.876200,2457091073.742100,1798257698.838400,5427818518.456700,441735,233372,417706,1092813
2024-10-04,EDGA Equities (J),20346918,20076055,52669515,93092488,858752291.854200,753807121.749500,1083688129.476800,2696247543.080500,264204,110713,278636,653553
2024-10-04,EDGX Equities (K),140951399,153328109,344948135,639227643,5324534567.243601,7187904979.997397,13879658460.341201,26392098007.582199,1135609,698967,1821807,3656383
2024-10-04,LTSE (L),4140,0,4426,8566,294820.970000,0.000000,736621.440000,1031442.410000,14,0,7,21
2024-10-04,NYSE Chicago (M),12575063,14011459,13212389,39798911,1136637407.485600,1043743013.271400,1685981609.423200,3866362030.180200,125799,10621,114561,250981
2024-10-04,NYSE (N),819614997,45558011,76374333,941547341,44970097573.736800,2691262541.702900,3045007490.882400,50706367606.322100,3139291,183062,515452,3837805
2024-10-04,NYSE Arca (P),173734242,408581191,495937187,1078252620,7759566088.970303,24039660002.858504,17265015353.153704,49064241444.982511,2075617,1722132,3302994,7100743
2024-10-04,NASDAQ (Q),362386791,201906468,1063555564,1627848823,19201842373.722299,14113031496.082505,66926117208.380581,100240991078.185385,5337456,1246486,7976769,14560711
2024-10-04,Members Exchange (U),50838068,52117245,125918916,228874229,2186870838.186300,2769272722.010702,3841293307.790204,8797436867.987206,675136,266528,733433,1675097
2024-10-04,Investors Exchange (V),131237095,57430534,118360994,307028623,7264641114.799600,3077864049.161100,6658429630.257801,17000934794.218501,1599663,283251,1317998,3200912
2024-10-04,NASDAQ PSX (X),5185347,6496897,8499352,20181596,344456961.261700,620726617.626000,450303391.609300,1415486970.497000,85608,34557,102776,222941
2024-10-04,BYX Equities (Y),23392738,19950670,32433006,75776414,951103929.897900,916261980.276300,1255711024.937300,3123076935.111500,323147,114010,316724,753881
2024-10-04,BZX Equities (Z),155275941,129467947,187772988,472516876,7649194744.839901,8187497255.123304,10814954179.352802,26651646179.316007,2188001,707823,1942247,4838071
2024-10-03,NYSE American (A),4785364,21546344,5914001,32245709,210206976.219900,286994016.709400,253289871.793500,750490864.722800,59613,72141,45842,177596
2024-10-03,NASDAQ BX (B),9336714,10067889,10646577,30051180,576849173.562300,505009069.508600,625154631.089400,1707012874.160300,125076,85800,123444,334320
2024-10-03,NYSE National (C),11350511,9052921,11868802,32272234,335887491.114500,356508461.562700,328425848.001800,1020821800.679000,128672,53062,97604,279338
2024-10-03,FINRA / Nasdaq TRF Chicago (DB),7182989,3956272,12775016,23914277,276725094.416500,154871286.909600,851925660.209600,1283522041.535700,57208,20644,105632,183484
2024-10-03,FINRA / NYSE TRF (DN),65754408,59149574,191039637,315943619,2666804612.067099,2140883747.730500,4224028286.851202,9031716646.648801,492625,191173,554846,1238644
2024-10-03,FINRA / Nasdaq TRF Carteret (DQ),1534485151,994846111,2492427341,5021758603,71666366625.356170,40864252824.218710,98473518314.102693,211004137763.677573,11951133,3305848,11959486,27216467
2024-10-03,MIAX Pearl (H),53883267,76376193,76989686,207249146,1158605837.480800,2331793629.999300,1707458343.019700,5197857810.499800,453076,232460,391160,1076696
2024-10-03,EDGA Equities (J),24446655,17635941,63621983,105704579,934318410.978400,749353526.293100,939804273.867700,2623476211.139200,273544,101997,293477,669018
2024-10-03,EDGX Equities (K),135882489,145840817,354381164,636104470,5019049370.777400,6789377820.794799,12290108964.013201,24098536155.585400,1111867,672371,1658828,3443066
2024-10-03,LTSE (L),463,0,3200,3663,20828.500000,0.000000,128550.000000,149378.500000,6,0,3,9
2024-10-03,NYSE Chicago (M),11239318,17970897,14959437,44169652,1026481185.231500,2885811062.039301,1659257395.967900,5571549643.238701,117750,8363,115114,241227
2024-10-03,NYSE (N),894936152,47881005,66385325,1009202482,47571866424.742696,2607464060.584801,2883048662.201399,53062379147.528896,3039762,183928,458069,3681759
2024-10-03,NYSE Arca (P),178465210,397500496,571934176,1147899882,7595796070.542103,23030682741.261098,15452707215.168812,46079186026.972013,2148404,1679973,3037869,6866246
2024-10-03,NASDAQ (Q),354394854,192444324,1012455791,1559294969,18027253686.624005,12924223162.449696,60258105857.308304,91209582706.382005,5067879,1206804,7455982,13730665
2024-10-03,Members Exchange (U),53027546,52947854,152166235,258141635,2206959329.775800,2616378312.861903,3564925383.517800,8388263026.155503,691120,264288,703555,1658963
2024-10-03,Investors Exchange (V),135603352,55605140,108363596,299572088,7050231529.558901,2886672300.485201,5912304285.432802,15849208115.476904,1561920,264640,1218338,3044898
2024-10-03,NASDAQ PSX (X),5044556,5996248,7294753,18335557,313699649.623700,629952050.410400,403093979.215300,1346745679.249400,79534,36891,89362,205787
2024-10-03,BYX Equities (Y),26497074,18695492,30817083,76009649,1085318099.310400,918369202.668200,1171481040.343800,3175168342.322400,347996,107612,303546,759154
2024-10-03,BZX Equities (Z),157687051,125994211,176934051,460615313,7406472223.691801,7785273341.977399,9680052767.862200,24871798333.531400,2156916,693042,1813100,4663058
2024-10-02,NYSE American (A),5697512,18123450,6322543,30143505,253374377.249600,285202363.514200,251824091.918000,790400832.681800,65700,69053,52748,187501
2024-10-02,NASDAQ BX (B),10043682,13268006,14741227,38052915,690669369.176600,550322958.511800,732919258.691100,1973911586.379500,140355,86060,151260,377675
2024-10-02,NYSE National (C),13140500,12803949,13501588,39446037,384379932.742200,425564233.485500,362009520.369000,1171953686.596700,137059,59204,111781,308044
2024-10-02,FINRA / Nasdaq TRF Chicago (DB),7715390,5130269,15019249,27864908,301218895.760800,184968284.015600,916553846.378200,1402741026.154600,60700,23479,114357,198536
2024-10-02,FINRA / NYSE TRF (DN),70088385,68357349,172146630,310592364,2627437080.037000,2763138239.679701,4138527068.298599,9529102388.015300,506969,186864,591513,1285346
2024-10-02,FINRA / Nasdaq TRF Carteret (DQ),1671595208,1112142223,2694526214,5478263645,78857260298.828155,49642042698.145588,101252479362.864813,229751782359.838556,12813375,3484301,12992410,29290086
2024-10-02,MIAX Pearl (H),58177698,71548293,79835292,209561283,1319622279.950000,2190026103.594900,1557552255.981900,5067200639.526800,439006,230258,416176,1085440
2024-10-02,EDGA Equities (J),26219877,25680619,65680031,117580527,1142755117.960100,926131461.304300,1079151855.292900,3148038434.557300,312983,121504,312992,747479
2024-10-02,EDGX Equities (K),147591294,154457297,332533466,634582057,5737114926.318000,6758129389.468604,11918902609.288203,24414146925.074807,1190362,706254,1833506,3730122
2024-10-02,LTSE (L),0,0,3400,3400,0.000000,0.000000,288749.000000,288749.000000,0,0,9,9
2024-10-02,NYSE Chicago (M),13201913,29136738,26750305,69088956,1281484691.058500,3015195357.733100,2532833075.123299,6829513123.914899,133198,12345,121544,267087
2024-10-02,NYSE (N),899347240,47739030,67940199,1015026469,49237041768.225295,2696696956.917701,2701721483.796699,54635460208.939695,3025361,193502,486480,3705343
2024-10-02,NYSE Arca (P),201920411,449267585,578217470,1229405466,8971025906.127900,22809645221.530215,15972147669.882695,47752818797.540810,2267163,1730213,3379320,7376696
2024-10-02,NASDAQ (Q),384518055,206988980,1089394791,1680901826,19776189383.272099,12465650994.117703,61190464644.993979,93432305022.383781,5256057,1202886,7897070,14356013
2024-10-02,Members Exchange (U),61198170,54031769,152005149,267235088,2528893663.728301,2533576207.489699,3549807778.237898,8612277649.455898,732837,266833,779341,1779011
2024-10-02,Investors Exchange (V),147282059,62209834,121182461,330674354,7752638847.605901,2930326475.424300,6307097864.442100,16990063187.472301,1644597,284210,1330197,3259004
2024-10-02,NASDAQ PSX (X),5482546,6175303,7205609,18863458,327969774.987700,469226830.760900,385945816.338100,1183142422.086700,84541,34888,94414,213843
2024-10-02,BYX Equities (Y),29445350,23758160,35354183,88557693,1192294813.714000,928836194.803900,1288751548.276899,3409882556.794799,384425,116391,350052,850868
2024-10-02,BZX Equities (Z),170413857,139582745,192854843,502851445,8195354432.017096,7752718884.664105,9685555861.880000,25633629178.561201,2209960,700017,1957292,4867269
2024-10-01,NYSE American (A),5874383,26475391,6092032,38441806,269543825.031900,545082549.315700,314681288.007100,1129307662.354700,70491,101947,60787,233225
2024-10-01,NASDAQ BX (B),11535863,15238166,14700928,41474957,663655163.678600,729814370.100700,837288841.684900,2230758375.464200,161575,111689,163570,436834
2024-10-01,NYSE National (C),13246413,14635544,18180826,46062783,391915600.506300,523540414.093600,498805561.309800,1414261575.909700,146769,76502,136022,359293
2024-10-01,FINRA / Nasdaq TRF Chicago (DB),8347755,5281531,16339079,29968365,336230174.301100,220603101.255200,1066086161.461400,1622919437.017700,71041,29873,134032,234946
2024-10-01,FINRA / NYSE TRF (DN),72624051,72936373,187847865,333408289,3126958277.763202,2909581980.838700,5378893248.365900,11415433506.967802,550457,242878,677421,1470756
2024-10-01,FINRA / Nasdaq TRF Carteret (DQ),1738935752,1418324902,2838125670,5995386324,84465530592.843443,71121547187.500515,125858148181.289076,281445225961.633034,13525895,4421642,14802682,32750219
2024-10-01,MIAX Pearl (H),62233535,98818930,86780799,247833264,1441080585.482100,3295202201.961601,2199262556.038200,6935545343.481901,489515,343014,502347,1334876
2024-10-01,EDGA Equities (J),25468081,32034177,57218567,114720825,1031815513.504500,1163855699.834200,1303748288.384700,3499419501.723400,321070,147936,367447,836453
2024-10-01,EDGX Equities (K),154544453,209441182,363888213,727873848,5899983132.502398,9811981956.260303,14220421744.955202,29932386833.717903,1286700,956222,2076733,4319655
2024-10-01,LTSE (L),539,100,1000,1639,7082.460000,124.000000,1714.000000,8920.460000,2,1,10,13
2024-10-01,NYSE Chicago (M),16594050,12910898,20960619,50465567,1454327034.977700,1603205496.312700,2676158875.742500,5733691407.032900,132685,12053,126275,271013
2024-10-01,NYSE (N),972650600,68361102,84324087,1125335789,53331726219.372595,4340420450.532097,3949961882.956497,61622108552.861189,3543931,275269,605022,4424222
2024-10-01,NYSE Arca (P),192018529,571207198,555738429,1318964156,8476268961.110706,31140577135.760587,19687594187.624610,59304440284.495903,2245893,2349959,3747825,8343677
2024-10-01,NASDAQ (Q),408295582,274208881,1242402937,1924907400,21487409884.211500,19645307720.369413,79490481751.354078,120623199355.934991,5969576,1708763,9345528,17023867
2024-10-01,Members Exchange (U),66462655,84455154,150920700,301838509,2659956352.529600,4035719715.736298,4396526140.080400,11092202208.346298,792666,394737,928534,2115937
2024-10-01,Investors Exchange (V),150003092,72602291,128393533,350998916,7960966017.005699,3916313336.672099,7320536483.901401,19197815837.579199,1740020,341224,1455471,3536715
2024-10-01,NASDAQ PSX (X),6535079,8435701,9567861,24538641,407363294.370800,937476036.804100,548507135.446500,1893346466.621400,103979,49028,122029,275036
2024-10-01,BYX Equities (Y),31183237,28111283,37254884,96549404,1143150152.077000,1288818769.634900,1494349162.092700,3926318083.804600,398077,142713,391469,932259
2024-10-01,BZX Equities (Z),188072364,177578266,208879241,574529871,8799875067.856302,11759207311.115699,12176773425.084803,32735855804.056804,2492303,1035600,2378615,5906518
2024-09-30,NYSE American (A),6435143,27757321,6455687,40648151,282922727.160800,360263724.404400,307751617.827100,950938069.392300,76088,68298,59279,203665
2024-09-30,NASDAQ BX (B),10966243,11860317,12691992,35518552,689475368.664400,613263396.420800,705004767.298900,2007743532.384100,148188,88009,143588,379785
2024-09-30,NYSE National (C),15474032,14196852,14435335,44106219,461465238.527600,421341378.557200,413146426.764600,1295953043.849400,163181,55176,116379,334736
2024-09-30,FINRA / Nasdaq TRF Chicago (DB),9788783,4392516,15662427,29843726,321378284.851900,198147039.272400,975442130.372200,1494967454.496500,70971,24162,122404,217537
2024-09-30,FINRA / NYSE TRF (DN),77874739,54215956,193645535,325736230,2893887544.632900,2024213912.141300,4399584332.290199,9317685789.064399,551124,195539,676889,1423552
2024-09-30,FINRA / Nasdaq TRF Carteret (DQ),1755504064,964298122,2773857104,5493659290,79884853781.714138,54937426866.080487,106841507837.542292,241663788485.336917,12953743,3429229,13898776,30281748
2024-09-30,MIAX Pearl (H),61192127,68522927,86282154,215997208,1407854686.976900,2408487342.678499,1849343667.318200,5665685696.973599,470820,230342,477355,1178517
2024-09-30,EDGA Equities (J),27886974,21874298,58509111,108270383,1095108751.585700,860158831.652300,1171397022.887500,3126664606.125500,334551,110855,371755,817161
2024-09-30,EDGX Equities (K),164138053,131384085,350293849,645815987,5884964293.376801,6811782818.906998,12373754079.243400,25070501191.527199,1266045,643751,1898530,3808326
2024-09-30,LTSE (L),604,0,300,904,89246.340000,0.000000,6284.000000,95530.340000,8,0,3,11
2024-09-30,NYSE Chicago (M),21084835,24174160,17567567,62826562,1559480817.799100,5322052405.256401,2631075304.071901,9512608527.127402,114753,8790,115373,238916
2024-09-30,NYSE (N),1337593234,44734269,75575268,1457902771,73313592366.104504,2679818532.984399,2981727724.973100,78975138624.062003,3300845,178385,527972,4007202
2024-09-30,NYSE Arca (P),203323573,394237774,563275639,1160836986,8192761823.506001,26532460798.630907,15958444554.721200,50683667176.858108,2197761,1636411,3368062,7202234
2024-09-30,NASDAQ (Q),401229443,189596994,1312650972,1903477409,19943568520.329199,13938409852.659199,82672373307.605247,116554351680.593645,5369748,1189281,8125436,14684465
2024-09-30,Members Exchange (U),61141816,49608201,166123293,276873310,2402238174.156000,2531327272.571399,3496298878.302403,8429864325.029802,741189,246896,813019,1801104
2024-09-30,Investors Exchange (V),156671374,60387297,118958240,336016911,7646633395.738501,3126665809.397399,6610832398.019899,17384131603.155799,1716189,277778,1374733,3368700
2024-09-30,NASDAQ PSX (X),6267906,6588518,8782642,21639066,379495344.230300,535294553.176600,468224092.803200,1383013990.210100,92738,34417,105510,232665
2024-09-30,BYX Equities (Y),36699781,20792220,36651630,94143631,1417151971.808500,878546461.903800,1490143509.125800,3785841942.838100,463186,106661,404330,974177
2024-09-30,BZX Equities (Z),173835743,126692602,194845304,495373649,7903719335.748000,8556041069.025396,9905820025.880402,26365580430.653798,2267086,671706,2018170,4956962
2024-09-27,NYSE American (A),6521113,17499228,7228408,31248749,317939174.290100,290166647.837200,368837556.753800,976943378.881100,82682,68309,67237,218228
2024-09-27,NASDAQ BX (B),8854754,11409729,11226945,31491428,578330961.180100,551922395.830000,595152797.738200,1725406154.748300,129664,74108,129458,333230
2024-09-27,NYSE National (C),13716332,11024401,12342360,37083093,467896883.604400,374968808.023700,406435795.958800,1249301487.586900,158889,54945,118694,332528
2024-09-27,FINRA / Nasdaq TRF Chicago (DB),8502043,4077224,15616627,28195894,317015528.178600,159716428.074100,1020476217.775600,1497208174.028300,57440,19278,111675,188393
2024-09-27,FINRA / NYSE TRF (DN),59106470,49916293,174704810,283727573,2520913688.641200,1609527096.986801,4616417310.720000,8746858096.348001,370068,127780,528575,1026423
2024-09-27,FINRA / Nasdaq TRF Carteret (DQ),1785526733,936697074,2620860949,5343084756,82354652249.518711,50593492903.594411,109370658089.527427,242318803242.640549,12633004,3212126,13158432,29003562
2024-09-27,MIAX Pearl (H),65074637,64204919,81276832,210556388,1572275013.645600,2300457997.132800,2012019367.901399,5884752378.679799,510655,238284,502019,1250958
2024-09-27,EDGA Equities (J),24097774,20358861,50171051,94627686,933495683.151400,803079053.547600,956978305.712000,2693553042.411000,297924,107983,301549,707456
2024-09-27,EDGX Equities (K),148702086,129170450,358599647,636472183,5688851514.910700,6321763844.680501,12165076663.508700,24175692023.099901,1189954,612101,1839574,3641629
2024-09-27,LTSE (L),0,0,200,200,0.000000,0.000000,3442.000000,3442.000000,0,0,2,2
2024-09-27,NYSE Chicago (M),16035144,16869097,20111366,53015607,1464198829.138200,2416820382.588800,2587322660.237497,6468341871.964497,123135,9084,120191,252410
2024-09-27,NYSE (N),950956303,44486328,74710378,1070153009,51813779077.087900,2536247146.893500,3171485279.322300,57521511503.303700,3164063,174859,524112,3863034
2024-09-27,NYSE Arca (P),179532190,365057806,481540784,1026130780,7985527541.484002,22608351004.894385,15712530867.885292,46306409414.263679,2105921,1502359,3234797,6843077
2024-09-27,NASDAQ (Q),369079425,187287405,1112679250,1669046080,19755116590.663604,12462466718.095102,67927335755.732295,100144919064.491001,5355703,1093793,8085550,14535046
2024-09-27,Members Exchange (U),59476465,48251670,136147602,243875737,2335925988.716800,2349801399.427900,3601929111.831101,8287656499.975801,698369,241955,783138,1723462
2024-09-27,Investors Exchange (V),151937680,55954813,121322892,329215385,7895630234.021299,2848042336.663200,6734158940.970502,17477831511.655001,1686183,262295,1373581,3322059
2024-09-27,NASDAQ PSX (X),5402001,7882489,7797102,21081592,347334639.757300,523065370.663900,425017494.729000,1295417505.150200,88350,33310,98127,219787
2024-09-27,BYX Equities (Y),30313421,19889734,31818847,82022002,1205993728.611400,866559539.147900,1187918979.315800,3260472247.075100,409571,109185,355743,874499
2024-09-27,BZX Equities (Z),169519800,122040072,193966408,485526280,8156801702.330703,7681845412.673996,10704046843.166198,26542693958.170897,2284272,642354,2086979,5013605
2024-09-26,NYSE American (A),7282503,22622432,6689223,36594158,344139686.978700,339187501.270100,368815741.153900,1052142929.402700,92628,80425,71628,244681
2024-09-26,NASDAQ BX (B),10370548,12393204,13790124,36553876,739283565.065600,546291227.632600,852423174.047000,2137997966.745200,153348,72020,160065,385433
2024-09-26,NYSE National (C),16184965,11127704,14778938,42091607,502488978.381300,392998677.919700,468737388.751000,1364225045.052000,180567,59714,135786,376067
2024-09-26,FINRA / Nasdaq TRF Chicago (DB),8726921,4053536,16634998,29415455,358449989.158000,189499234.762700,1238633781.208600,1786583005.129300,62802,21480,127764,212046
2024-09-26,FINRA / NYSE TRF (DN),66901877,58528557,174984200,300414634,2418427610.199900,2016783406.908600,4952872978.903500,9388083996.012000,423280,139498,601828,1164606
2024-09-26,FINRA / Nasdaq TRF Carteret (DQ),1898826408,1054298886,2732540136,5685665430,92159687013.019698,57173453654.926953,125863710492.077243,275196851160.023894,13784308,3292749,13869371,30946428
2024-09-26,MIAX Pearl (H),71241868,67616490,84526322,223384680,1699733668.438300,2361267096.972600,2218220311.686400,6279221077.097300,551960,270523,543798,1366281
2024-09-26,EDGA Equities (J),27834357,23560204,53992587,105387148,1144575489.811400,872874227.174200,1237905861.723900,3255355578.709500,345228,126159,330180,801567
2024-09-26,EDGX Equities (K),167557885,142542301,354412761,664512947,6714588977.689799,6937962732.329099,15224328557.266192,28876880267.285090,1393478,713999,2154469,4261946
2024-09-26,NYSE Chicago (M),18174187,30410596,26804557,75389340,1499418177.022500,3152645205.290900,3551251958.035501,8203315340.348901,135701,10800,128605,275106
2024-09-26,NYSE (N),1070914896,50656261,81979730,1203550887,58794167735.476095,2771128839.416999,3908658798.542701,65473955373.435795,3734519,195626,586947,4517092
2024-09-26,NYSE Arca (P),211104569,437830383,491783531,1140718483,9679725997.759597,25067522702.287697,20647026684.428814,55394275384.476108,2373749,1831425,3819361,8024535
2024-09-26,NASDAQ (Q),436103049,210028687,1216134284,1862266020,23162580632.631500,13801560117.354802,80753066588.244924,117717207338.231226,6072901,1256208,9295288,16624397
2024-09-26,Members Exchange (U),67941340,53048772,141344215,262334327,2796846836.179300,2632121592.998100,4392656024.998299,9821624454.175699,813537,278538,871722,1963797
2024-09-26,Investors Exchange (V),172187167,61036029,131435035,364658231,8919517397.976401,3183886890.132500,7792809255.355801,19896213543.464702,1917390,303158,1495994,3716542
2024-09-26,NASDAQ PSX (X),6187592,6246256,8843856,21277704,406312030.874300,450491186.069900,567347797.969900,1424151014.914100,114403,33958,131201,279562
2024-09-26,BYX Equities (Y),36541106,22487129,37192538,96220773,1373484183.366800,959597262.331600,1537402511.191500,3870483956.889900,478031,123295,424403,1025729
2024-09-26,BZX Equities (Z),206274417,133838782,213948167,554061366,9635442287.832003,8454137382.267804,12854634446.953491,30944214117.053298,2640672,730933,2350886,5722491
2024-09-25,NYSE American (A),5857540,22372446,5423967,33653953,284850997.376300,302021714.878700,257542893.307400,844415605.562400,77282,73994,57949,209225
2024-09-25,NASDAQ BX (B),9137896,8232423,11789310,29159629,616596466.019600,438686243.279400,621869486.221600,1677152195.520600,144301,63470,140563,348334
2024-09-25,NYSE National (C),11753042,7648432,13090548,32492022,416241991.062200,276206211.678000,389885351.859300,1082333554.599500,156440,43512,119361,319313
2024-09-25,FINRA / Nasdaq TRF Chicago (DB),6366335,2936504,12787327,22090166,300918231.795700,128590156.357300,825949938.655400,1255458326.808400,49130,15256,95004,159390
2024-09-25,FINRA / NYSE TRF (DN),59769944,43093729,149594205,252457878,2729969127.131401,1313567310.573800,4397536917.714703,8441073355.419904,380444,109813,527907,1018164
2024-09-25,FINRA / Nasdaq TRF Carteret (DQ),1619310731,992179397,2484506703,5095996831,80501199671.631422,77869246272.362261,112206406134.980341,270576852078.974024,12600165,2992651,13186271,28779087
2024-09-25,MIAX Pearl (H),54225892,51249161,66105592,171580645,1340949562.538000,1774016320.239000,1747513445.421000,4862479328.198000,435027,198344,428611,1061982
2024-09-25,EDGA Equities (J),23038129,21567907,45249695,89855731,975943256.944200,626975219.934900,951135171.635100,2554053648.514200,305362,97667,290258,693287
2024-09-25,EDGX Equities (K),128551932,115735078,292228960,536515970,5294898534.890799,5389176355.065102,11858288784.795988,22542363674.751889,1125811,552615,1768252,3446678
2024-09-25,LTSE (L),100,0,0,100,3458.000000,0.000000,0.000000,3458.000000,1,0,0,1
2024-09-25,NYSE Chicago (M),16066374,20668966,19552356,56287696,1568061082.678700,1872538322.630800,3065928844.866700,6506528250.176200,114389,7209,110365,231963
2024-09-25,NYSE (N),968696623,37001030,64467856,1070165509,53923045238.289209,2165703907.198600,2906187066.913100,58994936212.400909,2973682,152432,477764,3603878
2024-09-25,NYSE Arca (P),157166589,338061066,394881845,890109500,7614544225.740301,19288273360.114301,14792049447.361499,41694867033.216101,1930790,1380842,3096860,6408492
2024-09-25,NASDAQ (Q),334398933,141763059,1042281763,1518443755,18322210265.168604,10123956356.731105,63940995131.109383,92387161753.009092,5023993,926224,7625309,13575526
2024-09-25,Members Exchange (U),49659996,46813440,111188819,207662255,2133944357.929800,1862088244.001000,3369289616.285701,7365322218.216501,647633,211295,703181,1562109
2024-09-25,Investors Exchange (V),134446321,45770538,114830900,295047759,7428951506.864200,2466156419.393500,6388300508.952899,16283408435.210599,1614690,238672,1314932,3168294
2024-09-25,NASDAQ PSX (X),5209310,4834814,6643654,16687778,340350685.113800,401949221.215800,412453069.141200,1154752975.470800,90653,26100,98858,215611
2024-09-25,BYX Equities (Y),28639185,16619615,31147420,76406220,1068991263.378300,726877992.161900,1108600359.412100,2904469614.952300,422571,94279,378056,894906
2024-09-25,BZX Equities (Z),152564072,95522570,171747345,419833987,7449598126.574499,6597396170.056204,9410318921.883098,23457313218.513801,2094675,552539,1912165,4559379
2024-09-24,NYSE American (A),7113127,20324169,6299407,33736703,331020291.144200,291643703.985200,337700567.414300,960364562.543700,86888,71328,68271,226487
2024-09-24,NASDAQ BX (B),8910517,11237183,12765023,32912723,615005566.037900,505213834.978500,637738743.962300,1757958144.978700,126191,70006,134521,330718
2024-09-24,NYSE National (C),13568345,10149953,13276899,36995197,416170968.079600,340984279.434900,381865965.916500,1139021213.431000,166615,49858,124114,340587
2024-09-24,FINRA / Nasdaq TRF Chicago (DB),7703194,4038662,14653738,26395594,312927501.594600,186402340.584400,992440911.464200,1491770753.643200,53583,19533,108656,181772
2024-09-24,FINRA / NYSE TRF (DN),64703410,47190421,162148189,274042020,2972557806.318700,1591959603.782000,4714635758.587302,9279153168.688002,393233,122727,550098,1066058
2024-09-24,FINRA / Nasdaq TRF Carteret (DQ),1687408141,960842864,2645935491,5294186496,85069883674.898913,50604901653.601883,120624036415.357222,256298821743.858018,12915146,3202729,13388109,29505984
2024-09-24,MIAX Pearl (H),58109704,61995802,75211761,195317267,1346081014.557500,2273269011.569401,2003177316.612400,5622527342.739301,473094,220248,479253,1172595
2024-09-24,EDGA Equities (J),24460786,21505155,58039439,104005380,1052971727.008500,865691809.612400,1114196037.873900,3032859574.494800,318015,104333,350714,773062
2024-09-24,EDGX Equities (K),144871036,129735486,336925160,611531682,5751284646.855000,6401368640.158701,13467262901.300301,25619916188.314002,1200146,585760,1931796,3717702
2024-09-24,NYSE Chicago (M),20410770,27994015,17508667,65913452,1594872590.702300,3166855300.487700,2346170430.980600,7107898322.170600,122559,8408,117560,248527
2024-09-24,NYSE (N),1002330431,46220047,71793078,1120343556,57059705100.331189,2387317808.679300,3163034374.288801,62610057283.299290,3023827,168282,503379,3695488
2024-09-24,NYSE Arca (P),174390917,371329320,487198354,1032918591,8014074907.299303,23100352350.348514,15779836146.903597,46894263404.551414,1936146,1441220,3313880,6691246
2024-09-24,NASDAQ (Q),372290358,181848908,1183939214,1738078480,19923664869.355092,12357893988.098899,77496982669.864313,109778541527.318304,5355416,1076125,8053223,14484764
2024-09-24,Members Exchange (U),57754048,45689382,133493675,236937105,2286505024.850100,2345606981.314699,3835284283.540998,8467396289.705797,704349,230378,792111,1726838
2024-09-24,Investors Exchange (V),150234240,62225245,126312322,338771807,8194063989.986702,3011046523.939601,6818939697.596299,18024050211.522602,1744011,272771,1384632,3401414
2024-09-24,NASDAQ PSX (X),6470992,6948402,8120124,21539518,428710780.299700,520602142.623100,468283049.955600,1417595972.878400,117371,33061,127990,278422
2024-09-24,BYX Equities (Y),28186913,20727920,35279779,84194612,1100277157.406000,924231430.942800,1267009554.305200,3291518142.654000,420003,102928,410867,933798
2024-09-24,BZX Equities (Z),162122284,118452326,181605882,462180492,7714357891.714601,7681782026.396003,9990857688.000700,25386997606.111304,2213483,633564,2003964,4851011
2024-09-23,NYSE American (A),4547631,21863363,4654697,31065691,218155371.873100,288870142.324200,204182719.058200,711208233.255500,62921,65397,48015,176333
2024-09-23,NASDAQ BX (B),7817384,7119619,10449105,25386108,514406709.979000,376053494.389700,524627149.612500,1415087353.981200,120346,58541,128533,307420
2024-09-23,NYSE National (C),11547897,6496381,13810549,31854827,388854245.188400,252651777.192600,379549275.377000,1021055297.758000,159885,40039,129485,329409
2024-09-23,FINRA / Nasdaq TRF Chicago (DB),6730744,3154083,12150881,22035708,270884669.614600,164165537.060200,854423297.250800,1289473503.925600,50900,16633,94671,162204
2024-09-23,FINRA / NYSE TRF (DN),53073504,34232944,167967384,255273832,2370085038.281901,1226550378.576400,3969780998.247503,7566416415.105804,335499,102087,525787,963373
2024-09-23,FINRA / Nasdaq TRF Carteret (DQ),1554078228,877276778,2586673226,5018028232,78463635448.427303,75846958452.403018,106248266245.526767,260558860146.357088,12527867,3032999,13403798,28964664
2024-09-23,MIAX Pearl (H),46800832,53043485,65218686,165063003,1036805501.431600,1848524698.301600,1413066971.767300,4298397171.500500,382096,182283,393699,958078
2024-09-23,EDGA Equities (J),21435543,15844565,46102046,83382154,930125282.885100,624169058.157300,914321568.265200,2468615909.307600,309941,84543,314001,708485
2024-09-23,EDGX Equities (K),126242741,98773215,325646900,550662856,5078504479.527701,5157641706.759205,10998248712.648798,21234394898.935704,1131073,503918,1852031,3487022
2024-09-23,LTSE (L),400,0,21,421,13721.000000,0.000000,95.960000,13816.960000,4,0,2,6
2024-09-23,NYSE Chicago (M),16032285,13399889,19357900,48790074,1751977937.068300,2166943094.735201,2980027698.071100,6898948729.874601,116820,5718,115153,237691
2024-09-23,NYSE (N),978342335,37139663,69209061,1084691059,55153351199.055598,2132171937.842200,2695245660.397399,59980768797.295197,2939961,146717,504028,3590706
2024-09-23,NYSE Arca (P),145171848,281416743,511443548,938032139,6890619485.597096,18248169676.114102,13521287977.334095,38660077139.045293,1753954,1216259,3188962,6159175
2024-09-23,NASDAQ (Q),336195018,142225583,1132059145,1610479746,18051250324.870198,10124782277.740200,68285490144.962878,96461522747.573276,5098559,949511,7716509,13764579
2024-09-23,Members Exchange (U),52366375,36281431,128602463,217250269,2140930508.917600,1792736817.269801,3186073932.662999,7119741258.850400,680604,190582,757754,1628940
2024-09-23,Investors Exchange (V),123648914,49111773,108661157,281421844,6736021215.590499,2428964877.189300,5707600124.373598,14872586217.153397,1528312,238622,1283024,3049958
2024-09-23,NASDAQ PSX (X),4046900,5472217,7714298,17233415,250647012.222200,405577053.806300,351201312.931400,1007425378.959900,68308,25732,84548,178588
2024-09-23,BYX Equities (Y),25203562,14391307,30951099,70545968,938090767.003700,669205456.777400,1024719213.710000,2632015437.491100,369227,82653,347170,799050
2024-09-23,BZX Equities (Z),148226367,89517150,173546234,411289751,7226732040.179601,5990135591.466102,8651120567.005600,21867988198.651303,2151339,554211,1981193,4686743
2024-09-20,NYSE American (A),6739287,166503277,8171496,181414060,335187166.634400,900327283.962800,322139640.342200,1557654090.939400,78403,80729,61997,221129
2024-09-20,NASDAQ BX (B),11183170,7317466,14635749,33136385,889416562.513800,378294848.412300,862921714.234000,2130633125.160100,167153,50296,160438,377887
2024-09-20,NYSE National (C),17879050,8399557,15677846,41956453,618654160.621500,306744762.690200,402877632.231600,1328276555.543300,211481,49382,147507,408370
2024-09-20,FINRA / Nasdaq TRF Chicago (DB),5972537,3740917,13482205,23195659,308400734.955200,179240014.857700,832163926.531400,1319804676.344300,47139,16846,89765,153750
2024-09-20,FINRA / NYSE TRF (DN),57891520,41110391,287217106,386219017,2753028046.060500,1416817093.008400,7242345718.835499,11412190857.904399,361041,110624,554428,1026093
2024-09-20,FINRA / Nasdaq TRF Carteret (DQ),2731025382,1007298697,4350312155,8088636234,154796752920.735340,65745817898.715289,189662099524.967957,410204670344.418586,14662776,3336943,14687241,32686960
2024-09-20,MIAX Pearl (H),73428302,59222154,93655821,226306277,2238963724.837200,2447814258.938300,2399955956.854600,7086733940.630100,664988,253635,586142,1504765
2024-09-20,EDGA Equities (J),28777638,20875078,78377730,128030446,1321774216.556500,663362645.092200,1330594104.573300,3315730966.222000,375849,106237,371016,853102
2024-09-20,EDGX Equities (K),153203498,119199683,390807302,663210483,6815187433.728999,6095809386.626503,12632715813.968590,25543712634.324092,1371821,619496,2072614,4063931
2024-09-20,LTSE (L),56375,80586,802797,939758,2015515.610000,8182906.890000,7408229.150000,17606651.650000,303,208,473,984
2024-09-20,NYSE Chicago (M),26411338,24672522,34265765,85349625,2432281391.860100,4835602174.832101,5269893863.955199,12537777430.647400,120941,7141,118951,247033
2024-09-20,NYSE (N),4037250199,44307410,79978947,4161536556,237459732807.808342,2677646882.973800,4042279297.069001,244179658987.851143,3777323,178436,639037,4594796
2024-09-20,NYSE Arca (P),193628906,361939429,724949590,1280517925,9994522769.299599,24923477534.026917,18453333027.698112,53371333331.024628,2254857,1534415,3689642,7478914
2024-09-20,NASDAQ (Q),439430115,174925534,3697992212,4312347861,24785715841.078304,13707141776.949899,240568581863.022850,279061439481.051053,6475824,1127862,9594608,17198294
2024-09-20,Members Exchange (U),70903369,51434212,194818993,317156574,3286038769.388200,2497996357.595401,4737204899.061302,10521240026.044903,945484,262690,983408,2191582
2024-09-20,Investors Exchange (V),163363009,47680628,141306580,352350217,9314052696.869100,2851669964.870200,8542997612.090501,20708720273.829801,2014889,259400,1616454,3890743
2024-09-20,NASDAQ PSX (X),7744854,5476688,10124317,23345859,534130047.371200,519979041.599300,578827233.814000,1632936322.784500,107028,30295,115205,252528
2024-09-20,BYX Equities (Y),34749196,17362920,42758178,94870294,1543918319.512700,765574191.435500,1504634954.368700,3814127465.316900,467540,99611,427962,995113
2024-09-20,BZX Equities (Z),200742957,109825572,231025787,541594316,10286979212.287696,8092136096.394300,13064238992.020607,31443354300.702603,2776773,668786,2505669,5951228
2024-09-19,NYSE American (A),5502328,24720367,5746101,35968796,275490433.216300,457470405.925200,346812556.733400,1079773395.874900,69549,91843,57322,218714
2024-09-19,NASDAQ BX (B),9644816,9742362,13414222,32801400,736166439.274400,527814393.226600,849111154.947400,2113091987.448400,152771,72854,162090,387715
2024-09-19,NYSE National (C),13390131,9108081,13918354,36416566,444349376.029100,328021384.807600,417835861.409900,1190206622.246600,168490,56124,136092,360706
2024-09-19,FINRA / Nasdaq TRF Chicago (DB),6173945,4311508,13908626,24394079,319996545.736800,207737582.531400,905445083.708400,1433179211.976600,51570,19172,102399,173141
2024-09-19,FINRA / NYSE TRF (DN),52003060,67461671,166063346,285528077,2074309801.141100,1673454428.023400,6180842729.342897,9928606958.507397,372448,142009,590828,1105285
2024-09-19,FINRA / Nasdaq TRF Carteret (DQ),1709663344,1284306208,2667825480,5661795032,88603043213.869004,60890972949.385470,128182207340.812534,277676223504.067008,13886824,3710338,14776142,32373304
2024-09-19,MIAX Pearl (H),62844066,68273006,85038273,216155345,1673570456.891400,2719074540.874200,2578741154.015599,6971386151.781199,579457,279949,574417,1433823
2024-09-19,EDGA Equities (J),27184408,32413149,43344205,102941762,1089130325.548200,748511939.529800,1123481277.083200,2961123542.161200,342355,125777,327913,796045
2024-09-19,EDGX Equities (K),143463684,156967301,348950101,649381086,6488223779.825301,7803590710.139099,14872820918.898895,29164635408.863295,1334663,755954,2256493,4347110
2024-09-19,LTSE (L),57542,295011,360398,712951,2803636.250000,11850625.760000,9892790.580000,24547052.590000,266,160,248,674
2024-09-19,NYSE Chicago (M),12966273,21299262,23148951,57414486,1437155253.864400,3175062316.235600,3824411990.050699,8436629560.150699,126237,6823,128280,261340
2024-09-19,NYSE (N),1047000427,45072717,75171913,1167245057,61284497179.352789,3226929740.938101,4252126552.687201,68763553472.978091,3501281,204791,633633,4339705
2024-09-19,NYSE Arca (P),180710305,470518518,468672181,1119901004,9317508843.901603,26613404892.484513,20253365320.858809,56184279057.244925,2185289,1881713,3892457,7959459
2024-09-19,NASDAQ (Q),410766990,207470122,1290962627,1909199739,24152539545.398803,16252461535.741400,90261485472.036250,130666486553.176453,6320582,1332524,9732408,17385514
2024-09-19,Members Exchange (U),61852920,77026332,123843268,262722520,2947868791.246300,3138353307.571601,4607618454.855700,10693840553.673601,835418,331110,922603,2089131
2024-09-19,Investors Exchange (V),159425137,57337061,137258839,354021037,9424763934.627399,3312534010.176100,8590329157.462199,21327627102.265698,1853942,291190,1539541,3684673
2024-09-19,NASDAQ PSX (X),5869288,5940225,8714554,20524067,389585279.038300,601526820.619600,513386315.825500,1504498415.483400,94253,34406,110613,239272
2024-09-19,BYX Equities (Y),27803040,19103467,31832996,78739503,1229733148.335900,841304125.305000,1424292113.361100,3495329387.002000,429195,107348,389096,925639
2024-09-19,BZX Equities (Z),177092964,121801077,197861869,496755910,9504210483.686202,8994055191.759691,12692608383.320903,31190874058.766796,2629817,741701,2455763,5827281
2024-09-18,NYSE American (A),5426571,24847878,5749321,36023770,237124311.256300,366778783.336600,286129346.858100,890032441.451000,67647,86339,58644,212630
2024-09-18,NASDAQ BX (B),8223729,9907430,11756193,29887352,526902783.943400,593775548.414900,582834500.012700,1703512832.371000,126324,66778,130526,323628
2024-09-18,NYSE National (C),12742804,12233580,15129314,40105698,436057835.918700,453531599.701300,426153181.975800,1315742617.595800,165756,70425,137704,373885
2024-09-18,FINRA / Nasdaq TRF Chicago (DB),6178993,4004654,15228045,25411692,267368947.454200,216784882.838000,941692015.307900,1425845845.600100,43238,18555,102985,164778
2024-09-18,FINRA / NYSE TRF (DN),49082107,37981504,176860870,263924481,2094526746.195000,1406303723.320500,4798037769.620999,8298868239.136499,324896,110819,562578,998293
2024-09-18,FINRA / Nasdaq TRF Carteret (DQ),1523566588,915174238,2703741209,5142482035,73989685814.810218,52168509499.771191,111018957116.637583,237177152431.218992,12328053,3274839,13580963,29183855
2024-09-18,MIAX Pearl (H),69025310,91442965,94628411,255096686,1608923803.793000,3394344474.534301,2512593315.305700,7515861593.633001,618920,349621,632364,1600905
2024-09-18,EDGA Equities (J),23460143,19744823,47531181,90736147,937902009.429000,954160251.553600,1075625358.699300,2967687619.681900,330051,130485,345741,806277
2024-09-18,EDGX Equities (K),146710527,157789324,346847593,651347444,5647125783.616100,9340513852.571602,13394950593.415297,28382590229.602999,1294193,906380,2193119,4393692
2024-09-18,LTSE (L),31135,125792,651741,808668,2389448.370000,4207181.580000,28592595.760000,35189225.710000,289,124,1294,1707
2024-09-18,NYSE Chicago (M),14182823,6178283,23552674,43913780,1370740271.732900,1129465205.959800,3244185892.187099,5744391369.879799,149759,10576,144587,304922
2024-09-18,NYSE (N),945041392,62545066,89647984,1097234442,49760599567.578796,3980555615.271502,3803585344.548399,57544740527.398697,3725236,271928,653814,4650978
2024-09-18,NYSE Arca (P),162952314,413661275,494764573,1071378162,7774079072.780006,28216937871.713623,17634210445.469602,53625227389.963231,2098913,2132837,3875331,8107081
2024-09-18,NASDAQ (Q),385525752,251173908,1226404235,1863103895,21410293544.907994,19754446399.650612,72953517466.364785,114118257410.923391,6226182,1782395,9595852,17604429
2024-09-18,Members Exchange (U),58793875,53822291,130907234,243523400,2419358885.400800,3071993277.445100,4092561653.807801,9583913816.653701,858068,334775,954239,2147082
2024-09-18,Investors Exchange (V),140544987,57398609,123188380,321131976,7843901881.074302,3152106198.731600,6734717596.057200,17730725675.863102,1674181,294732,1390019,3358932
2024-09-18,NASDAQ PSX (X),5761813,8307204,8362291,22431308,368598494.682200,870841541.943000,517978632.148200,1757418668.773400,100069,51302,116331,267702
2024-09-18,BYX Equities (Y),25915319,18208382,33313787,77437488,1047980198.957800,985314052.484500,1299668352.226700,3332962603.669000,388164,121611,378422,888197
2024-09-18,BZX Equities (Z),178957526,150568721,218138555,547664802,8479205041.309303,11485282298.521405,11977206344.235902,31941693684.066610,2618734,1061239,2501543,6181516
2024-09-17,NYSE American (A),5273796,16996749,5263114,27533659,240296660.232100,310472953.431400,263402291.447900,814171905.111400,68874,63766,52039,184679
2024-09-17,NASDAQ BX (B),8698745,7270024,10806295,26775064,639231673.297200,388008387.718400,590185040.747100,1617425101.762700,138418,46283,142043,326744
2024-09-17,NYSE National (C),13012443,7598857,12448191,33059491,451099357.711000,276239733.756200,382005783.312800,1109344874.780000,177288,43860,138688,359836
2024-09-17,FINRA / Nasdaq TRF Chicago (DB),5793537,2963591,14273906,23031034,274736200.289500,190708215.113300,896887023.542300,1362331438.945100,45152,16237,100762,162151
2024-09-17,FINRA / NYSE TRF (DN),52061800,35979330,158108678,246149808,2041887627.558700,1448888917.084001,4767589110.969302,8258365655.612003,364402,101854,536203,1002459
2024-09-17,FINRA / Nasdaq TRF Carteret (DQ),1527662791,836562125,2481809567,4846034483,75343736132.092620,49184760650.441321,101123268103.960382,225651764886.494323,12789249,3029982,13572649,29391880
2024-09-17,MIAX Pearl (H),55005972,61143901,74913047,191062920,1369518117.196800,2241579812.921000,1936955717.667800,5548053647.785600,525861,231331,533550,1290742
2024-09-17,EDGA Equities (J),22397926,14944182,43697156,81039264,906159836.062100,649570025.935200,913007667.175800,2468737529.173100,317063,85649,319852,722564
2024-09-17,EDGX Equities (K),130459832,108002317,287202223,525664372,5190919254.846199,6096882934.232900,10954171886.382698,22241974075.461797,1169291,553936,1866582,3589809
2024-09-17,LTSE (L),146363,8083,658300,812746,3878560.430000,345846.860000,15506065.270000,19730472.560000,163,77,1341,1581
2024-09-17,NYSE Chicago (M),13275049,10347804,18105001,41727854,1048663955.548400,1362512229.731600,2902818942.829299,5313995128.109299,112946,7978,123181,244105
2024-09-17,NYSE (N),817996605,35663359,63947721,917607685,45986777522.232689,2289921326.901201,2907373052.763800,51184071901.897690,3185823,156470,536676,3878969
2024-09-17,NYSE Arca (P),149273867,295688102,435387346,880349315,6962695981.397200,19788289330.255807,14400756498.406607,41151741810.059614,1870871,1359574,3353681,6584126
2024-09-17,NASDAQ (Q),345839342,158098875,1039506352,1543444569,19250025066.526002,12341781711.787501,61203075371.640916,92794882149.954419,5473540,1082934,8284751,14841225
2024-09-17,Members Exchange (U),52982007,41284528,117850960,212117495,2226835808.325200,2248334316.451200,3525133617.280400,8000303742.056800,744769,222672,811494,1778935
2024-09-17,Investors Exchange (V),131834071,42578513,114942297,289354881,7655244981.692001,2443687926.888500,6393087403.347401,16492020311.927902,1658674,220683,1382428,3261785
2024-09-17,NASDAQ PSX (X),4972850,4772251,6509250,16254351,312386442.991600,469876481.116100,348462662.909500,1130725587.017200,83208,27683,90390,201281
2024-09-17,BYX Equities (Y),26447268,15084043,28755045,70286356,1095910876.726100,701223999.094800,1101124479.117200,2898259354.938100,423063,86979,386869,896911
2024-09-17,BZX Equities (Z),151943809,100412097,177551249,429907155,7363002478.624000,7361994951.721499,9460490068.919899,24185487499.265398,2209795,615974,2056297,4882066
2024-09-16,NYSE American (A),4873138,16962452,5117526,26953116,224116341.502300,262046139.702100,233773829.490700,719936310.695100,65043,58325,50838,174206
2024-09-16,NASDAQ BX (B),7472659,6780250,10548323,24801232,513232823.889100,386848706.201300,570515248.941900,1470596779.032300,119954,56545,130585,307084
2024-09-16,NYSE National (C),11390483,7339675,12462766,31192924,347911908.603000,260496044.390200,314728577.851400,923136530.844600,153131,41483,120569,315183
2024-09-16,FINRA / Nasdaq TRF Chicago (DB),5937008,2568990,12755897,21261895,283265607.337000,135327641.082800,888073455.343700,1306666703.763500,47672,13557,99186,160415
2024-09-16,FINRA / NYSE TRF (DN),51656845,30985438,134740697,217382980,2194121065.352300,1184056850.824600,3624911592.822100,7003089508.999000,364977,100638,545916,1011531
2024-09-16,FINRA / Nasdaq TRF Carteret (DQ),1580098286,786705320,2423997678,4790801284,78151543772.571187,44858800752.605414,102210533374.256078,225220877899.432679,12791825,2992545,13879955,29664325
2024-09-16,MIAX Pearl (H),56794178,46644577,70337884,173776639,1414938668.419500,1790415060.896400,1805748100.216600,5011101829.532500,526394,197460,532104,1255958
2024-09-16,EDGA Equities (J),21182205,13068152,41702733,75953090,865451125.792000,526402806.545200,878863134.323500,2270717066.660700,300494,77219,303291,681004
2024-09-16,EDGX Equities (K),126311590,91849953,269028584,487190127,5292122301.957100,4713461807.630095,10224466568.932403,20230050678.519598,1139453,476812,1847755,3464020
2024-09-16,LTSE (L),50197,35158,196641,281996,6682845.260000,1010178.110000,2994735.490000,10687758.860000,518,146,661,1325
2024-09-16,NYSE Chicago (M),14394966,9843375,16417331,40655672,1460206914.846100,1764309983.671500,1608808778.861900,4833325677.379500,117291,7669,124035,248995
2024-09-16,NYSE (N),797983590,30399224,65060059,893442873,44337002311.654612,1905516233.688000,2687103187.839699,48929621733.182311,2934776,132021,521160,3587957
2024-09-16,NYSE Arca (P),141816999,254409983,377289353,773516335,6500948555.507999,16185678717.251193,13102970597.298299,35789597870.057491,1694576,1157195,3145157,5996928
2024-09-16,NASDAQ (Q),338012480,132393648,958363215,1428769343,18352366107.264999,9735505579.918500,57021906533.947334,85109778221.130833,5232230,905517,7763004,13900751
2024-09-16,Members Exchange (U),52227162,32478352,105814001,190519515,2217857123.271400,1761988386.133100,3136197134.606299,7116042644.010799,723561,178338,806822,1708721
2024-09-16,Investors Exchange (V),133260929,35335292,112035530,280631751,7340985212.610899,1935686644.138500,6232379186.733900,15509051043.483299,1608319,201793,1352565,3162677
2024-09-16,NASDAQ PSX (X),4511471,4332517,6730828,15574816,276367722.196100,399012445.797200,313770433.830400,989150601.823700,76446,25509,91956,193911
2024-09-16,BYX Equities (Y),23986932,14259648,29309564,67556144,975716809.953000,641063282.935700,1009131054.657000,2625911147.545700,368817,81460,354192,804469
2024-09-16,BZX Equities (Z),149200180,83857408,167250200,400307788,7105772491.865199,5601386066.009999,8426563888.248801,21133722446.123999,2153756,503459,1987367,4644582
2024-09-13,NYSE American (A),5894616,18411690,5288800,29595106,269436450.637500,289807646.954500,246161852.149800,805405949.741800,69248,60065,55326,184639
2024-09-13,NASDAQ BX (B),8880173,6314029,10956505,26150707,548968345.202900,339490898.521800,575665166.046600,1464124409.771300,133867,55124,144388,333379
2024-09-13,NYSE National (C),11833612,6817696,12666532,31317840,346230834.350900,248844453.019300,301519273.831100,896594561.201300,151231,41030,122344,314605
2024-09-13,FINRA / Nasdaq TRF Chicago (DB),6435142,2759921,12702812,21897875,308798088.123600,163312399.540400,867007600.108600,1339118087.772600,51696,14543,99869,166108
2024-09-13,FINRA / NYSE TRF (DN),51763616,29615013,144501632,225880261,2178086348.833200,1260721303.657700,4321613526.936002,7760421179.426902,378962,103585,528367,1010914
2024-09-13,FINRA / Nasdaq TRF Carteret (DQ),1587376467,785165257,2386216416,4758758140,74999440897.158904,43004983346.602004,99698549835.486329,217702974079.247237,12364690,3034513,13369528,28768731
2024-09-13,MIAX Pearl (H),55717659,53008776,72306828,181033263,1371183141.529800,2183220410.612700,1769058371.265300,5323461923.407800,518988,214050,507087,1240125
2024-09-13,EDGA Equities (J),21203836,13164182,41455461,75823479,905319501.991800,550599148.622200,836219799.419500,2292138450.033500,302913,81132,308774,692819
2024-09-13,EDGX Equities (K),132971946,103617000,289067995,525656941,5843314071.777497,5641263277.297197,11734759871.057096,23219337220.131790,1199974,539819,1923058,3662851
2024-09-13,LTSE (L),92560,330089,245340,667989,7061789.890000,9909372.740000,2789130.310000,19760292.940000,450,136,864,1450
2024-09-13,NYSE Chicago (M),15826159,15515763,20584815,51926737,1449963970.517500,2266684054.147799,2492959630.740899,6209607655.406198,128959,6623,130375,265957
2024-09-13,NYSE (N),821678465,34956334,71048220,927683019,43929507169.101100,2343187673.469299,2917483714.160601,49190178556.731000,3059942,149024,538384,3747350
2024-09-13,NYSE Arca (P),143961479,271566170,392432119,807959768,6950996654.913800,18751732581.365408,13375179538.905701,39077908775.184909,1760653,1278948,3235984,6275585
2024-09-13,NASDAQ (Q),365021286,156400364,1023960852,1545382502,19954013568.264796,11523460396.705900,60724278082.937025,92201752047.907721,5504890,1050874,8217202,14772966
2024-09-13,Members Exchange (U),54648787,37455160,111936927,204040874,2305246325.145800,2267198612.505901,3528560756.709900,8101005694.361601,723917,214464,816746,1755127
2024-09-13,Investors Exchange (V),138506047,42914856,113042867,294463770,7503559478.359199,2451092550.894500,6013019603.616298,15967671632.869997,1624050,236207,1330315,3190572
2024-09-13,NASDAQ PSX (X),5078971,4846420,7224381,17149772,313898249.161000,481710838.638600,380571785.668200,1176180873.467800,82768,28023,96342,207133
2024-09-13,BYX Equities (Y),26101043,12735576,29927752,68764371,1009807871.334000,614042161.426100,1053899809.909200,2677749842.669300,393067,81827,381715,856609
2024-09-13,BZX Equities (Z),153242169,94073146,168654359,415969674,7511764536.136800,6595018862.697401,9445580477.815205,23552363876.649406,2142882,566145,1964162,4673189
2024-09-12,NYSE American (A),5651777,20032093,5194760,30878630,252011167.799400,310945062.088600,277038495.836800,839994725.724800,69360,66381,53899,189640
2024-09-12,NASDAQ BX (B),8354449,6157150,10526050,25037649,541892570.825700,339290298.798600,682148816.579800,1563331686.204100,127442,45492,132463,305397
2024-09-12,NYSE National (C),12034246,8145333,12203060,32382639,351456292.502700,285551775.971700,364010332.178200,1001018400.652600,144095,49016,109146,302257
2024-09-12,FINRA / Nasdaq TRF Chicago (DB),6839584,3091286,13722303,23653173,257935499.656400,172925004.703700,981077579.113000,1411938083.473100,49416,15242,106247,170905
2024-09-12,FINRA / NYSE TRF (DN),58932868,35761151,140840081,235534100,2136738949.795000,1206053511.467900,4909348830.577101,8252141291.840001,359751,103327,557688,1020766
2024-09-12,FINRA / Nasdaq TRF Carteret (DQ),1638759906,865092913,2436871970,4940724789,75429703208.794430,46137388825.580873,114660132542.421238,236227224576.796541,12671741,3114042,13641057,29426840
2024-09-12,MIAX Pearl (H),61325350,61274192,79172930,201772472,1398027989.382900,2320211964.627200,2068885985.372401,5787125939.382501,533559,231483,524438,1289480
2024-09-12,EDGA Equities (J),22505074,15053681,40921308,78480063,888222277.639200,666367860.208600,1134071445.225500,2688661583.073300,318417,95293,341313,755023
2024-09-12,EDGX Equities (K),136497129,113170203,321918143,571585475,5182539416.085903,6031199739.975998,14010125696.541784,25223864852.603685,1177990,585284,2016250,3779524
2024-09-12,LTSE (L),71203,8205,264844,344252,5630702.300000,324830.050000,1729671.100000,7685203.450000,597,52,655,1304
2024-09-12,NYSE Chicago (M),16581135,13678065,23013082,53272282,1469283193.682200,1894851857.480701,3233769235.233000,6597904286.395901,109994,6576,112404,228974
2024-09-12,NYSE (N),862056181,37145343,74321855,973523379,46997709280.957099,2551826908.073900,3633337430.467700,53182873619.498699,3088013,165904,581779,3835696
2024-09-12,NYSE Arca (P),156525047,300437324,427417788,884380159,6999428769.904099,21115856838.771396,16067187337.707008,44182472946.382503,1801173,1429855,3392246,6623274
2024-09-12,NASDAQ (Q),365288701,168591393,1067236841,1601116935,18576587415.730796,12886019916.001491,70317151320.554182,101779758652.286469,5350717,1140156,8539774,15030647
2024-09-12,Members Exchange (U),57999745,39918242,112076324,209994311,2291457192.927700,2424836748.449800,4147459803.306101,8863753744.683601,762202,230561,845050,1837813
2024-09-12,Investors Exchange (V),139138277,43017231,115655466,297810974,7331052089.330499,2586620728.656000,6686197100.401097,16603869918.387596,1655048,246445,1329247,3230740
2024-09-12,NASDAQ PSX (X),5459845,5334798,7757855,18552498,322386004.137900,533230749.179500,468167619.248000,1323784372.565400,87785,30143,105450,223378
2024-09-12,BYX Equities (Y),27016935,15872810,31174972,74064717,967723166.840400,788745758.493400,1236663518.505000,2993132443.838800,376920,100645,357901,835466
2024-09-12,BZX Equities (Z),164991602,106664807,183345486,455001895,7418664323.599802,7677692779.707702,10715502796.612797,25811859899.920301,2222052,630646,2094823,4947521
2024-09-11,NYSE American (A),6532191,14921517,7289368,28743076,298609159.328700,352912132.336700,414214735.529800,1065736027.195200,88057,65838,66971,220866
2024-09-11,NASDAQ BX (B),9999036,9222071,15207137,34428244,657399582.079700,498365694.444900,819906473.193200,1975671749.717800,150249,62705,153913,366867
2024-09-11,NYSE National (C),13237001,9616850,14537982,37391833,393520226.227500,359586740.478600,408059360.105000,1161166326.811100,152612,61189,121033,334834
2024-09-11,FINRA / Nasdaq TRF Chicago (DB),6083084,3208330,16942819,26234233,294080003.314400,206075241.716200,1028257666.820299,1528412911.850899,48586,19861,105141,173588
2024-09-11,FINRA / NYSE TRF (DN),53007880,39118983,174417100,266543963,2052388666.129200,1526847914.031399,4426501469.083999,8005738049.244598,368432,115848,537874,1022154
2024-09-11,FINRA / Nasdaq TRF Carteret (DQ),1709496720,977354268,3011869227,5698720215,81846862600.522481,58500391910.863995,128068564660.335808,268415819171.722284,13272079,3439229,14131144,30842452
2024-09-11,MIAX Pearl (H),62171123,74170199,94900929,231242251,1481447404.872000,2771940121.663600,2613593136.544100,6866980663.079700,544820,286479,577225,1408524
2024-09-11,EDGA Equities (J),24340329,16454746,61523774,102318849,991389396.879400,697441273.393300,1210447524.202900,2899278194.475600,321650,101408,352315,775373
2024-09-11,EDGX Equities (K),134735023,132377467,382727523,649840013,5422332265.624797,7595733327.250798,14121718564.452101,27139784157.327696,1209742,689144,2145597,4044483
2024-09-11,LTSE (L),278676,13240,101360,393276,10694832.440000,795904.960000,1713578.920000,13204316.320000,782,156,685,1623
2024-09-11,NYSE Chicago (M),12567293,13554316,18131438,44253047,1128790830.823100,1247491959.997200,2581562001.585499,4957844792.405799,118033,6325,115248,239606
2024-09-11,NYSE (N),933061277,46145309,103014740,1082221326,51471803763.079910,2969859084.795299,4389893850.564000,58831556698.439209,3405748,189336,660863,4255947
2024-09-11,NYSE Arca (P),160950144,365005929,585398948,1111355021,7605464164.310796,25445625844.054117,18654751957.220509,51705841965.585422,1970374,1750650,3658273,7379297
2024-09-11,NASDAQ (Q),403703541,201498767,1242960303,1848162611,21952342109.258001,15963749238.457603,80991400719.981247,118907492067.696851,6013119,1357997,9229887,16601003
2024-09-11,Members Exchange (U),58769919,49901474,153729402,262400795,2444722804.308400,2877220726.175700,4403006412.948699,9724949943.432799,795150,275525,907915,1978590
2024-09-11,Investors Exchange (V),142615546,48578840,124909920,316104306,7772855739.242198,2953003534.185200,7217004150.860800,17942863424.288198,1756366,265413,1433461,3455240
2024-09-11,NASDAQ PSX (X),6284839,6053164,10400662,22738665,430753371.188000,624862606.263601,581234470.609400,1636850448.061001,106644,35606,129815,272065
2024-09-11,BYX Equities (Y),28341977,16755764,37566283,82664024,1036555513.971600,802918215.583400,1353390022.525800,3192863752.080800,413324,101946,392575,907845
2024-09-11,BZX Equities (Z),170750922,123844919,213605721,508201562,8129097730.273899,8979338394.844001,12434643564.322003,29543079689.439903,2466220,755213,2316268,5537701
2024-09-10,NYSE American (A),7126161,14212864,5562070,26901095,325833967.138500,293929197.579000,279832575.494500,899595740.212000,82655,64797,57683,205135
2024-09-10,NASDAQ BX (B),9915685,7191863,11857020,28964568,645159784.157400,367763982.184800,643752832.401800,1656676598.744000,148359,52785,147724,348868
2024-09-10,NYSE National (C),12621345,7628937,12773875,33024157,393634157.092300,302183298.960200,341805565.687700,1037623021.740200,149364,45681,116658,311703
2024-09-10,FINRA / Nasdaq TRF Chicago (DB),6231318,2524464,11970301,20726083,312932136.353400,139202224.832800,749881507.562200,1202015868.748400,48928,14174,85750,148852
2024-09-10,FINRA / NYSE TRF (DN),54326352,38992627,147641555,240960534,2246365123.737799,1199422250.959000,3766686646.823601,7212474021.520400,362917,107989,479903,950809
2024-09-10,FINRA / Nasdaq TRF Carteret (DQ),1684838739,941129489,2485168198,5111136426,82255062836.139865,47062016155.400903,102496757124.428873,231813836115.969641,13187563,2954222,13251660,29393445
2024-09-10,MIAX Pearl (H),62341793,52776501,75284135,190402429,1572532453.045700,2108921149.007200,1798869209.641100,5480322811.694000,550220,211354,497302,1258876
2024-09-10,EDGA Equities (J),25292231,12954306,50588941,88835478,1029855452.548100,600742394.956000,917865430.787600,2548463278.291700,326843,90200,345237,762280
2024-09-10,EDGX Equities (K),135102823,105334100,297784792,538221715,5575064485.950802,5270602090.298998,10424204987.745604,21269871563.995404,1245440,521227,1874455,3641122
2024-09-10,LTSE (L),55155,18113,155771,229039,5267084.280000,989898.830000,4716424.070000,10973407.180000,580,87,943,1610
2024-09-10,NYSE Chicago (M),14570837,8431015,19260219,42262071,1238458008.353600,951627755.991500,2813745710.704399,5003831475.049499,124164,7668,115509,247341
2024-09-10,NYSE (N),902058153,34759426,75293916,1012111495,47619321162.288399,2271271390.555000,3082431262.490599,52973023815.333998,3328669,153866,570728,4053263
2024-09-10,NYSE Arca (P),169860795,324560630,462373957,956795382,7826473863.525600,19106381079.069903,13729877194.983103,40662732137.578606,1914415,1381656,3148466,6444537
2024-09-10,NASDAQ (Q),413589745,156850505,1030666857,1601107107,21775493648.270803,11619923881.549099,61800397538.668839,95195815068.488741,5913362,1055121,8259865,15228348
2024-09-10,Members Exchange (U),62525845,50092713,123987826,236606384,2644394443.224800,2240849065.540799,3367330629.319101,8252574138.084700,825776,221758,824684,1872218
2024-09-10,Investors Exchange (V),146811016,42240561,109255726,298307303,7728015164.858700,2560144644.151700,5843791991.892497,16131951800.902897,1715695,237030,1330372,3283097
2024-09-10,NASDAQ PSX (X),6681885,5299383,7795769,19777037,401914172.412700,472574687.765100,417751915.733600,1292240775.911400,96692,28304,101595,226591
2024-09-10,BYX Equities (Y),27628092,13950399,30337873,71916364,1009805498.713200,707857458.677900,1000176107.559600,2717839064.950700,369734,89608,349664,809006
2024-09-10,BZX Equities (Z),183111502,105301845,183422986,471836333,8645525422.184201,6848914872.758404,9165364654.737702,24659804949.680307,2511674,618457,2150363,5280494
2024-09-09,NYSE American (A),6810495,12042971,6240748,25094214,333399260.334600,270329551.820700,303258174.877600,906986987.032900,89395,61475,67812,218682
2024-09-09,NASDAQ BX (B),11053836,7843185,12000681,30897702,712862326.490200,435599129.501500,713930339.412400,1862391795.404100,171134,66410,165022,402566
2024-09-09,NYSE National (C),13708844,7630430,17416607,38755881,423772147.112400,297829585.070500,409590250.085600,1131191982.268500,175687,48224,159793,383704
2024-09-09,FINRA / Nasdaq TRF Chicago (DB),6143027,2613784,11801940,20558751,261537679.108300,147559857.058500,741278230.280000,1150375766.446800,45541,16853,89524,151918
2024-09-09,FINRA / NYSE TRF (DN),52124931,30055861,146080961,228261753,2102906972.455700,1076057333.546500,3972505366.144001,7151469672.146201,387337,102111,491170,980618
2024-09-09,FINRA / Nasdaq TRF Carteret (DQ),1683325553,831848378,2478083123,4993257054,85763342860.335694,42993482307.048285,108526331635.742756,237283156803.126735,14360109,3180164,14816564,32356837
2024-09-09,MIAX Pearl (H),56461863,56559086,79014719,192035668,1392357885.108700,2019395026.113000,2068130257.276601,5479883168.498301,534622,217410,528003,1280035
2024-09-09,EDGA Equities (J),25280743,14408514,45328108,85017365,1075444210.552800,632897722.101200,1117275434.142700,2825617366.796700,368410,98595,411926,878931
2024-09-09,EDGX Equities (K),130320223,102465105,300075420,532860748,5262997468.104900,5152776241.332099,10434657203.510400,20850430912.947399,1226922,533434,1860895,3621251
2024-09-09,LTSE (L),96469,9713,463565,569747,13252751.030000,386322.200000,7479379.730000,21118452.960000,685,86,1124,1895
2024-09-09,NYSE Chicago (M),18073988,11739083,21504118,51317189,1338436118.487200,1187356934.098500,2556988116.686801,5082781169.272501,120299,7736,123349,251384
2024-09-09,NYSE (N),944958310,33671545,80143520,1058773375,52699777703.176691,2221610285.993099,3334877540.626401,58256265529.796191,3224656,154246,591183,3970085
2024-09-09,NYSE Arca (P),162503643,288870791,444270498,895644932,7737477604.531998,19309624601.522796,14424560155.926808,41471662361.981602,1895864,1359779,3174494,6430137
2024-09-09,NASDAQ (Q),399998434,159753170,1139057149,1698808753,21994326870.626506,11584801931.781285,68603446827.397388,102182575629.805179,6054984,1089560,8970131,16114675
2024-09-09,Members Exchange (U),57082320,40754521,127996939,225833780,2463211623.027400,2105784400.238502,3541169780.272501,8110165803.538403,808396,215464,866662,1890522
2024-09-09,Investors Exchange (V),143844733,41228343,120131957,305205033,7815615157.695102,2353470855.932600,6486588095.700599,16655674109.328301,1777603,240693,1477109,3495405
2024-09-09,NASDAQ PSX (X),5979900,4571460,7726458,18277818,371847175.646700,395791038.927500,443819438.364300,1211457652.938500,97475,27144,106456,231075
2024-09-09,BYX Equities (Y),29827357,13981050,35579549,79387956,1183449863.868800,677485849.562200,1229839066.211400,3090774779.642400,463623,90392,455148,1009163
2024-09-09,BZX Equities (Z),169117433,97343101,186374757,452835291,8310659455.061101,6680878965.016498,9524389302.213298,24515927722.290897,2404402,604953,2195935,5205290
2024-09-06,NYSE American (A),6405945,15948658,7360850,29715453,297136848.937700,487285072.584800,426514748.146100,1210936669.668600,82551,74562,66547,223660
2024-09-06,NASDAQ BX (B),9478144,11686014,14141093,35305251,568233121.633600,648017187.397200,924722263.778800,2140972572.809600,146976,87940,164953,399869
2024-09-06,NYSE National (C),12371188,11144905,16076109,39592202,385644093.124700,446764374.354400,530347056.114400,1362755523.593500,144790,64230,136264,345284
2024-09-06,FINRA / Nasdaq TRF Chicago (DB),7217885,3768800,16376124,27362809,278595912.132200,188525814.058700,993070914.044100,1460192640.235000,49901,20652,114444,184997
2024-09-06,FINRA / NYSE TRF (DN),56312895,41539083,143926852,241778830,1941855058.011800,1580020423.602900,4793496555.418299,8315372037.032999,369728,138840,578173,1086741
2024-09-06,FINRA / Nasdaq TRF Carteret (DQ),1726238011,1037693905,2676602122,5440534038,82223580069.115687,55984327799.027100,128850770110.640007,267058677978.782794,13162975,3954918,14983203,32101096
2024-09-06,MIAX Pearl (H),56888573,84353861,92624593,233867027,1344102070.130600,3405141488.588699,2697836902.244000,7447080460.963299,509555,338692,583496,1431743
2024-09-06,EDGA Equities (J),25183503,21143287,45143409,91470199,946567292.417900,1010244322.313900,1396496858.544400,3353308473.276200,324663,139141,360650,824454
2024-09-06,EDGX Equities (K),137819999,144581808,323128500,605530307,5158093838.448301,8571211348.206101,13986945414.235090,27716250600.889492,1241815,874727,2142894,4259436
2024-09-06,LTSE (L),33339,24900,969774,1028013,1997469.200000,10888536.030000,5287638.490100,18173643.720100,300,116,1045,1461
2024-09-06,NYSE Chicago (M),12801996,17025727,22539662,52367385,1283337854.332700,2627626017.782801,2841201946.634200,6752165818.749701,126434,8137,122577,257148
2024-09-06,NYSE (N),931733510,55264405,87601797,1074599712,52556056767.576801,3700420736.904899,4260069131.295200,60516546635.776900,3411667,247113,638057,4296837
2024-09-06,NYSE Arca (P),168723607,421894428,494400126,1085018161,7250887035.990599,28254138557.321398,20628754114.553208,56133779707.865205,1923046,2223213,3761470,7907729
2024-09-06,NASDAQ (Q),409971437,253729421,1240152948,1903853806,21554879187.397303,18989234517.002600,86640754861.968058,127184868566.367961,6069233,1784138,9781159,17634530
2024-09-06,Members Exchange (U),59040638,64102214,132589846,255732698,2394205329.085800,3587000954.524999,4356824919.673599,10338031203.284398,771513,347806,883320,2002639
2024-09-06,Investors Exchange (V),141976828,57352280,122355965,321685073,7524538605.412601,3361728910.438900,7214551690.553898,18100819206.405399,1629704,306757,1339674,3276135
2024-09-06,NASDAQ PSX (X),6747702,8224148,10654053,25625903,401849926.060500,857794407.825200,632394204.109100,1892038537.994800,109252,49874,124860,283986
2024-09-06,BYX Equities (Y),27292938,22733603,34324504,84351045,981966402.494700,1094830737.800100,1501415734.296900,3578212874.591700,373995,124983,376761,875739
2024-09-06,BZX Equities (Z),174580503,153711397,219041923,547333823,8156685723.990500,10789991866.513098,12753359973.976402,31700037564.480000,2410191,957346,2380095,5747632
2024-09-05,NYSE American (A),6337467,13319388,5103142,24759997,316795405.531400,351157881.382500,303954985.040200,971908271.954100,80992,66601,56974,204567
2024-09-05,NASDAQ BX (B),8998929,8896947,12211806,30107682,550643378.262900,468477287.288100,747992534.786000,1767113200.337000,153273,64705,158018,375996
2024-09-05,NYSE National (C),12670063,8827742,13850116,35347921,404405524.330000,320535431.623600,436602086.824900,1161543042.778500,158105,48960,124868,331933
2024-09-05,FINRA / Nasdaq TRF Chicago (DB),5388287,2543076,13471438,21402801,246124236.474100,149007811.943400,846873552.124600,1242005600.542100,41290,15131,96126,152547
2024-09-05,FINRA / NYSE TRF (DN),59021846,32566272,141927905,233516023,2260508607.045900,1357241561.438600,4382832502.511903,8000582670.996403,346984,102004,504753,953741
2024-09-05,FINRA / Nasdaq TRF Carteret (DQ),1600143211,1040507890,2524607255,5165258356,76297306564.107609,57182522261.801908,116311172081.705016,249791000907.614533,12645477,3183217,13375250,29203944
2024-09-05,MIAX Pearl (H),51707653,60434695,75030782,187173130,1310420387.662400,2493030213.061300,1913321444.818700,5716772045.542400,481199,239726,480651,1201576
2024-09-05,EDGA Equities (J),21984223,16870664,37667502,76522389,847611155.079100,771620396.041500,1165893040.144200,2785124591.264800,308820,117023,343041,768884
2024-09-05,EDGX Equities (K),127387243,107076169,283963085,518426497,4868223515.100299,6273993749.496599,11657312407.990698,22799529672.587596,1145010,613185,1808728,3566923
2024-09-05,LTSE (L),101257,108172,1501059,1710488,2709393.900000,5744262.620000,70390031.510000,78843688.030000,454,199,1024,1677
2024-09-05,NYSE Chicago (M),13703226,10948024,16212109,40863359,1270283265.331200,1090211952.724700,1945851268.734100,4306346486.790000,117688,7406,117187,242281
2024-09-05,NYSE (N),829494501,40601359,74897018,944992878,45973455777.346601,2629388649.998000,3243421135.396499,51846265562.741100,3155866,182477,565161,3903504
2024-09-05,NYSE Arca (P),151955729,332961576,427720029,912637334,6925285370.836805,21973947397.275790,16676308021.546604,45575540789.659199,1767756,1600935,3291466,6660157
2024-09-05,NASDAQ (Q),375722214,189456223,1064680715,1629859152,20114542192.228697,13776560951.762505,66377726604.374586,100268829748.365788,5717489,1285003,8676976,15679468
2024-09-05,Members Exchange (U),52184437,47254159,106245553,205684149,2191002237.767700,2717136453.975398,3453385228.366502,8361523920.109600,704536,260720,779907,1745163
2024-09-05,Investors Exchange (V),126467825,48223214,116168701,290859740,6999072167.033401,2716410893.851799,6278407170.081900,15993890230.967100,1566108,270637,1283543,3120288
2024-09-05,NASDAQ PSX (X),5936150,6202524,9281695,21420369,369716071.845700,639502961.076000,491013960.127800,1500232993.049500,100286,39451,111473,251210
2024-09-05,BYX Equities (Y),25442392,17080805,33587658,76110855,935601726.034700,875213019.378700,1314906890.295400,3125721635.708800,366542,104041,370523,841106
2024-09-05,BZX Equities (Z),160309115,112554564,189560135,462423814,7792681673.514000,8004236486.771198,10231544639.249705,26028462799.534903,2295774,690541,2114228,5100543
2024-09-04,NYSE American (A),5516163,14181902,5304338,25002403,247730415.312200,390417690.131800,280848867.742600,918996973.186600,71382,67522,54452,193356
2024-09-04,NASDAQ BX (B),8382588,8605583,12584410,29572581,493627755.802700,450826938.045500,690532779.516400,1634987473.364600,128887,69073,140515,338475
2024-09-04,NYSE National (C),11540870,8453136,13550506,33544512,382238925.042700,337589245.592200,454692811.449200,1174520982.084100,143864,49083,123013,315960
2024-09-04,FINRA / Nasdaq TRF Chicago (DB),5675437,3013211,13669297,22357945,261670810.025000,168018257.470600,874196582.568600,1303885650.064200,44567,16830,104754,166151
2024-09-04,FINRA / NYSE TRF (DN),53240791,40318891,167514231,261073913,1847722863.081200,1599735679.384100,4901950213.956997,8349408756.422297,330705,112571,566031,1009307
2024-09-04,FINRA / Nasdaq TRF Carteret (DQ),1530771870,860226349,2421513017,4812511236,74375458049.642155,45865961781.585603,105362469413.532203,225603889244.759961,12448670,3261909,13447169,29157748
2024-09-04,MIAX Pearl (H),51813873,60467150,72074875,184355898,1314373149.252600,2478102952.172300,2072030698.414500,5864506799.839400,483648,268728,494936,1247312
2024-09-04,EDGA Equities (J),22454221,16729068,40966402,80149691,901318492.030300,802479086.569700,1047837142.218100,2751634720.818100,313270,144691,331312,789273
2024-09-04,EDGX Equities (K),119227650,104353628,297451830,521033108,4827000502.384598,6066280491.303897,11987316828.481895,22880597822.170390,1133547,646604,1866189,3646340
2024-09-04,LTSE (L),71436,221465,178318,471219,2032155.970000,7761718.280000,9343529.360000,19137403.610000,352,254,745,1351
2024-09-04,NYSE Chicago (M),17941667,8805509,16216398,42963574,1469184824.713300,1110144776.951000,1786875804.604900,4366205406.269200,122806,7651,122492,252949
2024-09-04,NYSE (N),859818683,38037217,76347649,974203549,47366504138.174906,2599890610.147300,3280275137.457199,53246669885.779405,3161279,187780,578921,3927980
2024-09-04,NYSE Arca (P),151943321,334731222,444120491,930795034,6858456419.150000,22110859814.214006,16322245948.283696,45291562181.647702,1812272,1781684,3325296,6919252
2024-09-04,NASDAQ (Q),382279780,187918665,1085944759,1656143204,20205257109.983698,13721284477.334302,68977895347.714286,102904436935.032286,5629443,1391953,8767522,15788918
2024-09-04,Members Exchange (U),53318480,45342641,116214049,214875170,2120983489.095000,2505862648.452101,3483739474.751000,8110585612.298101,698930,268922,773452,1741304
2024-09-04,Investors Exchange (V),128623678,44002018,111844635,284470331,6933134506.461901,2623511349.937100,6361414587.492997,15918060443.891998,1512876,280874,1252175,3045925
2024-09-04,NASDAQ PSX (X),5513531,5595375,8361442,19470348,333985897.236700,549087434.332100,463522983.874400,1346596315.443200,93577,34793,111681,240051
2024-09-04,BYX Equities (Y),24553377,15362476,30294737,70210590,903499550.635400,860890807.993900,1294560122.422100,3058950481.051400,348377,109664,346732,804773
2024-09-04,BZX Equities (Z),159232686,118677172,190532921,468442779,7421685635.511999,8186141740.561705,10063430619.800104,25671257995.873808,2237585,761795,2092302,5091682
2024-09-03,NYSE American (A),8283440,16561719,9053588,33898747,453586565.443100,426995657.709300,519086663.060500,1399668886.212900,116634,71567,95645,283846
2024-09-03,NASDAQ BX (B),9302365,11302440,13548112,34152917,573216907.295000,613307586.749700,857477117.291200,2044001611.335900,147147,84892,184006,416045
2024-09-03,NYSE National (C),13859433,11738143,17773325,43370901,431366340.035500,495126190.969400,681740343.593898,1608232874.598798,175662,69930,312992,558584
2024-09-03,FINRA / Nasdaq TRF Chicago (DB),7679338,3460513,15622077,26761928,402037881.807600,192717099.392400,987613787.827900,1582368769.027900,63574,22796,123684,210054
2024-09-03,FINRA / NYSE TRF (DN),64163884,45774484,187558875,297497243,2323755982.300100,1834435629.868200,5571827301.251201,9730018913.419501,387394,152543,653714,1193651
2024-09-03,FINRA / Nasdaq TRF Carteret (DQ),1635634730,1013799666,2743274036,5392708432,84642732634.581662,60544068399.309601,126925121432.576508,272111922466.467771,14116816,4303307,15830859,34250982
2024-09-03,MIAX Pearl (H),57339832,66174847,84356977,207871656,1527082763.856300,2815153525.983400,2522496249.910399,6864732539.750099,559480,274455,576545,1410480
2024-09-03,EDGA Equities (J),24777011,20143225,52659764,97580000,956018760.110200,975396522.228000,1598607823.835401,3530023106.173601,336506,178826,682564,1197896
2024-09-03,EDGX Equities (K),138550273,124829116,345902309,609281698,5900515059.095897,7539981865.107195,14283309642.296301,27723806566.499393,1334045,776994,2194051,4305090
2024-09-03,LTSE (L),56826,85013,335891,477730,5105510.100000,4484337.410000,3215994.750000,12805842.260000,675,244,566,1485
2024-09-03,NYSE Chicago (M),14032533,9154122,19313756,42500411,1258772259.706400,1279936058.537400,3179688734.873400,5718397053.117200,138407,7626,134678,280711
2024-09-03,NYSE (N),990743162,46154958,90299041,1127197161,55313622332.899501,3247569768.351300,4839224582.959698,63400416684.210499,3653487,218047,856698,4728232
2024-09-03,NYSE Arca (P),168827443,419976600,563625480,1152429523,8210546179.271002,28577406576.682599,19942799837.416104,56730752593.369705,2118514,2097164,4048139,8263817
2024-09-03,NASDAQ (Q),423081510,214963874,1306952812,1944998196,23149778150.583393,15965886143.586199,90185219275.147950,129300883569.317542,6390092,1556878,10457399,18404369
2024-09-03,Members Exchange (U),60145353,51371368,140335998,251852719,2599042282.042700,3070420725.735299,4336625232.386300,10006088240.164299,829596,294397,924080,2048073
2024-09-03,Investors Exchange (V),135312955,53932908,120191116,309436979,7313625791.705900,3122596716.150400,6748930495.533601,17185153003.389901,1599691,311571,1345738,3257000
2024-09-03,NASDAQ PSX (X),6028748,7059547,9482805,22571100,371177274.254500,569318574.342500,546369519.067300,1486865367.664300,101183,42918,117842,261943
2024-09-03,BYX Equities (Y),27960439,20350856,35336927,83648222,994211261.391100,1135734079.468300,1578478641.529699,3708423982.389099,405502,140912,517020,1063434
2024-09-03,BZX Equities (Z),180797594,133096369,220830329,534724292,9046373730.483501,9790458121.421706,12444788961.803794,31281620813.709001,2621754,856203,2455819,5933776
2024-08-30,NYSE American (A),6186477,19133640,5397092,30717209,248023928.965200,351627273.551200,317412084.896200,917063287.412600,73788,63530,54676,191994
2024-08-30,NASDAQ BX (B),8699428,7160132,10414905,26274465,537950563.869400,378856754.609100,712234919.192300,1629042237.670800,126809,64700,131629,323138
2024-08-30,NYSE National (C),12126376,8351133,12843692,33321201,393368978.250500,312698809.174000,360263185.362500,1066330972.787000,144704,48405,110761,303870
2024-08-30,FINRA / Nasdaq TRF Chicago (DB),5640247,2806028,14157529,22603804,308203998.533600,168504049.776400,884376177.530600,1361084225.840600,44240,14423,96658,155321
2024-08-30,FINRA / NYSE TRF (DN),46121080,36784523,176165926,259071529,1895916033.174700,1491183065.114500,5487034133.950907,8874133232.240107,311854,102056,494531,908441
2024-08-30,FINRA / Nasdaq TRF Carteret (DQ),1539983398,729108985,2463006214,4732098597,76747980524.602335,50281643520.090481,110927487351.588857,237957111396.281673,11491215,2837885,12490009,26819109
2024-08-30,MIAX Pearl (H),44728838,44776899,72863282,162369019,1197009605.261900,1834438715.177800,1755919074.666300,4787367395.106000,414414,190837,424130,1029381
2024-08-30,EDGA Equities (J),20518273,14679778,45733748,80931799,869888385.587300,676242333.384100,1053431444.622700,2599562163.594100,288167,87554,293447,669168
2024-08-30,EDGX Equities (K),118557828,99022954,307703217,525283999,4952774384.954099,5905589227.144103,11710145257.280393,22568508869.378595,1051347,531687,1656314,3239348
2024-08-30,LTSE (L),55005,21120,143027,219152,526855.000000,664121.570000,8835225.100000,10026201.670000,85,105,208,398
2024-08-30,NYSE Chicago (M),12110929,6662290,12489285,31262504,1148744953.930100,1251956712.979200,1801480939.174901,4202182606.084201,108696,6932,108020,223648
2024-08-30,NYSE (N),1650577442,33594486,78948067,1763119995,84784061578.069605,2307448980.690900,3383440968.653400,90474951527.413905,2901181,143980,529436,3574597
2024-08-30,NYSE Arca (P),142878025,313817944,552245416,1008941385,6771599311.259999,23197362176.236588,14365313745.871904,44334275233.368491,1591495,1347018,2909436,5847949
2024-08-30,NASDAQ (Q),339126223,157949440,1457826464,1954902127,17875552035.464903,12486236184.408395,92642835496.443106,123004623716.316404,5012905,1023583,7660679,13697167
2024-08-30,Members Exchange (U),52642652,35302740,132915089,220860481,2319539502.274400,1911373397.444800,3339678018.116699,7570590917.835899,686014,193329,732828,1612171
2024-08-30,Investors Exchange (V),113174208,44428438,105413473,263016119,6013098664.199200,2581959852.402700,5815279042.269100,14410337558.871000,1353654,222286,1162926,2738866
2024-08-30,NASDAQ PSX (X),4802285,4762535,7366624,16931444,301882253.169300,478110133.231500,448141023.764000,1228133410.164800,75478,27401,87894,190773
2024-08-30,BYX Equities (Y),25381002,13907710,27132857,66421569,965736756.909900,680727288.820000,1077771003.101200,2724235048.831100,349281,78897,313086,741264
2024-08-30,BZX Equities (Z),145172947,93852285,186500386,425525618,7107227567.831800,7294734280.668601,10671412603.360501,25073374451.860902,2022462,565161,1898634,4486257
2024-08-29,NYSE American (A),5617631,13871397,7396059,26885087,267312148.989600,303092810.401000,374525261.567900,944930220.958500,73685,52952,61190,187827
2024-08-29,NASDAQ BX (B),7782473,7371184,12472553,27626210,581790675.801900,406331730.632100,816562138.117200,1804684544.551200,129205,50947,141147,321299
2024-08-29,NYSE National (C),10980192,10791819,13381074,35153085,344879230.086600,313387382.563300,385876222.172700,1044142834.822600,134986,47274,116598,298858
2024-08-29,FINRA / Nasdaq TRF Chicago (DB),5172858,2444295,16450770,24067923,272772537.878800,155649332.411500,1063597309.364000,1492019179.654300,43105,14106,113811,171022
2024-08-29,FINRA / NYSE TRF (DN),51035603,34322938,240716115,326074656,2026210227.340100,1277281364.220300,5532341932.985499,8835833524.545899,314345,99893,569277,983515
2024-08-29,FINRA / Nasdaq TRF Carteret (DQ),1324238803,707038621,2696209575,4727486999,67537696252.719895,37348069560.691022,115104775070.929909,219990540884.340826,11363238,2758595,13501566,27623399
2024-08-29,MIAX Pearl (H),42067712,53249633,85209356,180526701,1019296751.209900,1961417256.784700,1788734289.117900,4769448297.112500,398051,194710,456045,1048806
2024-08-29,EDGA Equities (J),21380237,13769625,59843640,94993502,875523086.852200,644356483.627200,1117256326.629800,2637135897.109200,292828,86323,308055,687206
2024-08-29,EDGX Equities (K),121201687,109126405,378107525,608435617,5220029092.989101,6196161578.775901,13759039364.383606,25175230036.148608,1106053,579075,2033283,3718411
2024-08-29,LTSE (L),53718,36323,311101,401142,1653753.790000,1422976.450000,11127563.460000,14204293.700000,298,83,797,1178
2024-08-29,NYSE Chicago (M),13754848,6503786,17187917,37446551,1284833297.936500,796950885.058000,2530135168.812400,4611919351.806900,138133,6863,134446,279442
2024-08-29,NYSE (N),731393952,37675339,82222989,851292280,40697396400.074099,2293248655.788001,4018318246.835699,47008963302.697799,2899887,158725,633722,3692334
2024-08-29,NYSE Arca (P),134511004,298237378,643794853,1076543235,6566182247.529399,19343507777.751800,18236631166.945312,44146321192.226511,1639860,1424602,3493972,6558434
2024-08-29,NASDAQ (Q),333469359,161073685,1088350248,1582893292,18326057363.299701,11995716981.354593,69496612274.388367,99818386619.042661,5052444,1122273,8686506,14861223
2024-08-29,Members Exchange (U),49345860,40317318,161650395,251313573,2244922948.078900,2145229951.271699,3972186055.869102,8362338955.219701,690889,214506,836485,1741880
2024-08-29,Investors Exchange (V),122506125,47873289,112425656,282805070,6779545943.189100,2494201339.557301,6438341396.429100,15712088679.175501,1446567,230046,1249113,2925726
2024-08-29,NASDAQ PSX (X),4686187,4935402,8056499,17678088,285738495.554000,467709679.311800,484648833.810700,1238097008.676500,79916,27162,99612,206690
2024-08-29,BYX Equities (Y),22568877,13453550,29904014,65926441,938246537.540600,693353246.138200,1292714170.229500,2924313953.908300,351264,79555,353157,783976
2024-08-29,BZX Equities (Z),145796033,102274935,222391543,470462511,7205924829.812501,7195446517.926202,11179535929.844197,25580907277.582900,2077396,613097,2140574,4831067
2024-08-28,NYSE American (A),5525501,15839314,7427549,28792364,245702432.340400,271239843.091100,370599159.672400,887541435.103900,68914,51891,56927,177732
2024-08-28,NASDAQ BX (B),7819934,7588873,13217365,28626172,531270063.549100,376918572.167700,825237816.555000,1733426452.271800,129635,50955,151142,331732
2024-08-28,NYSE National (C),11385957,6943442,13392380,31721779,330639270.879000,237080672.516600,369795064.154200,937515007.549800,132929,43302,114465,290696
2024-08-28,FINRA / Nasdaq TRF Chicago (DB),5126753,2740833,13745644,21613230,245465092.984000,120963484.697600,917019151.593900,1283447729.275500,40090,12713,99386,152189
2024-08-28,FINRA / NYSE TRF (DN),51713550,38141046,192428278,282282874,1974864818.625300,1226430734.585500,6200105903.197805,9401401456.408605,323438,106728,613308,1043474
2024-08-28,FINRA / Nasdaq TRF Carteret (DQ),1302831853,755484307,2535926619,4594242779,64019836482.326611,40475448802.611793,115998409489.624136,220493694774.562540,10953171,2776715,13381671,27111557
2024-08-28,MIAX Pearl (H),37872299,44575650,76296069,158744018,909335146.288500,1678366088.993700,1647019970.394800,4234721205.677000,353046,175123,398671,926840
2024-08-28,EDGA Equities (J),21237392,14629838,43852978,79720208,837069065.497700,582603544.255900,1053068296.314300,2472740906.067900,296521,78939,307156,682616
2024-08-28,EDGX Equities (K),114613604,96033546,356133836,566780986,4592363531.817101,4975097470.773205,13367353840.524911,22934814843.115217,1062471,547503,1994750,3604724
2024-08-28,LTSE (L),33438,28091,93873,155402,2248539.860000,1189816.920000,2889067.610000,6327424.390000,208,137,517,862
2024-08-28,NYSE Chicago (M),12599774,10172088,16542632,39314494,1165490177.095000,1214166727.154000,2375142176.561600,4754799080.810600,120508,6693,122814,250015
2024-08-28,NYSE (N),754766339,30971283,75601518,861339140,40929884038.799893,1885234179.558700,3166917132.199500,45982035350.558093,2665052,139460,523759,3328271
2024-08-28,NYSE Arca (P),133923546,281785666,621308876,1037018088,6146818394.776900,17246406143.461995,19519787469.184103,42913012007.422998,1598415,1378998,3576287,6553700
2024-08-28,NASDAQ (Q),326218706,152565767,1064600501,1543384974,16664585428.646898,10164091129.648401,67540601634.528905,94369278192.824204,4801462,1015280,8084971,13901713
2024-08-28,Members Exchange (U),48800579,37908706,164853050,251562335,2107160391.409100,1821291882.896600,4008704598.844701,7937156873.150401,670418,194571,810041,1675030
2024-08-28,Investors Exchange (V),113889165,41641178,103318880,258849223,6161095408.337800,2190609740.317400,5879566934.942498,14231272083.597698,1353240,214971,1174847,2743058
2024-08-28,NASDAQ PSX (X),4011507,4694723,7923437,16629667,248257944.568100,425085435.974300,450333916.288500,1123677296.830900,75131,28313,91763,195207
2024-08-28,BYX Equities (Y),22879832,13202844,32563327,68646003,912609409.463400,604918523.879400,1340862536.967800,2858390470.310600,346097,75875,352806,774778
2024-08-28,BZX Equities (Z),146660479,101820653,209494167,457975299,6641186354.867201,6534790370.823703,9926768330.598003,23102745056.288907,1968896,556997,1976085,4501978
2024-08-27,NYSE American (A),5236601,11981499,5355551,22573651,227332235.494100,227668419.853300,274043033.507800,729043688.855200,64382,47886,53076,165344
2024-08-27,NASDAQ BX (B),7257950,5441115,9346492,22045557,436863069.890400,272334578.483200,609341589.742900,1318539238.116500,103780,40866,110399,255045
2024-08-27,NYSE National (C),8811778,5492507,9860455,24164740,276500207.818100,208725969.733800,279942345.018700,765168522.570600,113165,34992,96888,245045
2024-08-27,FINRA / Nasdaq TRF Chicago (DB),4796026,2133381,13806020,20735427,224752540.984500,124924565.625400,966376618.063300,1316053724.673200,37024,12776,99902,149702
2024-08-27,FINRA / NYSE TRF (DN),46461797,31368715,158060132,235890644,1836670314.741500,1058130459.989699,4789349284.914401,7684150059.645600,281134,93042,495438,869614
2024-08-27,FINRA / Nasdaq TRF Carteret (DQ),1229995853,669363823,2169099102,4068458778,60623282802.298683,34116813885.483214,103057907500.697099,197798004188.478996,10359389,2537410,11903271,24800070
2024-08-27,MIAX Pearl (H),33373179,34694272,55757679,123825130,770603954.298300,1342929253.710200,1283094071.052700,3396627279.061200,297855,136687,333668,768210
2024-08-27,EDGA Equities (J),19425556,9721241,37259496,66406293,710951754.539400,430242071.909100,874277958.878800,2015471785.327300,252816,60402,269843,583061
2024-08-27,EDGX Equities (K),97318445,74914686,274018205,446251336,3981335748.766400,3928020913.935499,10283715582.771601,18193072245.473500,893027,409622,1582471,2885120
2024-08-27,LTSE (L),251099,133530,84308,468937,3105033.050000,4146266.780000,1652268.130000,8903567.960000,316,209,341,866
2024-08-27,NYSE Chicago (M),12763105,11684727,16561645,41009477,1245275323.210300,2225126981.621200,2044565166.253800,5514967471.085300,113893,5561,111824,231278
2024-08-27,NYSE (N),721355691,26407560,64119998,811883249,39395786278.566111,1650098451.723100,2774464762.620100,43820349492.909311,2397068,116704,487494,3001266
2024-08-27,NYSE Arca (P),120306897,226034025,402957971,749298893,5551053699.600802,14709900663.011985,12696286726.347108,32957241088.959895,1398605,1043355,2774697,5216657
2024-08-27,NASDAQ (Q),286193905,110745238,875750488,1272689631,14497657996.909204,8173313294.984705,52938247104.133415,75609218396.027324,4173084,757201,6700718,11631003
2024-08-27,Members Exchange (U),40329378,30246037,118911948,189487363,1680285937.670600,1491721141.585200,3184970706.795001,6356977786.050801,547751,156405,664925,1369081
2024-08-27,Investors Exchange (V),101291776,32040255,93563868,226895899,5280541046.193200,1733616439.354000,5099491822.079803,12113649307.627003,1215102,177176,1058023,2450301
2024-08-27,NASDAQ PSX (X),4001478,3458928,5843094,13303500,237301122.941000,294278422.095000,310889711.639900,842469256.675900,71464,21617,77713,170794
2024-08-27,BYX Equities (Y),21342465,10648786,24248822,56240073,832622701.494300,523967601.261600,1067149708.393200,2423740011.149100,297179,65153,288357,650689
2024-08-27,BZX Equities (Z),118962524,71093198,149648762,339704484,5715713846.308699,5010544202.221899,8154281609.513999,18880539658.044597,1707801,430493,1634192,3772486
2024-08-26,NYSE American (A),5062171,15096913,5826613,25985697,233101323.725400,266229044.765300,302471711.559300,801802080.050000,66976,54582,57924,179482
2024-08-26,NASDAQ BX (B),6899953,6455411,11253036,24608400,457998197.507300,354549256.512300,650473406.661600,1463020860.681200,121655,54149,137779,313583
2024-08-26,NYSE National (C),10568904,5920363,11911602,28400869,303186410.115000,221914334.340900,319434835.533400,844535579.989300,128022,40089,111583,279694
2024-08-26,FINRA / Nasdaq TRF Chicago (DB),5533848,3243927,16932517,25710292,263361550.789500,184798769.396800,1159474677.337300,1607634997.523600,43144,16219,118265,177628
2024-08-26,FINRA / NYSE TRF (DN),47494539,36538812,195159148,279192499,1926129187.572300,1338565398.356800,5191280880.335097,8455975466.264197,302202,100017,557888,960107
2024-08-26,FINRA / Nasdaq TRF Carteret (DQ),1271146748,694925509,2523870574,4489942831,63881414348.278496,38346609238.646692,106699897914.383243,208927921501.308431,10644899,2952292,12942099,26539290
2024-08-26,MIAX Pearl (H),35042682,37436726,65598724,138078132,829863758.916000,1501930581.470300,1459913713.442400,3791708053.828700,317807,148059,378194,844060
2024-08-26,EDGA Equities (J),19091850,10336151,40717945,70145946,774882409.599700,473498002.969500,885950179.551700,2134330592.120900,272205,67112,298432,637749
2024-08-26,EDGX Equities (K),105588053,82213420,319875938,507677411,4490891208.289400,4668033209.553497,11667904066.129907,20826828483.972804,1011471,472231,1877416,3361118
2024-08-26,LTSE (L),58215,182057,217221,457493,3522814.260000,8045552.110000,2212299.920000,13780666.290000,431,326,442,1199
2024-08-26,NYSE Chicago (M),12779403,12044526,17539312,42363241,1292838359.401700,1320688399.829400,1928380622.910900,4541907382.142000,121859,6650,129083,257592
2024-08-26,NYSE (N),748653340,27670930,68507286,844831556,38533286692.963107,1962615785.773300,2742434549.155000,43238337027.891407,2631575,134110,494662,3260347
2024-08-26,NYSE Arca (P),121709641,250384830,486220971,858315442,5469483637.498800,17477670121.054893,13804710410.116404,36751864168.670097,1436491,1207517,3194495,5838503
2024-08-26,NASDAQ (Q),305516685,128227667,1007941163,1441685515,15690607811.555800,9618773658.426806,60031946325.587527,85341327795.570133,4669301,899508,7832534,13401343
2024-08-26,Members Exchange (U),43767358,34889587,140040386,218697331,1864916528.320100,2017996677.090301,3424435550.558201,7307348755.968602,577765,183241,760327,1521333
2024-08-26,Investors Exchange (V),102885543,31987015,100853398,235725956,5426066828.918900,1896291861.464200,5354540040.180202,12676898730.563302,1278461,192694,1128651,2599806
2024-08-26,NASDAQ PSX (X),3803369,3880796,6871573,14555738,234503165.861500,302908322.592300,347513543.785200,884925032.239000,70412,24915,84854,180181
2024-08-26,BYX Equities (Y),21686793,11473286,31075511,64235590,916599672.787800,547635219.906000,1156591719.695300,2620826612.389100,341347,76552,351784,769683
2024-08-26,BZX Equities (Z),124217874,78617885,172584077,375419836,6088124580.882698,6078595087.044801,8725757658.162998,20892477326.090497,1832630,512577,1880408,4225615
2024-08-23,NYSE American (A),6474962,17756354,6373835,30605151,294142694.176000,375467332.230500,336391487.012500,1006001513.419000,84000,65251,69083,218334
2024-08-23,NASDAQ BX (B),6864955,8399275,12563480,27827710,444207516.167200,459776569.284100,656382892.544000,1560366977.995300,113148,58808,132485,304441
2024-08-23,NYSE National (C),12081924,8659031,14377405,35118360,316113561.507000,323688939.535100,359143161.661700,998945662.703800,137204,49713,121842,308759
2024-08-23,FINRA / Nasdaq TRF Chicago (DB),6635082,4039418,17696218,28370718,304753633.500100,222335759.035500,1129076926.411600,1656166318.947200,47374,18428,116578,182380
2024-08-23,FINRA / NYSE TRF (DN),54021892,47834112,195197816,297053820,2027026115.015300,2138647715.611499,5720234257.648705,9885908088.275504,301679,112165,541983,955827
2024-08-23,FINRA / Nasdaq TRF Carteret (DQ),1434221729,798734357,2639493547,4872449633,67176437016.142389,44544201629.105990,114666439191.861939,226387077837.110318,11140997,3068846,12876055,27085898
2024-08-23,MIAX Pearl (H),43944020,54878085,79387702,178209807,1018951429.504700,2195376365.804900,1930074114.350999,5144401909.660599,393414,222382,463904,1079700
2024-08-23,EDGA Equities (J),22948547,14362491,37183353,74494391,790603393.571100,682669587.001700,1041338241.578700,2514611222.151500,291801,88843,314486,695130
2024-08-23,EDGX Equities (K),134615887,109884300,349863405,594363592,5160027380.721600,6701026205.584197,12988168444.638698,24849222030.944495,1176470,601839,1987738,3766047
2024-08-23,LTSE (L),98197,257710,223661,579568,3164872.260000,6856433.260000,2889564.640000,12910870.160000,519,323,551,1393
2024-08-23,NYSE Chicago (M),17803649,6471019,20965698,45240366,1547935023.878200,1309938144.150100,2065967133.565800,4923840301.594100,179645,14119,202980,396744
2024-08-23,NYSE (N),815660433,41856145,80800371,938316949,42667868016.936910,2945315722.873899,3190277132.373300,48803460872.184109,2953689,186858,570634,3711181
2024-08-23,NYSE Arca (P),151032480,331115208,494454206,976601894,6069527421.768398,22412426660.623202,15455717682.709291,43937671765.100891,1657668,1532458,3354908,6545034
2024-08-23,NASDAQ (Q),345443100,190530357,1114453020,1650426477,17060717262.540505,14358387993.769604,67485583475.826325,98904688732.136434,5123205,1238257,8389142,14750604
2024-08-23,Members Exchange (U),53580266,46829900,136295069,236705235,2154359008.217600,2506052036.627601,3869105666.848999,8529516711.694200,680872,255927,839257,1776056
2024-08-23,Investors Exchange (V),111336453,41080338,112160339,264577130,5928899906.073700,2352114191.020200,5736855875.656001,14017869972.749901,1354620,218211,1192566,2765397
2024-08-23,NASDAQ PSX (X),4543097,6185285,7640642,18369024,263938297.336600,547586195.198000,441843943.159800,1253368435.694400,80292,35829,97812,213933
2024-08-23,BYX Equities (Y),23761232,16194424,31944428,71900084,865343125.913700,802945943.822000,1163039169.393900,2831328239.129600,332542,91747,340459,764748
2024-08-23,BZX Equities (Z),146765171,114179794,195522356,456467321,6913707951.340601,8578392778.410399,10794951702.779304,26287052432.530304,2112858,685431,2096719,4895008
2024-08-22,NYSE American (A),6345511,13759433,6684407,26789351,275428651.094600,279339482.989000,378129618.267400,932897752.351000,75374,59637,67219,202230
2024-08-22,NASDAQ BX (B),6765897,7028489,10880133,24674519,464919822.732200,343186594.544900,650624501.788900,1458730919.066000,109556,53270,126968,289794
2024-08-22,NYSE National (C),10778147,7412180,13592140,31782467,323777478.871300,256552082.648900,350709175.622000,931038737.142200,124506,41082,108723,274311
2024-08-22,FINRA / Nasdaq TRF Chicago (DB),5931137,3566068,17409898,26907103,280719756.824400,199452494.834100,1243750880.065400,1723923131.723900,43813,18279,117886,179978
2024-08-22,FINRA / NYSE TRF (DN),49587883,44932338,189896547,284416768,1834590670.453500,1693162532.591599,5760855214.225894,9288608417.270993,301959,127282,566618,995859
2024-08-22,FINRA / Nasdaq TRF Carteret (DQ),1290960051,801424089,2546090434,4638474574,65392852654.972402,44704543251.512203,118697722835.649657,228795118742.134262,10549649,3088464,12552276,26190389
2024-08-22,MIAX Pearl (H),37999054,47103403,69122011,154224468,924368784.756300,1751855320.214900,1847988100.382200,4524212205.353400,333259,191163,410428,934850
2024-08-22,EDGA Equities (J),22367772,12365663,34074130,68807565,752159401.604800,579958770.734300,978187889.641800,2310306061.980900,269892,77800,280675,628367
2024-08-22,EDGX Equities (K),113287871,101973263,320755970,536017104,4686354134.505102,5542046429.928102,13428248482.008902,23656649046.442106,1034494,593908,1903706,3532108
2024-08-22,LTSE (L),64626,68578,1823126,1956330,3498745.030000,8510002.800000,33789978.200000,45798726.030000,382,167,1070,1619
2024-08-22,NYSE Chicago (M),11732388,11293909,19543505,42569802,1211102278.830900,2102486589.887400,2423416500.497300,5737005369.215600,120893,9216,123338,253447
2024-08-22,NYSE (N),736532291,32929855,68625316,838087462,39238407715.414297,2182593555.376301,3171962129.070100,44592963399.860698,2641938,154225,511265,3307428
2024-08-22,NYSE Arca (P),125352842,310131397,440303943,875788182,5898586912.963202,19572539297.774502,15115925667.008593,40587051877.746297,1464459,1431461,3161154,6057074
2024-08-22,NASDAQ (Q),316758613,156848664,1044411238,1518018515,16389046589.772904,11402754287.038800,68730191788.381134,96521992665.192838,4655963,1040843,7790326,13487132
2024-08-22,Members Exchange (U),44339775,46416144,126408052,217163971,1990269763.163200,2288257436.704600,3916863524.150099,8195390724.017899,596889,244459,750845,1592193
2024-08-22,Investors Exchange (V),103582933,37052784,105980308,246616025,5645741338.213500,2105992673.499500,5635233137.859900,13386967149.572900,1283135,199775,1134086,2616996
2024-08-22,NASDAQ PSX (X),3972305,5055154,6643218,15670677,242372430.821300,464940321.261400,398056102.474100,1105368854.556800,69225,29875,82893,181993
2024-08-22,BYX Equities (Y),21655858,13026498,28774586,63456942,793508468.303100,627292884.647900,1071178959.845200,2491980312.796200,303075,76486,303940,683501
2024-08-22,BZX Equities (Z),133190103,93232034,177261255,403683392,6455075456.431699,6731455826.629901,10373708608.919898,23560239891.981498,1861992,584882,1892355,4339229
2024-08-21,NYSE American (A),6077599,15112997,5838401,27028997,265496079.637000,257749812.794200,272392706.800000,795638599.231200,75088,50727,59815,185630
2024-08-21,NASDAQ BX (B),7997161,7040373,10155268,25192802,495711963.243600,315056857.569300,559381401.042400,1370150221.855300,115995,49598,119488,285081
2024-08-21,NYSE National (C),11048685,6761367,12260750,30070802,359477014.566900,240265285.127700,340876977.883900,940619277.578500,132817,37592,112371,282780
2024-08-21,FINRA / Nasdaq TRF Chicago (DB),6845086,2774444,15866025,25485555,303138239.045600,169319132.869200,1164721682.228300,1637179054.143100,44662,14882,109838,169382
2024-08-21,FINRA / NYSE TRF (DN),59629480,67374830,170443344,297447654,2223102061.770500,1366493362.762900,5065822176.660704,8655417601.194104,312639,105161,520916,938716
2024-08-21,FINRA / Nasdaq TRF Carteret (DQ),1387358630,937699706,2368366538,4693424874,67634701204.995033,42025221123.427097,105713662889.947474,215373585218.369604,10948794,2779132,12403836,26131762
2024-08-21,MIAX Pearl (H),38091832,43402614,58903251,140397697,952685999.433300,1623168207.257300,1498031834.831700,4073886041.522300,347674,168760,389002,905436
2024-08-21,EDGA Equities (J),20026554,12569411,30526632,63122597,768151545.982500,483239745.556700,906821373.598800,2158212665.138000,270321,73958,278293,622572
2024-08-21,EDGX Equities (K),122168965,111442530,315416458,549027953,4817021777.095799,4631714495.207700,11021118937.601195,20469855209.904694,1049664,491917,1772833,3314414
2024-08-21,LTSE (L),52446,30024,96643,179113,2300865.230000,967896.350000,1319181.600000,4587943.180000,424,142,518,1084
2024-08-21,NYSE Chicago (M),12836060,14104397,20651093,47591550,1363185969.779800,1759367436.462900,2837105489.319699,5959658895.562399,119826,8480,129948,258254
2024-08-21,NYSE (N),749761366,34059007,63859417,847679790,40553265291.743992,2137973188.118200,2503536178.557500,45194774658.419692,2627996,150827,484815,3263638
2024-08-21,NYSE Arca (P),142761475,326493420,449242452,918497347,6262875084.763896,17014058829.552692,12860464884.575686,36137398798.892274,1564539,1220990,3023064,5808593
2024-08-21,NASDAQ (Q),315276900,156366438,973880722,1445524060,16072209492.709894,10251750321.954797,57557724292.040127,83881684106.704818,4628735,961485,7312758,12902978
2024-08-21,Members Exchange (U),48161017,59234226,116953935,224349178,2034339287.319300,2103283828.892599,3297545023.290104,7435168139.502003,614231,224057,738608,1576896
2024-08-21,Investors Exchange (V),105816937,33141579,104102744,243061260,5779040275.595700,1885546880.020300,5108171265.289899,12772758420.905899,1274023,187242,1123750,2585015
2024-08-21,NASDAQ PSX (X),4248560,5137937,6372550,15759047,214777503.602300,411519900.559300,325154086.856500,951451491.018100,64980,29693,72526,167199
2024-08-21,BYX Equities (Y),23714836,12903413,27124001,63742250,812701378.362300,602862698.841600,957259718.216500,2372823795.420400,306469,74265,285148,665882
2024-08-21,BZX Equities (Z),136734981,97581201,181761535,416077717,6507794657.540600,6167349694.028800,8796921223.947603,21472065575.517003,1905304,535739,1845758,4286801
2024-08-20,NYSE American (A),6240259,14520992,6981782,27743033,312088455.260400,236709724.290100,357069131.497000,905867311.047500,84052,49326,68337,201715
2024-08-20,NASDAQ BX (B),8246483,7055716,12971014,28273213,538690524.601400,370995317.412900,782451233.664600,1692137075.678900,126656,54602,146088,327346
2024-08-20,NYSE National (C),10085894,6448262,13431748,29965904,351595287.597100,279099169.958800,380115181.069800,1010809638.625700,132506,38261,115803,286570
2024-08-20,FINRA / Nasdaq TRF Chicago (DB),6380792,2979340,17137397,26497529,276581045.561400,168109003.019300,1259358616.320700,1704048664.901400,44612,15165,115138,174915
2024-08-20,FINRA / NYSE TRF (DN),55847231,46100178,202277187,304224596,2029742186.465800,2100252846.038799,5373237005.674495,9503232038.179094,290028,97887,539528,927443
2024-08-20,FINRA / Nasdaq TRF Carteret (DQ),1317979586,793252785,2632480057,4743712428,65967075478.278924,40061690409.772409,113945573689.956424,219974339578.007757,10888455,2842350,12800117,26530922
2024-08-20,MIAX Pearl (H),40490086,37301465,67847784,145639335,1029001340.962700,1565846209.172500,1700155237.274600,4295002787.409800,361509,160835,413113,935457
2024-08-20,EDGA Equities (J),19678294,12640496,43327173,75645963,787467191.135600,535900792.673000,949165263.933000,2272533247.741600,271809,74688,316676,663173
2024-08-20,EDGX Equities (K),115237095,86219684,356165430,557622209,4815532148.124301,4370267682.366500,12276340251.835494,21462140082.326295,1029072,494280,1901626,3424978
2024-08-20,LTSE (L),109939,120718,54380,285037,2424614.020000,7540438.200000,1298847.610000,11263899.830000,472,309,343,1124
2024-08-20,NYSE Chicago (M),15668386,16160081,17844221,49672688,1543002362.144400,1675021596.929700,2151373497.478101,5369397456.552201,115288,6811,122728,244827
2024-08-20,NYSE (N),744913225,31367839,65423698,841704762,39682165055.053300,1931226134.421900,2555999335.431101,44169390524.906301,2492855,137698,463557,3094110
2024-08-20,NYSE Arca (P),127614289,285691148,553773847,967079284,5730207391.832900,16422855382.533502,13436401540.574699,35589464314.941101,1459948,1208883,3295928,5964759
2024-08-20,NASDAQ (Q),309773526,147824688,990416426,1448014640,15758158895.460398,9616992642.233801,57195308793.257395,82570460330.951594,4491474,934967,7316890,12743331
2024-08-20,Members Exchange (U),46361462,46264007,148535335,241160804,2025290242.943400,1888129933.252200,3557666489.806501,7471086666.002101,581805,209144,767765,1558714
2024-08-20,Investors Exchange (V),101128270,37293086,100497425,238918781,5442428706.819499,2129799606.690900,5154981508.007401,12727209821.517800,1251127,194098,1113357,2558582
2024-08-20,NASDAQ PSX (X),3454428,4773739,6988509,15216676,202882818.350500,348203816.484800,333707085.148900,884793719.984200,61333,27803,76854,165990
2024-08-20,BYX Equities (Y),21562255,13318914,29603584,64484753,730625786.121200,604784406.754100,962712446.124700,2298122639.000000,298554,72523,300421,671498
2024-08-20,BZX Equities (Z),128711873,88337133,183390827,400439833,6189034111.499800,5644510534.630801,8914161304.046495,20747705950.177096,1805595,521845,1816290,4143730
2024-08-19,NYSE American (A),5907292,14969089,6816181,27692562,242670688.200800,225571312.657400,297877185.546200,766119186.404400,71070,50204,63080,184354
2024-08-19,NASDAQ BX (B),7385409,6257335,13490682,27133426,444848581.236400,321179928.098600,632865447.703500,1398893957.038500,109916,48508,132044,290468
2024-08-19,NYSE National (C),10789420,6024224,12599092,29412736,324487796.752600,242654905.239500,362388641.236100,929531343.228200,127409,40318,121188,288915
2024-08-19,FINRA / Nasdaq TRF Chicago (DB),6552376,2453530,14770821,23776727,267005395.163500,170024925.516200,1004412114.373300,1441442435.053000,46006,14417,105889,166312
2024-08-19,FINRA / NYSE TRF (DN),60487007,32255276,218438034,311180317,1866626696.992400,1265388945.713100,5280707910.361202,8412723553.066702,294296,102031,564969,961296
2024-08-19,FINRA / Nasdaq TRF Carteret (DQ),1450458913,752615475,2843510356,5046584744,63568508715.884677,42390271547.472707,107237623486.426753,213196403749.784137,11082787,2970485,13457298,27510570
2024-08-19,MIAX Pearl (H),40562943,29575488,62577107,132715538,885081965.781800,1240844899.154200,1552715852.598400,3678642717.534400,326893,129638,386855,843386
2024-08-19,EDGA Equities (J),22138754,12172814,43840259,78151827,780101958.590000,537559733.815600,940267138.983600,2257928831.389200,283222,76231,311567,671020
2024-08-19,EDGX Equities (K),126270103,79177440,351932017,557379560,4492130042.302000,4521844766.892197,12450155277.118503,21464130086.312700,1035528,467865,1972617,3476010
2024-08-19,LTSE (L),104443,61934,634834,801211,3397300.460000,1046973.860000,4296036.310000,8740310.630000,485,360,851,1696
2024-08-19,NYSE Chicago (M),17608973,14546264,22654204,54809441,1550811311.650000,1571937835.056400,3088069124.897701,6210818271.604101,117241,6709,131465,255415
2024-08-19,NYSE (N),784549631,29124324,68601664,882275619,40954563797.035998,1997353208.329200,2692038050.035301,45643955055.400499,2503701,135820,481443,3120964
2024-08-19,NYSE Arca (P),134811998,239340355,543104132,917256485,5590299971.409399,16459331196.083414,13270197278.733695,35319828446.226508,1461661,1148068,3384497,5994226
2024-08-19,NASDAQ (Q),329121429,127810666,1089137506,1546069601,15633770785.576598,9460417363.008100,61988654794.395903,87082842942.980601,4599946,880259,7658869,13139074
2024-08-19,Members Exchange (U),51325024,33688851,153706438,238720313,1961190213.132200,1866834217.828699,3436188759.590099,7264213190.550998,612794,191376,783825,1587995
2024-08-19,Investors Exchange (V),103071422,32481366,100159241,235712029,5173422422.381800,1924622686.372600,4788810226.745800,11886855335.500200,1244906,184833,1098252,2527991
2024-08-19,NASDAQ PSX (X),4300811,4485724,7104840,15891375,201992497.403100,332887077.324200,300588957.705900,835468532.433200,64986,27082,85051,177119
2024-08-19,BYX Equities (Y),22512483,13597218,30097631,66207332,726617058.076200,630819187.546200,922068830.633700,2279505076.256100,282084,73910,295509,651503
2024-08-19,BZX Equities (Z),136483557,77710379,191582027,405775963,6120801529.351702,5767709795.836000,8658872953.099009,20547384278.286711,1888548,487284,1907263,4283095
2024-08-16,NYSE American (A),7137354,24816418,7258043,39211815,287901185.562500,276646183.392200,364781111.469200,929328480.423900,87264,53475,66817,207556
2024-08-16,NASDAQ BX (B),9691040,6272916,13947298,29911254,605070456.697000,296092926.269000,711042744.590200,1612206127.556200,143911,48382,150292,342585
2024-08-16,NYSE National (C),11416827,6660418,12453833,30531078,341464609.577200,238745046.002400,357647943.272800,937857598.852400,138013,38072,121181,297266
2024-08-16,FINRA / Nasdaq TRF Chicago (DB),5316234,2617273,12751436,20684943,222369070.676000,142033791.662700,905807644.162800,1270210506.501500,39911,13255,93371,146537
2024-08-16,FINRA / NYSE TRF (DN),61725191,37479691,204641093,303845975,2542663981.967400,1748263578.012899,7290601671.164403,11581529231.144702,313179,93214,539269,945662
2024-08-16,FINRA / Nasdaq TRF Carteret (DQ),1419022166,727459348,2483142349,4629623863,64244788746.979210,41952428937.916600,109629310471.415093,215826528156.310903,11069085,2760047,12694375,26523507
2024-08-16,MIAX Pearl (H),43328765,32882240,56734611,132945616,1139417300.492000,1404354545.661500,1583286823.575600,4127058669.729100,384883,143461,398780,927124
2024-08-16,EDGA Equities (J),23146169,12542483,40770238,76458890,816225945.397100,531116381.618800,904783502.673800,2252125829.689700,289528,76737,300835,667100
2024-08-16,EDGX Equities (K),126476952,88288840,303999869,518765661,4674839817.725700,4857510482.600002,12002234176.709800,21534584477.035502,1080273,502923,1768124,3351320
2024-08-16,LTSE (L),42753,613332,1361352,2017437,2500076.250000,20079659.430000,10380500.740000,32960236.420000,423,401,1146,1970
2024-08-16,NYSE Chicago (M),20668393,22630333,42055152,85353878,1738350570.068600,4128716280.062400,9053746377.525604,14920813227.656604,125909,7312,132261,265482
2024-08-16,NYSE (N),872449085,34710841,70542166,977702092,49043382684.312897,2188128205.386200,3013082209.874099,54244593099.573196,2717877,151894,504271,3374042
2024-08-16,NYSE Arca (P),139665851,277399273,471650749,888715873,6052558971.379299,18194414031.527788,13899483658.516802,38146456661.423889,1585495,1222119,3170560,5978174
2024-08-16,NASDAQ (Q),342936739,143551322,1078287308,1564775369,17532683840.087603,9930510478.836406,64940116657.229133,92403310976.153142,5013784,926101,7730222,13670107
2024-08-16,Members Exchange (U),53635585,38249572,129514368,221399525,2111674732.086900,1998524828.108500,3501001913.349301,7611201473.544701,664770,195749,750566,1611085
2024-08-16,Investors Exchange (V),109494235,34029117,103250232,246773584,5659517786.140600,1855040055.741100,4911029823.893701,12425587665.775401,1375668,185324,1171100,2732092
2024-08-16,NASDAQ PSX (X),4732658,4987138,7497505,17217301,260174857.344700,388218368.602600,372386689.974300,1020779915.921600,78969,28690,90185,197844
2024-08-16,BYX Equities (Y),24178151,13627360,30303089,68108600,793610133.444900,597947090.366100,926196192.950500,2317753416.761500,327727,74658,308636,711021
2024-08-16,BZX Equities (Z),146005353,87064072,181041516,414110941,6860712564.503001,6085238960.478399,9652279958.621602,22598231483.603002,2109813,516750,1920389,4546952
2024-08-15,NYSE American (A),7683139,15240104,8201991,31125234,317847299.245800,340971811.700500,429435201.101800,1088254312.048100,89346,57888,70746,217980
2024-08-15,NASDAQ BX (B),9955070,7168238,14424897,31548205,635198745.227300,404682958.782200,784207262.096400,1824088966.105900,152510,53514,160440,366464
2024-08-15,NYSE National (C),14075596,7281980,16435973,37793549,433960839.210300,278249569.048500,449836786.573900,1162047194.832700,170027,43685,155556,369268
2024-08-15,FINRA / Nasdaq TRF Chicago (DB),6026284,2826450,15140088,23992822,306730690.734600,189013651.907100,1013347631.569900,1509091974.211600,48148,16250,105590,169988
2024-08-15,FINRA / NYSE TRF (DN),63424471,37442091,178036008,278902570,2173931532.823200,1521199150.581600,5366727172.711807,9061857856.116607,345972,108493,558419,1012884
2024-08-15,FINRA / Nasdaq TRF Carteret (DQ),1626214682,791114769,2570470954,4987800405,77416025412.998696,48657036791.582606,118711064235.830558,244784126440.411860,12114087,3110694,13521129,28745910
2024-08-15,MIAX Pearl (H),44890592,41205853,65580875,151677320,1143723619.881000,1891375786.852700,1966792086.103500,5001891492.837200,415776,170794,455038,1041608
2024-08-15,EDGA Equities (J),27907225,14852256,48081146,90840627,1036264106.264000,712619553.949900,1144418874.231500,2893302534.445400,351198,86689,342888,780775
2024-08-15,EDGX Equities (K),138138778,105804618,342512119,586455515,5689073940.480799,6720659782.020703,14761093387.075598,27170827109.577100,1246660,595188,1970086,3811934
2024-08-15,LTSE (L),113095,377956,108318,599369,2224548.660000,11170108.170000,7014398.610000,20409055.440000,575,496,412,1483
2024-08-15,NYSE Chicago (M),11760964,12959780,18372512,43093256,1113775513.659200,1663980828.628900,2808738555.794199,5586494898.082299,141828,8839,145926,296593
2024-08-15,NYSE (N),888663518,41841229,88666345,1019171092,49901939773.389004,3216059467.737500,3949901452.598499,57067900693.725003,3149916,174839,600873,3925628
2024-08-15,NYSE Arca (P),169773879,313683679,495516893,978974451,7706324967.057001,23339124787.482607,17453801970.559502,48499251725.099110,1899133,1482857,3476021,6858011
2024-08-15,NASDAQ (Q),402103379,167976288,1243249587,1813329254,21274123940.543398,13736849345.934004,80081463027.161834,115092436313.639236,5870026,1101652,8796549,15768227
2024-08-15,Members Exchange (U),60048247,44328770,134813283,239190300,2505947103.904300,2727197918.817299,4365763129.503498,9598908152.225097,762500,239567,853068,1855135
2024-08-15,Investors Exchange (V),130759198,37852651,122061862,290673711,6833149430.719000,2527922247.676599,6674182691.058500,16035254369.454099,1544606,217539,1318945,3081090
2024-08-15,NASDAQ PSX (X),5037919,5869975,8155859,19063753,294456560.083500,542008057.710200,419999041.074400,1256463658.868100,90180,35414,99588,225182
2024-08-15,BYX Equities (Y),28957611,14311609,34541760,77810980,1038917632.732500,721005139.032000,1249067039.426300,3008989811.190800,372109,79970,349876,801955
2024-08-15,BZX Equities (Z),167669069,102292097,217721756,487682922,8175488918.532099,8497380038.295705,11963689014.787298,28636557971.615102,2389751,628867,2279017,5297635
2024-08-14,NYSE American (A),7359640,15994553,6914953,30269146,347818702.000000,345101007.462400,404018990.287500,1096938699.749900,84444,60860,62444,207748
2024-08-14,NASDAQ BX (B),8556980,7247639,11963777,27768396,525633529.235900,346354017.278400,663711322.702600,1535698869.216900,128001,55445,134277,317723
2024-08-14,NYSE National (C),11182367,6409325,12215366,29807058,330053902.429800,245118110.036200,300298936.763800,875470949.229800,132109,38868,111093,282070
2024-08-14,FINRA / Nasdaq TRF Chicago (DB),5304892,2878399,13954885,22138176,274878231.642900,174013066.687600,992384256.736100,1441275555.066600,40667,14996,97189,152852
2024-08-14,FINRA / NYSE TRF (DN),58750835,36689678,168196406,263636919,2002282198.193700,1343396864.046200,5132477445.380502,8478156507.620402,310471,102561,482853,895885
2024-08-14,FINRA / Nasdaq TRF Carteret (DQ),1523331190,785906623,2432241578,4741479391,71154775289.476511,41920714135.267392,107380210889.441110,220455700314.185013,10650117,2915232,11971751,25537100
2024-08-14,MIAX Pearl (H),43742347,40338849,62916558,146997754,1032925195.353600,1628420185.096500,1635942427.784700,4297287808.234800,378099,160579,381362,920040
2024-08-14,EDGA Equities (J),22848479,11758342,46999315,81606136,873265140.402100,517198285.617500,982201509.057100,2372664935.076700,304943,69702,307274,681919
2024-08-14,EDGX Equities (K),124397259,97337193,311781727,533516179,4938906918.873498,5723820971.572398,12070808219.573996,22733536110.019892,1134917,567161,1779557,3481635
2024-08-14,LTSE (L),487126,35291,1050607,1573024,5313294.160000,4575887.480000,7195369.400000,17084551.040000,856,141,1034,2031
2024-08-14,NYSE Chicago (M),13548072,9106535,19867763,42522370,1073870238.330200,1133738117.762300,2620347123.444499,4827955479.536999,128030,6317,126581,260928
2024-08-14,NYSE (N),803152571,36056418,75543502,914752491,43582761459.975108,2429669339.721099,3531091153.652401,49543521953.348608,2958355,163514,527820,3649689
2024-08-14,NYSE Arca (P),147487503,290241572,500997880,938726955,6919206815.218499,18844937356.937699,15362778252.545589,41126922424.701787,1688762,1389531,3207315,6285608
2024-08-14,NASDAQ (Q),370550430,153514659,1047806350,1571871439,19132385434.283002,10954280781.344200,63501432737.174427,93588098952.801629,5363550,1044503,7981894,14389947
2024-08-14,Members Exchange (U),53943936,43394818,143786831,241125585,2068411748.954100,2333477865.748800,3525997730.178302,7927887344.881202,688308,237153,778086,1703547
2024-08-14,Investors Exchange (V),118442074,34639008,104405775,257486857,6362733352.903600,2013390093.960700,5449946739.741298,13826070186.605598,1420476,190056,1157897,2768429
2024-08-14,NASDAQ PSX (X),5164050,5156190,7062145,17382385,277918069.803000,509656523.647000,391905677.801600,1179480271.251600,86427,32485,91262,210174
2024-08-14,BYX Equities (Y),24685983,15565200,29689733,69940916,943358365.916400,758826797.645700,1071252176.554000,2773437340.116100,344409,86537,305680,736626
2024-08-14,BZX Equities (Z),152374239,96756068,182403697,431534004,7331321469.275800,7059559614.274197,9329571864.202100,23720452947.752097,2165721,608824,1932248,4706793
2024-08-13,NYSE American (A),6803073,15238743,7732609,29774425,272040812.423300,332878813.234300,417345681.830200,1022265307.487800,80020,54875,69219,204114
2024-08-13,NASDAQ BX (B),11062129,7327080,14727832,33117041,625226114.297400,410165694.035000,837012061.997100,1872403870.329500,162766,48574,159791,371131
2024-08-13,NYSE National (C),11802512,6780982,14155658,32739152,390847785.911600,297866234.408100,381986906.533900,1070700926.853600,151732,40197,137415,329344
2024-08-13,FINRA / Nasdaq TRF Chicago (DB),5101122,2321442,13059732,20482296,264817649.011100,150397379.980200,832144505.520500,1247359534.511800,41551,14209,89476,145236
2024-08-13,FINRA / NYSE TRF (DN),58718712,38103210,184329408,281151330,1962015858.071100,2097200594.099100,5080423390.249598,9139639842.419798,320823,96452,509449,926724
2024-08-13,FINRA / Nasdaq TRF Carteret (DQ),1591058746,748310344,2589192190,4928561280,74208049799.777295,44090829855.543910,111820531784.220730,230119411439.541935,11505073,2792764,12603874,26901711
2024-08-13,MIAX Pearl (H),49465492,39040808,73595760,162102060,1253242440.202600,1649060080.469400,1818907631.858500,4721210152.530500,449448,163271,454972,1067691
2024-08-13,EDGA Equities (J),24316457,11345411,44781112,80442980,898642565.566900,529207589.875200,1062383219.664000,2490233375.106100,345757,73379,346237,765373
2024-08-13,EDGX Equities (K),131281767,84908573,330889850,547080190,5377974288.024900,5176273021.610095,11833551683.016598,22387798992.651593,1261287,510224,1884656,3656167
2024-08-13,LTSE (L),1713531,40137,356663,2110331,8937374.190000,3120911.090000,6119099.580000,18177384.860000,1096,121,810,2027
2024-08-13,NYSE Chicago (M),13453852,9528559,20418217,43400628,1156635789.130000,1179825938.463300,2646192521.683799,4982654249.277099,128895,7734,130882,267511
2024-08-13,NYSE (N),899412038,34184997,80639193,1014236228,47260544446.766302,2579486371.849300,3998179464.723600,53838210283.339202,3228404,156541,576805,3961750
2024-08-13,NYSE Arca (P),158589952,275793134,560620847,995003933,7123348538.392399,20047503060.179100,16369118608.985014,43539970207.556513,1857418,1328964,3416806,6603188
2024-08-13,NASDAQ (Q),396172202,150799618,1177405779,1724377599,20272496680.354099,11852130566.952596,72717391971.641997,104842019218.948692,5769469,1014979,8374466,15158914
2024-08-13,Members Exchange (U),61432172,41391807,142953081,245777060,2459542155.089600,2377951244.737602,4015819350.434198,8853312750.261400,793770,230478,850331,1874579
2024-08-13,Investors Exchange (V),124880789,33209575,117124640,275215004,6737614653.087800,2132064302.303200,6184786455.953398,15054465411.344398,1546981,195392,1287802,3030175
2024-08-13,NASDAQ PSX (X),6060143,5347107,8716298,20123548,293956205.521200,540140287.822600,428188329.297300,1262284822.641100,94748,33908,100935,229591
2024-08-13,BYX Equities (Y),27326334,13742852,33007062,74076248,921425405.396200,696211017.261500,1127481507.518800,2745117930.176500,352476,77426,328416,758318
2024-08-13,BZX Equities (Z),163072544,90696464,203291177,457060185,7837050031.459499,6947597943.549697,10521086889.729493,25305734864.738689,2353150,587218,2148174,5088542
2024-08-12,NYSE American (A),5810192,18774953,6377160,30962305,253161846.168800,252707035.436300,310967312.099800,816836193.704900,75373,62702,61143,199218
2024-08-12,NASDAQ BX (B),9456257,7272051,13217686,29945994,590487084.615100,336217710.154700,663097581.926000,1589802376.695800,167180,52474,157960,377614
2024-08-12,NYSE National (C),11201098,7497917,13790083,32489098,373918077.016900,264878676.072300,372230406.061800,1011027159.151000,144766,43853,128302,316921
2024-08-12,FINRA / Nasdaq TRF Chicago (DB),5131417,2967034,12011226,20109677,227719972.888100,161118671.387800,828720066.830300,1217558711.106200,39903,15194,86696,141793
2024-08-12,FINRA / NYSE TRF (DN),55973980,40314533,162903475,259191988,1849635427.554800,1049624281.696200,4495729535.117899,7394989244.368899,312904,99343,495722,907969
2024-08-12,FINRA / Nasdaq TRF Carteret (DQ),1504743494,813527238,2364074676,4682345408,72730303662.667337,39356267008.794998,98557601595.040812,210644172266.503147,10920896,3011355,12094640,26026891
2024-08-12,MIAX Pearl (H),44324616,47097798,62457135,153879549,1019317660.529800,1740864772.383100,1397783610.387100,4157966043.300000,383252,186926,378670,948848
2024-08-12,EDGA Equities (J),23226644,13151999,37363300,73741943,817799127.897000,500601511.842900,847084121.177100,2165484760.917000,330045,75305,316236,721586
2024-08-12,EDGX Equities (K),119602549,95718340,306018780,521339669,4561240162.819600,5040247446.229300,10714384035.770300,20315871644.819200,1132935,557832,1786125,3476892
2024-08-12,LTSE (L),95074,33503,282268,410845,2147362.850000,1340372.910000,5480271.170000,8968006.930000,418,50,1740,2208
2024-08-12,NYSE Chicago (M),12068107,11060558,16261234,39389899,995618243.253600,1154043131.313800,1764996562.380400,3914657936.947800,140832,8463,139231,288526
2024-08-12,NYSE (N),820610330,40322959,69518942,930452231,43875692040.200908,2352575957.098000,2894882697.919199,49123150695.218107,3038811,176902,546983,3762696
2024-08-12,NYSE Arca (P),140629257,313772565,455638734,910040556,6240353888.864101,18720429396.604494,12563758700.474999,37524541985.943594,1717700,1437948,3142522,6298170
2024-08-12,NASDAQ (Q),359586628,164662862,1043905826,1568155316,18196109593.636098,11391400054.702196,56172313683.850401,85759823332.188695,5479990,1154395,7977329,14611714
2024-08-12,Members Exchange (U),53622390,46053217,118921148,218596755,2034793308.632800,2109911686.378900,3282729450.966800,7427434445.978500,714071,245842,764296,1724209
2024-08-12,Investors Exchange (V),116941991,36709579,102817804,256469374,6084371526.582801,1873710675.496900,4732208223.579098,12690290425.658799,1483975,196151,1173543,2853669
2024-08-12,NASDAQ PSX (X),6525934,5621427,9494164,21641525,381011363.587000,479729994.904800,414186631.639200,1274927990.131000,103972,36262,99409,239643
2024-08-12,BYX Equities (Y),22867347,14526155,29636241,67029743,797995874.822300,635266736.579700,903274899.055500,2336537510.457500,330874,78824,306316,716014
2024-08-12,BZX Equities (Z),146469265,101380827,181640880,429490972,6851153411.047700,6592857195.238999,8216460257.744602,21660470864.031301,2218502,663939,1954455,4836896
2024-08-09,NYSE American (A),5682120,17574424,7239758,30496302,250103862.516400,267001842.358400,283481755.906100,800587460.780900,70702,58860,60608,190170
2024-08-09,NASDAQ BX (B),9204064,6469515,13174062,28847641,539698262.251400,321775416.955200,583240340.210400,1444714019.417000,140629,48603,137519,326751
2024-08-09,NYSE National (C),12962364,6226676,13787117,32976157,414353503.609300,243203783.440500,412978278.322300,1070535565.372100,154089,39059,130761,323909
2024-08-09,FINRA / Nasdaq TRF Chicago (DB),5447954,2461588,12936105,20845647,264829799.538100,183062305.003900,823778640.770100,1271670745.312100,38819,14268,82598,135685
2024-08-09,FINRA / NYSE TRF (DN),54486680,43166815,222077233,319730728,1766177809.402800,1896994638.022300,5224947629.570501,8888120076.995601,283738,99819,467760,851317
2024-08-09,FINRA / Nasdaq TRF Carteret (DQ),1541150829,823061924,2841374906,5205587659,67787655344.181755,41975259904.965005,98073646816.408846,207836562065.555606,10765184,2813724,11986463,25565371
2024-08-09,MIAX Pearl (H),47724324,46714425,78729178,173167927,1073920829.374800,1789336985.239800,1623868044.122400,4487125858.737000,416228,194783,446173,1057184
2024-08-09,EDGA Equities (J),26910060,11635134,45634187,84179381,883912440.026500,493823682.708900,873816587.629000,2251552710.364400,328402,74713,338676,741791
2024-08-09,EDGX Equities (K),129182507,91737780,343046913,563967200,4959354180.154201,4956099833.621202,10393963179.502798,20309417193.278201,1198567,613558,1820802,3632927
2024-08-09,LTSE (L),44803,198783,307327,550913,2205603.330000,7813637.050000,2234154.730000,12253395.110000,376,141,278,795
2024-08-09,NYSE Chicago (M),14740483,10265981,26893900,51900364,1211857108.622200,1107618306.063900,2376423950.364099,4695899365.050199,168794,7848,161679,338321
2024-08-09,NYSE (N),850198023,37291171,73575816,961065010,42662725979.840001,2355988002.536301,3369737692.807499,48388451675.183801,3166493,172426,581762,3920681
2024-08-09,NYSE Arca (P),157287503,304938928,570987921,1033214352,6701528901.758003,19574478467.411413,14332300040.147609,40608307409.317025,1811470,1523304,3314629,6649403
2024-08-09,NASDAQ (Q),379207369,157372415,1107266609,1643846393,19314551329.431302,11445553329.084406,57847654716.548020,88607759375.063728,5586587,1188905,8351848,15127340
2024-08-09,Members Exchange (U),62410787,47520555,176208401,286139743,2384596049.250800,2172653121.162200,3842809280.506499,8400058450.919499,799144,258432,897515,1955091
2024-08-09,Investors Exchange (V),124853237,31627404,112762439,269243080,6308309690.189300,1656225980.233900,5323101957.620001,13287637628.043201,1468396,179815,1235764,2883975
2024-08-09,NASDAQ PSX (X),5248914,5492102,8965440,19706456,275679190.503400,502661127.655100,411728334.934300,1190068653.092800,87128,34546,99791,221465
2024-08-09,BYX Equities (Y),25970805,14178494,41399141,81548440,873178549.794800,651767920.847400,944899079.344300,2469845549.986500,322878,81044,326877,730799
2024-08-09,BZX Equities (Z),159746937,96771012,210094370,466612319,7376571072.011600,6803963125.306299,9080114609.585894,23260648806.903793,2265352,673085,2109435,5047872
2024-08-08,NYSE American (A),6137536,17874553,6983703,30995792,264090634.322900,313024905.400200,322489639.707800,899605179.430900,73880,67056,63334,204270
2024-08-08,NASDAQ BX (B),10926367,9744622,16339688,37010677,707780115.494600,494005411.135700,845746770.059700,2047532296.690000,157317,67305,169614,394236
2024-08-08,NYSE National (C),14087430,8891282,17162391,40141103,494935043.987100,334302721.950100,506499472.815500,1335737238.752700,168640,45550,156477,370667
2024-08-08,FINRA / Nasdaq TRF Chicago (DB),6406532,2952677,14179287,23538496,275194227.626400,207140982.819800,1017900708.170199,1500235918.616399,41558,16565,96421,154544
2024-08-08,FINRA / NYSE TRF (DN),62629542,50735269,171661257,285026068,1946578658.262700,1577956334.215899,5615768996.407601,9140303988.886200,329018,115319,517169,961506
2024-08-08,FINRA / Nasdaq TRF Carteret (DQ),1709502739,987546497,2636142192,5333191428,79264299164.992979,47518665148.347478,117217430417.398095,244000394730.738552,11937672,3247224,13098428,28283324
2024-08-08,MIAX Pearl (H),55904024,66775718,83147680,205827422,1315749440.153000,2415910258.024501,2290948847.665000,6022608545.842501,492147,258764,531081,1281992
2024-08-08,EDGA Equities (J),30095204,14920952,38920117,83936273,1108987312.489600,604465962.275600,1210630966.077300,2924084240.842500,367907,87965,350879,806751
2024-08-08,EDGX Equities (K),144501664,120619880,345630712,610752256,5728665093.079499,6448595871.670795,12856313242.441802,25033574207.192096,1298678,692350,1993345,3984373
2024-08-08,LTSE (L),59183,108141,611438,778762,2512541.590000,3384273.370000,3061476.550000,8958291.510000,347,155,770,1272
2024-08-08,NYSE Chicago (M),25938671,10335697,21184669,57459037,1684287917.318000,1112165859.872900,2440113494.393700,5236567271.584600,178964,7503,177775,364242
2024-08-08,NYSE (N),979294179,46433954,101224144,1126952277,51670239954.749403,3315362540.244600,4421422753.990600,59407025248.984603,3628362,212266,729399,4570027
2024-08-08,NYSE Arca (P),184781498,416854966,537200286,1138836750,8347135455.769800,26421487131.698685,18373657425.115999,53142280012.584484,2139574,1996380,3756584,7892538
2024-08-08,NASDAQ (Q),460793455,227222404,1302011993,1990027852,23884882050.533201,16028792995.883491,78358559200.246017,118272234246.662709,6552554,1544106,9767151,17863811
2024-08-08,Members Exchange (U),71555252,65841757,147968099,285365108,2793608724.298100,3122817221.666500,4403618997.350802,10320044943.315402,909888,351575,995989,2257452
2024-08-08,Investors Exchange (V),135732491,40723725,123411402,299867618,7447489822.632199,2240751848.489099,6327840940.470100,16016082611.591398,1686571,221629,1381419,3289619
2024-08-08,NASDAQ PSX (X),7149279,6941254,11126390,25216923,415046195.954700,688623412.668000,590360245.892800,1694029854.515500,110613,44177,123456,278246
2024-08-08,BYX Equities (Y),28158675,18308644,36337669,82804988,1045722248.510300,836580697.571300,1278758602.325100,3161061548.406700,364444,95057,354323,813824
2024-08-08,BZX Equities (Z),182289857,127353403,225721552,535364812,8714940912.239400,8799832389.003498,11297976902.240595,28812750203.483493,2563071,802604,2396303,5761978
2024-08-07,NYSE American (A),8336592,17298238,7867874,33502704,386417102.067600,375192976.517000,369959232.091800,1131569310.676400,104727,69125,75373,249225
2024-08-07,NASDAQ BX (B),11336182,12029542,16245435,39611159,694933821.358900,611755236.096900,978707657.802700,2285396715.258500,153675,81644,183513,418832
2024-08-07,NYSE National (C),16151805,10061895,19897006,46110706,680107568.114200,436937691.699700,735751780.436100,1852797040.250000,194821,58551,178836,432208
2024-08-07,FINRA / Nasdaq TRF Chicago (DB),7453956,3366339,14809731,25630026,323096466.207000,209934100.784800,1091213279.712700,1624243846.704500,49307,19240,109800,178347
2024-08-07,FINRA / NYSE TRF (DN),69851921,44662824,189107749,303622494,2354994237.353100,2267100877.608800,6335009452.044301,10957104567.006201,377496,128991,606840,1113327
2024-08-07,FINRA / Nasdaq TRF Carteret (DQ),1962645880,1005135985,2768197356,5735979221,88705755454.418487,56861161861.403764,134204944780.936474,279771862096.758725,13182464,3590178,14251016,31023658
2024-08-07,MIAX Pearl (H),64981944,72068840,88228400,225279184,1473780648.256200,2915804569.790399,2638158042.352400,7027743260.398999,557695,288026,570976,1416697
2024-08-07,EDGA Equities (J),34171049,17331263,40211701,91714013,1242153575.912600,872912162.502700,1526004671.828500,3641070410.243800,409626,109953,389832,909411
2024-08-07,EDGX Equities (K),169108335,132373739,335355758,636837832,6220208241.214999,8145683262.125004,14280274756.625601,28646166259.965604,1535571,869020,2260723,4665314
2024-08-07,LTSE (L),58699,206919,69228,334846,4197064.670000,6943976.970000,2337840.940000,13478882.580000,452,216,360,1028
2024-08-07,NYSE Chicago (M),23341519,9534565,24372513,57248597,1472211172.728600,1011469128.725900,2768815967.750301,5252496269.204801,172375,8399,163234,344008
2024-08-07,NYSE (N),1078279837,56904598,110256223,1245440658,56043807855.064612,3858291315.657100,5112613801.556199,65014712972.277911,4141215,260489,750876,5152580
2024-08-07,NYSE Arca (P),233393488,446543454,545360964,1225297906,9197719049.799402,30602070576.021706,21602698246.391216,61402487872.212324,2534208,2357067,4057316,8948591
2024-08-07,NASDAQ (Q),516927128,259025168,1374905469,2150857765,26371542074.076498,18394867908.707995,82954506091.963951,127720916074.748444,7302984,1879158,10792852,19974994
2024-08-07,Members Exchange (U),87644570,71875652,159225287,318745509,3208761850.340600,4071251844.954199,5318081652.754800,12598095348.049599,1062306,432487,1103311,2598104
2024-08-07,Investors Exchange (V),141955066,44987451,123294461,310236978,7890240210.595300,2650898161.581200,6977947796.246003,17519086168.422503,1683789,250139,1342086,3276014
2024-08-07,NASDAQ PSX (X),7728503,8947823,12102265,28778591,423808533.105400,860676823.162100,684794253.561500,1969279609.829000,122456,56255,143033,321744
2024-08-07,BYX Equities (Y),31230021,20519919,39187765,90937705,1170144361.293400,1111522344.090500,1507406088.256700,3789072793.640600,386993,113723,381627,882343
2024-08-07,BZX Equities (Z),218277297,155610553,250226424,624114274,10079519526.109103,11534780639.134798,13258113446.501007,34872413611.744908,3019508,1099580,2715299,6834387
2024-08-06,NYSE American (A),10275778,17771271,9088093,37135142,475467829.907600,443883513.959100,538671991.902200,1458023335.768900,126830,73781,91989,292600
2024-08-06,NASDAQ BX (B),13566376,13918836,18278540,45763752,709547354.890600,730776209.688900,1064243283.649300,2504566848.228800,167150,101418,186522,455090
2024-08-06,NYSE National (C),19489507,12755559,20419749,52664815,645854194.385200,522711825.476700,770446148.967300,1939012168.829200,215528,70467,175033,461028
2024-08-06,FINRA / Nasdaq TRF Chicago (DB),6899184,3252339,13708971,23860494,312171465.564700,200733691.084900,1058275935.401900,1571181092.051500,47678,20424,108160,176262
2024-08-06,FINRA / NYSE TRF (DN),76143475,47258289,191644667,315046431,2174361506.440700,2123055932.397099,5953972784.798005,10251390223.635804,390843,136552,546219,1073614
2024-08-06,FINRA / Nasdaq TRF Carteret (DQ),2015068202,1210883433,2627065564,5853017199,90014128387.633122,72908168837.834271,130488043691.852643,293410340917.320036,13499794,3896872,13787220,31183886
2024-08-06,MIAX Pearl (H),65105435,90189590,95978468,251273493,1428099795.932700,3782745529.335000,2786261363.054201,7997106688.321901,552395,352907,543863,1449165
2024-08-06,EDGA Equities (J),36136381,19325134,42521098,97982613,1123618432.177000,937484849.024000,1551259890.135200,3612363171.336200,411148,124092,382285,917525
2024-08-06,EDGX Equities (K),171687773,146149179,357874398,675711350,6125006228.744799,9166060257.209003,16371621961.674603,31662688447.628405,1537194,938008,2256542,4731744
2024-08-06,LTSE (L),210324,34468,77408,322200,3710728.610000,1826484.540000,3776922.600000,9314135.750000,818,126,357,1301
2024-08-06,NYSE Chicago (M),15576502,13574792,28918470,58069764,1292706719.493400,2128949066.737300,3798075121.930900,7219730908.161600,173703,7822,160025,341550
2024-08-06,NYSE (N),1112625331,67987325,103596168,1284208824,60410998798.717496,4775257631.394597,4932684167.751499,70118940597.863592,4379536,288580,726071,5394187
2024-08-06,NYSE Arca (P),254217715,501810770,612129351,1368157836,9744998435.674904,35830913494.089088,24881389015.416501,70457300945.180493,2643006,2567995,4184878,9395879
2024-08-06,NASDAQ (Q),555787464,293903828,1369631895,2219323187,27454856165.496904,21374046468.678601,92532521064.856491,141361423699.031996,7710211,2006632,11140040,20856883
2024-08-06,Members Exchange (U),90609047,84017169,173782847,348409063,3286877112.102100,5002331263.274100,5705133316.895002,13994341692.271202,1062611,499983,1072159,2634753
2024-08-06,Investors Exchange (V),153243232,56557813,121618540,331419585,8193707959.552499,3033997906.228901,7368717247.646899,18596423113.428299,1762794,289487,1368010,3420291
2024-08-06,NASDAQ PSX (X),8007721,10715473,12747816,31471010,456756585.120100,1171418117.845000,787939272.803600,2416113975.768700,122303,63134,135924,321361
2024-08-06,BYX Equities (Y),37699789,24376357,43013857,105090003,1211135310.481700,1268983504.259000,1626130816.412000,4106249631.152700,436009,131093,398877,965979
2024-08-06,BZX Equities (Z),233351190,185829910,253508825,672689925,10582132727.131099,13698458392.234007,14716149793.182685,38996740912.547791,3151280,1199741,2768531,7119552
2024-08-05,NYSE American (A),11795556,36335068,11822674,59953298,559628177.151300,674448403.899200,735634320.164100,1969710901.214600,128878,109142,103018,341038
2024-08-05,NASDAQ BX (B),14212792,22105280,22218410,58536482,936748581.755900,1181250504.497900,1539536456.427600,3657535542.681400,207618,155669,253538,616825
2024-08-05,NYSE National (C),19047868,22280272,25945990,67274130,551251380.927800,822140402.578100,835341754.019200,2208733537.525100,191895,116767,197870,506532
2024-08-05,FINRA / Nasdaq TRF Chicago (DB),7794096,5801401,17915888,31511385,338571938.603700,316985758.537900,1227314319.318800,1882872016.460400,65830,37168,139992,242990
2024-08-05,FINRA / NYSE TRF (DN),73441652,73364699,184431600,331237951,2395939875.930200,2782183766.168300,7432233298.635403,12610356940.733903,439059,219388,688750,1347197
2024-08-05,FINRA / Nasdaq TRF Carteret (DQ),2029937185,1576629383,2769089530,6375656098,99491992714.694975,98673610635.117287,151659203119.700642,349824806469.512904,15683237,5996196,17712445,39391878
2024-08-05,MIAX Pearl (H),71329497,139186365,109266441,319782303,1845142139.702800,5869804809.936500,3934012512.127901,11648959461.767201,662928,629538,706825,1999291
2024-08-05,EDGA Equities (J),43698482,31726533,45663743,121088758,1521290005.117500,1653245893.614101,2181554286.044200,5356090184.775801,492045,206328,491526,1189899
2024-08-05,EDGX Equities (K),203349094,247297517,426329026,876975637,8180412003.362899,16504914608.808002,23572162932.799997,48257489544.970898,2144305,1788759,3311150,7244214
2024-08-05,LTSE (L),44912,314523,187431,546866,1096443.170000,13524769.820000,3364292.490000,17985505.480000,181,371,428,980
2024-08-05,NYSE Chicago (M),31922304,13616159,33757454,79295917,2370678548.474800,1034357178.501000,3320818656.786101,6725854383.761901,238688,13499,203488,455675
2024-08-05,NYSE (N),1318234652,112585030,132177518,1562997200,68514574705.955010,7386054577.501700,7231165158.013700,83131794441.470410,5336459,510773,1057532,6904764
2024-08-05,NYSE Arca (P),288122054,842294116,659269706,1789685876,12511204340.357208,58333256502.471589,36510838367.570603,107355299210.399400,3289963,4675884,5812503,13778350
2024-08-05,NASDAQ (Q),708147801,509292949,1821880000,3039320750,38383343988.568001,37941845299.797910,129568431418.426135,205893620706.792046,9900331,3784721,15088574,28773626
2024-08-05,Members Exchange (U),105512254,136765368,172143612,414421234,4195828808.473400,7553812948.384298,7519347041.812903,19268988798.670601,1334452,949556,1393645,3677653
2024-08-05,Investors Exchange (V),178142196,80828019,156625240,415595455,10484260732.388600,4736639358.230599,10145831901.433600,25366731992.052799,1993888,413596,1664379,4071863
2024-08-05,NASDAQ PSX (X),9485935,17527941,15818335,42832211,581547739.849000,1976277827.472200,1018732516.406600,3576558083.727800,151903,128440,184618,464961
2024-08-05,BYX Equities (Y),40867156,35744960,47665659,124277775,1523996215.233400,1888809493.220900,2199334759.612800,5612140468.067100,470416,203834,499193,1173443
2024-08-05,BZX Equities (Z),294138844,336106196,331166075,961411115,13611280986.237896,23605305370.757593,20202682909.262695,57419269266.258184,3894775,2298266,3713769,9906810
2024-08-02,NYSE American (A),13256792,22139866,15228270,50624928,619243815.585400,645781499.604100,1112017717.989600,2377043033.179100,136837,86668,120107,343612
2024-08-02,NASDAQ BX (B),13939433,17962697,18424596,50326726,949226014.033200,903410397.882800,1306143984.637500,3158780396.553500,198683,109485,217768,525936
2024-08-02,NYSE National (C),19612023,15283234,21648804,56544061,562011335.449000,630888750.685700,733638948.577700,1926539034.712400,202942,84581,170890,458413
2024-08-02,FINRA / Nasdaq TRF Chicago (DB),7508710,4609117,17515723,29633550,354506964.675000,280023442.560900,1325697579.295901,1960227986.531801,60861,28898,138265,228024
2024-08-02,FINRA / NYSE TRF (DN),76295778,53501627,187737223,317534628,2637110619.405300,2428015202.491400,8594547839.050303,13659673660.947003,407794,194723,752774,1355291
2024-08-02,FINRA / Nasdaq TRF Carteret (DQ),2123429077,1259357411,2806017710,6188804198,102400036115.289822,73336590531.691071,165016142348.142521,340752768995.123414,15192838,4829261,16832655,36854754
2024-08-02,MIAX Pearl (H),74317955,118386058,104249848,296953861,1881798392.073300,4573692851.555300,3608303002.052600,10063794245.681200,644358,470855,696068,1811281
2024-08-02,EDGA Equities (J),41971037,27799093,43228838,112998968,1513649358.215400,1317507668.904800,1957203221.767000,4788360248.887200,479639,167514,441928,1089081
2024-08-02,EDGX Equities (K),193471289,193566152,359174467,746211908,7865750432.818802,11710828307.552901,19255484341.992695,38832063082.364398,1876595,1373357,2822989,6072941
2024-08-02,LTSE (L),21762,303196,84406,409364,2189649.210000,11687360.590000,1084982.260000,14961992.060000,276,263,204,743
2024-08-02,NYSE Chicago (M),20334861,14462813,32537762,67335436,1837463008.639800,3050826540.568900,5078317551.433801,9966607100.642501,203892,11615,186395,401902
2024-08-02,NYSE (N),1221600111,92226865,126485970,1440312946,64903845581.926595,5992955061.921598,7122702353.506998,78019502997.355191,4852650,403097,965149,6220896
2024-08-02,NYSE Arca (P),246986678,609299418,543143777,1399429873,11737175833.939294,41294889380.596367,29168509717.422005,82200574931.957666,2824003,3310335,4817790,10952128
2024-08-02,NASDAQ (Q),633789938,364025333,1533148884,2530964155,35210733630.676210,26754092305.098598,109076327601.798661,171041153537.573469,8789592,2822268,12779952,24391812
2024-08-02,Members Exchange (U),99583926,107859737,158886406,366330069,4176279917.990300,6295830561.414802,7337303699.469093,17809414178.874195,1211771,740539,1308338,3260648
2024-08-02,Investors Exchange (V),177707721,64088885,147259020,389055626,10366267939.410600,3901959200.182800,9659606892.869700,23927834032.463100,1950613,327663,1562288,3840564
2024-08-02,NASDAQ PSX (X),10038334,14570791,14205196,38814321,564238615.825400,1311895994.229800,963089064.525100,2839223674.580300,144462,98647,165579,408688
2024-08-02,BYX Equities (Y),40215052,33265803,42965525,116446380,1457740050.536100,1629300885.462100,2048688317.248599,5135729253.246799,462841,171824,436801,1071466
2024-08-02,BZX Equities (Z),273107529,224811920,291831408,789750857,13623148261.277898,16088179820.186092,19247142924.452209,48958471005.916199,3702588,1601433,3415209,8719230
2024-08-01,NYSE American (A),8739763,19411852,12132839,40284454,385454670.439600,515236071.139500,891100234.764500,1791790976.343600,108184,75327,91510,275021
2024-08-01,NASDAQ BX (B),13104196,12452107,17358013,42914316,858165596.122700,656448452.561200,1198376030.091300,2712990078.775200,183797,85366,200717,469880
2024-08-01,NYSE National (C),17238276,12261257,20141542,49641075,520931821.238000,498819474.368200,631318490.429400,1651069786.035600,192638,64412,162971,420021
2024-08-01,FINRA / Nasdaq TRF Chicago (DB),7676079,4443221,15916946,28036246,369683448.433700,244693425.787600,1375880757.129699,1990257631.350999,55597,23464,122696,201757
2024-08-01,FINRA / NYSE TRF (DN),75522445,62029748,236360737,373912930,2425830195.877199,3063130137.015301,8782761680.764401,14271722013.656901,392342,196061,763324,1351727
2024-08-01,FINRA / Nasdaq TRF Carteret (DQ),1959166542,1146834156,3062205222,6168205920,96742585239.464481,70464429171.361250,161105621712.010795,328312636122.836526,13981418,4236627,15886911,34104956
2024-08-01,MIAX Pearl (H),68439084,90388375,109595024,268422483,1749620668.807400,3748052646.793400,3916540416.262499,9414213731.863299,607128,333149,645911,1586188
2024-08-01,EDGA Equities (J),37525320,20102736,43131968,100760024,1333471632.950700,1002488909.950200,1775514336.560900,4111474879.461800,447761,120341,424203,992305
2024-08-01,EDGX Equities (K),180266780,154396915,396600765,731264460,7227045269.343398,9772161286.696999,19791615155.437007,36790821711.477404,1685173,947432,2601959,5234564
2024-08-01,LTSE (L),29003,679510,393392,1101905,3183400.780000,25145899.290000,27842492.480000,56171792.550000,298,617,359,1274
2024-08-01,NYSE Chicago (M),20936849,8152125,32574060,61663034,1900034003.633500,874560808.131100,3625635000.666600,6400229812.431200,189578,11892,187719,389189
2024-08-01,NYSE (N),1120558491,71922809,123362503,1315843803,59486058274.863106,4943665205.604902,7253606644.406002,71683330124.874010,4560284,299811,869810,5729905
2024-08-01,NYSE Arca (P),231332018,526364389,641380013,1399076420,10420821985.931104,36401894589.006982,28529831121.589098,75352547696.527184,2609570,2473823,4669984,9753377
2024-08-01,NASDAQ (Q),559509023,285208403,1517597351,2362314777,31376011074.529097,22506558443.049711,106745691942.575811,160628261460.154619,8104772,1965017,12325542,22395331
2024-08-01,Members Exchange (U),94139136,83450906,175521657,353111699,3992625031.730500,5068433884.404699,7116362417.996000,16177421334.131199,1144566,499382,1248541,2892489
2024-08-01,Investors Exchange (V),152283284,45715248,134114743,332113275,8928552372.175500,3105432741.318400,9054640474.443100,21088625587.937000,1768843,255301,1473832,3497976
2024-08-01,NASDAQ PSX (X),10246923,11757795,15433969,37438687,655871358.841500,1073887165.193700,1027286090.167700,2757044614.202900,163500,69578,172148,405226
2024-08-01,BYX Equities (Y),35428114,24687161,44477671,104592946,1307888174.027300,1383505760.839800,1807678358.667900,4499072293.535000,441651,135595,430492,1007738
2024-08-01,BZX Equities (Z),242988835,175216859,285742919,703948613,12024869660.822002,13269466043.820998,17847302802.026893,43141638506.669893,3367087,1152662,3179108,7698857
2024-07-31,NYSE American (A),8152670,26326455,9835749,44314874,357750268.632000,448002339.854700,656858742.879200,1462611351.365900,101098,67463,82249,250810
2024-07-31,NASDAQ BX (B),14084246,9360646,16722365,40167257,890240480.351800,541671311.563700,1155050934.113000,2586962726.028500,195252,73162,184898,453312
2024-07-31,NYSE National (C),16262800,10437832,17127900,43828532,557721262.060200,379461749.091300,593908355.788400,1531091366.939900,195406,52738,151465,399609
2024-07-31,FINRA / Nasdaq TRF Chicago (DB),5894172,3106352,14138952,23139476,297973028.413800,240560788.047000,1140960731.973500,1679494548.434300,41943,16436,100986,159365
2024-07-31,FINRA / NYSE TRF (DN),61215514,48607323,222568731,332391568,2399856816.946900,1836883792.345900,6756832242.561599,10993572851.854399,336582,153391,661640,1151613
2024-07-31,FINRA / Nasdaq TRF Carteret (DQ),1805122832,943774400,2804038233,5552935465,96023044924.975217,57083925931.591921,143091405379.753495,296198376236.320633,12554485,3240164,13813465,29608114
2024-07-31,MIAX Pearl (H),65167333,77979525,100444812,243591670,1578181182.332800,3097210318.616600,3198671967.357999,7874063468.307399,560958,258279,598680,1417917
2024-07-31,EDGA Equities (J),67760334,36144591,69028986,172933911,1671494088.032900,1419758392.423600,1963508720.616501,5054761201.073001,603430,169708,541139,1314277
2024-07-31,EDGX Equities (K),159348888,136621540,400821279,696791707,6760287988.297801,8258742232.702705,17786720594.746300,32805750815.746806,1509234,730042,2344367,4583643
2024-07-31,LTSE (L),22100,594429,432740,1049269,1044341.150000,17539510.710000,4008691.670000,22592543.530000,136,286,371,793
2024-07-31,NYSE Chicago (M),21686089,9647573,29303003,60636665,2199645483.226800,863154015.575600,4118768660.744901,7181568159.547301,206081,11188,195941,413210
2024-07-31,NYSE (N),1269407297,61147260,109054616,1439609173,69533180549.183290,4073034429.316201,5960347418.391400,79566562396.890891,4212081,224338,752557,5188976
2024-07-31,NYSE Arca (P),196128346,429443276,603805008,1229376630,9657748447.215800,31054298531.221603,24268352448.406512,64980399426.843915,2304116,1800085,4077083,8181284
2024-07-31,NASDAQ (Q),501333199,241334888,1505858642,2248526729,28709668145.364703,18308874449.066909,106491859231.503175,153510401825.934787,7341866,1518387,10816398,19676651
2024-07-31,Members Exchange (U),79371948,70405552,156128295,305905795,3337502562.385600,3994855462.863598,6237675011.181794,13570033036.430992,990909,385269,1067531,2443709
2024-07-31,Investors Exchange (V),124371573,33307645,105589388,263268606,8078097340.041001,2319219678.189100,7760275405.220700,18157592423.450801,1569645,187893,1257641,3015179
2024-07-31,NASDAQ PSX (X),9029831,8209884,11940857,29180572,589208178.769500,763779319.071800,837573350.529300,2190560848.370600,144349,49801,152970,347120
2024-07-31,BYX Equities (Y),33188278,21090085,49832890,104111253,1295003484.516200,1057026411.488100,1735074424.802600,4087104320.806900,399321,100608,398015,897944
2024-07-31,BZX Equities (Z),209843930,148621697,254858761,613324388,10421896057.782300,11336799203.364504,15379623106.951994,37138318368.098798,2895286,867662,2703037,6465985
2024-07-30,NYSE American (A),6585971,15292370,9074030,30952371,361236983.614700,283323448.921900,692390032.576800,1336950465.113400,89691,55756,75174,220621
2024-07-30,NASDAQ BX (B),10984538,7936771,14925919,33847228,693407510.704700,434455077.391800,950481965.432100,2078344553.528600,150672,63183,169234,383089
2024-07-30,NYSE National (C),12578410,6419912,13386984,32385306,416196176.840300,257386105.053100,433776358.122600,1107358640.016000,161518,42103,125514,329135
2024-07-30,FINRA / Nasdaq TRF Chicago (DB),5642211,2455764,13850486,21948461,318341609.979700,171186800.004200,1087080096.086700,1576608506.070600,42340,14110,105960,162410
2024-07-30,FINRA / NYSE TRF (DN),61487742,45909076,201364896,308761714,2241411002.798600,1682568636.488099,7630667688.452908,11554647327.739607,336902,135704,711137,1183743
2024-07-30,FINRA / Nasdaq TRF Carteret (DQ),1650026854,790785461,2627965260,5068777575,83393201400.801791,43243741259.425103,133609128473.967678,260246071134.194572,12087445,3044431,14040698,29172574
2024-07-30,MIAX Pearl (H),49227994,55870931,77645799,182744724,1334891137.466400,2071824705.479600,2239936351.376900,5646652194.322900,457165,199930,510668,1167763
2024-07-30,EDGA Equities (J),53511062,24978438,59817331,138306831,1544496431.929400,951716429.423000,1672356197.214400,4168569058.566800,523083,126947,487042,1137072
2024-07-30,EDGX Equities (K),134732011,90769653,329884699,555386363,5822405795.098401,5050941460.868497,13994334526.031009,24867681781.997907,1332779,537477,2191423,4061679
2024-07-30,LTSE (L),19886,278198,427100,725184,1210620.770000,9159184.640000,3685151.660000,14054957.070000,133,169,297,599
2024-07-30,NYSE Chicago (M),19802663,8891467,24550441,53244571,1757768193.211800,799822038.190200,3203463051.598601,5761053283.000601,173007,8064,166987,348058
2024-07-30,NYSE (N),903583819,40165041,97164007,1040912867,51101029241.957897,2521476194.925900,4960512711.319998,58583018148.203795,3549381,172744,668224,4390349
2024-07-30,NYSE Arca (P),170043062,319265706,546232311,1035541079,8131484298.310101,20729204281.817599,21736473577.374802,50597162157.502502,1993412,1532687,4063395,7589494
2024-07-30,NASDAQ (Q),427625572,165693560,1237393693,1830712825,24566914653.102996,12434313753.478902,82107269779.620514,119108498186.202412,6379030,1163705,9915989,17458724
2024-07-30,Members Exchange (U),66600124,53443206,126354970,246398300,3047254864.666000,2745332073.122100,5224018164.321498,11016605102.109598,854744,297932,948078,2100754
2024-07-30,Investors Exchange (V),111207891,23599631,95507045,230314567,7385263502.588399,1628890036.613300,6177629591.860999,15191783131.062698,1424824,159553,1151064,2735441
2024-07-30,NASDAQ PSX (X),6261252,5632065,9218486,21111803,381407166.361700,505288746.886600,531285284.620400,1417981197.868700,104997,36594,114003,255594
2024-07-30,BYX Equities (Y),28439661,15698292,42265079,86403032,1106136328.980900,778319200.668100,1424910289.792500,3309365819.441500,330123,86148,341125,757396
2024-07-30,BZX Equities (Z),170291251,106395343,226194036,502880630,9174926423.867800,7645924564.620193,12511200225.472501,29332051213.960494,2528060,689731,2450506,5668297
2024-07-29,NYSE American (A),6154886,14770335,8700955,29626176,324272970.471000,258334898.388000,604097620.800900,1186705489.659900,87489,58720,71844,218053
2024-07-29,NASDAQ BX (B),8582022,6626670,11755397,26964089,623837187.820600,345302291.436900,672689807.609500,1641829286.867000,143675,53646,143822,341143
2024-07-29,NYSE National (C),11294682,6607989,11559804,29462475,382483047.736500,259414285.955200,370063962.063800,1011961295.755500,150243,41128,117378,308749
2024-07-29,FINRA / Nasdaq TRF Chicago (DB),4994474,2473467,12671748,20139689,240094730.978700,182755362.556600,992550006.263200,1415400099.798500,37518,15115,93948,146581
2024-07-29,FINRA / NYSE TRF (DN),56366688,44274864,190601411,291242963,1946964111.538300,1374133549.314401,6864979194.158699,10186076855.011400,324600,138872,616341,1079813
2024-07-29,FINRA / Nasdaq TRF Carteret (DQ),1447484125,757551144,2350262828,4555298097,72325811707.993104,42747931282.210605,111344572936.845387,226418315927.049096,11292871,2996879,12586801,26876551
2024-07-29,MIAX Pearl (H),44636591,52285236,68051211,164973038,1082686257.464900,1898071649.042200,1815903622.329000,4796661528.836100,393883,179954,430535,1004372
2024-07-29,EDGA Equities (J),47182233,21304489,49186904,117673626,1238434654.718400,748500752.499500,1200731719.338000,3187667126.555900,462735,112324,462959,1038018
2024-07-29,EDGX Equities (K),118880332,87540559,272886204,479307095,4923018956.049198,4695589379.195797,10786750002.627396,20405358337.872391,1181365,497753,1810677,3489795
2024-07-29,LTSE (L),19329,469512,102114,590955,1819145.540000,14232821.690000,2234407.010000,18286374.240000,199,213,400,812
2024-07-29,NYSE Chicago (M),16899391,8107604,21214868,46221863,1606498571.242000,1421520099.026000,2819155688.803902,5847174359.071902,147797,11601,153822,313220
2024-07-29,NYSE (N),852193424,37755279,87801510,977750213,46268012186.436487,2207151800.584299,3825985603.521700,52301149590.542486,3202874,165692,567305,3935871
2024-07-29,NYSE Arca (P),150139964,302012780,458210976,910363720,7410924079.423598,18961585643.215596,14712905966.843294,41085415689.482488,1829882,1398215,3315378,6543475
2024-07-29,NASDAQ (Q),375917844,160406668,1016037362,1552361874,20798800238.810701,11386789285.943798,62718833161.697572,94904422686.452071,5722949,1074772,8197585,14995306
2024-07-29,Members Exchange (U),60712111,53785786,120580682,235078579,2594345001.165600,2557700530.939701,4117912619.982599,9269958152.087900,781978,278661,838110,1898749
2024-07-29,Investors Exchange (V),96880029,21016409,79211192,197107630,6247449156.243501,1445576680.815100,4842611188.694599,12535637025.753200,1319106,149003,1029586,2497695
2024-07-29,NASDAQ PSX (X),6013643,5069212,8456724,19539579,374096927.791000,396728257.626900,419487090.025200,1190312275.443100,105266,34823,106832,246921
2024-07-29,BYX Equities (Y),25450711,15401493,34273409,75125613,989318274.384500,680939077.410400,1030028958.291200,2700286310.086100,316706,83133,310063,709902
2024-07-29,BZX Equities (Z),147362975,95596683,179705729,422665387,7604588689.471600,6703050573.255196,9070919391.096594,23378558653.823390,2259720,622687,2044216,4926623
2024-07-26,NYSE American (A),6478285,17995280,6242668,30716233,332069907.466500,295826872.283000,344544169.238900,972440948.988400,88523,62578,65145,216246
2024-07-26,NASDAQ BX (B),9252236,7878964,12457332,29588532,721914199.265400,446159570.954400,844998904.707700,2013072674.927500,146399,58059,149914,354372
2024-07-26,NYSE National (C),12236558,7380719,11665758,31283035,443276763.841600,275471559.733900,392235408.580200,1110983732.155700,161636,50115,121555,333306
2024-07-26,FINRA / Nasdaq TRF Chicago (DB),5344161,2738050,12379569,20461780,307033076.180000,205597868.076400,983640777.576100,1496271721.832500,40013,15973,91026,147012
2024-07-26,FINRA / NYSE TRF (DN),58150776,52094805,225325826,335571407,2225302349.021800,2090155226.733901,7289467870.720497,11604925446.476198,337444,148204,612386,1098034
2024-07-26,FINRA / Nasdaq TRF Carteret (DQ),1537407964,843379475,2503127065,4883914504,81622008657.789608,44819849419.727388,117743487390.718777,244185345468.235773,11303739,3042846,12129437,26476022
2024-07-26,MIAX Pearl (H),51011894,65992216,80519161,197523271,1378678166.442900,2183203250.907400,2090944307.118200,5652825724.468500,477048,208206,478829,1164083
2024-07-26,EDGA Equities (J),54660286,25786532,54637306,135084124,1593036283.059300,923287588.170200,1375263582.027900,3891587453.257400,527815,127839,458054,1113708
2024-07-26,EDGX Equities (K),132908968,103105953,304838897,540853818,5881567978.383899,6009505778.714098,12086626903.476797,23977700660.574794,1266196,548055,1823723,3637974
2024-07-26,LTSE (L),28535,1065687,427782,1522004,1335491.420000,34715810.730000,12669638.500000,48720940.650000,284,698,497,1479
2024-07-26,NYSE Chicago (M),23091026,9665360,31520503,64276889,2063104675.135400,1849107256.943000,4362410311.158602,8274622243.237002,185423,8831,178516,372770
2024-07-26,NYSE (N),890189821,45107657,75712803,1011010281,50848618995.634992,2767466675.386101,3378595534.432998,56994681205.454091,3606360,186099,570960,4363419
2024-07-26,NYSE Arca (P),158536638,333578201,521677190,1013792029,8011973702.844698,22640776150.068895,16888318702.386597,47541068555.300190,1935170,1537476,3457561,6930207
2024-07-26,NASDAQ (Q),412673739,178378097,1083162293,1674214129,24045591480.785803,13914456559.079800,70800193748.096880,108760241787.962483,6205147,1200133,9110933,16516213
2024-07-26,Members Exchange (U),65633847,58593465,147954846,272182158,2852827914.922800,2863732672.495500,4644482473.513699,10361043060.931999,840361,306426,908215,2055002
2024-07-26,Investors Exchange (V),105750323,25785436,85417580,216953339,7164091642.981400,1634311559.018000,5880377742.263598,14678780944.262998,1409912,160933,1094882,2665727
2024-07-26,NASDAQ PSX (X),6820195,5555824,9084881,21460900,501954958.992300,530791386.975800,621101243.690100,1653847589.658200,115350,36937,113377,265664
2024-07-26,BYX Equities (Y),27308752,17559384,37383212,82251348,1078902995.297800,779457205.103700,1134439056.170100,2992799256.571600,324537,91792,308138,724467
2024-07-26,BZX Equities (Z),168060278,105025273,199677923,472763474,8967447532.914800,8096376289.799401,11579560154.197406,28643383976.911607,2439968,671564,2202084,5313616
2024-07-25,NYSE American (A),6629503,18609815,7768235,33007553,326456422.455300,395896529.858200,481395018.621100,1203747970.934600,81173,68992,68707,218872
2024-07-25,NASDAQ BX (B),13892961,11679482,17622872,43195315,940435765.818900,660104543.859100,1322567162.644000,2923107472.322000,197531,82703,204273,484507
2024-07-25,NYSE National (C),18224482,10716827,19500647,48441956,635874373.016300,427188859.051700,655612955.857600,1718676187.925600,209203,60913,168194,438310
2024-07-25,FINRA / Nasdaq TRF Chicago (DB),6211514,3814450,16888330,26914294,384814561.314600,242037261.854200,1337644916.375400,1964496739.544200,49998,21616,121474,193088
2024-07-25,FINRA / NYSE TRF (DN),70867973,57912691,230145547,358926211,2612632064.675800,2502487464.057302,7497942416.264900,12613061944.998002,388400,187002,739770,1315172
2024-07-25,FINRA / Nasdaq TRF Carteret (DQ),1943328759,1062463299,2827408391,5833200449,100226258496.610846,60647741472.589838,150392821019.192811,311266820988.393495,13247943,3657832,14696011,31601786
2024-07-25,MIAX Pearl (H),60835861,79869515,82797615,223502991,1516780307.577100,3028292097.761999,2927414603.988900,7472487009.327999,514467,286126,589172,1389765
2024-07-25,EDGA Equities (J),69516734,35035264,67246768,171798766,1965389491.338100,1359830119.489400,2152030596.882499,5477250207.709999,630807,181280,563623,1375710
2024-07-25,EDGX Equities (K),174661786,132667190,376202206,683531182,7555516279.210097,8115441852.298498,17421855500.294792,33092813631.803387,1615510,806976,2577608,5000094
2024-07-25,LTSE (L),25268,723959,377438,1126665,2051925.750000,24530385.520000,10467526.380000,37049837.650000,229,373,316,918
2024-07-25,NYSE Chicago (M),22001904,15313859,24392088,61707851,2072427342.231500,1891722460.886600,3579992798.804001,7544142601.922101,183014,7912,186618,377544
2024-07-25,NYSE (N),1104631108,60120767,100684807,1265436682,59392862675.192990,3766694821.581500,5055286652.134600,68214844148.909090,4234366,255508,797536,5287410
2024-07-25,NYSE Arca (P),207836400,436530649,566325242,1210692291,10277793578.702300,29632895252.351982,23851010478.463009,63761699309.517291,2361647,2133069,4388779,8883495
2024-07-25,NASDAQ (Q),516995122,244059304,1370082120,2131136546,30511817404.284483,17892030932.105110,97820408568.743370,146224256905.132963,7441505,1701436,11865406,21008347
2024-07-25,Members Exchange (U),81158342,77723059,132491717,291373118,3590269747.605700,4247109853.539903,6153303657.281204,13990683258.426807,991138,418583,1113212,2522933
2024-07-25,Investors Exchange (V),132453913,35433549,108271790,276159252,8737570200.304698,2366938624.758501,7982055739.435005,19086564564.498204,1556701,211061,1254733,3022495
2024-07-25,NASDAQ PSX (X),8186089,8384751,12450219,29021059,572959957.765400,732279347.057200,954363918.088700,2259603222.911300,124764,51193,145554,321511
2024-07-25,BYX Equities (Y),38216720,23632768,48243637,110093125,1514136050.879200,1187334618.777900,1943677651.936101,4645148321.593201,409933,130341,407642,947916
2024-07-25,BZX Equities (Z),216227209,141537083,253387558,611151850,11311737116.725898,10430114796.303900,16130901978.996007,37872753892.025805,2989493,937907,2922372,6849772
2024-07-24,NYSE American (A),6055320,16827123,8851888,31734331,288176610.040200,342849680.566500,462290472.092800,1093316762.699500,82151,68377,73136,223664
2024-07-24,NASDAQ BX (B),11212199,10418826,17962320,39593345,752060631.448000,571527104.501000,1147496602.472000,2471084338.421000,158330,69982,180621,408933
2024-07-24,NYSE National (C),16748453,9056409,19196036,45000898,587246212.003000,365348806.019300,680310470.065400,1632905488.087700,211666,52355,175234,439255
2024-07-24,FINRA / Nasdaq TRF Chicago (DB),6772352,3202100,17107477,27081929,316165374.734200,197946522.549100,1223798628.271900,1737910525.555200,47765,18978,119771,186514
2024-07-24,FINRA / NYSE TRF (DN),66763294,59957011,295367362,422087667,2537276491.972500,2504152419.412699,7275731620.460903,12317160531.846102,381548,180931,799069,1361548
2024-07-24,FINRA / Nasdaq TRF Carteret (DQ),1665297092,959773427,3230936767,5856007286,85332013533.241600,58504345890.571083,141112087857.435890,284948447281.248573,12300085,3625271,14472424,30397780
2024-07-24,MIAX Pearl (H),51468860,75819394,86281640,213569894,1339561131.543800,2453202626.767499,2615225261.969900,6407989020.281199,465763,233196,526589,1225548
2024-07-24,EDGA Equities (J),60121584,29543835,67573319,157238738,1712612604.800600,1142097731.146400,2013695534.684598,4868405870.631598,588613,148616,553216,1290445
2024-07-24,EDGX Equities (K),147767618,116647788,403319095,667734501,6385468496.883900,7369560942.649398,16718093564.200007,30473123003.733305,1454372,675485,2442200,4572057
2024-07-24,LTSE (L),75005,1087496,297492,1459993,15552295.240000,38594987.170000,9346003.880000,63493286.290000,250,388,318,956
2024-07-24,NYSE Chicago (M),17844223,16538426,32894805,67277454,1826537116.906500,2575269711.630900,4729345139.163799,9131151967.701199,146018,8362,153094,307474
2024-07-24,NYSE (N),976913771,50795088,98525210,1126234069,57498520219.883504,3443320997.334701,5052598272.363900,65994439489.582105,3885429,209700,733322,4828451
2024-07-24,NYSE Arca (P),187458409,370270143,760338138,1318066690,9441061966.049694,27435061533.471511,22503834139.120001,59379957638.641206,2205336,1792404,4346934,8344674
2024-07-24,NASDAQ (Q),440487869,199260813,1335178681,1974927363,25588906828.549798,16496990752.313904,97772607596.870736,139858505177.734438,6687392,1317030,10743497,18747919
2024-07-24,Members Exchange (U),70625552,62662039,146678334,279965925,3083860486.451700,3716308499.583800,5736942556.837498,12537111542.872998,874566,348918,1034377,2257861
2024-07-24,Investors Exchange (V),116682309,28315104,97188015,242185428,7502480113.389401,2150260900.642100,6840206958.154198,16492947972.185699,1446456,178593,1142367,2767416
2024-07-24,NASDAQ PSX (X),6991212,8822860,10499477,26313549,459447705.694200,653768104.858400,727364796.020100,1840580606.572700,112847,44071,127731,284649
2024-07-24,BYX Equities (Y),31318391,21524554,60596340,113439285,1267158647.441600,966661728.550100,1698254278.252100,3932074654.243800,379595,110137,393828,883560
2024-07-24,BZX Equities (Z),179413616,125109281,251388356,555911253,9529650729.258100,10038122533.967402,14213932891.194091,33781706154.419593,2677855,770685,2644125,6092665
2024-07-23,NYSE American (A),5088838,22766825,5217526,33073189,233342317.139400,265655188.133900,300999773.875300,799997279.148600,69123,79055,56378,204556
2024-07-23,NASDAQ BX (B),9379876,8158894,13437817,30976587,654041738.645800,415443959.475200,774491705.714800,1843977403.835800,148497,62696,155812,367005
2024-07-23,NYSE National (C),13678564,6859909,13758082,34296555,470978452.964900,289349305.650700,420961485.116000,1181289243.731600,183051,41495,150480,375026
2024-07-23,FINRA / Nasdaq TRF Chicago (DB),5371123,2262340,12672071,20305534,281086465.225000,142520576.924000,1006857892.260700,1430464934.409700,43154,14995,87959,146108
2024-07-23,FINRA / NYSE TRF (DN),57598563,57344496,223292712,338235771,2167919729.423200,1582072046.095499,6377045829.739802,10127037605.258501,320181,160515,637160,1117856
2024-07-23,FINRA / Nasdaq TRF Carteret (DQ),1537243427,882541041,2409820430,4829604898,79794214927.618118,45775522525.203910,108147804812.704897,233717542265.526925,11348809,3033366,11967047,26349222
2024-07-23,MIAX Pearl (H),43855699,79571987,66286537,189714223,1156995261.351700,1902892745.160700,1666751912.201300,4726639918.713700,407189,188182,415454,1010825
2024-07-23,EDGA Equities (J),51905349,22861049,54337270,129103668,1443417023.607500,848985999.536200,1269581985.596400,3561985008.740100,517922,119009,459947,1096878
2024-07-23,EDGX Equities (K),126658989,102606471,336356862,565622322,5877389513.788805,4482153169.355899,11523084291.436601,21882626974.581305,1263593,541827,1920751,3726171
2024-07-23,LTSE (L),25427,502224,171922,699573,3000879.400000,18240664.120000,3001148.090000,24242691.610000,295,377,286,958
2024-07-23,NYSE Chicago (M),18496634,13629427,20325753,52451814,1793557107.942200,2118676684.233900,2413550591.219900,6325784383.396000,131117,7471,135647,274235
2024-07-23,NYSE (N),837860698,38473867,69141726,945476291,46790852360.707102,2129485449.998400,2891549704.004500,51811887514.710002,3401086,161772,547171,4110029
2024-07-23,NYSE Arca (P),141167673,311197025,510804774,963169472,7326163972.462798,17701873790.930496,15810392396.739912,40838430160.133206,1811190,1458267,3396616,6666073
2024-07-23,NASDAQ (Q),371817843,157156141,1059889810,1588863794,21632291700.345499,10684936508.550298,64072521497.701328,96389749706.597125,6025148,1044996,8715128,15785272
2024-07-23,Members Exchange (U),58589131,51850897,115905778,226345806,2681270220.323300,2507629220.729100,3783944765.895600,8972844206.948000,756468,271404,790983,1818855
2024-07-23,Investors Exchange (V),100053373,23479521,77951776,201484670,6382669179.029699,1427750282.884300,4746037241.909801,12556456703.823800,1301006,152720,989338,2443064
2024-07-23,NASDAQ PSX (X),5279604,6119341,7030164,18429109,351339554.930800,388993243.175100,378131515.688000,1118464313.793900,87566,29370,88505,205441
2024-07-23,BYX Equities (Y),27533944,16318220,36864033,80716197,1032086638.157200,713036614.925400,1058235681.202800,2803358934.285400,333625,88781,332653,755059
2024-07-23,BZX Equities (Z),151858520,98281316,179661277,429801113,8047057275.846198,6380703150.074404,9082877831.469298,23510638257.389900,2344682,579814,2068975,4993471
2024-07-22,NYSE American (A),5292455,29917931,5654664,40865050,244220980.073600,279232447.541500,297053610.861400,820507038.476500,73660,66818,58291,198769
2024-07-22,NASDAQ BX (B),9169446,8311882,11747731,29229059,566503002.242400,417281052.575200,794837795.356200,1778621850.173800,144128,61499,145444,351071
2024-07-22,NYSE National (C),12324802,6830299,14238627,33393728,386123247.320300,259973625.339000,431077568.161900,1077174440.821200,164578,39456,133860,337894
2024-07-22,FINRA / Nasdaq TRF Chicago (DB),5428017,2671308,13571191,21670516,269291727.082600,185382639.847100,1106955353.907900,1561629720.837600,44048,16180,113564,173792
2024-07-22,FINRA / NYSE TRF (DN),60453150,89305290,208617708,358376148,2453940357.991400,1831220963.307098,7167042355.057805,11452203676.356303,334542,157616,669092,1161250
2024-07-22,FINRA / Nasdaq TRF Carteret (DQ),1454997737,1133362110,2439938200,5028298047,75538038613.714751,46154959856.601493,124858849029.369533,246551847499.685777,11010507,3310625,13153478,27474610
2024-07-22,MIAX Pearl (H),44815039,83312542,66972054,195099635,1167002204.480500,1784553075.932600,1954914604.988400,4906469885.401500,414419,187686,446290,1048395
2024-07-22,EDGA Equities (J),48634941,26492438,49846794,124974173,1289195530.052900,854753122.939800,1340932075.097800,3484880728.090500,489352,130563,453008,1072923
2024-07-22,EDGX Equities (K),119608809,128328537,301897103,549834449,4936386365.991100,5060899208.447401,12859322369.993706,22856607944.432207,1169222,532082,1885267,3586571
2024-07-22,LTSE (L),25717,541672,277644,845033,1905581.330000,19866422.760000,2080514.460000,23852518.550000,188,378,347,913
2024-07-22,NYSE Chicago (M),17747139,10730933,32398862,60876934,2031246376.573800,1308099723.884600,4339922768.736700,7679268869.195100,133617,8838,136355,278810
2024-07-22,NYSE (N),861708552,41604869,82480892,985794313,47607082747.402801,2460333839.458300,3552564393.606402,53619980980.467503,3203220,168899,589466,3961585
2024-07-22,NYSE Arca (P),140599158,429878242,448545341,1019022741,6605096615.250503,19858086656.000603,17189927467.330500,43653110738.581606,1725949,1435950,3486760,6648659
2024-07-22,NASDAQ (Q),361602050,188588689,1141827721,1692018460,20243089226.089400,12175376736.728405,77621900977.230658,110040366940.048463,5710833,1083795,8896820,15691448
2024-07-22,Members Exchange (U),57140692,69677244,111306281,238124217,2381518715.563100,2721928832.309099,4257339796.248900,9360787344.121099,732582,281041,840423,1854046
2024-07-22,Investors Exchange (V),92088817,29189223,80505960,201784000,5808557432.476100,1616301977.080500,5327426907.263902,12752286316.820502,1246638,158909,1023784,2429331
2024-07-22,NASDAQ PSX (X),5407292,6096818,8981549,20485659,362762274.662700,411537205.403300,567409718.852700,1341709198.918700,94787,32048,104941,231776
2024-07-22,BYX Equities (Y),26544626,18485481,33641212,78671319,982547279.257800,772127821.766300,1208700474.247800,2963375575.271900,318885,89441,319888,728214
2024-07-22,BZX Equities (Z),148150594,122145761,196596162,466892517,7380650129.697101,7397388035.962895,10787053255.161597,25565091420.821593,2223468,631366,2177346,5032180
2024-07-19,NYSE American (A),6318426,23037544,6149414,35505384,256742410.846900,332078867.167800,330933337.192000,919754615.206700,72067,59533,57162,188762
2024-07-19,NASDAQ BX (B),9848883,8318136,12650706,30817725,608807599.845700,441276995.436400,839316439.312500,1889401034.594600,138421,57541,145535,341497
2024-07-19,NYSE National (C),12569501,7417961,14218461,34205923,431020130.980700,313544986.427500,461423447.129600,1205988564.537800,149326,40368,120912,310606
2024-07-19,FINRA / Nasdaq TRF Chicago (DB),5007420,2649230,13345701,21002351,256971542.168500,183707827.215900,1146287995.722000,1586967365.106400,37157,15155,102657,154969
2024-07-19,FINRA / NYSE TRF (DN),58102170,45723737,204466849,308292756,2458516106.566200,2007236979.579200,9308420761.198099,13774173847.343499,331230,158379,688362,1177971
2024-07-19,FINRA / Nasdaq TRF Carteret (DQ),1412731006,713786040,2253412176,4379929222,70114912239.744607,50232979458.562801,110691341697.062357,231039233395.369765,10669425,2848727,12645770,26163922
2024-07-19,MIAX Pearl (H),51162200,50744560,75457203,177363963,1452425787.028600,2058945614.930001,2382033525.056100,5893404927.014701,475167,190103,510917,1176187
2024-07-19,EDGA Equities (J),37357692,18110703,41620359,97088754,1168397088.452300,778576521.090000,1277670498.456000,3224644107.998300,403305,99533,362649,865487
2024-07-19,EDGX Equities (K),118909201,96156157,291456505,506521863,5033406710.482899,6242686065.407899,13305317869.988398,24581410645.879196,1208155,560660,1930027,3698842
2024-07-19,LTSE (L),45351,304739,136936,487026,3323862.210000,10331005.790000,1068800.170000,14723668.170000,446,217,274,937
2024-07-19,NYSE Chicago (M),27978300,21017089,37192703,86188092,2418358231.606400,3885123409.471500,6117912494.355501,12421394135.433401,129888,9488,136081,275457
2024-07-19,NYSE (N),1193759734,46418752,81645012,1321823498,62943179807.830005,2862688885.899700,3695210092.748801,69501078786.478506,3263947,180711,591939,4036597
2024-07-19,NYSE Arca (P),144850331,320643091,440919760,906413182,6893654622.056199,21635127562.015001,17089155230.506802,45617937414.578002,1724865,1438815,3340334,6504014
2024-07-19,NASDAQ (Q),387846000,181105197,1236997347,1805948544,21743529669.937699,14130388995.433800,85059380874.812729,120933299540.184228,5894524,1174910,9000669,16070103
2024-07-19,Members Exchange (U),63225317,53054349,112114187,228393853,2669695661.118700,3069510236.632200,4795400713.805799,10534606611.556699,807623,293368,903200,2004191
2024-07-19,Investors Exchange (V),101671254,26168368,84618614,212458236,6070384914.003801,1990397178.443600,5454539631.812798,13515321724.260199,1275764,167735,1014968,2458467
2024-07-19,NASDAQ PSX (X),6783900,6083420,10033615,22900935,421297914.377600,540370787.086800,631461459.106000,1593130160.570400,106175,34529,113176,253880
2024-07-19,BYX Equities (Y),30863957,18757067,37935086,87556110,1106302744.076400,871967274.312200,1316730795.619500,3295000814.008100,337193,94131,331371,762695
2024-07-19,BZX Equities (Z),172504063,110578274,209091765,492174102,8642924234.874100,8337294459.069895,12601961332.588303,29582180026.532298,2416787,663355,2258099,5338241
2024-07-18,NYSE American (A),7270220,16317726,7756171,31344117,321675115.332300,355442880.664400,420069133.470900,1097187129.467600,91662,65464,73799,230925
2024-07-18,NASDAQ BX (B),12095022,9838938,15416470,37350430,1025773251.340300,538991106.309200,997173749.691200,2561938107.340700,184494,72892,172340,429726
2024-07-18,NYSE National (C),14483524,9448348,16702144,40634016,502752923.336000,365843228.747600,497179738.737000,1365775890.820600,173393,54532,153049,380974
2024-07-18,FINRA / Nasdaq TRF Chicago (DB),7215669,3238996,15282010,25736675,444417458.552700,199210358.752500,1150444767.317200,1794072584.622400,59015,18707,115749,193471
2024-07-18,FINRA / NYSE TRF (DN),73127034,55224788,252071333,380423155,2913030154.721800,2439787095.363299,8647557231.487505,14000374481.572604,393795,210166,763843,1367804
2024-07-18,FINRA / Nasdaq TRF Carteret (DQ),1697896309,917685772,2824071070,5439653151,93264614752.579643,57342475493.163520,138573425408.235979,289180515653.979142,12524820,3456741,14136616,30118177
2024-07-18,MIAX Pearl (H),57913711,66085381,92010681,216009773,1699353643.975600,2584754115.584801,2829875302.318000,7113983061.878401,540423,245522,594437,1380382
2024-07-18,EDGA Equities (J),42730378,18954423,51032798,112717599,1579892843.206500,824871568.962500,1535403281.835000,3940167694.004000,486488,113947,452740,1053175
2024-07-18,EDGX Equities (K),162950422,118605402,374447042,656002866,7568559140.720598,7430322502.364898,16669278490.600587,31668160133.686083,1587966,701334,2354055,4643355
2024-07-18,LTSE (L),20978,499251,570682,1090911,1106021.860000,18898747.860000,3114711.180000,23119480.900000,228,243,307,778
2024-07-18,NYSE Chicago (M),20058129,17079264,31325677,68463070,1959591420.575700,1654305904.937100,4561560987.174298,8175458312.687098,153248,7737,153145,314130
2024-07-18,NYSE (N),948713277,55163830,104260713,1108137820,53582744883.002105,3391853170.676801,4433102206.310899,61407700259.989805,3957957,213821,749359,4921137
2024-07-18,NYSE Arca (P),180271534,369657112,533198317,1083126963,9408731681.839302,25110300412.115214,20527000137.405401,55046032231.359917,2254766,1755611,3929980,7940357
2024-07-18,NASDAQ (Q),470160636,226077183,1262273790,1958511609,28575116632.216898,17320990694.853300,84990303188.716528,130886410515.786726,7217159,1501718,10822877,19541754
2024-07-18,Members Exchange (U),76059877,61126062,139921949,277107888,3580641486.202100,3671977056.609399,6156055708.623498,13408674251.434997,980725,346497,1095620,2422842
2024-07-18,Investors Exchange (V),116593645,33516540,100692695,250802880,7680925416.977799,2363330070.227100,6381687910.192300,16425943397.397199,1465633,207448,1187046,2860127
2024-07-18,NASDAQ PSX (X),7328832,7949475,11109834,26388141,515988083.990600,575319528.343400,692452932.092500,1783760544.426500,116368,39207,125637,281212
2024-07-18,BYX Equities (Y),33397831,24993769,46910074,105301674,1254564923.447800,1127148917.702500,1451555655.426501,3833269496.576801,364624,123849,380683,869156
2024-07-18,BZX Equities (Z),195863832,133465437,243983636,573312905,10768936882.430298,9694934524.362095,14276637882.358900,34740509289.151293,2865312,819049,2658443,6342804
2024-07-17,NYSE American (A),7199371,16923687,7129276,31252334,327259365.366900,349593264.205000,432746060.438700,1109598690.010600,89135,69019,76685,234839
2024-07-17,NASDAQ BX (B),12563256,11352544,15164930,39080730,858462788.045500,601174118.408900,1061041482.146700,2520678388.601100,182922,83131,187535,453588
2024-07-17,NYSE National (C),16467305,11159020,18668334,46294659,546906749.309400,399365922.149900,609988665.598800,1556261337.058100,192002,69631,169269,430902
2024-07-17,FINRA / Nasdaq TRF Chicago (DB),6966758,2754874,14259939,23981571,385568150.722400,183358184.209900,1141836037.809100,1710762372.741400,54326,17755,121473,193554
2024-07-17,FINRA / NYSE TRF (DN),76250554,55586829,223850839,355688222,2733870077.632600,3297107065.752801,8281854814.903806,14312831958.289207,422331,218398,860696,1501425
2024-07-17,FINRA / Nasdaq TRF Carteret (DQ),1834246292,934520816,2774961062,5543728170,96166661406.561278,62094563830.139508,149530309787.554945,307791535024.255731,13253870,3790313,15559572,32603755
2024-07-17,MIAX Pearl (H),59449899,58481840,88167207,206098946,1742201864.166800,2394841402.435200,3029098858.898800,7166142125.500800,563751,235046,625039,1423836
2024-07-17,EDGA Equities (J),61499055,28350660,61997068,151846783,1827781533.971800,1153935607.980100,1821593043.553400,4803310185.505300,601985,151978,540519,1294482
2024-07-17,EDGX Equities (K),173037941,125201096,385612556,683851593,7868202232.827401,7535734885.135700,19985799656.487392,35389736774.450493,1666339,784730,2807519,5258588
2024-07-17,LTSE (L),69642,147482,167364,384488,1687117.790000,5091507.600000,1356819.170000,8135444.560000,229,92,212,533
2024-07-17,NYSE Chicago (M),15264182,16813140,27360737,59438059,1576071447.656200,2091391825.921400,3915830931.274800,7583294204.852400,146727,8764,160955,316446
2024-07-17,NYSE (N),996124360,56759409,109587896,1162471665,57160666758.394795,3464950255.402400,5293292429.847300,65918909443.644495,4060036,223104,815885,5099025
2024-07-17,NYSE Arca (P),187779904,379070075,517532428,1084382407,9877945788.276203,26276536521.484785,22952157718.306312,59106640028.067300,2306224,1872038,4342127,8520389
2024-07-17,NASDAQ (Q),492525322,226210074,1393147975,2111883371,29184003915.500694,17238216276.279988,102329447683.073137,148751667874.853819,7378331,1570129,12067888,21016348
2024-07-17,Members Exchange (U),89625235,65853143,138048862,293527240,4026356750.904600,3790896465.190600,7019181041.571498,14836434257.666698,1087241,374046,1243044,2704331
2024-07-17,Investors Exchange (V),120072067,31227790,107152782,258452639,7865251216.595700,2422046943.047999,7707792150.967602,17995090310.611301,1483473,206206,1295665,2985344
2024-07-17,NASDAQ PSX (X),8264762,9517077,11355234,29137073,558508521.034100,618901283.905500,906752441.856300,2084162246.795900,135716,48424,154717,338857
2024-07-17,BYX Equities (Y),34367243,24140017,45401702,103908962,1290477583.861500,1059866726.761200,1632916096.808199,3983260407.430899,375741,125575,407513,908829
2024-07-17,BZX Equities (Z),199410324,131434472,248978975,579823771,11215303200.960104,9768051329.158302,16368298347.903498,37351652878.021904,2955569,821407,2926147,6703123
2024-07-16,NYSE American (A),6473191,18787592,6948146,32208929,294842134.800700,323362379.898300,315977297.571300,934181812.270300,85218,70087,66143,221448
2024-07-16,NASDAQ BX (B),12625521,8572965,15046551,36245037,785156357.268500,488400917.321100,702870835.216500,1976428109.806100,175469,62616,159726,397811
2024-07-16,NYSE National (C),15424424,9489064,18447504,43360992,487813302.769200,364613751.202100,434892856.666400,1287319910.637700,186216,56605,162912,405733
2024-07-16,FINRA / Nasdaq TRF Chicago (DB),6808395,2927689,13597863,23333947,350297889.711000,167275692.398400,1028285915.769300,1545859497.878700,47822,16259,96662,160743
2024-07-16,FINRA / NYSE TRF (DN),71372784,55653138,235556009,362581931,2663678598.488600,2499632342.993999,7905943888.836896,13069254830.319495,376717,167319,696804,1240840
2024-07-16,FINRA / Nasdaq TRF Carteret (DQ),1762827146,891469262,2808829126,5463125534,87866388033.760802,53015585346.527400,121471279909.365202,262353253289.653404,12654629,3412032,13810398,29877059
2024-07-16,MIAX Pearl (H),53421564,47245326,82252014,182918904,1553098218.530800,2008634331.640600,2185225675.631300,5746958225.802700,528600,179767,555742,1264109
2024-07-16,EDGA Equities (J),54390930,23977774,61025188,139393892,1476012182.007300,1065034083.651900,1301953925.108000,3843000190.767200,540687,128108,539241,1208036
2024-07-16,EDGX Equities (K),164702623,98143639,366326307,629172569,6928276404.510501,5815624528.964701,13780852622.926903,26524753556.402105,1468980,536056,2193067,4198103
2024-07-16,LTSE (L),84314,512914,417668,1014896,6474000.650000,18663660.050000,4040270.200000,29177930.900000,654,262,309,1225
2024-07-16,NYSE Chicago (M),18646094,13629129,22946837,55222060,1896727356.849200,2357843964.008501,3001007546.878200,7255578867.735901,157956,8598,157244,323798
2024-07-16,NYSE (N),957765156,42577361,93790456,1094132973,53525143786.986801,2555683652.078801,3075139627.601199,59155967066.666801,3681925,175218,642425,4499568
2024-07-16,NYSE Arca (P),168886311,312454341,508674158,990014810,8321819863.081300,21922528858.305297,14263042819.040402,44507391540.426999,2017031,1415441,3572916,7005388
2024-07-16,NASDAQ (Q),433696758,188401475,1221661232,1843759465,25227090021.691712,15515705951.324294,68173459644.078621,108916255617.094627,6640975,1299394,9793977,17734346
2024-07-16,Members Exchange (U),84016882,53960400,138675039,276652321,3422123386.351100,3047030059.206502,4539765133.619899,11008918579.177501,946154,279031,1017908,2243093
2024-07-16,Investors Exchange (V),106709913,25963568,93956807,226630288,7000654607.068199,1883931470.678900,5336563780.046900,14221149857.793999,1379602,174458,1119367,2673427
2024-07-16,NASDAQ PSX (X),8071727,8123422,10864074,27059223,545032817.729600,560209180.948300,612716158.331100,1717958157.009000,132796,39230,133615,305641
2024-07-16,BYX Equities (Y),33457423,22467193,44305518,100230134,1150017848.100700,1070165089.699500,1104682708.374100,3324865646.174300,352509,111624,369904,834037
2024-07-16,BZX Equities (Z),179024479,104747297,229221278,512993054,9624986295.619901,7682339258.068802,10699080314.959399,28006405868.648102,2621792,604854,2393671,5620317
2024-07-15,NYSE American (A),5630705,19004624,6669770,31305099,240643797.033200,378661181.978000,354457664.341900,973762643.353100,72552,74608,63017,210177
2024-07-15,NASDAQ BX (B),10314668,8740168,13298495,32353331,734318243.300200,486894782.945400,768027696.593800,1989240722.839400,168924,67352,172424,408700
2024-07-15,NYSE National (C),15568905,9211577,19412067,44192549,514583240.208000,350614172.662900,495241517.327700,1360438930.198600,192646,51628,162621,406895
2024-07-15,FINRA / Nasdaq TRF Chicago (DB),5376589,2920433,14858965,23155987,276511572.902500,187330644.212000,1327136326.315700,1790978543.430200,46232,16605,119381,182218
2024-07-15,FINRA / NYSE TRF (DN),60494473,55754349,212392293,328641115,2043573297.559200,1965095280.413200,7619404418.571593,11628072996.543993,366197,166828,758136,1291161
2024-07-15,FINRA / Nasdaq TRF Carteret (DQ),1602743546,870304903,2600849318,5073897767,79726529737.442742,48303159721.606486,129290561083.042872,257320250542.092100,11685911,3416191,14148232,29250334
2024-07-15,MIAX Pearl (H),53810815,54019328,82045555,189875698,1528161045.443700,2158398636.039200,2601034937.112300,6287594618.595200,509401,195752,562921,1268074
2024-07-15,EDGA Equities (J),49848212,23832437,57301577,130982226,1365276467.859600,991863058.848900,1449417979.593700,3806557506.302200,508297,123661,522642,1154600
2024-07-15,EDGX Equities (K),148476856,104201754,349328804,602007414,6081787441.792303,5809465941.863901,15953456475.141517,27844709858.797721,1370097,555157,2310107,4235361
2024-07-15,LTSE (L),32049,147348,756758,936155,4570114.740000,8445417.570000,5243980.420000,18259512.730000,192,216,611,1019
2024-07-15,NYSE Chicago (M),17608506,13023342,24939171,55571019,1515108267.369400,1575827556.082600,3589942440.876100,6680878264.328100,136017,9342,145614,290973
2024-07-15,NYSE (N),874972991,46901383,96054159,1017928533,47103760113.741601,2909335434.508700,3563388114.143900,53576483662.394201,3371047,191083,653975,4216105
2024-07-15,NYSE Arca (P),157087358,339053518,464769003,960909879,7410082673.249499,22253871455.385627,17144297186.714499,46808251315.349625,1897349,1483964,3837368,7218681
2024-07-15,NASDAQ (Q),392203161,194497083,1198462273,1785162517,21445953205.304905,14981353617.681003,73963173100.565593,110390479923.551501,6043579,1333420,9564181,16941180
2024-07-15,Members Exchange (U),77094570,60764757,130098972,267958299,3159411383.469700,3008294405.736801,5010516464.643799,11178222253.850300,912369,310618,1007893,2230880
2024-07-15,Investors Exchange (V),101247225,25007422,85237535,211492182,6285333953.567400,1695891954.972400,5113846664.994201,13095072573.534001,1300700,163825,1038406,2502931
2024-07-15,NASDAQ PSX (X),5605901,6982856,8945056,21533813,367306230.763300,479186618.649000,569151455.140500,1415644304.552800,92539,35038,112174,239751
2024-07-15,BYX Equities (Y),29611005,21505799,42725059,93841863,1026302368.322400,921667977.995300,1236895417.507400,3184865763.825100,339402,98780,370487,808669
2024-07-15,BZX Equities (Z),164040396,104428449,221495900,489964745,8381499816.037300,7551777298.378101,11988046469.757409,27921323584.172810,2389189,616613,2367108,5372910
2024-07-12,NYSE American (A),6916745,15805240,7457578,30179563,294225577.188700,318850063.879000,407550959.068900,1020626600.136600,85730,65010,70803,221543
2024-07-12,NASDAQ BX (B),9576852,7901422,14994853,32473127,652069184.526200,437355260.359100,805963034.988700,1895387479.874000,152019,59210,155199,366428
2024-07-12,NYSE National (C),13446256,9401812,18598954,41447022,411969151.275000,358614338.842700,449766346.004100,1220349836.121800,169013,45858,138557,353428
2024-07-12,FINRA / Nasdaq TRF Chicago (DB),6255758,2259744,14624347,23139849,335148307.301800,162861721.423800,1205039515.427100,1703049544.152700,44327,15224,103192,162743
2024-07-12,FINRA / NYSE TRF (DN),66007582,46541599,249401368,361950549,2189483529.104400,1777021794.024801,7890274009.990902,11856779333.120103,344033,156090,742347,1242470
2024-07-12,FINRA / Nasdaq TRF Carteret (DQ),1572635999,781942630,2730428172,5085006801,75120834866.966230,50906904476.222991,124839223301.159526,250866962644.348747,11407323,3044796,12966203,27418322
2024-07-12,MIAX Pearl (H),50805582,46847202,81987335,179640119,1449296651.960600,2039889342.217700,2447507339.674201,5936693333.852501,476270,177547,523045,1176862
2024-07-12,EDGA Equities (J),49744358,22933553,65470399,138148310,1428716262.491100,965926020.862400,1572030788.342500,3966673071.696000,512757,121482,521510,1155749
2024-07-12,EDGX Equities (K),156700114,95746302,389975276,642421692,6158268872.446300,6067056326.579701,15612562518.361698,27837887717.387699,1373205,515412,2176448,4065065
2024-07-12,LTSE (L),75844,371894,716757,1164495,7078171.460000,12481677.910000,3535715.910000,23095565.280000,251,237,452,940
2024-07-12,NYSE Chicago (M),14535622,13954920,19726974,48217516,1272142904.164800,2451388626.382399,2603213823.214501,6326745353.761700,129341,7972,133841,271154
2024-07-12,NYSE (N),904829272,46516462,103802295,1055148029,49869379326.246894,2893618457.204699,4077685828.268000,56840683611.719593,3315208,175012,634091,4124311
2024-07-12,NYSE Arca (P),159042465,304273702,544613261,1007929428,7601043726.125099,21932049217.709797,16713546958.559897,46246639902.394793,1872694,1326417,3500039,6699150
2024-07-12,NASDAQ (Q),392935553,184271235,1208348758,1785555546,21729763114.685298,15517570557.400908,77006749929.271576,114254083601.357782,6020728,1245568,9149843,16416139
2024-07-12,Members Exchange (U),77399333,56607918,143596207,277603458,3225231739.399600,3172937927.918301,5488563724.004500,11886733391.322401,889540,287825,994094,2171459
2024-07-12,Investors Exchange (V),99449590,25374172,83863983,208687745,6165988540.554200,1877478886.111400,5354704239.488999,13398171666.154599,1287612,161489,1038073,2487174
2024-07-12,NASDAQ PSX (X),5901418,6994020,10789415,23684853,398013909.130300,581917323.231700,627484458.306900,1607415690.668900,99788,35552,112459,247799
2024-07-12,BYX Equities (Y),28684219,19675894,47584248,95944361,1008790785.461500,854112188.717800,1261386539.947900,3124289514.127200,322623,96085,356149,774857
2024-07-12,BZX Equities (Z),164358550,100977178,234268269,499603997,8682937884.511701,7809019585.937098,13692486400.115001,30184443870.563800,2348177,564315,2284805,5197297
2024-07-11,NYSE American (A),6653252,17992437,8399009,33044698,286632307.670200,367728335.230200,465721066.641500,1120081709.541900,85025,73544,79921,238490
2024-07-11,NASDAQ BX (B),10502136,11425214,17805738,39733088,624638074.221700,601812595.666100,1149688232.468000,2376138902.355800,164776,85123,202786,452685
2024-07-11,NYSE National (C),14673539,12124056,22073974,48871569,409689792.819100,417383553.002600,543323612.750200,1370396958.571900,182708,63363,180706,426777
2024-07-11,FINRA / Nasdaq TRF Chicago (DB),6137104,2903050,15663805,24703959,346232547.347100,171931153.398900,1525347092.696501,2043510793.442501,47746,16611,133251,197608
2024-07-11,FINRA / NYSE TRF (DN),67042538,52311907,248677299,368031744,2046185181.062400,2848170449.805099,9943764664.415300,14838120295.282799,359399,158059,799773,1317231
2024-07-11,FINRA / Nasdaq TRF Carteret (DQ),1678186537,894893668,2957174864,5530255069,80449668948.355706,54925908359.624632,156519408871.255402,291894986179.235740,11699335,3438737,15145403,30283475
2024-07-11,MIAX Pearl (H),59417645,64428821,97680221,221526687,1527944893.738800,2678716652.036600,3353000844.902401,7559662390.677801,554298,240274,683956,1478528
2024-07-11,EDGA Equities (J),64020675,34339158,76393422,174753255,1563800554.516700,1381426571.681400,2140643244.047800,5085870370.245900,615309,175041,661763,1452113
2024-07-11,EDGX Equities (K),168347519,110811859,425488862,704648240,6335855000.652703,7089333429.960901,21617774797.693794,35042963228.307398,1482132,626902,2699864,4808898
2024-07-11,LTSE (L),843093,80034,329193,1252320,6859107.470000,2989119.770000,1626291.470000,11474518.710000,449,132,264,845
2024-07-11,NYSE Chicago (M),15854540,12695952,25251993,53802485,1495436393.687800,2114489621.577900,3072704804.190299,6682630819.455999,159604,9369,171424,340397
2024-07-11,NYSE (N),977160051,54302989,126551402,1158014442,52036756386.355900,3375900611.823499,5721921364.725401,61134578362.904800,3651505,221778,812744,4686027
2024-07-11,NYSE Arca (P),187383441,384307370,586304300,1157995111,8195400109.366300,26443539617.437599,23227647912.253298,57866587639.057197,2157728,1768608,4431040,8357376
2024-07-11,NASDAQ (Q),443604998,230402356,1392577012,2066584366,23208579401.088510,18582265527.514601,99899392254.876717,141690237183.479828,6604972,1643424,10974454,19222850
2024-07-11,Members Exchange (U),85262370,72509365,160601964,318373699,3325034307.372700,3981108935.110500,7001243174.682604,14307386417.165804,993745,388990,1228080,2610815
2024-07-11,Investors Exchange (V),109914070,32589033,104096398,246599501,6529048139.913701,2317998546.530501,6520450161.201900,15367496847.646102,1377456,210129,1190258,2777843
2024-07-11,NASDAQ PSX (X),6473455,8831343,12625876,27930674,396340685.174600,664094696.616600,814188090.166800,1874623471.958000,107620,42427,145765,295812
2024-07-11,BYX Equities (Y),32034826,25105127,49871370,107011323,1028497633.558600,1168085759.314600,1569808390.205801,3766391783.079001,355623,124534,424420,904577
2024-07-11,BZX Equities (Z),183868107,115840411,262710424,562418942,8878184734.074299,9139385883.819795,16778714569.270004,34796285187.164098,2554308,715567,2761847,6031722
2024-07-10,NYSE American (A),6018394,14156347,6371829,26546570,254022260.365400,213963716.923500,259060030.667500,727046007.956400,72749,51880,53972,178601
2024-07-10,NASDAQ BX (B),9526813,6252473,12600341,28379627,570839752.984900,350923252.622000,678493655.917700,1600256661.524600,131156,47252,140576,318984
2024-07-10,NYSE National (C),10806974,7407397,16483378,34697749,338186113.463800,263179592.027000,387708684.236500,989074389.727300,142245,40979,123306,306530
2024-07-10,FINRA / Nasdaq TRF Chicago (DB),5279226,2129890,13200936,20610052,290703508.239000,128391939.869200,1085815933.524900,1504911381.633100,43503,11801,97819,153123
2024-07-10,FINRA / NYSE TRF (DN),62342035,39145382,215253658,316741075,2273257143.677200,1486728468.824901,7518311266.246901,11278296878.749002,339034,132557,689266,1160857
2024-07-10,FINRA / Nasdaq TRF Carteret (DQ),1455674702,682667391,2610171949,4748514042,70608369608.206518,39623957572.873892,127460455565.719669,237692782746.800079,10652372,2761322,12902241,26315935
2024-07-10,MIAX Pearl (H),43877309,32962776,69708634,146548719,1158715325.530800,1419565897.099300,2046518861.251900,4624800083.882000,409257,138583,469223,1017063
2024-07-10,EDGA Equities (J),48584180,19267234,54424772,122276186,1209315627.641300,717678331.189000,1249880839.245400,3176874798.075700,461120,103684,448492,1013296
2024-07-10,EDGX Equities (K),129619171,73496570,320664028,523779769,5395960115.024999,4147497446.039499,14878688824.132592,24422146385.197090,1199325,411997,1986225,3597547
2024-07-10,LTSE (L),34938,245495,659338,939771,1233966.130000,2195340.880000,3898711.870000,7328018.880000,186,262,572,1020
2024-07-10,NYSE Chicago (M),16764274,11089626,21449857,49303757,1462579489.141700,1394342524.908600,2815622605.867199,5672544619.917499,133010,8318,132322,273650
2024-07-10,NYSE (N),807980274,36048384,82202976,926231634,45216810767.827201,2011051382.104000,3544412087.968100,50772274237.899301,2883195,142840,571141,3597176
2024-07-10,NYSE Arca (P),147880336,233045132,467963571,848889039,6703942877.801302,15697891189.317006,14767857400.681010,37169691467.799318,1674912,1061782,3335433,6072127
2024-07-10,NASDAQ (Q),337924615,136960534,1057450240,1532335389,18408854143.665008,10655887256.005099,70699780487.920732,99764521887.590839,5038949,965321,7927369,13931639
2024-07-10,Members Exchange (U),67317376,45223343,123569225,236109944,2707119183.284799,2334126276.652900,4726637724.517700,9767883184.455399,781242,235442,897533,1914217
2024-07-10,Investors Exchange (V),88954815,22362829,80018379,191336023,5632713859.331400,1440760568.258300,4875863668.300200,11949338095.889900,1188550,143219,963867,2295636
2024-07-10,NASDAQ PSX (X),5174103,5219442,8546625,18940170,332328139.375400,383675097.233300,478758014.767500,1194761251.376200,85355,27738,95495,208588
2024-07-10,BYX Equities (Y),28713743,15329016,40316196,84358955,916593164.954500,683556256.705000,1094697121.325800,2694846542.985300,302083,77365,326752,706200
2024-07-10,BZX Equities (Z),140812297,75274681,194532075,410619053,7145969787.691901,5560926538.198900,11143331074.757507,23850227400.648308,2004756,452885,2040976,4498617
2024-07-09,NYSE American (A),5724783,13613249,5814428,25152460,216235383.451200,209763773.488300,265082060.879200,691081217.818700,69968,55958,55637,181563
2024-07-09,NASDAQ BX (B),8866001,6237920,12674830,27778751,585039439.435500,317762654.265800,759593618.623900,1662395712.325200,140755,44407,154500,339662
2024-07-09,NYSE National (C),10976806,7050007,14755757,32782570,346506970.720800,236263584.861800,362341170.896400,945111726.479000,144569,35205,121025,300799
2024-07-09,FINRA / Nasdaq TRF Chicago (DB),4980613,2015757,12133169,19129539,281356069.766200,109354384.421000,1206723478.727900,1597433932.915100,39094,11242,105718,156054
2024-07-09,FINRA / NYSE TRF (DN),59824149,46644058,184783262,291251469,2270769482.227100,1372708264.198000,8229255921.366696,11872733667.791796,331333,128373,670622,1130328
2024-07-09,FINRA / Nasdaq TRF Carteret (DQ),1463770488,719357747,2385610582,4568738817,71173414455.437609,37978765145.852299,128171511616.818415,237323691218.108323,10549609,2725561,12774140,26049310
2024-07-09,MIAX Pearl (H),40597130,31703766,64066467,136367363,1138846473.095200,1289997052.867900,2092722096.090200,4521565622.053300,396593,131318,461419,989330
2024-07-09,EDGA Equities (J),47248786,20568332,49256420,117073538,1245154620.457300,746760627.143600,1244787234.438700,3236702482.039600,463027,99988,450441,1013456
2024-07-09,EDGX Equities (K),124236825,75567529,298997360,498801714,5311015757.799401,3850241396.234802,14193166469.123009,23354423623.157212,1202655,405956,1982900,3591511
2024-07-09,LTSE (L),73533,189766,661648,924947,679891.550000,4026851.590000,6175645.990000,10882389.130000,258,344,512,1114
2024-07-09,NYSE Chicago (M),11497135,7646391,17270030,36413556,1168502042.001600,788959523.689400,3339570076.610299,5297031642.301299,119467,7173,124684,251324
2024-07-09,NYSE (N),798062554,34025022,90718791,922806367,44338198757.145700,1882216193.851000,3705305975.993501,49925720926.990201,2836092,139433,585933,3561458
2024-07-09,NYSE Arca (P),134911571,240844622,410843738,786599931,6398389807.025399,14110641021.453002,15120070400.661809,35629101229.140210,1643829,1025393,3291848,5961070
2024-07-09,NASDAQ (Q),325299700,133600295,1003742330,1462642325,17650322102.200100,9474692953.197504,64191112960.712871,91316128016.110475,5030063,927203,7982791,13940057
2024-07-09,Members Exchange (U),65363717,42215509,112332123,219911349,2762779917.561700,1951132207.938999,4837159687.157698,9551071812.658397,787007,215219,904191,1906417
2024-07-09,Investors Exchange (V),89614477,21524943,79321338,190460758,5607526472.648599,1329025222.894500,4914971073.967900,11851522769.510999,1267395,137676,1027086,2432157
2024-07-09,NASDAQ PSX (X),4988250,4892058,9321075,19201383,297625298.625000,339895892.026200,503071253.891300,1140592444.542500,85089,26200,110614,221903
2024-07-09,BYX Equities (Y),25904861,16291937,34586582,76783380,866239455.111400,711033364.290200,1041542279.356300,2618815098.757900,296647,78932,313964,689543
2024-07-09,BZX Equities (Z),137026045,73035003,187348266,397409314,7119628439.524799,4874275010.224499,10768120112.297596,22762023562.046894,1998371,421649,2025059,4445079
2024-07-08,NYSE American (A),5606521,17151399,5877518,28635438,237655597.923700,226453430.234000,249040185.687800,713149213.845500,74190,58326,56388,188904
2024-07-08,NASDAQ BX (B),7393002,6680995,13821647,27895644,512431259.937800,362095362.935500,836860586.945300,1711387209.818600,124317,57349,151044,332710
2024-07-08,NYSE National (C),9778314,6780526,14631128,31189968,321717283.008100,240866892.323700,412478997.673800,975063173.005600,138058,35860,125827,299745
2024-07-08,FINRA / Nasdaq TRF Chicago (DB),5093175,2029590,12483909,19606674,274488303.355600,113787294.897000,1216001418.253500,1604277016.506100,44095,12725,108364,165184
2024-07-08,FINRA / NYSE TRF (DN),58144666,46913513,212352298,317410477,2027380539.501300,1626016637.433199,7232691095.856703,10886088272.791202,337751,131787,670030,1139568
2024-07-08,FINRA / Nasdaq TRF Carteret (DQ),1441795369,710300131,2594983545,4747079045,70202957204.022162,38346207878.574709,125146349445.266384,233695514527.863255,10877642,3039213,13271097,27187952
2024-07-08,MIAX Pearl (H),39476242,31571078,66096227,137143547,1057426375.803100,1322403067.488200,2082338922.918800,4462168366.210100,377491,140540,450465,968496
2024-07-08,EDGA Equities (J),45509375,20379434,56723787,122612596,1166964077.656600,774379535.900800,1434843011.482500,3376186625.039900,454395,103609,491483,1049487
2024-07-08,EDGX Equities (K),122818804,77128800,325799785,525747389,5215008477.454201,3784116640.952800,13740103301.079892,22739228419.486893,1182487,407770,1965627,3555884
2024-07-08,LTSE (L),104946,199945,463425,768316,2327917.820000,7174349.100000,3606282.780000,13108549.700000,240,190,573,1003
2024-07-08,NYSE Chicago (M),13264820,10857996,17659534,41782350,1362023239.162900,1448283815.853100,2460253226.344799,5270560281.360799,129433,7902,137765,275100
2024-07-08,NYSE (N),848515162,34666116,89208925,972390203,46759429160.187894,1941956454.826300,3471661726.082800,52173047341.096994,2753000,137775,573655,3464430
2024-07-08,NYSE Arca (P),129888168,272684279,512342534,914914981,6131884980.913403,16197859582.192502,15854171797.977101,38183916361.083006,1608274,1089460,3308294,6006028
2024-07-08,NASDAQ (Q),311289201,133702084,1068585747,1513577032,16707839859.431595,9738971604.586604,66224397065.652741,92671208529.670940,4854653,923933,7807204,13585790
2024-07-08,Members Exchange (U),61994058,43010429,125325770,230330257,2573691528.918000,2042781351.402599,4837256403.270701,9453729283.591300,765813,223038,901011,1889862
2024-07-08,Investors Exchange (V),83935308,21664019,81101166,186700493,5307127906.715400,1379498610.921900,4733975828.538298,11420602346.175598,1238235,138902,1018385,2395522
2024-07-08,NASDAQ PSX (X),5119303,6212577,8044803,19376683,301232863.057400,408843497.078500,479591991.827300,1189668351.963200,85508,29894,98057,213459
2024-07-08,BYX Equities (Y),24866987,16163497,41063241,82093725,766429559.560900,693879487.972500,1080235559.182800,2540544606.716200,274781,82062,326159,683002
2024-07-08,BZX Equities (Z),131907167,77007147,195880339,404794653,6693494512.152600,5099793651.639900,10656480926.349597,22449769090.142097,2000544,443323,1994518,4438385
2024-07-05,NYSE American (A),5092627,16316160,6551696,27960483,230402488.881500,240303365.797400,290228588.635000,760934443.313900,71491,51409,55452,178352
2024-07-05,NASDAQ BX (B),8126652,6552452,13142636,27821740,513263582.248900,352978168.899500,783297095.432800,1649538846.581200,123398,41729,142491,307618
2024-07-05,NYSE National (C),10900388,7074065,15682847,33657300,318564029.418100,261074180.655900,382541720.603500,962179930.677500,139562,38980,126760,305302
2024-07-05,FINRA / Nasdaq TRF Chicago (DB),4929410,2168024,12654694,19752128,222599766.573100,119303139.156100,1283647182.270101,1625550087.999301,40265,13205,108428,161898
2024-07-05,FINRA / NYSE TRF (DN),52087821,49694639,182708424,284490884,1682962773.236700,1189948271.272100,7299176188.792905,10172087233.301705,320380,172250,664195,1156825
2024-07-05,FINRA / Nasdaq TRF Carteret (DQ),1387615522,717336473,2292045704,4396997699,63822782176.705893,37914602546.329783,117952470908.340560,219689855631.376236,10156878,2958856,12252970,25368704
2024-07-05,MIAX Pearl (H),44389957,32590043,66989657,143969657,1213164948.346400,1387176455.444900,2178811202.207200,4779152605.998500,441403,139507,452400,1033310
2024-07-05,EDGA Equities (J),47595469,21291711,53299889,122187069,1074482243.930100,783005886.475500,1181646752.831500,3039134883.237100,454634,111723,439432,1005789
2024-07-05,EDGX Equities (K),118265882,82630552,303852956,504749390,4527936708.927502,4195893710.627803,13448598568.579204,22172428988.134509,1097127,457763,1831073,3385963
2024-07-05,LTSE (L),4691109,132908,152976,4976993,11115215.860000,3429866.810000,789296.210000,15334378.880000,969,149,204,1322
2024-07-05,NYSE Chicago (M),12944469,14162670,18383591,45490730,1052754328.105400,1529975867.977000,2653250629.873600,5235980825.956000,132250,8201,134377,274828
2024-07-05,NYSE (N),910287248,34743621,78027549,1023058418,48959972408.382598,2086234555.153700,3272884098.686199,54319091062.222497,2807642,151652,552497,3511791
2024-07-05,NYSE Arca (P),131771561,300473903,445603730,877849194,5648317183.694500,17341581919.256692,15340387341.284095,38330286444.235287,1622361,1239674,3095065,5957100
2024-07-05,NASDAQ (Q),317528306,140029348,1065626302,1523183956,16013001568.968399,10386710188.423703,70892374314.192422,97292086071.584524,4814867,961869,7384608,13161344
2024-07-05,Members Exchange (U),63418468,46843960,112132027,222394455,2432670273.142300,2228555826.696700,4698209172.914101,9359435272.753101,812223,252333,858451,1923007
2024-07-05,Investors Exchange (V),78671386,21762731,69928312,170362429,4747243623.946100,1343620414.134500,4455168258.489399,10546032296.569999,1165535,145448,935866,2246849
2024-07-05,NASDAQ PSX (X),5092375,4915464,8856615,18864454,297898306.870600,376844623.636700,484845843.295300,1159588773.802600,89258,26780,93684,209722
2024-07-05,BYX Equities (Y),26563155,16838235,40715588,84116978,784892884.383400,677198081.621100,1048020868.537400,2510111834.541900,279727,82486,312159,674372
2024-07-05,BZX Equities (Z),135838900,91922158,190544644,418305702,6466901842.331398,5695356858.325106,11938173560.960694,24100432261.617198,2007432,501801,1935865,4445098
2024-07-03,NYSE American (A),4635701,12712223,4287766,21635690,194486522.677500,174908019.829200,210670060.966000,580064603.472700,53085,38048,40152,131285
2024-07-03,NASDAQ BX (B),5756081,5626032,9740203,21122316,357736207.499400,307236282.156400,560475857.088100,1225448346.743900,82568,49281,105889,237738
2024-07-03,NYSE National (C),7318296,5987281,10838100,24143677,215587792.797800,223252541.796300,282141182.371800,720981516.965900,84790,29765,85281,199836
2024-07-03,FINRA / Nasdaq TRF Chicago (DB),3698554,1518073,9611611,14828238,203017563.821400,73241519.139300,824621547.929700,1100880630.890400,30264,9290,74939,114493
2024-07-03,FINRA / NYSE TRF (DN),40991771,35221855,155074708,231288334,1283798580.560000,1005190219.630600,5767620253.462803,8056609053.653403,225314,104332,575034,904680
2024-07-03,FINRA / Nasdaq TRF Carteret (DQ),853837603,531389057,1723949363,3109176023,39924448371.450902,31509558445.036308,84695986865.034408,156129993681.521618,6888748,2134020,9356701,18379469
2024-07-03,MIAX Pearl (H),34362928,28527026,52404963,115294917,886871970.817700,1178094718.221700,1854564723.498500,3919531412.537900,288190,110916,348824,747930
2024-07-03,EDGA Equities (J),34918389,18793970,40609072,94321431,787543181.173000,763034823.444500,958917782.632700,2509495787.250200,300478,94147,319939,714564
2024-07-03,EDGX Equities (K),92713765,62160221,253266536,408140522,3619850877.504599,3468444265.368403,10864969520.694291,17953264663.567293,800286,342436,1505637,2648359
2024-07-03,LTSE (L),512657,41733,370521,924911,1119882.550000,1436576.990000,4872647.120000,7429106.660000,140,130,253,523
2024-07-03,NYSE Chicago (M),10551885,6030810,17302848,33885543,981537952.952900,738390701.519500,2181085185.679299,3901013840.151699,97390,7083,90479,194952
2024-07-03,NYSE (N),545616389,29989406,61456903,637062698,29104372591.799702,1870130023.642900,2812437663.058900,33786940278.501502,1904955,119890,418644,2443489
2024-07-03,NYSE Arca (P),103806477,233785010,348707980,686299467,4463072103.695799,14719395413.356900,12359908161.607400,31542375678.660099,1129885,909469,2444330,4483684
2024-07-03,NASDAQ (Q),237988039,112410256,772962750,1123361045,12616421904.007502,8417451390.651103,52925019577.911172,73958892872.569777,3390096,728599,5526389,9645084
2024-07-03,Members Exchange (U),43852787,35785389,83895263,163533439,1632783017.788400,1726574407.320600,3485407591.102199,6844765016.211199,514786,192404,631082,1338272
2024-07-03,Investors Exchange (V),59179726,18703095,55859855,133742676,3630017848.396400,1233497667.720400,3620710039.054000,8484225555.170800,785745,108915,674313,1568973
2024-07-03,NASDAQ PSX (X),3829300,4090820,6475562,14395682,237546942.696400,265074938.399400,386979368.502400,889601249.598200,56376,22057,69151,147584
2024-07-03,BYX Equities (Y),19322265,13002015,28382953,60707233,547282459.222700,573791180.930800,770095745.272000,1891169385.425500,180788,64759,222784,468331
2024-07-03,BZX Equities (Z),104582165,68402897,147131716,320116778,4897888423.806500,4557290783.010901,8517176814.026301,17972356020.843702,1391810,370642,1454431,3216883
2024-07-02,NYSE American (A),6825628,20925915,6666484,34418027,301233303.861300,217945836.076500,330945286.860300,850124426.798100,93087,73688,68579,235354
2024-07-02,NASDAQ BX (B),8836555,6575423,11882509,27294487,526797902.447000,327907873.824100,676146260.990300,1530852037.261400,133884,59447,140538,333869
2024-07-02,NYSE National (C),12588056,6142038,14912801,33642895,398873831.087900,242935336.755700,412335586.370300,1054144754.213900,168073,35486,136840,340399
2024-07-02,FINRA / Nasdaq TRF Chicago (DB),4758787,2504391,10934883,18198061,233070095.274000,111925885.289400,812816258.884300,1157812239.447700,39276,12494,79156,130926
2024-07-02,FINRA / NYSE TRF (DN),53923339,89257434,169521593,312702366,1812547721.297700,1399325273.893301,6666733533.574502,9878606528.765503,310317,140078,603673,1054068
2024-07-02,FINRA / Nasdaq TRF Carteret (DQ),1477141393,1037454058,2177793927,4692389378,71059833365.490907,41868565799.349396,117121603552.110853,230050002716.951156,11227188,2934541,12521959,26683688
2024-07-02,MIAX Pearl (H),46516660,39428920,59296744,145242324,1174291270.421100,1410621651.615300,1950104935.552699,4535017857.589099,412133,144027,435493,991653
2024-07-02,EDGA Equities (J),50929430,26137580,50775630,127842640,1237917152.710100,756780095.764700,1288808897.294601,3283506145.769401,485414,127488,469646,1082548
2024-07-02,EDGX Equities (K),117037780,105521604,270654995,493214379,4577848007.453800,3968012531.473001,12618936011.686496,21164796550.613297,1102763,449803,1773109,3325675
2024-07-02,LTSE (L),39541,445527,260785,745853,2066392.300000,15654461.160000,1379958.670000,19100812.130000,144,428,446,1018
2024-07-02,NYSE Chicago (M),18779823,13560815,18084273,50424911,1547211506.802100,1690744847.572500,2677502136.728700,5915458491.103300,127682,7341,134453,269476
2024-07-02,NYSE (N),860683687,34547651,84703395,979934733,47864373396.413810,2043690714.875900,3662901565.730200,53570965677.019910,2934031,149942,588783,3672756
2024-07-02,NYSE Arca (P),138684979,339257266,378031721,855973966,6289530247.632201,16152773394.746690,14639300752.528098,37081604394.906989,1694862,1177297,3008158,5880317
2024-07-02,NASDAQ (Q),331555188,145548478,1033568128,1510671794,17446055607.117797,9965815183.545599,69176450263.781457,96588321054.444853,5052105,975370,7804167,13831642
2024-07-02,Members Exchange (U),60730287,57685641,105225598,223641526,2316934540.829900,2077991587.131300,4310150347.583400,8705076475.544600,726794,261619,837041,1825454
2024-07-02,Investors Exchange (V),86028939,19615318,73957209,179601466,5231950408.502800,1186082895.456300,4511725014.461301,10929758318.420401,1257939,131953,993845,2383737
2024-07-02,NASDAQ PSX (X),5173274,4959726,8128174,18261174,307576904.726700,340332022.901400,422289577.463300,1070198505.091400,87886,26743,99739,214368
2024-07-02,BYX Equities (Y),28847081,19816510,35012796,83676387,844296175.432300,695631794.246800,973991945.309000,2513919914.988100,311104,99271,318756,729131
2024-07-02,BZX Equities (Z),140883329,83789072,175859151,400531552,6789385501.735801,5417708896.938699,10612022941.793801,22819117340.468301,2025561,485316,1970590,4481467
2024-07-01,NYSE American (A),7338698,18511184,7362584,33212466,367817708.834800,264182706.177600,378435947.448000,1010436362.460400,109617,70046,83963,263626
2024-07-01,NASDAQ BX (B),9799845,7695443,13864213,31359501,688269633.721100,436812680.501200,866570019.129900,1991652333.352200,158276,51601,169790,379667
2024-07-01,NYSE National (C),12090458,8082076,16239238,36411772,405366615.734500,336339288.171200,449363611.707000,1191069515.612700,168100,42793,153933,364826
2024-07-01,FINRA / Nasdaq TRF Chicago (DB),6147514,2089501,12822206,21059221,299911463.252100,121182991.394000,1037658304.029500,1458752758.675600,51372,13332,98196,162900
2024-07-01,FINRA / NYSE TRF (DN),59172705,57617677,182175601,298965983,2211702616.333101,1577260606.289601,5707422030.266898,9496385252.889600,361222,139595,614297,1115114
2024-07-01,FINRA / Nasdaq TRF Carteret (DQ),1498474886,891401567,2484187250,4874063703,73356275618.148483,48532788505.029461,120287988859.922780,242177052983.100724,12208546,3246600,13566988,29022134
2024-07-01,MIAX Pearl (H),47620898,42518115,71363253,161502266,1354360693.163300,1769804206.587600,2128664297.379900,5252829197.130800,466513,158287,481585,1106385
2024-07-01,EDGA Equities (J),50509127,23763874,61035784,135308785,1325211436.307300,928289727.023800,1511663118.998900,3765164282.330000,518938,123365,584151,1226454
2024-07-01,EDGX Equities (K),133088566,98746808,303362985,535198359,5578187637.203500,4691979048.447098,12626644459.793499,22896811145.444097,1283149,490135,1903077,3676361
2024-07-01,LTSE (L),90782,192677,580898,864357,2080787.090000,5791252.120000,5217444.610000,13089483.820000,396,278,431,1105
2024-07-01,NYSE Chicago (M),17341621,7831389,28444948,53617958,1689718549.672500,709736505.846300,2718588485.263300,5118043540.782100,166044,8634,165758,340436
2024-07-01,NYSE (N),873764546,40472108,102271709,1016508363,46869611532.117608,2406804674.715500,4300790645.371799,53577206852.204907,3361265,164300,671649,4197214
2024-07-01,NYSE Arca (P),154758840,330550238,453172496,938481574,7265200716.650899,18072477517.032098,16168822468.748407,41506500702.431404,1926335,1288378,3450627,6665340
2024-07-01,NASDAQ (Q),380551285,160260799,1129959297,1670771381,20844759535.476501,11676763582.550209,70201678185.108514,102723201303.135224,5910345,1130674,8936692,15977711
2024-07-01,Members Exchange (U),69052599,54610046,118039131,241701776,2713807052.956400,2565954474.464800,4499887245.341800,9779648772.763000,853035,272793,940199,2066027
2024-07-01,Investors Exchange (V),89774490,24133390,79081623,192989503,5717079766.829600,1713001026.657600,5154210488.863501,12584291282.350701,1314573,153619,1086670,2554862
2024-07-01,NASDAQ PSX (X),5702261,6738962,9273895,21715118,341457463.962600,445210308.939900,481369951.208600,1268037724.111100,96191,33548,109471,239210
2024-07-01,BYX Equities (Y),27583459,18965664,40959985,87509108,878156228.098600,802873834.197800,1134634087.193600,2815664149.490000,324633,97606,364139,786378
2024-07-01,BZX Equities (Z),155127271,93388654,196945767,445461692,7697032879.226600,6295886282.061796,11224873331.882707,25217792493.171103,2216510,523480,2146302,4886292
2024-06-28,NYSE American (A),9785127,167683544,8083231,185551902,515388270.506900,748942990.790800,472667854.205000,1736999115.502700,123572,71204,91485,286261
2024-06-28,NASDAQ BX (B),13318067,8256096,16634037,38208200,920081205.308900,491480056.562700,993919309.557700,2405480571.429300,197451,50581,180611,428643
2024-06-28,NYSE National (C),16634378,9021849,17684766,43340993,600282272.027200,388954937.161100,499347464.204800,1488584673.393100,206819,44737,152225,403781
2024-06-28,FINRA / Nasdaq TRF Chicago (DB),6767536,2322227,13088319,22178082,352536128.265300,149564530.982000,1031572622.751700,1533673281.999000,47389,11447,87469,146305
2024-06-28,FINRA / NYSE TRF (DN),64019050,48030481,172543204,284592735,2391878206.502501,1527257140.436399,5262049267.143800,9181184614.082700,377401,118097,598306,1093804
2024-06-28,FINRA / Nasdaq TRF Carteret (DQ),2855310939,861299667,3645917548,7362528154,158085683480.230039,56009521667.972713,168396199905.742016,382491405053.944768,13967345,2862182,14010578,30840105
2024-06-28,MIAX Pearl (H),58954911,49850961,82115204,190921076,2030323138.764600,2190866922.568100,2595334713.595600,6816524774.928300,554708,187497,527259,1269464
2024-06-28,EDGA Equities (J),54442786,23475136,57780752,135698674,1554836340.050700,1085133458.236800,1576525482.099400,4216495280.386900,555252,122225,525294,1202771
2024-06-28,EDGX Equities (K),151244986,102665846,311209436,565120268,6440506748.414898,6053935262.688798,13471220855.129602,25965662866.233298,1402173,500576,1915777,3818526
2024-06-28,LTSE (L),84311,87984,310954,483249,16552443.320000,3065538.320300,4130143.340000,23748124.980300,155,153,667,975
2024-06-28,NYSE Chicago (M),18899098,10785071,23295416,52979585,1747795351.012300,2244803677.606200,2770637597.396101,6763236626.014601,176112,10434,168153,354699
2024-06-28,NYSE (N),3374648073,49476668,101005858,3525130599,158886225604.403686,3284349082.280901,4143376943.111700,166313951629.796287,3979668,188844,699737,4868249
2024-06-28,NYSE Arca (P),189073148,367433686,473968257,1030475091,9365667315.966399,26320029329.522194,17623903903.907090,53309600549.395683,2202587,1369107,3471841,7043535
2024-06-28,NASDAQ (Q),448142315,187199295,3895343956,4530685566,24591161525.431096,16731813077.675107,156720243130.904278,198043217734.010481,6579125,1286869,9811697,17677691
2024-06-28,Members Exchange (U),81803324,59557408,124032220,265392952,3331338635.878800,3296352780.906901,5058345685.125098,11686037101.910799,975467,305000,1001821,2282288
2024-06-28,Investors Exchange (V),123506792,27138040,105471954,256116786,7649664776.835399,1956087902.929600,6546247963.583000,16152000643.347999,1735404,172811,1359992,3268207
2024-06-28,NASDAQ PSX (X),8417152,6557105,11409432,26383689,522444923.777300,552388680.433400,656628109.224700,1731461713.435400,106448,35718,115828,257994
2024-06-28,BYX Equities (Y),41120744,21422851,51684373,114227968,1372880170.984800,974205120.299100,1583264145.241100,3930349436.525000,434194,104943,433387,972524
2024-06-28,BZX Equities (Z),195921713,105515884,238646745,540084342,9765139964.878599,8705730983.943500,14185468701.231603,32656339650.053702,2624576,587210,2434721,5646507
2024-06-27,NYSE American (A),7153268,14586127,7003394,28742789,392172404.693600,214859868.326100,344660995.183600,951693268.203300,96185,64575,74352,235112
2024-06-27,NASDAQ BX (B),11075765,6654815,14374940,32105520,745482787.880900,384589061.321100,830932329.336800,1961004178.538800,187314,44772,180640,412726
2024-06-27,NYSE National (C),12887674,7045404,14109850,34042928,381692364.076000,217111784.062500,337909701.958600,936713850.097100,164773,31852,128899,325524
2024-06-27,FINRA / Nasdaq TRF Chicago (DB),5429393,1705997,13822253,20957643,274500571.446300,93441171.578700,957361794.477700,1325303537.502700,38923,9373,85572,133868
2024-06-27,FINRA / NYSE TRF (DN),56589224,53211969,207922775,317723968,1896176736.455800,1449032875.165500,6938547701.020104,10283757312.641404,328878,116319,580310,1025507
2024-06-27,FINRA / Nasdaq TRF Carteret (DQ),1540856260,762671785,2648336344,4951864389,73103795044.912657,38626771324.048471,111264239485.382840,222994805854.343968,11866987,2470279,12957932,27295198
2024-06-27,MIAX Pearl (H),42998767,31548503,70688973,145236243,1259093019.266300,1249253457.210500,1869969229.758099,4378315706.234899,444508,124496,466025,1035029
2024-06-27,EDGA Equities (J),42503668,18780912,50521215,111805795,1149821402.877500,724228730.634000,1070508681.759000,2944558815.270500,470112,105670,466511,1042293
2024-06-27,EDGX Equities (K),131005906,90041448,328406791,549454145,5424687289.602399,3687678437.453702,11166596655.640101,20278962382.696202,1245253,410649,1827392,3483294
2024-06-27,LTSE (L),39785,10564,2969282,3019631,1425802.190000,750296.180000,9303155.950000,11479254.320000,237,39,1220,1496
2024-06-27,NYSE Chicago (M),20991755,10611393,32536495,64139643,1720982211.672300,1507589281.599900,4309186914.835701,7537758408.107901,145177,7992,142903,296072
2024-06-27,NYSE (N),948629732,33534727,76628800,1058793259,51582673393.502708,1903902425.091900,3084133509.916400,56570709328.511008,3252744,140457,590040,3983241
2024-06-27,NYSE Arca (P),154665937,274713289,494926858,924306084,7122193118.061198,15466485858.383093,13278756700.056401,35867435676.500692,1787940,1045450,3280534,6113924
2024-06-27,NASDAQ (Q),365255543,126965970,1128252927,1620474440,19541510120.286801,9504118859.279400,67832978037.648159,96878607017.214360,5639522,886252,8582057,15107831
2024-06-27,Members Exchange (U),67099013,44783640,120079376,231962029,2622830933.463400,1959560624.984200,4120277584.386599,8702669142.834199,826982,230410,919394,1976786
2024-06-27,Investors Exchange (V),105706239,23149235,90670126,219525600,6390096985.480800,1405421280.211900,5696402106.141200,13491920371.833900,1477725,157350,1197758,2832833
2024-06-27,NASDAQ PSX (X),5453706,4628274,8494360,18576340,339451646.384500,287606679.126100,445497693.055300,1072556018.565900,86114,25438,94013,205565
2024-06-27,BYX Equities (Y),30682320,15485880,41538201,87706401,971911392.135600,612206413.189500,1114057206.329500,2698175011.654600,361835,83233,379942,825010
2024-06-27,BZX Equities (Z),157174040,82034002,190035168,429243210,7669959898.798298,5222052993.295500,10507245436.157199,23399258328.250997,2177937,446149,2068254,4692340
2024-06-26,NYSE American (A),6347197,23868817,5930369,36146383,302717579.970000,238341518.848800,267100061.195700,808159160.014500,84809,65148,62596,212553
2024-06-26,NASDAQ BX (B),8734904,6601901,13545542,28882347,541168890.837800,348063011.797300,793550449.266200,1682782351.901300,141697,40484,159828,342009
2024-06-26,NYSE National (C),13126185,6545105,13883892,33555182,383314733.870900,250099828.737300,372934446.666600,1006349009.274800,165764,32660,139511,337935
2024-06-26,FINRA / Nasdaq TRF Chicago (DB),4616524,2111537,13677320,20405381,224288489.357900,103254709.211900,944526936.683100,1272070135.252900,35871,9507,93031,138409
2024-06-26,FINRA / NYSE TRF (DN),53509641,71450682,189478590,314438913,1757525510.954700,1189026906.629501,6015018559.252797,8961570976.836998,309298,121689,632931,1063918
2024-06-26,FINRA / Nasdaq TRF Carteret (DQ),1608583207,926179492,2667287018,5202049717,78407531260.351691,43587034291.753589,123705722373.172483,245700287925.277763,11421017,2561612,13240528,27223157
2024-06-26,MIAX Pearl (H),45124318,32904400,73555811,151584529,1351721409.623500,1301384349.646200,2047092269.327700,4700198028.597400,466997,126722,503973,1097692
2024-06-26,EDGA Equities (J),54040542,24375939,59011449,137427930,1354390251.825400,791352346.858800,1377354710.112600,3523097308.796800,535530,110262,543029,1188821
2024-06-26,EDGX Equities (K),118930373,101067840,306778066,526776279,4950808164.366900,3606726407.095598,12665508416.529001,21223042987.991499,1154220,409285,1947774,3511279
2024-06-26,LTSE (L),241299,134825,1452155,1828279,7868081.210000,3443791.048000,6561510.440000,17873382.698000,351,149,804,1304
2024-06-26,NYSE Chicago (M),17491379,11870507,36870323,66232209,1417870161.460500,1155304592.500100,4773151462.043799,7346326216.004399,132804,8017,138529,279350
2024-06-26,NYSE (N),901916143,33200448,83886104,1019002695,50526383652.129799,2022435719.842499,3315331016.272000,55864150388.244298,3093145,137865,616166,3847176
2024-06-26,NYSE Arca (P),148889105,314287969,451011997,914189071,7095061136.983602,16613107053.148511,17050284096.038999,40758452286.171112,1802658,1092455,3628208,6523321
2024-06-26,NASDAQ (Q),356478933,131497290,1129419928,1617396151,19022354383.516298,9249474304.328194,72005020056.939155,100276848744.783647,5520819,875316,8611474,15007609
2024-06-26,Members Exchange (U),65619644,50217376,112738881,228575901,2682874949.134000,2052464369.215500,4406422849.200798,9141762167.550298,842688,231527,943027,2017242
2024-06-26,Investors Exchange (V),97806315,19687946,82406165,199900426,5759856049.164200,1184237329.994500,5299936181.051702,12244029560.210402,1350576,132204,1104380,2587160
2024-06-26,NASDAQ PSX (X),5700907,5179942,8078082,18958931,343835989.319900,353313052.169400,457632456.472500,1154781497.961800,91422,24205,96224,211851
2024-06-26,BYX Equities (Y),29141455,17437042,37357676,83936173,930946809.911600,636184048.213600,1115637867.894500,2682768726.019700,320660,79962,342606,743228
2024-06-26,BZX Equities (Z),155281565,80775552,197558423,433615540,7607425462.325301,5125659394.021998,10966266845.200489,23699351701.547788,2197038,428623,2184127,4809788
2024-06-25,NYSE American (A),5654252,19048471,5717853,30420576,253572626.397900,267649900.720400,235834346.608800,757056873.727100,74620,60714,58362,193696
2024-06-25,NASDAQ BX (B),9094222,6646814,13704642,29445678,567148075.003800,348840151.349600,780509652.928300,1696497879.281700,142901,42569,159389,344859
2024-06-25,NYSE National (C),12087416,6184748,15001003,33273167,377537702.103700,235021529.612700,391598988.693400,1004158220.409800,160356,35372,128706,324434
2024-06-25,FINRA / Nasdaq TRF Chicago (DB),4872865,1799658,13017479,19690002,251968937.330800,94726585.882300,892095914.180000,1238791437.393100,37598,9821,86072,133491
2024-06-25,FINRA / NYSE TRF (DN),57293386,37664956,168968785,263927127,2031908756.228500,1249853429.671500,5845453745.558503,9127215931.458503,317975,118338,633767,1070080
2024-06-25,FINRA / Nasdaq TRF Carteret (DQ),1534967867,691000478,2315772759,4541741104,76980286386.540651,41907130008.232414,120358250430.623458,239245666825.396523,11004711,2535413,12670561,26210685
2024-06-25,MIAX Pearl (H),42668042,29370213,56338403,128376658,1296021916.830500,1394450203.598100,1816732241.696300,4507204362.124900,438066,125158,414663,977887
2024-06-25,EDGA Equities (J),51798981,22783247,62368540,136950768,1308373459.619400,813966632.172200,1264726247.657100,3387066339.448700,509380,113565,514974,1137919
2024-06-25,EDGX Equities (K),126122673,72355841,306346727,504825241,5309386141.900200,3904638039.812603,12774730677.656407,21988754859.369210,1174694,407149,1913997,3495840
2024-06-25,LTSE (L),560392,367742,3057338,3985472,9662567.940000,7913323.000000,9351943.690000,26927834.630000,653,269,1085,2007
2024-06-25,NYSE Chicago (M),15757841,17063729,26138288,58959858,1575478195.685800,1768926302.774000,4499187418.633299,7843591917.093099,128360,7168,127782,263310
2024-06-25,NYSE (N),995632315,34679023,80325295,1110636633,57414140724.417997,2185163780.715200,3260534044.840100,62859838549.973297,3070945,145781,588986,3805712
2024-06-25,NYSE Arca (P),147489653,257195667,428650876,833336196,7173939833.424298,16856577573.389186,15578733130.350506,39609250537.163990,1811422,1062630,3440996,6315048
2024-06-25,NASDAQ (Q),356859997,132390974,1170420513,1659671484,19635157418.573504,10002105530.910106,78685522003.728006,108322784953.211616,5516611,939434,8375813,14831858
2024-06-25,Members Exchange (U),64902433,42179530,96697451,203779414,2688391894.254100,2132834734.935200,4067745666.834299,8888972296.023599,813795,226295,846177,1886267
2024-06-25,Investors Exchange (V),100703783,21680523,87051874,209436180,5994936355.188600,1344530332.175000,5469943666.957101,12809410354.320701,1391967,150992,1131563,2674522
2024-06-25,NASDAQ PSX (X),5592125,5641087,8620404,19853616,336039410.651700,392499764.976900,490353973.548000,1218893149.176600,89102,27097,97240,213439
2024-06-25,BYX Equities (Y),27919076,15373736,33710210,77003022,954103727.968700,656821112.554100,1166809533.856600,2777734374.379400,322323,78784,331786,732893
2024-06-25,BZX Equities (Z),154055173,74454291,181236731,409746195,7736546092.329199,5335255056.195599,10553581495.431195,23625382643.955993,2242578,441349,2094617,4778544
2024-06-24,NYSE American (A),6430751,17571938,6994713,30997402,295360132.731600,304603656.837800,399994571.155600,999958360.725000,84895,62326,77361,224582
2024-06-24,NASDAQ BX (B),9822435,8555495,13796848,32174778,588377834.578200,426603901.086900,974112905.681000,1989094641.346100,145464,46440,159645,351549
2024-06-24,NYSE National (C),12161820,9309219,14050913,35521952,411826397.273500,327028198.065900,410717408.430400,1149572003.769800,168889,47535,139750,356174
2024-06-24,FINRA / Nasdaq TRF Chicago (DB),5352745,2402957,12846105,20601807,284201022.104600,114997291.103000,1091933820.404000,1491132133.611600,43263,12192,98732,154187
2024-06-24,FINRA / NYSE TRF (DN),68165077,40930927,198145359,307241363,2744628379.794100,1993606084.929400,6104084747.471001,10842319212.194501,315974,131172,639330,1086476
2024-06-24,FINRA / Nasdaq TRF Carteret (DQ),1638434687,755285152,2664963699,5058683538,83691140943.053106,45122893166.679609,134020926946.501824,262834961056.234539,11579457,2966274,14116106,28661837
2024-06-24,MIAX Pearl (H),47739176,38640887,70367393,156747456,1442229203.003400,1694012137.692200,2336159975.159700,5472401315.855300,484541,156994,507453,1148988
2024-06-24,EDGA Equities (J),54459764,27665087,74988772,157113623,1422549949.164100,1184962476.500600,1676869892.334100,4284382317.998800,555984,139882,587562,1283428
2024-06-24,EDGX Equities (K),131694398,86836883,315863398,534394679,5553781619.873401,4798124758.905599,14726631330.691795,25078537709.470795,1286733,520389,2074331,3881453
2024-06-24,LTSE (L),458477,573673,339764,1371914,7091876.560000,17678687.370000,13276294.170000,38046858.100000,833,275,755,1863
2024-06-24,NYSE Chicago (M),20211838,16946299,29550704,66708841,1995075018.558500,1792184399.892000,5142377763.571003,8929637182.021503,163074,8597,159417,331088
2024-06-24,NYSE (N),991592582,40488035,92504726,1124585343,56895411478.896692,2362665828.890300,4015139724.647702,63273217032.434694,3314862,163370,647040,4125272
2024-06-24,NYSE Arca (P),152948335,295820618,514052933,962821886,7478140975.437699,19823941945.938899,18904554937.440497,46206637858.817095,1916795,1309282,3869653,7095730
2024-06-24,NASDAQ (Q),380391881,156615804,1253615342,1790623027,21088195379.093705,12058705797.324899,85180457940.921908,118327359117.340512,5983554,1139310,9556500,16679364
2024-06-24,Members Exchange (U),69800937,52177238,122760002,244738177,2921727325.704500,2532444391.752599,4815443841.947298,10269615559.404397,882367,280611,985260,2148238
2024-06-24,Investors Exchange (V),95384261,29783531,84088758,209256550,5815761646.085000,1749371396.528600,5616473726.387297,13181606769.000897,1321847,174498,1113785,2610130
2024-06-24,NASDAQ PSX (X),6114794,6848717,9119710,22083221,367093410.312000,471022945.814700,563307905.510600,1401424261.637300,97842,32721,110709,241272
2024-06-24,BYX Equities (Y),30902851,21224489,36943682,89071022,1050932854.806400,898131201.370900,1447812762.022600,3396876818.199900,345604,100933,357870,804407
2024-06-24,BZX Equities (Z),162873093,89818898,204744123,457436114,8436005677.699699,6534100802.443303,12721920738.968001,27692027219.111003,2497861,559309,2389840,5447010
2024-06-21,NYSE American (A),9154420,127626172,7004355,143784947,369549316.953300,605396650.785700,355777604.196100,1330723571.935100,110365,69467,78859,258691
2024-06-21,NASDAQ BX (B),11011516,7792384,16560657,35364557,681720958.295200,416123829.772100,931377357.905800,2029222145.973100,176656,47212,177596,401464
2024-06-21,NYSE National (C),16699383,8378859,16027152,41105394,587631204.964300,302826030.224600,468536049.089100,1358993284.278000,218517,42513,166339,427369
2024-06-21,FINRA / Nasdaq TRF Chicago (DB),4736515,2051223,13297209,20084947,268382804.898400,106662918.003000,1091333806.370400,1466379529.271800,34576,10035,89037,133648
2024-06-21,FINRA / NYSE TRF (DN),60234768,44197234,224579601,329011603,3079455062.629500,2433531155.087900,6847535970.412507,12360522188.129907,321633,120061,588644,1030338
2024-06-21,FINRA / Nasdaq TRF Carteret (DQ),2290809354,727730050,3610095478,6628634882,122163449389.560391,50556278051.311705,198501626136.478676,371221353577.350772,13213115,2736312,14552214,30501641
2024-06-21,MIAX Pearl (H),54281136,38410995,78654382,171346513,1731344729.821400,1610253476.205300,2614797184.134300,5956395390.161000,534074,151797,535888,1221759
2024-06-21,EDGA Equities (J),61821603,29478648,88799664,180099915,1559208231.054400,1075441934.854100,1790553158.383600,4425203324.292100,595701,134495,624151,1354347
2024-06-21,EDGX Equities (K),132107554,88592309,357354641,578054504,5392124421.682101,4568374150.355700,14265399349.436702,24225897921.474503,1232228,455367,1993060,3680655
2024-06-21,LTSE (L),238392,724287,566655,1529334,2840498.830000,15352166.990000,13623331.520000,31815997.340000,354,486,596,1436
2024-06-21,NYSE Chicago (M),32339106,34152743,49553919,116045768,2850051886.417901,4101528766.998501,7769504059.694598,14721084713.111000,141956,7908,139551,289415
2024-06-21,NYSE (N),3603301476,41295594,93424510,3738021580,208342139329.351196,2505586012.502900,4066312816.313301,214914038158.167397,3665030,162622,665631,4493283
2024-06-21,NYSE Arca (P),170647979,325055288,560250269,1055953536,8265040994.299898,21767742538.261390,19545531849.916597,49578315382.477885,2017646,1262265,3667352,6947263
2024-06-21,NASDAQ (Q),404527195,165293264,3638840554,4208661013,21920699743.529995,12232585598.740297,239102202529.536098,273255487871.806390,6005163,1114768,9753065,16872996
2024-06-21,Members Exchange (U),72117567,45444995,131228219,248790781,3012229365.308800,2302102158.583700,5140103289.367998,10454434813.260498,907902,250276,979899,2138077
2024-06-21,Investors Exchange (V),105463501,23552263,101412027,230427791,6233386158.186100,1725992782.172900,6599324039.095802,14558702979.454802,1478574,158286,1221930,2858790
2024-06-21,NASDAQ PSX (X),7654405,5606207,10755873,24016485,465983986.567800,389259403.681600,612052936.036200,1467296326.285600,98385,29673,106445,234503
2024-06-21,BYX Equities (Y),38838663,21315168,45737230,105891061,1286255087.621700,938807454.849900,1494911656.493500,3719974198.965100,413496,94379,412211,920086
2024-06-21,BZX Equities (Z),173127309,93212255,228147456,494487020,8851768722.194400,6580906249.584602,14025796410.457204,29458471382.236206,2450838,529883,2440184,5420905
2024-06-20,NYSE American (A),6889093,19236975,7058072,33184140,319006189.245700,309987992.505000,358992091.126400,987986272.877100,84964,62562,70701,218227
2024-06-20,NASDAQ BX (B),9805896,8357170,16116888,34279954,750516696.865700,461736963.203800,982100764.778400,2194354424.847900,158446,50008,170636,379090
2024-06-20,NYSE National (C),13497455,8996003,16383376,38876834,447773951.674800,317529122.864400,488146593.539100,1253449668.078300,173948,44540,153251,371739
2024-06-20,FINRA / Nasdaq TRF Chicago (DB),6124164,2598714,15816090,24538968,393165724.410900,121825364.839500,1393279433.076200,1908270522.326600,47978,11784,114073,173835
2024-06-20,FINRA / NYSE TRF (DN),58189849,43519237,251135882,352844968,2185124283.065000,1549614779.320501,7177007422.085500,10911746484.471001,374316,146781,746606,1267703
2024-06-20,FINRA / Nasdaq TRF Carteret (DQ),1582462214,817411852,2925884874,5325758940,85019772606.238509,56108310835.867097,145965867502.769478,287093950944.875084,13267973,3134523,15300800,31703296
2024-06-20,MIAX Pearl (H),49233767,41498718,76146535,166879020,1427991248.655000,1786074636.392000,2563859032.412500,5777924917.459500,476504,167691,524312,1168507
2024-06-20,EDGA Equities (J),58465703,29718928,83464274,171648905,1532270463.491100,1144105784.491200,1892466793.104300,4568843041.086600,567947,139590,611716,1319253
2024-06-20,EDGX Equities (K),143949072,100279991,421127959,665357022,6485918349.117301,5530001643.626399,18620177359.361807,30636097352.105507,1355834,547867,2291187,4194888
2024-06-20,LTSE (L),1132957,542944,1276753,2952654,13744220.570000,16617473.750000,16413978.430000,46775672.750000,926,444,1120,2490
2024-06-20,NYSE Chicago (M),20662150,13881860,23300581,57844591,1997757648.453800,1960115591.552999,2989438936.026599,6947312176.033398,153149,7231,151737,312117
2024-06-20,NYSE (N),1028498408,45059900,98484899,1172043207,60663976815.240709,2648062868.226699,4252601637.428404,67564641320.895812,3511975,177769,671954,4361698
2024-06-20,NYSE Arca (P),175855017,344134001,621594965,1141583983,8806763320.669598,21780179701.640407,21788246326.895796,52375189349.205801,2091325,1445617,4097764,7634706
2024-06-20,NASDAQ (Q),392955008,176463065,1376002699,1945420772,23785003555.916600,14657641682.497995,96404667117.614457,134847312356.029052,6123322,1259338,10114128,17496788
2024-06-20,Members Exchange (U),68977542,53207640,139193767,261378949,3036710260.541600,2761075524.334301,5525312971.843895,11323098756.719796,852630,298464,996919,2148013
2024-06-20,Investors Exchange (V),95513343,24463770,91215126,211192239,6424126190.608900,1789370744.770200,6461632420.890697,14675129356.269797,1335263,166386,1118985,2620634
2024-06-20,NASDAQ PSX (X),6327957,5951960,10560686,22840603,431211287.377000,416977342.028800,764264533.315100,1612453162.720900,99533,32100,119123,250756
2024-06-20,BYX Equities (Y),32508983,21432494,45208764,99150241,1111853424.864700,918162910.795900,1473871901.414800,3503888237.075400,356922,98060,379647,834629
2024-06-20,BZX Equities (Z),172176530,101387490,234816264,508380284,9597908122.294099,7840394579.446697,15624556421.584699,33062859123.325495,2602663,629271,2595490,5827424
2024-06-18,NYSE American (A),6510524,16512248,6713843,29736615,295334830.863900,228910338.878500,301101935.763900,825347105.506300,82161,58537,67764,208462
2024-06-18,NASDAQ BX (B),8787283,6705392,13636023,29128698,579069322.201300,377857091.389400,765034159.165100,1721960572.755800,144672,43778,151288,339738
2024-06-18,NYSE National (C),11731913,6916274,13577458,32225645,398995978.441300,269326238.916700,385536790.988700,1053859008.346700,177209,43489,132308,353006
2024-06-18,FINRA / Nasdaq TRF Chicago (DB),5362578,1602247,13025650,19990475,312747301.067300,91733447.348600,1060730010.154300,1465210758.570200,41726,9660,90309,141695
2024-06-18,FINRA / NYSE TRF (DN),52984726,41721888,229747943,324454557,2094423856.659000,1333449691.477700,5622035941.020702,9049909489.157402,340863,115940,617891,1074694
2024-06-18,FINRA / Nasdaq TRF Carteret (DQ),1490864165,774365549,2788642339,5053872053,76615845911.899697,49683268126.884701,124306518340.858154,250605632379.642552,12387199,2755755,13822666,28965620
2024-06-18,MIAX Pearl (H),48103755,32291841,68407851,148803447,1329681988.137000,1401180951.100600,1896209437.745400,4627072376.983000,480796,133546,450055,1064397
2024-06-18,EDGA Equities (J),52575798,26264922,88779537,167620257,1342874732.276600,994880917.268900,1529660445.375500,3867416094.921000,537564,127461,564718,1229743
2024-06-18,EDGX Equities (K),126734898,73412413,380746922,580894233,5659941365.789601,4062381307.531799,14418153808.476503,24140476481.797903,1259164,432649,1977136,3668949
2024-06-18,LTSE (L),782262,19588,2882921,3684771,7514491.940000,1572700.750000,9741457.715600,18828650.405600,438,95,1378,1911
2024-06-18,NYSE Chicago (M),17101314,12514259,24925575,54541148,1871551064.040201,1541446876.151900,3806961517.782300,7219959457.974401,140536,6954,144581,292071
2024-06-18,NYSE (N),939551738,32943677,78727020,1051222435,54287042973.950092,2026539560.553600,3274650664.167399,59588233198.671091,3119717,148009,580320,3848046
2024-06-18,NYSE Arca (P),155854882,261726503,617583576,1035164961,7646277515.429797,17136652673.228298,16456957570.406801,41239887759.064896,1897843,1105603,3559834,6563280
2024-06-18,NASDAQ (Q),363279808,136123144,1211570002,1710972954,20367546411.034096,10515756025.061599,76099901829.789668,106983204265.885363,5777390,998234,8510813,15286437
2024-06-18,Members Exchange (U),65698981,41833173,130812430,238344584,2738866848.517700,2014572032.090100,4483307336.725201,9236746217.333001,835842,227108,877007,1939957
2024-06-18,Investors Exchange (V),87626042,21546089,83254566,192426697,5609605911.946000,1468247903.850500,5538207553.806098,12616061369.602598,1266445,154021,1050591,2471057
2024-06-18,NASDAQ PSX (X),7113756,5069269,10201683,22384708,489530769.385900,342597534.806000,639435342.085000,1471563646.276900,118561,29433,112498,260492
2024-06-18,BYX Equities (Y),27320343,16656902,39718416,83695661,907902594.670900,718329242.730500,1115698783.223100,2741930620.624500,321742,85053,330987,737782
2024-06-18,BZX Equities (Z),158951178,79997735,206271323,445220236,8415338854.081800,5566942272.509504,12228122686.395297,26210403812.986601,2442077,497568,2239052,5178697
2024-06-17,NYSE American (A),6899013,17423402,8697264,33019679,351873878.217300,306975331.428600,393577856.434900,1052427066.080800,93364,63225,81864,238453
2024-06-17,NASDAQ BX (B),10191978,6982255,14928736,32102969,632894240.785200,389519188.126900,932304911.593000,1954718340.505100,157332,46311,165981,369624
2024-06-17,NYSE National (C),14513409,7375660,15546625,37435694,451834527.235900,286644929.012900,451519411.484900,1189998867.733700,189838,43893,147940,381671
2024-06-17,FINRA / Nasdaq TRF Chicago (DB),5197002,1904092,13698363,20799457,283585818.555000,107005976.069900,1107857306.196000,1498449100.820900,41838,10465,92965,145268
2024-06-17,FINRA / NYSE TRF (DN),56978959,39576990,251305677,347861626,2098653988.292000,1403002779.958600,6177505485.606398,9679162253.856998,379368,120685,616850,1116903
2024-06-17,FINRA / Nasdaq TRF Carteret (DQ),1479622031,732084381,3102493135,5314199547,75512402238.608616,47841096892.796987,127422839918.660991,250776339050.066594,12548862,2881460,14282780,29713102
2024-06-17,MIAX Pearl (H),51074271,35223015,71472464,157769750,1344274062.466400,1601154310.510100,2082030258.149900,5027458631.126400,491896,148466,490376,1130738
2024-06-17,EDGA Equities (J),56553893,25430754,96692674,178677321,1388298623.265000,949712441.313500,1739849804.261400,4077860868.839900,569297,128675,596744,1294716
2024-06-17,EDGX Equities (K),133981050,73277384,364173042,571431476,5692606137.948001,4597004903.402901,15209355719.197588,25498966760.548490,1285396,430383,2001075,3716854
2024-06-17,LTSE (L),639464,1377590,2111379,4128433,3874229.880000,43564388.709500,13925087.970000,61363706.559500,389,457,1428,2274
2024-06-17,NYSE Chicago (M),19362692,9261027,18244500,46868219,1556108817.077800,1703614535.784000,2605007604.749599,5864730957.611399,142078,6636,156446,305160
2024-06-17,NYSE (N),833005203,33689201,87372706,954067110,46955101509.590190,2367291679.961000,3900983644.619400,53223376834.170590,3160524,151908,627237,3939669
2024-06-17,NYSE Arca (P),162910986,270804308,603700954,1037416248,7746648449.028298,19805510227.908309,18086214659.285501,45638373336.222108,2009300,1204972,3641791,6856063
2024-06-17,NASDAQ (Q),379277184,146022071,1138682119,1663981374,20355218097.201903,12303931742.975295,79390607141.065435,112049756981.242633,5840898,1071763,8926783,15839444
2024-06-17,Members Exchange (U),65691623,44451074,139348196,249490893,2668273438.603500,2345401631.741900,4757238032.698897,9770913103.044297,837045,244848,938199,2020092
2024-06-17,Investors Exchange (V),92480881,21043779,86938537,200463197,5853721349.592800,1533487268.692700,5966494286.254499,13353702904.539999,1332381,147447,1104298,2584126
2024-06-17,NASDAQ PSX (X),6339972,5608630,9585856,21534458,390908491.545900,429679499.030500,572022075.624100,1392610066.200500,99437,31838,102066,233341
2024-06-17,BYX Equities (Y),29363823,16714582,41930688,88009093,974763044.557600,756702059.816400,1334903861.761900,3066368966.135900,347769,85368,351298,784435
2024-06-17,BZX Equities (Z),158719055,81783336,220095490,460597881,7970402093.923000,6253194660.161599,13305334848.086797,27528931602.171396,2380366,529072,2351139,5260577
2024-06-14,NYSE American (A),7082924,21398641,7883790,36365355,389874344.341400,317745259.050300,537214217.645700,1244833821.037400,101276,66033,84274,251583
2024-06-14,NASDAQ BX (B),8826903,7544271,12615527,28986701,534573052.796000,383026739.538000,671556243.206300,1589156035.540300,147913,48202,143826,339941
2024-06-14,NYSE National (C),12743818,7627482,15265501,35636801,389589356.377400,303139653.935500,384755153.688600,1077484164.001500,175863,46180,141055,363098
2024-06-14,FINRA / Nasdaq TRF Chicago (DB),5487821,1931727,12238051,19657599,251724462.124000,110997861.335200,957039441.046800,1319761764.506000,40701,10258,84548,135507
2024-06-14,FINRA / NYSE TRF (DN),63535411,39750951,182938220,286224582,2141726633.164800,1513773078.730800,5787677144.012901,9443176855.908501,354309,116325,579340,1049974
2024-06-14,FINRA / Nasdaq TRF Carteret (DQ),1470118777,752431106,2368891665,4591441548,69402969775.729041,45947059036.165010,112167051329.641269,227517080141.535320,11863658,2757147,12965617,27586422
2024-06-14,MIAX Pearl (H),51165698,39081937,67180029,157427664,1275031353.730300,1630149657.478200,1770754400.968600,4675935412.177100,469283,151640,446212,1067135
2024-06-14,EDGA Equities (J),55147370,27383954,69210381,151741705,1293474046.201100,997378345.318400,1452145087.762500,3742997479.282000,531810,135328,523139,1190277
2024-06-14,EDGX Equities (K),135194341,89885154,323312815,548392310,5143138294.911898,4584817219.455602,13140566684.225795,22868522198.593295,1216988,481880,1783966,3482834
2024-06-14,LTSE (L),442859,303878,565486,1312223,10775528.290000,9096213.470000,2534558.110000,22406299.870000,995,429,334,1758
2024-06-14,NYSE Chicago (M),15039729,18684822,25652516,59377067,1351514675.859500,1932946762.201000,3632287352.176200,6916748790.236700,135786,6900,132166,274852
2024-06-14,NYSE (N),835701067,38120868,86307147,960129082,42595200670.533091,2355505459.597100,3277041522.225800,48227747652.355991,2996366,159608,590484,3746458
2024-06-14,NYSE Arca (P),164229060,296944826,479962139,941136025,7387618468.613899,18862203649.037094,15800129416.252294,42049951533.903287,1917160,1219395,3276416,6412971
2024-06-14,NASDAQ (Q),365531723,150194909,1056789989,1572516621,18872267256.823703,11553924542.484696,65469976651.867440,95896168451.175839,5531651,1030933,8056663,14619247
2024-06-14,Members Exchange (U),67743270,46740698,113100160,227584128,2547174434.785800,2303885086.422900,4111614987.024600,8962674508.233300,790763,241373,818098,1850234
2024-06-14,Investors Exchange (V),86425078,21520340,75439502,183384920,5214105922.129800,1563661620.039200,4577180093.887301,11354947636.056301,1229239,145930,984305,2359474
2024-06-14,NASDAQ PSX (X),5686481,5686201,8249286,19621968,351641880.569200,404633185.856500,478443892.972300,1234718959.398000,93777,31526,95093,220396
2024-06-14,BYX Equities (Y),28059824,17618672,35154503,80832999,885568788.868100,791987095.518100,1005824237.095800,2683380121.482000,323934,86905,316996,727835
2024-06-14,BZX Equities (Z),152746397,85093558,194811635,432651590,7272534256.350100,5826760854.375598,11395628037.512206,24494923148.237904,2221928,519802,2037776,4779506
2024-06-13,NYSE American (A),5414877,17550471,5527427,28492775,222721863.752400,314368860.572700,229744038.674100,766834762.999200,73772,62995,55206,191973
2024-06-13,NASDAQ BX (B),10926890,7344691,13318157,31589738,704414740.641800,407515303.290800,877564499.322300,1989494543.254900,171676,45901,162032,379609
2024-06-13,NYSE National (C),12524936,6628113,14139022,33292071,381222334.935300,263585891.011100,394013225.657800,1038821451.604200,167827,41489,140184,349500
2024-06-13,FINRA / Nasdaq TRF Chicago (DB),6235375,1994725,14103103,22333203,279923084.419500,109908768.048100,1208769098.375300,1598600950.842900,44210,10408,94162,148780
2024-06-13,FINRA / NYSE TRF (DN),68537653,42994473,182078743,293610869,2196718111.116900,1610364339.544000,6257965647.911100,10065048098.572000,362141,120597,639758,1122496
2024-06-13,FINRA / Nasdaq TRF Carteret (DQ),1555731092,724645739,2337576082,4617952913,76333289145.982913,45546295816.217805,120641412623.209638,242520997585.410356,11803445,2655758,13018816,27478019
2024-06-13,MIAX Pearl (H),50361070,36597484,69158989,156117543,1330795792.814500,1714181197.568100,1963177181.917900,5008154172.300500,468273,153877,467523,1089673
2024-06-13,EDGA Equities (J),53606666,25701092,69779711,149087469,1376449914.939900,950346733.634500,1687443446.163300,4014240094.737700,527450,127284,537982,1192716
2024-06-13,EDGX Equities (K),137637433,89681808,316241465,543560706,5533590440.067101,4635224312.033601,15194878588.256498,25363693340.357200,1255338,478355,1937089,3670782
2024-06-13,LTSE (L),851375,126495,624174,1602044,7436264.300000,3631798.059200,5322206.120000,16390268.479200,858,236,1053,2147
2024-06-13,NYSE Chicago (M),14669723,20260796,21004931,55935450,1482662224.230200,2168677428.801100,2830116394.467300,6481456047.498600,139607,6716,145300,291623
2024-06-13,NYSE (N),840381848,38421570,92246804,971050222,46180562485.080897,2516418694.555500,3586896804.426400,52283877984.062797,3110563,162821,611140,3884524
2024-06-13,NYSE Arca (P),175547844,290661631,447206470,913415945,8307624856.344098,18758010980.100005,18184568963.682794,45250204800.126897,2113546,1242000,3491675,6847221
2024-06-13,NASDAQ (Q),376646254,152382357,1091081689,1620110300,20506438332.685705,11764689939.456002,76214916715.583150,108486044987.724857,5685494,1047118,8548039,15280651
2024-06-13,Members Exchange (U),70106780,45278612,108839818,224225210,2675017684.762600,2366589604.563300,4412007988.509900,9453615277.835800,808012,243248,824078,1875338
2024-06-13,Investors Exchange (V),85233012,21751186,74572387,181556585,5540296735.337900,1579500125.551800,5227265534.495702,12347062395.385402,1153130,145477,937657,2236264
2024-06-13,NASDAQ PSX (X),6640675,6476150,9206289,22323114,414816872.676000,512104832.316600,539840856.518100,1466762561.510700,102063,32564,104391,239018
2024-06-13,BYX Equities (Y),28911583,16134149,34990789,80036521,1069753102.251400,760890259.735800,1273784472.756599,3104427834.743799,347186,87652,346674,781512
2024-06-13,BZX Equities (Z),156492126,84835653,189834432,431162211,7861034499.944301,6329245649.030596,12543032162.702491,26733312311.677388,2267100,529239,2144170,4940509
2024-06-12,NYSE American (A),6555380,22546550,6322805,35424735,263824367.116900,352119858.988000,292225956.015500,908170182.120400,94294,84656,77804,256754
2024-06-12,NASDAQ BX (B),11989352,10739568,13870731,36599651,720836405.107700,573988947.853300,926103832.369300,2220929185.330300,169879,65633,155261,390773
2024-06-12,NYSE National (C),14352304,10648465,15952049,40952818,456355041.251800,438180964.768200,467047516.508800,1361583522.528800,205089,63830,182297,451216
2024-06-12,FINRA / Nasdaq TRF Chicago (DB),7300562,3080337,14320859,24701758,353241983.499900,131163871.566100,1103740771.045600,1588146626.111600,50152,13387,97564,161103
2024-06-12,FINRA / NYSE TRF (DN),70318376,58263218,202587262,331168856,2364102679.704500,2036195145.181500,6135171132.943499,10535468957.829499,414671,142050,586844,1143565
2024-06-12,FINRA / Nasdaq TRF Carteret (DQ),1620114658,890084792,2518723375,5028922825,80434034454.404508,51908890483.348325,133277004728.717276,265619929666.470109,13571278,3132522,14303379,31007179
2024-06-12,MIAX Pearl (H),55561935,61430791,82704969,199697695,1367801275.081200,2550634257.076700,2302564088.370800,6220999620.528700,484276,231585,491254,1207115
2024-06-12,EDGA Equities (J),65885575,44178582,82527546,192591703,1517596219.323400,1621784867.788800,2274495500.137500,5413876587.249700,587973,202411,612298,1402682
2024-06-12,EDGX Equities (K),173617002,128588263,360385887,662591152,7104953094.905299,6908074618.676400,16864828349.599187,30877856063.180886,1533644,690614,2150045,4374303
2024-06-12,LTSE (L),134594,585586,666371,1386551,8820201.820000,18499268.060000,3120799.330000,30440269.210000,636,241,804,1681
2024-06-12,NYSE Chicago (M),21901644,11802049,25157797,58861490,2054696953.852400,1372524279.893000,3473703563.649100,6900924797.394500,204112,8978,195019,408109
2024-06-12,NYSE (N),922710534,59500577,107627802,1089838913,48888439438.753399,3773612759.723701,4645186799.578698,57307238998.055798,3776900,241752,743342,4761994
2024-06-12,NYSE Arca (P),217461755,428213046,512636921,1158311722,9916063837.053098,27272296686.324197,21820609628.737503,59008970152.114798,2606823,1801817,3965428,8374068
2024-06-12,NASDAQ (Q),459846044,239358856,1252579562,1951784462,25053566141.774205,18809376588.327904,86480933974.938886,130343876705.040995,6952130,1706017,10073843,18731990
2024-06-12,Members Exchange (U),82864166,69804086,131995921,284664173,3307110079.714400,3458978508.940101,5374304054.625902,12140392643.280403,999353,374943,1025385,2399681
2024-06-12,Investors Exchange (V),96791668,31241021,87822351,215855040,6442279452.468700,1965821645.200201,6150706883.795298,14558807981.464199,1319844,182722,1097290,2599856
2024-06-12,NASDAQ PSX (X),6708524,8877396,11217688,26803608,442702450.030100,755494065.457300,699874414.938100,1898070930.425500,106353,48079,109836,264268
2024-06-12,BYX Equities (Y),33348629,22988226,39322201,95659056,1220069322.233500,1023896121.864100,1462155869.232600,3706121313.330200,388669,114295,388618,891582
2024-06-12,BZX Equities (Z),196172781,129351235,241663121,567187137,9727141089.935200,9438507089.183702,15621267309.852991,34786915488.971893,2769783,816366,2672839,6258988
2024-06-11,NYSE American (A),5966241,23416924,5773169,35156334,246360376.948000,270145961.377800,257144088.015000,773650426.340800,72367,82297,56215,210879
2024-06-11,NASDAQ BX (B),9454278,7609643,13168562,30232483,569586575.596800,379617551.789700,700753367.308900,1649957494.695400,146014,43237,147031,336282
2024-06-11,NYSE National (C),12969049,8372924,13304430,34646403,390753812.577300,329659999.925200,381163691.842700,1101577504.345200,172422,45658,138983,357063
2024-06-11,FINRA / Nasdaq TRF Chicago (DB),5824634,2326998,12071695,20223327,283132144.622500,95021333.001200,940968978.472600,1319122456.096300,41126,11246,81898,134270
2024-06-11,FINRA / NYSE TRF (DN),65206993,72331845,187103815,324642653,1713861262.144900,1698275593.370800,4117439545.348099,7529576400.863799,359967,131559,527490,1019016
2024-06-11,FINRA / Nasdaq TRF Carteret (DQ),1562765295,981788059,2447093523,4991646877,74422664106.528299,41173625506.418923,110564431612.680252,226160721225.627474,12478397,2783981,12964041,28226419
2024-06-11,MIAX Pearl (H),44910136,43562414,63705855,152178405,1109929241.339100,1469082162.148300,1698346498.982700,4277357902.470100,414213,147539,407268,969020
2024-06-11,EDGA Equities (J),56547431,40289589,76930819,173767839,1292141821.819300,1072850768.183700,1594275708.721600,3959268298.724600,537337,160137,575332,1272806
2024-06-11,EDGX Equities (K),139696291,102385979,322077030,564159300,5318341122.266300,4157845740.341302,12272230747.689692,21748417610.297294,1256654,455946,1801137,3513737
2024-06-11,LTSE (L),293067,838836,437748,1569651,6609529.150000,29336805.370000,5174890.510000,41121225.030000,929,413,298,1640
2024-06-11,NYSE Chicago (M),15022689,11155568,20918211,47096468,1400362640.208400,1137093510.944800,2513034761.250500,5050490912.403700,154481,11904,156788,323173
2024-06-11,NYSE (N),863377600,40151444,79643914,983172958,46484334312.097192,2321160862.258800,3459515551.280100,52265010725.636092,3107658,166747,615365,3889770
2024-06-11,NYSE Arca (P),176111905,357430691,503045009,1036587605,7728095733.236197,16699208161.275296,14650694278.503599,39077998173.015092,2011583,1280377,3198095,6490055
2024-06-11,NASDAQ (Q),389560770,157711905,1044042563,1591315238,20559747318.539900,11099693434.331797,65020046804.478380,96679487557.350077,5813096,999279,8291270,15103645
2024-06-11,Members Exchange (U),72121880,57508440,111920034,241550354,2717414530.771900,2145262035.004300,3923643216.716197,8786319782.492397,866507,248156,841492,1956155
2024-06-11,Investors Exchange (V),85555319,28036140,75037508,188628967,5188979944.244501,1402687001.297900,4883572867.589001,11475239813.131402,1183340,153803,970757,2307900
2024-06-11,NASDAQ PSX (X),5904965,6315821,8536442,20757228,334558518.408200,415836126.521700,435822674.434200,1186217319.364100,88145,30663,89844,208652
2024-06-11,BYX Equities (Y),28758631,21224526,33157692,83140849,1069840861.453000,831513320.010200,1194630685.753400,3095984867.216600,341205,94156,343036,778397
2024-06-11,BZX Equities (Z),154027034,95593208,183989328,433609570,7777543889.814599,5808704995.431199,10441219654.550101,24027468539.795899,2307905,522443,2107211,4937559
2024-06-10,NYSE American (A),6006479,21388499,5931600,33326578,269547181.051700,241912528.573400,270992051.129500,782451760.754600,96185,66007,74568,236760
2024-06-10,NASDAQ BX (B),10214943,6224065,11275940,27714948,568773246.863600,299942290.505300,624978032.364000,1493693569.732900,154490,42324,142231,339045
2024-06-10,NYSE National (C),13726641,6716364,12952271,33395276,412634496.949900,258225991.172100,336803130.964800,1007663619.086800,207638,40861,166773,415272
2024-06-10,FINRA / Nasdaq TRF Chicago (DB),5613875,2066595,13477313,21157783,261588269.773500,93996880.242300,1073054133.541300,1428639283.557100,43105,10993,92432,146530
2024-06-10,FINRA / NYSE TRF (DN),58647194,41793341,192795250,293235785,1889554622.816800,1180682089.899800,5101230267.792798,8171466980.509398,405802,122485,582451,1110738
2024-06-10,FINRA / Nasdaq TRF Carteret (DQ),1537347523,681859989,2502230351,4721437863,73205977835.618539,34419204732.855198,111039560847.959745,218664743416.433482,13196458,2754699,14285547,30236704
2024-06-10,MIAX Pearl (H),44865773,33825747,66477773,145169293,1149001354.691700,1336226781.192700,1703434837.523500,4188662973.407900,432567,132385,419179,984131
2024-06-10,EDGA Equities (J),58272426,29032920,78015619,165320965,1365341623.896000,978136040.391200,1526248700.476800,3869726364.764000,566684,131892,634710,1333286
2024-06-10,EDGX Equities (K),146811440,81399879,351025180,579236499,5607043511.804801,3973502613.686997,13054070133.322610,22634616258.814408,1371087,414972,2001154,3787213
2024-06-10,LTSE (L),57033,394832,152172,604037,4231731.680000,10001357.200000,7241351.640000,21474440.520000,560,230,392,1182
2024-06-10,NYSE Chicago (M),16630397,14711875,24796334,56138606,1609576159.338800,1725266221.377799,2828204639.376599,6163047020.093198,152770,7726,164853,325349
2024-06-10,NYSE (N),893878898,38010804,84622894,1016512596,48187148166.881596,2149424057.886399,3540935097.104599,53877507321.872594,3336844,153425,638948,4129217
2024-06-10,NYSE Arca (P),177760127,286532409,528391024,992683560,7895101558.557898,16738791017.532302,14038661889.828091,38672554465.918291,2181613,1147430,3413123,6742166
2024-06-10,NASDAQ (Q),397242979,133702969,1094333168,1625279116,20891253352.195308,10272182923.983901,66356102736.584114,97519539012.763323,6036043,954568,8724710,15715321
2024-06-10,Members Exchange (U),74739341,42839691,122228829,239807861,2976877134.187200,1875174717.652000,3935528825.447700,8787580677.286900,916875,223011,885231,2025117
2024-06-10,Investors Exchange (V),92470871,22151288,75470024,190092183,5621896204.623899,1470683465.404000,5047144924.586402,12139724594.614301,1302531,138646,1063247,2504424
2024-06-10,NASDAQ PSX (X),6173098,6186098,8445722,20804918,370674472.529100,380592199.398600,466092447.338300,1217359119.266000,96255,28130,97122,221507
2024-06-10,BYX Equities (Y),31051133,16226941,34979510,82257584,1125376854.025400,656928705.477000,1230080727.767400,3012386287.269800,379947,82169,374914,837030
2024-06-10,BZX Equities (Z),168586897,78949700,191752913,439289510,8224982801.702298,5616932100.010100,10813042419.620305,24654957321.332703,2423124,472784,2223042,5118950
2024-06-07,NYSE American (A),5875704,27796192,5560076,39231972,240762499.740100,299393106.262500,212540000.450600,752695606.453200,85182,82986,64726,232894
2024-06-07,NASDAQ BX (B),11944852,7390074,11274454,30609380,583248454.958600,359735826.814300,725324665.383000,1668308947.155900,159945,42853,137170,339968
2024-06-07,NYSE National (C),13952759,8701567,13035352,35689678,408770232.830100,333098262.042600,404632079.969800,1146500574.842500,203268,44170,152016,399454
2024-06-07,FINRA / Nasdaq TRF Chicago (DB),7003417,2902546,13059122,22965085,307641524.124200,117542967.692800,1212492767.796100,1637677259.613100,54042,13303,69520,136865
2024-06-07,FINRA / NYSE TRF (DN),71170835,72915497,184551993,328638325,2087573071.000400,1840624383.563199,4728594248.576701,8656791703.140300,545223,141455,515574,1202252
2024-06-07,FINRA / Nasdaq TRF Carteret (DQ),1575169310,990338554,2279104821,4844612685,72010762267.950515,41156993381.617285,107169714463.107148,220337470112.674948,12225506,2784301,10944986,25954793
2024-06-07,MIAX Pearl (H),47945747,51480739,65515135,164941621,1057654358.856600,1789886696.858300,1342859900.090000,4190400955.804900,406531,177442,364235,948208
2024-06-07,EDGA Equities (J),59933208,51106962,73407358,184447528,1332345714.931000,1333488906.349000,1398457331.422500,4064291952.702500,558878,189981,515305,1264164
2024-06-07,EDGX Equities (K),185116510,112604664,305596288,603317462,6536968187.867903,4774488907.574001,12908613713.029411,24220070808.471315,1664614,525742,1699615,3889971
2024-06-07,LTSE (L),74104,13685,425505,513294,4416434.350000,548973.410000,15775671.550000,20741079.310000,219,83,494,796
2024-06-07,NYSE Chicago (M),14430510,21445026,17689535,53565071,1420404972.182400,2178523204.183700,2633122830.545100,6232051006.911200,156981,7680,151564,316225
2024-06-07,NYSE (N),837665253,49346372,79330212,966341837,43518682066.747009,2701696734.594901,2938527616.318000,49158906417.659910,3175653,187623,546554,3909830
2024-06-07,NYSE Arca (P),214647530,415093912,476158622,1105900064,8550412006.233602,20598635357.177099,13255408194.183903,42404455557.594604,2434242,1454077,2978960,6867279
2024-06-07,NASDAQ (Q),420614109,185574991,1002428226,1608617326,21332979301.563307,12819145376.930303,61122059567.203410,95274184245.697020,6071549,1190466,7827712,15089727
2024-06-07,Members Exchange (U),76697733,62891134,112385783,251974650,2769607990.652400,2443229049.452800,3629945804.523100,8842782844.628300,855798,292058,767105,1914961
2024-06-07,Investors Exchange (V),90951829,28865494,69539923,189357246,5423504746.849500,1554724012.211201,4252446506.067000,11230675265.127701,1232367,161519,915898,2309784
2024-06-07,NASDAQ PSX (X),6024562,6681340,8438616,21144518,360216596.522400,454710492.377900,458980853.361600,1273907942.261900,89562,31876,90606,212044
2024-06-07,BYX Equities (Y),31533673,24070846,33725027,89329546,1048943557.073700,882955871.412100,1099979616.388400,3031879044.874200,366526,108101,329253,803880
2024-06-07,BZX Equities (Z),164256973,104426686,184981217,453664876,8228981660.948399,6586878100.221998,10914409347.729399,25730269108.899796,2341132,591747,1951011,4883890
2024-06-06,NYSE American (A),5980695,19640420,5843137,31464252,253782410.016300,244653075.960900,246817308.487500,745252794.464700,78605,66401,56396,201402
2024-06-06,NASDAQ BX (B),10159826,6410674,13253642,29824142,562473168.112600,356250345.075300,870362060.767500,1789085573.955400,144573,38984,148499,332056
2024-06-06,NYSE National (C),13092099,7259247,13898975,34250321,421117134.525800,308863729.477800,492865007.726500,1222845871.730100,171540,40829,137363,349732
2024-06-06,FINRA / Nasdaq TRF Chicago (DB),7966973,2102807,11856220,21926000,405041993.168700,98240950.633100,1479962191.434400,1983245135.236200,50409,10026,86425,146860
2024-06-06,FINRA / NYSE TRF (DN),70063668,41005239,189119996,300188903,2172093841.373800,1275120808.577700,6095124724.539800,9542339374.491300,410172,126949,592669,1129790
2024-06-06,FINRA / Nasdaq TRF Carteret (DQ),1556048565,967038116,2324313316,4847399997,79411896248.131985,69302067710.972298,127892433599.109351,276606397558.213634,11951691,2646107,12675961,27273759
2024-06-06,MIAX Pearl (H),43636230,39688388,64780674,148105292,1113900656.772800,1492366867.981800,1606988266.736500,4213255791.491100,420114,145527,400974,966615
2024-06-06,EDGA Equities (J),57469727,32931650,72514109,162915486,1301174657.382200,1176993849.694700,1524803501.011800,4002972008.088700,537313,147580,546519,1231412
2024-06-06,EDGX Equities (K),171840765,79021902,339258526,590121193,6440031892.282700,3985473189.561500,16050396520.693615,26475901602.537815,1438983,422070,1944253,3805306
2024-06-06,LTSE (L),40476,70033,850936,961445,3694273.700000,2329930.180000,12684912.760000,18709116.640000,320,166,731,1217
2024-06-06,NYSE Chicago (M),18505579,12639333,26695699,57840611,1628857642.035900,1313147100.728300,3013912938.032499,5955917680.796699,170201,8057,158306,336564
2024-06-06,NYSE (N),829016232,41506724,87270222,957793178,44015744051.995307,2413970720.372400,3830039246.721501,50259754019.089208,3176556,166315,603023,3945894
2024-06-06,NYSE Arca (P),192467385,294106253,543779417,1030353055,8344922648.231802,17004829559.654806,17879114090.308096,43228866298.194704,2215643,1156220,3448639,6820502
2024-06-06,NASDAQ (Q),401419661,147921771,1036121559,1585462991,21176418603.675295,10573295890.299403,74331234273.112063,106080948767.086761,6014100,989026,8430511,15433637
2024-06-06,Members Exchange (U),75856651,43796826,115288380,234941857,3091384666.473700,2006209885.053299,4670853870.954201,9768448422.481200,910360,217899,868363,1996622
2024-06-06,Investors Exchange (V),86500853,26400754,73736279,186637886,5259474061.620000,1577535766.385800,5126423381.139200,11963433209.145000,1186289,150601,965969,2302859
2024-06-06,NASDAQ PSX (X),6431935,6469204,9938034,22839173,374398238.725900,413848334.624400,534641518.186900,1322888091.537200,96347,29571,106335,232253
2024-06-06,BYX Equities (Y),27688252,17487188,36849775,82025215,953814089.429100,769639451.747200,1236068555.814900,2959522096.991200,317128,86006,332774,735908
2024-06-06,BZX Equities (Z),163071683,86180581,194553847,443806111,8569394542.645700,5707105688.372201,13325497827.033105,27601998058.051006,2405415,497841,2162892,5066148
2024-06-05,NYSE American (A),5944764,21158154,5760539,32863457,251624033.476700,269861000.473600,326270741.316900,847755775.267200,75069,68856,57326,201251
2024-06-05,NASDAQ BX (B),9695225,7395652,13402497,30493374,592081697.642100,378826293.462000,945054960.701700,1915962951.805800,145443,44015,162681,352139
2024-06-05,NYSE National (C),14452558,7787097,16339165,38578820,413169122.282600,327721018.975200,511851633.078300,1252741774.336100,176201,45132,145566,366899
2024-06-05,FINRA / Nasdaq TRF Chicago (DB),6258117,1977268,12847124,21082509,290723050.630100,100818177.442000,1502368446.102999,1893909674.175099,44206,11044,86011,141261
2024-06-05,FINRA / NYSE TRF (DN),62390435,46550773,199897813,308839021,2028351040.391200,1381425159.008300,6031526767.213696,9441302966.613196,352599,134278,589505,1076382
2024-06-05,FINRA / Nasdaq TRF Carteret (DQ),1586844650,814740363,2485391723,4886976736,81229994577.434537,43839492850.072604,129187198096.664503,254256685524.171644,11967306,2948534,12876594,27792434
2024-06-05,MIAX Pearl (H),43731214,40935489,68467047,153133750,1097495835.524500,1596989229.898700,1699263812.450000,4393748877.873200,401329,153385,404418,959132
2024-06-05,EDGA Equities (J),57691719,35581438,75416400,168689557,1402074738.793200,1285807483.895800,1873193413.843900,4561075636.532900,544214,163604,552478,1260296
2024-06-05,EDGX Equities (K),147377677,97281521,373909233,618568431,5661923633.729299,4734851245.589903,16793992156.816695,27190767036.135897,1275528,498124,1972390,3746042
2024-06-05,LTSE (L),95833,208952,1574106,1878891,5732347.590000,6823928.110000,54527817.890000,67084093.590000,638,98,731,1467
2024-06-05,NYSE Chicago (M),18007484,9830618,24173307,52011409,1719567388.815600,995718510.210100,3776551807.941500,6491837706.967200,147695,9189,157353,314237
2024-06-05,NYSE (N),855206541,44889002,90008573,990104116,45226065844.282694,2678309712.610599,3947738744.790500,51852114301.683793,3096751,178199,616805,3891755
2024-06-05,NYSE Arca (P),178894928,307138918,642107780,1128141626,7792889543.919198,18716108645.325587,18556085188.060005,45065083377.304790,2046867,1271928,3522557,6841352
2024-06-05,NASDAQ (Q),394091434,156343617,1127237445,1677672496,20945612013.432303,12032915830.280010,81118359265.896871,114096887109.609184,5832021,1084291,8576106,15492418
2024-06-05,Members Exchange (U),73538741,51596386,133272665,258407792,2883953406.175900,2305988144.817400,4942397500.032102,10132339051.025402,875855,257382,888299,2021536
2024-06-05,Investors Exchange (V),87308573,25851687,78281284,191441544,5383130568.872301,1764839862.542200,5809880061.283399,12957850492.697900,1220718,169771,1012719,2403208
2024-06-05,NASDAQ PSX (X),5944973,6554892,9491506,21991371,349342966.787500,496010800.967500,655720888.748500,1501074656.503500,91903,34481,105204,231588
2024-06-05,BYX Equities (Y),27895997,18650478,37300465,83846940,954352534.596000,782560242.116700,1331130917.199900,3068043693.912600,328075,96505,334450,759030
2024-06-05,BZX Equities (Z),162365318,93330232,206015377,461710927,8093120284.789000,6393120525.235903,13792567265.705394,28278808075.730297,2328233,546490,2183057,5057780
2024-06-04,NYSE American (A),6627278,20916041,6044616,33587935,275611748.857000,273828159.328500,246365515.091500,795805423.277000,83077,69695,59608,212380
2024-06-04,NASDAQ BX (B),11492903,7703019,13086909,32282831,695906394.503000,412109274.113900,766354035.704800,1874369704.321700,163046,47457,147688,358191
2024-06-04,NYSE National (C),13897603,8516251,13940682,36354536,445358627.187400,356543869.871900,411533342.985200,1213435840.044500,185948,47615,141183,374746
2024-06-04,FINRA / Nasdaq TRF Chicago (DB),7035449,2503515,10782920,20321884,335629105.663400,136024599.697100,1091778693.529300,1563432398.889800,48011,11913,72094,132018
2024-06-04,FINRA / NYSE TRF (DN),66469202,52665774,185135626,304270602,2425228725.482800,1638994474.539600,5530383476.875801,9594606676.898201,373982,141410,572624,1088016
2024-06-04,FINRA / Nasdaq TRF Carteret (DQ),1560098480,831568848,2283468831,4675136159,88622296369.030411,40833643025.361034,108420576768.005749,237876516162.397194,12217425,2893754,12327124,27438303
2024-06-04,MIAX Pearl (H),44235450,45341949,57197210,146774609,1075921116.132900,1696780497.554400,1391167729.838700,4163869343.526000,416106,171400,392120,979626
2024-06-04,EDGA Equities (J),58428303,41443205,80862880,180734388,1424220481.314200,1419362746.381000,1514878932.996301,4358462160.691501,569356,179151,670811,1419318
2024-06-04,EDGX Equities (K),143381284,99946122,306961522,550288928,5736043854.318302,4411740265.891199,13499566755.637607,23647350875.847108,1316281,479703,1791794,3587778
2024-06-04,LTSE (L),142605,50303,93292,286200,4531946.090000,2789149.190000,6149802.230000,13470897.510000,270,90,279,639
2024-06-04,NYSE Chicago (M),17214211,16786872,21552322,55553405,1949028366.817800,1143843559.551700,2701287082.574899,5794159008.944399,170795,12489,159964,343248
2024-06-04,NYSE (N),915324473,50783299,85207082,1051314854,49044039301.895999,2718680434.571200,3168612550.434600,54931332286.901799,3311839,198278,589328,4099445
2024-06-04,NYSE Arca (P),183340760,344358764,539689045,1067388569,8677634819.561199,18855643108.912199,14685614674.206686,42218892602.680084,2154383,1379469,3476627,7010479
2024-06-04,NASDAQ (Q),413041585,183597766,1073041524,1669680875,22582326538.596396,12429156704.181404,66366822955.120485,101378306197.898285,6095259,1231085,8065106,15391450
2024-06-04,Members Exchange (U),78362423,56399618,121006475,255768516,3028276577.190500,2417478168.081000,3969878955.283596,9415633700.555096,955184,271999,871187,2098370
2024-06-04,Investors Exchange (V),98373511,32160756,79652396,210186663,6042220642.486999,1796162904.226000,4880752565.983898,12719136112.696897,1299487,184346,1005454,2489287
2024-06-04,NASDAQ PSX (X),6821218,7034292,8611794,22467304,399903795.686300,455374394.589700,490333847.490900,1345612037.766900,103949,36328,100062,240339
2024-06-04,BYX Equities (Y),30212709,19937113,34619959,84769781,1083806580.491800,830050630.819400,1136448973.850900,3050306185.162100,336025,96624,319981,752630
2024-06-04,BZX Equities (Z),171127703,107984204,189074176,468186083,8760501138.374599,6664692289.603897,10979031638.022103,26404225066.000599,2429483,611048,2064412,5104943
2024-06-03,NYSE American (A),8652277,21969455,7343141,37964873,381437254.267800,381332370.157400,336558109.702500,1099327734.127700,123047,71208,83295,277550
2024-06-03,NASDAQ BX (B),13071170,9665069,15142551,37878790,841451207.236300,559397703.210000,951114538.202600,2351963448.648900,196223,65486,169379,431088
2024-06-03,NYSE National (C),16255086,10429633,16008788,42693507,545695013.678200,472374887.827800,469585236.836900,1487655138.342900,238550,60321,168960,467831
2024-06-03,FINRA / Nasdaq TRF Chicago (DB),8163018,2858460,12517806,23539284,407145091.825900,158458482.769500,1305570464.251900,1871174038.847300,61460,14495,89231,165186
2024-06-03,FINRA / NYSE TRF (DN),73884600,48346122,197607578,319838300,2582388434.467000,1614380527.552500,5149592306.406301,9346361268.425801,443797,140264,579401,1163462
2024-06-03,FINRA / Nasdaq TRF Carteret (DQ),1659577588,814481109,2542135243,5016193940,83744216701.576242,44138507832.405279,118365495724.269358,246248220258.250879,11839005,3162132,12271118,27272255
2024-06-03,MIAX Pearl (H),55493402,55135747,69668534,180297683,1444717950.866900,2436391328.591900,1794265612.162400,5675374891.621200,565364,240889,483963,1290216
2024-06-03,EDGA Equities (J),61698347,41622330,82497125,185817802,1659156133.829400,1511956837.288300,1721147856.725302,4892260827.843002,663135,191773,656285,1511193
2024-06-03,EDGX Equities (K),188227678,105360688,342308909,635897275,7334587004.512906,5267338013.631000,15050600588.675906,27652525606.819812,1747684,557768,1973024,4278476
2024-06-03,LTSE (L),77546,222438,178046,478030,1477090.200000,6053805.280000,1712357.380000,9243252.860000,243,261,266,770
2024-06-03,NYSE Chicago (M),20625286,9952247,27661272,58238805,1923224201.613300,1596792431.343000,3289523839.606799,6809540472.563099,149398,9605,167844,326847
2024-06-03,NYSE (N),934669718,53261155,89367816,1077298689,52194643975.527799,3237133745.726499,3713600360.788599,59145378082.042897,3791244,223157,676075,4690476
2024-06-03,NYSE Arca (P),228108216,396320248,546114839,1170543303,10597288588.594197,23363618892.355104,17216805550.728206,51177713031.677507,2939796,1620349,3643782,8203927
2024-06-03,NASDAQ (Q),502408722,201324423,1164529442,1868262587,27472781179.426886,15273334229.725499,73891299899.733134,116637415308.885519,7596776,1453542,9399005,18449323
2024-06-03,Members Exchange (U),92878970,62607600,130934911,286421481,3741156560.739400,3075750396.941499,4678550676.771900,11495457634.452799,1249965,340110,1046832,2636907
2024-06-03,Investors Exchange (V),70180308,22549334,63973546,156703188,4539814709.581000,1546000247.645200,4316259532.364599,10402074489.590799,957008,140449,856453,1953910
2024-06-03,NASDAQ PSX (X),8741111,8730893,10746680,28218684,578898321.839600,691350069.081000,689806490.091900,1960054881.012500,137570,47485,122387,307442
2024-06-03,BYX Equities (Y),31821587,21437886,37509586,90769059,1197248488.161600,975688877.544900,1306231195.384100,3479168561.090600,397003,111942,376194,885139
2024-06-03,BZX Equities (Z),177850729,105199261,218431324,501481314,9497716911.358496,7690252017.170398,13281123561.831798,30469092490.360692,2816297,653911,2517274,5987482
2024-05-31,NYSE American (A),9038296,36490965,7946332,53475593,472113661.462100,434703668.121800,512643047.023700,1419460376.607600,125729,70976,90796,287501
2024-05-31,NASDAQ BX (B),12862369,8824911,16664473,38351753,900798431.496700,534109133.920700,1103554860.880000,2538462426.297400,171052,49276,159473,379801
2024-05-31,NYSE National (C),19770898,8937330,17247346,45955574,756621613.995100,363206801.601500,619240377.584200,1739068793.180800,258557,47755,170368,476680
2024-05-31,FINRA / Nasdaq TRF Chicago (DB),7319347,2975258,12794212,23088817,438539525.587900,160395537.999800,1462627536.439600,2061562600.027300,56112,13510,86477,156099
2024-05-31,FINRA / NYSE TRF (DN),70357554,49824848,240483138,360665540,2705396421.180100,1826255048.030200,6570041336.756400,11101692805.966700,335316,127282,554932,1017530
2024-05-31,FINRA / Nasdaq TRF Carteret (DQ),2054751890,850757953,2933936316,5839446159,125059729259.412678,57796190844.751633,157909758110.165544,340765678214.329855,13494433,3021774,13470081,29986288
2024-05-31,MIAX Pearl (H),55345286,50791747,77019614,183156647,1662959779.790300,2191742836.370300,2021581362.582100,5876283978.742700,483377,194587,445135,1123099
2024-05-31,EDGA Equities (J),82688103,64910883,94654297,242253283,2064800159.819300,2102558146.729300,2232301921.099100,6399660227.647700,697753,240947,715318,1654018
2024-05-31,EDGX Equities (K),158265296,119844818,346234746,624344860,7500260227.022299,6278166200.076099,15625759259.645405,29404185686.743803,1455424,555217,1935154,3945795
2024-05-31,LTSE (L),61105,181441,583401,825947,4156927.170000,4660206.300000,3991974.070000,12809107.540000,163,269,269,701
2024-05-31,NYSE Chicago (M),17477210,11389373,27476707,56343290,1759501588.898700,1190730926.544000,5357081895.958900,8307314411.401600,133221,8438,126670,268329
2024-05-31,NYSE (N),2005557715,53297290,97833528,2156688533,131612152363.625723,3423876370.424200,4290378057.568500,139326406791.618423,3887413,209045,659439,4755897
2024-05-31,NYSE Arca (P),211953772,436032521,592117561,1240103854,11083239504.123099,27932331447.791302,20109233622.732092,59124804574.646493,2430543,1555390,3567035,7552968
2024-05-31,NASDAQ (Q),488282736,196990788,1928449398,2613722922,28612714383.083505,16790314320.949806,144266652433.576387,189669681137.609698,6872435,1255424,9324234,17452093
2024-05-31,Members Exchange (U),90470199,70973914,138167988,299612101,3939087366.184900,3503214640.966500,5457612458.441397,12899914465.592797,1094436,310425,1004272,2409133
2024-05-31,Investors Exchange (V),108496307,32775959,85878009,227150275,7192062969.535800,2322784778.907600,6557073944.685098,16071921693.128498,1413349,181400,1105837,2700586
2024-05-31,NASDAQ PSX (X),10776029,8242688,12261459,31280176,752866883.024000,724348172.189200,932029614.222400,2409244669.435600,141328,40024,123521,304873
2024-05-31,BYX Equities (Y),39784206,25144399,59296269,124224874,1668125497.438000,1056027586.570600,1918407992.465200,4642561076.473800,403542,103348,393483,900373
2024-05-31,BZX Equities (Z),202573059,109307839,221751492,533632390,11469218462.395505,8854342819.409004,15856906955.607101,36180468237.411610,2824175,597684,2388303,5810162
2024-05-30,NYSE American (A),8495713,16650355,7458968,32605036,472014114.308500,320540747.863800,443487083.029700,1236041945.202000,111408,59499,79007,249914
2024-05-30,NASDAQ BX (B),11437354,6790811,18719139,36947304,764137578.443300,377477378.672800,1005245634.994800,2146860592.110900,169402,42704,170713,382819
2024-05-30,NYSE National (C),16834435,7214461,16156497,40205393,690655102.882900,299785923.110000,619980637.386000,1610421663.378900,236305,45339,168907,450551
2024-05-30,FINRA / Nasdaq TRF Chicago (DB),7767307,1909005,12979683,22655995,442214778.927700,115719551.826700,1262273570.997000,1820207901.751400,55949,10498,83770,150217
2024-05-30,FINRA / NYSE TRF (DN),62065739,44569650,336107116,442742505,2377004535.897900,1741480550.338800,5953119595.840002,10071604682.076702,338319,124393,560949,1023661
2024-05-30,FINRA / Nasdaq TRF Carteret (DQ),1654576391,697021372,3156813432,5508411195,93429393080.641610,39297778807.798812,120599506254.531425,253326678142.971847,12559420,2665805,12629482,27854707
2024-05-30,MIAX Pearl (H),46808968,40404609,80695682,167909259,1254728774.225800,1632147649.548800,1575346352.025900,4462222775.800500,421233,165272,408814,995319
2024-05-30,EDGA Equities (J),64604418,37597662,107229277,209431357,1752718761.000800,1240697240.414200,1716904909.246901,4710320910.661901,607689,157502,619631,1384822
2024-05-30,EDGX Equities (K),152837738,86247511,460075676,699160925,7130292764.962000,4381055026.038602,14256973632.203199,25768321423.203801,1423032,430128,1930655,3783815
2024-05-30,LTSE (L),102952,503577,643080,1249609,2087677.540000,13242130.400000,3497459.260000,18827267.200000,323,485,409,1217
2024-05-30,NYSE Chicago (M),15212531,6662739,25885877,47761147,1674333808.501200,604562396.211900,3765072335.801201,6043968540.514301,128276,6260,120043,254579
2024-05-30,NYSE (N),912597324,41626215,87198997,1041422536,49992297994.601604,2671680803.072201,3682895560.201700,56346874357.875505,3420619,175959,593922,4190500
2024-05-30,NYSE Arca (P),186699835,300631947,861279302,1348611084,9686478223.170603,18342587756.086496,16573008981.404104,44602074960.661203,2204511,1226712,3635775,7066998
2024-05-30,NASDAQ (Q),432844463,151928153,1200101992,1784874608,25432857230.293594,11877693747.698098,76392599118.842403,113703150096.834095,6363838,1034697,8575185,15973720
2024-05-30,Members Exchange (U),80729997,58058804,168005014,306793815,3260613428.454500,2719417543.818199,4410079941.805098,10390110914.077797,957233,269720,928407,2155360
2024-05-30,Investors Exchange (V),97804629,22381169,81695065,201880863,6675796088.033501,1610648568.623500,5678849642.092402,13965294298.749403,1333678,143863,1045926,2523467
2024-05-30,NASDAQ PSX (X),7080033,5876071,9214569,22170673,436495706.523900,418562288.205800,554509061.565700,1409567056.295400,103578,31153,97090,231821
2024-05-30,BYX Equities (Y),29547923,17492929,48084540,95125392,1072638651.394900,741765288.902800,1201494278.967200,3015898219.264900,331987,83346,340212,755545
2024-05-30,BZX Equities (Z),175340326,85117707,225880575,486338608,10017505273.773200,6039879748.504202,12837225326.109504,28894610348.386906,2610581,498195,2220140,5328916
2024-05-29,NYSE American (A),7884669,21834292,7455781,37174742,458897970.045800,315117448.426100,436144215.547500,1210159634.019400,111759,67382,82880,262021
2024-05-29,NASDAQ BX (B),10154598,7949568,14608082,32712248,704047951.788800,430988409.324000,899250895.182400,2034287256.295200,147550,45406,149890,342846
2024-05-29,NYSE National (C),14575050,8891158,17438414,40904622,522484073.364900,397505872.062800,527074396.675500,1447064342.103200,206877,46150,161167,414194
2024-05-29,FINRA / Nasdaq TRF Chicago (DB),6081706,2541453,12729382,21352541,328484480.475300,116666950.771900,1227792715.428400,1672944146.675600,46806,11844,79294,137944
2024-05-29,FINRA / NYSE TRF (DN),56740358,74462244,335524676,466727278,2023537874.026100,2370172329.673900,5771551568.282002,10165261771.982002,327312,120850,563399,1011561
2024-05-29,FINRA / Nasdaq TRF Carteret (DQ),1493108036,913624681,3217418569,5624151286,81677475802.818720,44738420857.660501,118546212150.458845,244962108810.938066,12839994,2895588,13032151,28767733
2024-05-29,MIAX Pearl (H),44210270,44580956,89218634,178009860,1113758162.377000,1683569768.475100,1666273307.964000,4463601238.816100,413330,171233,428839,1013402
2024-05-29,EDGA Equities (J),61291849,43932838,110950876,216175563,1567131806.034100,1484636655.173800,1765384562.745600,4817153023.953500,581777,181794,626674,1390245
2024-05-29,EDGX Equities (K),143524036,125075423,446475776,715075235,6193564576.636600,4585115480.620597,14027672930.720612,24806352987.977809,1351611,506166,1935455,3793232
2024-05-29,LTSE (L),212559,50772,59323,322654,2097490.480000,1413762.360000,4626785.970000,8138038.810000,342,52,172,566
2024-05-29,NYSE Chicago (M),24477507,16279417,28433684,69190608,1586052762.826100,1653737548.066300,4631007424.593001,7870797735.485401,119770,7828,110057,237655
2024-05-29,NYSE (N),876442574,46499703,90438415,1013380692,48307971060.616001,2726302256.340900,3387093926.489299,54421367243.446200,3290623,180895,605708,4077226
2024-05-29,NYSE Arca (P),172210243,396121059,796408207,1364739509,8427395083.595700,20901916354.823593,15432160844.110988,44761472282.530281,2067397,1363698,3529658,6960753
2024-05-29,NASDAQ (Q),397878848,174536356,1253773147,1826188351,22323712759.779709,12761197394.750596,74047454958.219046,109132365112.749351,6090167,1090903,8359231,15540301
2024-05-29,Members Exchange (U),71837468,66515206,156917625,295270299,2905345645.463400,2689140892.927199,4252354072.776098,9846840611.166697,920209,278320,932495,2131024
2024-05-29,Investors Exchange (V),93026360,30161314,82357151,205544825,5983671164.674000,1972729445.176500,5286830617.148501,13243231226.999001,1334993,175259,1045826,2556078
2024-05-29,NASDAQ PSX (X),6420831,6889154,9146857,22456842,395249263.453700,460669484.181700,514040466.850300,1369959214.485700,100901,34040,96927,231868
2024-05-29,BYX Equities (Y),28477415,22454193,58557851,109489459,991655029.417500,914269997.627300,1293838648.671300,3199763675.716100,318792,97715,355172,771679
2024-05-29,BZX Equities (Z),159604116,100053882,221499174,481157172,8665746822.863001,6225856582.420997,11718037917.950784,26609641323.234782,2492722,544756,2144418,5181896
2024-05-28,NYSE American (A),7187692,21941568,6653395,35782655,314232545.878200,263834543.054700,372244323.326700,950311412.259600,94879,68331,73846,237056
2024-05-28,NASDAQ BX (B),11708030,7064894,15736397,34509321,732773735.318100,373153151.249600,1058469125.352700,2164396011.920400,173921,46284,174842,395047
2024-05-28,NYSE National (C),14487729,7967495,18255604,40710828,423304402.384700,287910823.443300,464042471.519400,1175257697.347400,189281,45169,154382,388832
2024-05-28,FINRA / Nasdaq TRF Chicago (DB),7214875,2549742,12303413,22068030,319420213.967800,109146540.617500,1434980637.116200,1863547391.701500,51588,12091,93594,157273
2024-05-28,FINRA / NYSE TRF (DN),67260803,63391553,289321276,419973632,2059136542.067800,1194443749.384901,5841035317.246905,9094615608.699606,343217,113274,567737,1024228
2024-05-28,FINRA / Nasdaq TRF Carteret (DQ),1579636394,825160104,3096969657,5501766155,83285220142.000736,37699766037.357393,132505868110.089595,253490854289.447724,12657743,3004577,13651735,29314055
2024-05-28,MIAX Pearl (H),48315262,46796929,80001442,175113633,1204697795.516300,1645825256.612301,1791251211.621700,4641774263.750301,430146,171104,441596,1042846
2024-05-28,EDGA Equities (J),64266373,38962482,91246012,194474867,1463490462.273400,1281877256.877300,1841036319.938900,4586404039.089600,581790,166268,595224,1343282
2024-05-28,EDGX Equities (K),158094600,100841996,404437718,663374314,6026850986.003499,4249279852.969101,16261571752.182707,26537702591.155307,1395343,461312,2015638,3872293
2024-05-28,LTSE (L),47724,89584,35297,172605,2116853.040000,2375292.590000,1665228.680000,6157374.310000,201,82,253,536
2024-05-28,NYSE Chicago (M),15744719,8370897,20820052,44935668,1474372650.181900,1256691005.330700,2439782189.013901,5170845844.526501,115360,8646,115459,239465
2024-05-28,NYSE (N),923258311,43361004,88050913,1054670228,49717708993.850305,2395574097.649801,3573001154.370803,55686284245.870909,3364036,174695,618416,4157147
2024-05-28,NYSE Arca (P),177992427,370291527,756274353,1304558307,8348830332.294702,18059959531.345095,17151365638.001606,43560155501.641403,2140957,1260052,3678780,7079789
2024-05-28,NASDAQ (Q),402517684,160980615,1199519453,1763017752,21922777926.543897,10982472379.323705,77862728229.282690,110767978535.150292,6031520,1026877,8802274,15860671
2024-05-28,Members Exchange (U),76085120,58950486,134214873,269250479,2954292235.366200,2280776796.773300,4265408875.939900,9500477908.079400,915709,233729,878587,2028025
2024-05-28,Investors Exchange (V),93034005,24711561,86701350,204446916,5975668092.180900,1527097699.859900,6339142480.524998,13841908272.565798,1344698,158982,1151673,2655353
2024-05-28,NASDAQ PSX (X),6777002,6857953,9611783,23246738,445382528.420100,426954215.199600,768333662.846700,1640670406.466400,110624,34708,107305,252637
2024-05-28,BYX Equities (Y),30028067,19603235,51865849,101497151,971154363.775900,740754615.472000,1287334836.405600,2999243815.653500,326513,89238,353606,769357
2024-05-28,BZX Equities (Z),159616850,93111417,205825705,458553972,8390464062.817801,5317479101.243900,12522596382.257901,26230539546.319602,2413768,484845,2189537,5088150
2024-05-24,NYSE American (A),7073997,16427382,6853665,30355044,331101030.543000,243912323.569900,354222107.122500,929235461.235400,98979,58307,77597,234883
2024-05-24,NASDAQ BX (B),8620108,5759633,12502595,26882336,586559647.053400,304318040.187800,676577007.830400,1567454695.071600,141530,35291,140984,317805
2024-05-24,NYSE National (C),10474299,5736813,13208122,29419234,313639021.873000,233404889.118400,338705556.975200,885749467.966600,148875,36494,119293,304662
2024-05-24,FINRA / Nasdaq TRF Chicago (DB),5240701,1783455,11850560,18874716,255367508.079200,106143175.004800,1057634902.246700,1419145585.330700,38909,9684,75248,123841
2024-05-24,FINRA / NYSE TRF (DN),51437976,50267896,301919785,403625657,1591336852.586100,1185127757.983700,4606169898.730597,7382634509.300397,279939,110948,540659,931546
2024-05-24,FINRA / Nasdaq TRF Carteret (DQ),1274912513,660645462,2923906147,4859464122,69271340839.165849,33861325933.777288,104609753933.927185,207742420706.870322,10851388,2371103,11862833,25085324
2024-05-24,MIAX Pearl (H),38155528,40977640,75787773,154920941,947163749.632900,1540674318.636301,1375742257.664600,3863580325.933801,345318,147860,373845,867023
2024-05-24,EDGA Equities (J),50964458,33106147,76911452,160982057,1215307969.108900,1029516045.073600,1233669557.446800,3478493571.629300,501346,137224,502883,1141453
2024-05-24,EDGX Equities (K),112668176,78866802,370021078,561556056,4634957291.793000,3692824285.048301,13150800806.619101,21478582383.460402,1060164,366726,1674907,3101797
2024-05-24,LTSE (L),142582,79954,353442,575978,1619569.500000,947030.850000,1449101.650000,4015702.000000,166,241,410,817
2024-05-24,NYSE Chicago (M),10700400,10508639,18218287,39427326,993207579.769600,1293655100.994100,2698979528.925700,4985842209.689400,104792,6370,107158,218320
2024-05-24,NYSE (N),747155873,41037013,73514999,861707885,40045018495.803396,2463332291.678400,3096047198.533200,45604397986.014996,2759088,163175,532126,3454389
2024-05-24,NYSE Arca (P),139913169,275411889,701602408,1116927466,6468489873.055398,14785548932.017108,13282666588.837699,34536705393.910205,1648122,1022005,3199490,5869617
2024-05-24,NASDAQ (Q),328666834,131457476,1026110126,1486234436,17973485023.178900,9471364636.371490,63441547956.282624,90886397615.833014,5083311,836895,7393656,13313862
2024-05-24,Members Exchange (U),60085203,49448302,130748560,240282065,2373211769.522000,2114328676.767599,3875005756.152800,8362546202.442399,744129,212089,788509,1744727
2024-05-24,Investors Exchange (V),77096123,21110322,69548811,167755256,4898405109.009800,1349570434.019800,4750947628.587600,10998923171.617200,1141801,132239,908630,2182670
2024-05-24,NASDAQ PSX (X),5797753,5386101,7923435,19107289,369605614.419400,386474540.153100,542167826.398300,1298247980.970800,98607,27551,94069,220227
2024-05-24,BYX Equities (Y),23369711,15760857,43457892,82588460,797099688.976500,645965280.249900,915882442.742200,2358947411.968600,279919,73499,312742,666160
2024-05-24,BZX Equities (Z),132999069,74432795,183850120,391281984,7121334244.462000,4729163126.314600,11163047225.959402,23013544596.736002,2057193,403004,1885140,4345337
2024-05-23,NYSE American (A),7216082,18669841,6358644,32244567,298758955.425900,349570693.044600,297312997.396600,945642645.867100,86985,63255,64073,214313
2024-05-23,NASDAQ BX (B),10892792,9794946,14634578,35322316,676126437.831000,471362423.827800,1130032358.985099,2277521220.643899,152537,51475,150404,354416
2024-05-23,NYSE National (C),13517583,10369400,17545204,41432187,410823865.927700,388600555.179400,522433704.844300,1321858125.951400,172019,54177,145377,371573
2024-05-23,FINRA / Nasdaq TRF Chicago (DB),8219520,2536469,14492394,25248383,464078227.483200,135941958.187600,1654774761.853300,2254794947.524100,50236,12617,96113,158966
2024-05-23,FINRA / NYSE TRF (DN),70542229,51522427,454664104,576728760,2244575583.477200,1643097372.478701,6215112006.743401,10102784962.699302,358543,137028,684189,1179760
2024-05-23,FINRA / Nasdaq TRF Carteret (DQ),1611111453,840151277,3720323425,6171586155,85614249150.504297,48018880259.495909,143279365702.602400,276912495112.602606,12691641,2959040,13683051,29333732
2024-05-23,MIAX Pearl (H),55086028,61361469,104680190,221127687,1340564208.489700,2419866494.339300,2188976768.721400,5949407471.550400,479374,238072,500291,1217737
2024-05-23,EDGA Equities (J),69362446,53165442,104542526,227070414,1633851244.520700,1793800781.586300,2142232953.310000,5569884979.417000,617945,217088,603293,1438326
2024-05-23,EDGX Equities (K),151884067,111528233,525709681,789121981,6108487322.207097,5633793970.645603,18910525847.913897,30652807140.766597,1386796,561748,2154558,4103102
2024-05-23,LTSE (L),80933,47954,1099804,1228691,1571667.900000,2038310.290000,5862255.050000,9472233.240000,169,131,616,916
2024-05-23,NYSE Chicago (M),16190150,12938661,29604005,58732816,1618846945.924900,2136827613.158800,4214921398.707300,7970595957.791000,124200,7582,125932,257714
2024-05-23,NYSE (N),903149183,60049344,92641790,1055840317,48354759997.266191,3379890315.533100,4104383069.877602,55839033382.676893,3440304,227460,628271,4296035
2024-05-23,NYSE Arca (P),197007647,406297936,982279877,1585585460,9045123242.211206,24087431102.154210,19418429946.941186,52550984291.306602,2241791,1596806,3891141,7729738
2024-05-23,NASDAQ (Q),424389028,208290152,1332491277,1965170457,22801390748.136606,15360380286.501501,89753458290.665661,127915229325.303768,6250688,1333924,9210600,16795212
2024-05-23,Members Exchange (U),83219299,76558750,180637101,340415150,3230050791.161900,3444933590.285200,5688590174.356506,12363574555.803606,995302,348310,991915,2335527
2024-05-23,Investors Exchange (V),101161857,30463079,85115168,216740104,6229515405.568900,1973181498.505900,6257176878.927502,14459873783.002302,1360177,176452,1065583,2602212
2024-05-23,NASDAQ PSX (X),7964648,8954273,10781598,27700519,485626116.714700,629214051.827300,795928977.166800,1910769145.708800,119957,43517,115581,279055
2024-05-23,BYX Equities (Y),32010051,25557517,56811556,114379124,1033705587.794300,1034189777.934300,1468893379.325400,3536788745.054000,322389,113207,347449,783045
2024-05-23,BZX Equities (Z),176009588,112243762,256168488,544421838,9201878830.876002,7370412333.875198,15320774219.010415,31893065383.761615,2589628,634224,2376758,5600610
2024-05-22,NYSE American (A),6995103,17755296,5672741,30423140,282527228.179100,293231042.089600,325752142.876000,901510413.144700,84572,59835,60442,204849
2024-05-22,NASDAQ BX (B),10987261,7668671,17145278,35801210,679051899.501900,418788615.912400,913418675.882200,2011259191.296500,161166,49356,158107,368629
2024-05-22,NYSE National (C),13903379,7797629,15944930,37645938,411877151.048700,300065298.540300,435609371.807000,1147551821.396000,173291,41184,139232,353707
2024-05-22,FINRA / Nasdaq TRF Chicago (DB),6541307,2185911,13450349,22177567,263629409.382800,111854790.353200,1011652078.073200,1387136277.809200,39469,10435,76880,126784
2024-05-22,FINRA / NYSE TRF (DN),80680807,42948264,416444246,540073317,1901115953.275500,1295582856.623100,5558872774.068401,8755571583.967001,334296,111233,590615,1036144
2024-05-22,FINRA / Nasdaq TRF Carteret (DQ),1626730249,730509893,3697712185,6054952327,75919783398.106863,41645367077.742507,113204264826.038799,230769415301.888169,11863969,2689138,12424611,26977718
2024-05-22,MIAX Pearl (H),58367706,47558640,99079395,205005741,1414615119.723200,1805049241.576900,1731341640.357801,4951006001.657901,488374,182575,464574,1135523
2024-05-22,EDGA Equities (J),72153295,41500038,99239321,212892654,1573372805.101800,1320554356.962700,1602049353.660200,4495976515.724700,604749,171745,579936,1356430
2024-05-22,EDGX Equities (K),166861796,87148408,474804508,728814712,5469953393.357301,4231610477.653799,15015055843.463303,24716619714.474403,1335712,445830,1964621,3746163
2024-05-22,LTSE (L),30437,316159,1717095,2063691,1833287.400000,10745645.780000,7821525.310000,20400458.490000,177,404,907,1488
2024-05-22,NYSE Chicago (M),17689727,17633131,27493114,62815972,1490602957.014500,2009087037.265500,3168817077.116002,6668507071.396002,120068,6872,119348,246288
2024-05-22,NYSE (N),873881926,47539237,84102892,1005524055,46056018316.792899,2566463512.354500,3318889023.165200,51941370852.312599,3237634,185974,584657,4008265
2024-05-22,NYSE Arca (P),213930228,336928810,1020625094,1571484132,8092108354.299399,20231459229.793093,19334529586.813096,47658097170.905588,2118974,1275529,3836884,7231387
2024-05-22,NASDAQ (Q),415158563,166517677,1260125055,1841801295,21342455317.316311,12513001062.921199,72212900998.892377,106068357379.129887,5993380,1034834,8533055,15561269
2024-05-22,Members Exchange (U),90527380,59252063,188097243,337876686,3038244395.566000,2562199225.332099,4260269967.241902,9860713588.140001,1015273,280958,972105,2268336
2024-05-22,Investors Exchange (V),94298391,24894688,86917379,206110458,5693599706.609700,1489519910.415200,5176630708.665099,12359750325.689999,1269801,154186,1001318,2425305
2024-05-22,NASDAQ PSX (X),7242584,7719793,10242930,25205307,381971434.302100,506843730.767000,526396251.076000,1415211416.145100,113496,39087,110095,262678
2024-05-22,BYX Equities (Y),33542112,21144584,58285897,112972593,972753933.118000,847864133.540700,1099656567.385100,2920274634.043800,332923,90360,329027,752310
2024-05-22,BZX Equities (Z),164415339,92897988,241123882,498437209,7873730897.860702,5989957953.744698,10920315159.436498,24784004011.041898,2352918,514015,2129315,4996248
2024-05-21,NYSE American (A),6502649,16368116,5420341,28291106,243437642.402100,204360944.766800,230901362.796900,678699949.965800,76422,56111,58769,191302
2024-05-21,NASDAQ BX (B),8760989,5434151,11631605,25826745,527690676.061100,306070311.460300,624874804.605800,1458635792.127200,124223,32461,118039,274723
2024-05-21,NYSE National (C),12409347,6291808,15076218,33777373,361936901.247600,220137825.316200,326511812.822900,908586539.386700,162867,36080,126918,325865
2024-05-21,FINRA / Nasdaq TRF Chicago (DB),4972844,1609725,11462970,18045539,195819385.834500,64025107.821100,923796521.347800,1183641015.003400,29260,7251,65091,101602
2024-05-21,FINRA / NYSE TRF (DN),73585302,46229561,333443634,453258497,2181461370.844500,1175219399.055100,4820327421.862801,8177008191.762401,313190,105511,598366,1017067
2024-05-21,FINRA / Nasdaq TRF Carteret (DQ),1617688914,627656384,2968883140,5214228438,75727417103.655978,32042361814.041987,104503001407.759114,212272780325.457079,10920111,2369503,11714631,25004245
2024-05-21,MIAX Pearl (H),51205429,34927063,89888827,176021319,1153872325.134200,1404529878.198100,1631655075.814700,4190057279.147000,420156,143077,431931,995164
2024-05-21,EDGA Equities (J),62141574,28522693,86452770,177117037,1433628547.677500,1002333768.944800,1392327700.619700,3828290017.242000,558378,134256,534125,1226759
2024-05-21,EDGX Equities (K),147125226,73379155,426823825,647328206,5061765873.289701,3248901448.233001,11954812215.794302,20265479537.317004,1242452,374695,1822151,3439298
2024-05-21,LTSE (L),536185,285894,941053,1763132,3952460.460000,9090918.280000,4106009.550000,17149388.290000,525,291,395,1211
2024-05-21,NYSE Chicago (M),28989013,11049016,34120622,74158651,1862970732.829200,1209540867.323300,3867067849.303199,6939579449.455699,120553,6829,117312,244694
2024-05-21,NYSE (N),834833468,36387550,83720848,954941866,44684976581.375097,2017367649.251700,2865498730.204000,49567842960.830797,3006276,146213,545520,3698009
2024-05-21,NYSE Arca (P),191439733,256443390,863700669,1311583792,6771946002.350098,14341871848.823896,14303089804.250998,35416907655.424992,1810166,977373,3672201,6459740
2024-05-21,NASDAQ (Q),371908476,117191033,1082456591,1571556100,18730329453.441101,8417133670.695497,60203757100.600616,87351220224.737214,5291108,796746,7617456,13705310
2024-05-21,Members Exchange (U),85230534,44957303,158776973,288964810,2824264651.450300,1925501672.827600,3993627143.911099,8743393468.188999,942637,225065,934623,2102325
2024-05-21,Investors Exchange (V),93494126,19068264,87224897,199787287,5541808995.921398,1263957880.185100,4709949193.184198,11515716069.290696,1225363,129633,960171,2315167
2024-05-21,NASDAQ PSX (X),6379128,5714432,8307808,20401368,357439568.904300,366168907.469400,469088344.966900,1192696821.340600,107689,31748,102253,241690
2024-05-21,BYX Equities (Y),28473176,14700749,42603289,85777214,833626483.561900,599230597.140200,932988180.045000,2365845260.747100,285451,69326,285171,639948
2024-05-21,BZX Equities (Z),147471869,66390102,206806858,420668829,7219006519.192500,4363485649.731799,9854727118.381299,21437219287.305598,2128092,417479,1955024,4500595
2024-05-20,NYSE American (A),5807649,29552814,5189251,40549714,232351315.400800,230990777.363000,214788298.568600,678130391.332400,77907,72890,61038,211835
2024-05-20,NASDAQ BX (B),8125647,6481850,17302135,31909632,501298868.744900,324814263.694600,691463274.224900,1517576406.664400,124060,40432,140506,304998
2024-05-20,NYSE National (C),11406829,7577646,17501034,36485509,320721901.608100,277565526.708900,351092860.546800,949380288.863800,159724,40291,135875,335890
2024-05-20,FINRA / Nasdaq TRF Chicago (DB),6525829,2331492,13542234,22399555,354102788.609600,80709011.565700,919091409.545800,1353903209.721100,37807,9179,72529,119515
2024-05-20,FINRA / NYSE TRF (DN),68418414,78428160,376148297,522994871,2191407787.403000,1156025174.919300,4504007349.900600,7851440312.222900,353200,133402,617237,1103839
2024-05-20,FINRA / Nasdaq TRF Carteret (DQ),1448158807,866589040,3353358179,5668106026,73923009993.935984,34320089689.401085,100308396468.377958,208551496151.715027,11292585,2785515,12226952,26305052
2024-05-20,MIAX Pearl (H),50488057,45387353,98553469,194428879,1229056490.464200,1536927409.176100,1585695203.213300,4351679102.853600,447849,166900,471819,1086568
2024-05-20,EDGA Equities (J),57371006,36663236,95177440,189211682,1345811021.127800,1095669769.781800,1455709608.532400,3897190399.442000,542679,143881,573660,1260220
2024-05-20,EDGX Equities (K),141321296,105829982,474657754,721809032,5082097877.807799,3834297077.639601,11311219260.593307,20227614216.040707,1278034,422372,1857471,3557877
2024-05-20,LTSE (L),134594,520840,1939967,2595401,1696602.880000,23401222.310000,8513907.460000,33611732.650000,359,545,919,1823
2024-05-20,NYSE Chicago (M),17133903,17344708,21785151,56263762,1424178013.158300,1906628373.547500,2006947352.031300,5337753738.737100,102606,5593,112045,220244
2024-05-20,NYSE (N),813345897,43707879,90746916,947800692,42152775665.847604,2228009158.887400,2777300418.162100,47158085242.897104,3004467,161843,556330,3722640
2024-05-20,NYSE Arca (P),164164746,340261821,1100565944,1604992511,6586334127.414804,16492180893.158202,13469035636.216500,36547550656.789506,1860889,1134658,3679247,6674794
2024-05-20,NASDAQ (Q),364936572,142834994,1192886182,1700657748,17896024474.762806,9631953923.257299,58266153307.035185,85794131705.055290,5385572,875675,7876051,14137298
2024-05-20,Members Exchange (U),76483522,58332232,173200415,308016169,2784175517.649600,2060049712.370901,3720887090.587699,8565112320.608200,950679,254231,933583,2138493
2024-05-20,Investors Exchange (V),85907719,21324305,84616063,191848087,4919182006.144500,1322202029.837000,4687666211.007201,10929050246.988701,1182193,134772,987044,2304009
2024-05-20,NASDAQ PSX (X),6739519,6906400,11385340,25031259,347815986.962300,413305093.911900,465210678.542700,1226331759.416900,106337,36409,110672,253418
2024-05-20,BYX Equities (Y),25679651,16772944,51861893,94314488,787968272.107600,680601463.431100,1031788260.414000,2500357995.952700,269928,73638,309971,653537
2024-05-20,BZX Equities (Z),140652097,80594815,231455699,452702611,6981777744.779700,4872908400.761200,9078864709.899996,20933550855.440896,2137873,446791,1997092,4581756
2024-05-17,NYSE American (A),6386663,41285094,7034312,54706069,260575478.012500,346379052.182500,229199935.943700,836154466.138700,75390,81641,59059,216090
2024-05-17,NASDAQ BX (B),8819997,8767061,20019610,37606668,539558029.686900,379189288.722300,650302816.732800,1569050135.142000,132175,44848,157819,334842
2024-05-17,NYSE National (C),13611823,8553722,20967411,43132956,363371924.269200,306739145.729500,379071062.106600,1049182132.105300,166705,41077,171629,379411
2024-05-17,FINRA / Nasdaq TRF Chicago (DB),5939531,2977917,17615542,26532990,224653104.241200,95079111.345900,947790236.785800,1267522452.372900,33778,9014,74183,116975
2024-05-17,FINRA / NYSE TRF (DN),65536035,97506328,586019925,749062288,2322892581.835900,1490437453.904600,4686962917.010700,8500292952.751200,353009,131784,768212,1253005
2024-05-17,FINRA / Nasdaq TRF Carteret (DQ),1444979540,977504839,4573570717,6996055096,74336864507.842027,42881941766.079574,100734381804.592628,217953188078.514229,11054442,2689768,12535554,26279764
2024-05-17,MIAX Pearl (H),58565149,59595621,156047795,274208565,1509146966.771700,2336310470.742200,2172979591.339000,6018437028.852900,497333,206986,604569,1308888
2024-05-17,EDGA Equities (J),61418321,42132486,126678488,230229295,1568530945.360700,1417855954.786400,1762686325.414900,4749073225.562000,597805,180021,682941,1460767
2024-05-17,EDGX Equities (K),147560719,132113316,621845841,901519876,5064308901.558801,4473447903.521400,11671276214.877701,21209033019.957902,1265722,437825,1955885,3659432
2024-05-17,LTSE (L),1241516,82720,720513,2044749,5224263.560000,3027699.200000,5649084.910000,13901047.670000,498,123,644,1265
2024-05-17,NYSE Chicago (M),18696260,29877895,45130502,93704657,1810794288.616400,4931053692.748400,5162576121.532098,11904424102.896898,102721,6498,107260,216479
2024-05-17,NYSE (N),925053006,54238886,115379734,1094671626,51417683670.664001,3165864006.760700,3330985566.053399,57914533243.478100,3076494,199355,615736,3891585
2024-05-17,NYSE Arca (P),181521595,443064707,1459471168,2084057470,7121719120.018101,20663604409.205799,14121977792.262602,41907301321.486502,1990578,1346037,4133505,7470120
2024-05-17,NASDAQ (Q),377095676,175211932,1506451344,2058758952,19439160323.707099,12621020799.420598,64262092526.387057,96322273649.514754,5662462,1029973,7969885,14662320
2024-05-17,Members Exchange (U),79523881,71368061,239703917,390595859,2843184954.053500,2686068686.037700,4011558627.824401,9540812267.915601,912662,284648,1017584,2214894
2024-05-17,Investors Exchange (V),87034521,28646639,96103427,211784587,5178404622.213600,1571007463.717500,4451995792.159100,11201407878.090200,1162306,162248,966286,2290840
2024-05-17,NASDAQ PSX (X),6005689,8017336,12142101,26165126,340924213.517500,603715230.275200,484869355.451300,1429508799.244000,93613,38978,111206,243797
2024-05-17,BYX Equities (Y),27256025,25231529,64382345,116869899,868816267.814800,868340264.545800,908915235.576500,2646071767.937100,293387,99819,368496,761702
2024-05-17,BZX Equities (Z),151009304,99693585,273895448,524598337,7704216500.022000,6025262990.532498,10467593006.128695,24197072496.683193,2269961,510245,2069574,4849780
2024-05-16,NYSE American (A),7033417,19208262,12869644,39111323,317923329.684100,343640583.733700,269634674.472000,931198587.889800,89807,61783,73903,225493
2024-05-16,NASDAQ BX (B),10928353,7178764,19898054,38005171,668680249.102500,390092338.043400,715342053.494800,1774114640.640700,156081,45419,155405,356905
2024-05-16,NYSE National (C),15916718,6934260,20556979,43407957,514321600.362200,293972798.478900,502310697.798100,1310605096.639200,200768,41380,166343,408491
2024-05-16,FINRA / Nasdaq TRF Chicago (DB),5785671,1870250,17282493,24938414,255704441.123500,79594123.958800,955502684.901200,1290801249.983500,36680,8180,66466,111326
2024-05-16,FINRA / NYSE TRF (DN),59500250,48986649,780709162,889196061,2010028686.226700,1333044003.029200,5025893402.073300,8368966091.329200,383517,122735,704203,1210455
2024-05-16,FINRA / Nasdaq TRF Carteret (DQ),1548801214,762363501,6224214826,8535379541,83663466386.724559,41229351734.073189,106617350942.309301,231510169063.107049,11785876,2663761,12716654,27166291
2024-05-16,MIAX Pearl (H),61480480,56321721,201204057,319006258,1791023895.223500,2843160459.674900,2534080389.988300,7168264744.886700,554295,217882,618891,1391068
2024-05-16,EDGA Equities (J),67242206,36914083,134133403,238289692,1753115382.287600,1467070594.960500,1735622593.529900,4955808570.778000,642365,174325,647579,1464269
2024-05-16,EDGX Equities (K),146267363,87585879,731928554,965781796,5829235990.465099,4550137218.800699,11503088676.705396,21882461885.971194,1345653,406247,1862806,3614706
2024-05-16,LTSE (L),27443,204561,773223,1005227,3277419.910000,4524764.970000,5452126.500000,13254311.380000,363,210,554,1127
2024-05-16,NYSE Chicago (M),18911847,14261449,38381164,71554460,1844566323.586400,1229123913.519500,3983953854.895800,7057644092.001700,115015,5090,121907,242012
2024-05-16,NYSE (N),945553206,49944853,97898915,1093396974,53350341789.487400,3373579455.215200,3451750845.511700,60175672090.214300,3333187,204128,590802,4128117
2024-05-16,NYSE Arca (P),202183254,354310754,1811087250,2367581258,8811634795.285897,22111029761.375494,16399436206.267502,47322100762.928893,2306057,1291985,4148789,7746831
2024-05-16,NASDAQ (Q),419629403,158739616,1572112434,2150481453,22633584970.620604,13232130284.956298,69560403725.761031,105426118981.337933,6259131,1064991,8452024,15776146
2024-05-16,Members Exchange (U),93176910,58239626,295198460,446614996,3569069209.402500,3016266070.005999,4610216926.033401,11195552205.441900,1069921,292037,1077597,2439555
2024-05-16,Investors Exchange (V),99757556,25029295,97646737,222433588,6071699242.046800,1593571251.483600,4965389784.209899,12630660277.740299,1306531,152606,1015921,2475058
2024-05-16,NASDAQ PSX (X),7008737,7239312,13964141,28212190,426890684.560700,621418508.117000,575158373.872900,1623467566.550600,112223,38987,115785,266995
2024-05-16,BYX Equities (Y),30703304,18573522,67512562,116789388,1062955371.719700,805824889.965100,1023897493.187100,2892677754.871900,345469,87614,362674,795757
2024-05-16,BZX Equities (Z),167393444,89700731,360203967,617298142,8686353611.751001,6206525379.435597,10807348575.440100,25700227566.626698,2412998,512731,2169453,5095182
2024-05-15,NYSE American (A),7449924,18767560,9000258,35217742,308197276.052100,339723849.275900,333491058.947900,981412184.275900,93172,75888,74573,243633
2024-05-15,NASDAQ BX (B),11586635,7705928,17583810,36876373,674482134.140200,428162158.179900,922362849.363500,2025007141.683600,164232,46619,146583,357434
2024-05-15,NYSE National (C),16894020,7790780,19208783,43893583,502277221.446000,382115939.324100,535885082.396300,1420278243.166400,218280,47159,160898,426337
2024-05-15,FINRA / Nasdaq TRF Chicago (DB),8291585,2535964,15030073,25857622,348036659.514600,147495226.643000,1330353853.185399,1825885739.342999,51176,10431,82789,144396
2024-05-15,FINRA / NYSE TRF (DN),91978944,37383051,406129860,535491855,2499090796.088500,1587014802.389900,4894515297.415501,8980620895.893901,552876,114314,663206,1330396
2024-05-15,FINRA / Nasdaq TRF Carteret (DQ),1773763016,756266211,3997760145,6527789372,86534187594.782946,44153010305.763708,116400828735.611380,247088026636.158034,13988052,2924351,13793948,30706351
2024-05-15,MIAX Pearl (H),70066334,55461987,137316762,262845083,1799022949.915700,3010520050.316200,3128458722.339299,7938001722.571199,608783,228134,607683,1444600
2024-05-15,EDGA Equities (J),82941692,42261273,103921521,229124486,2014470772.959300,1836323448.736000,2161285352.293700,6012079573.989000,771405,198143,681762,1651310
2024-05-15,EDGX Equities (K),197760491,92051163,597173262,886984916,6660224969.130903,5895988449.683499,15209228486.012499,27765441904.826901,1643513,487488,1965471,4096472
2024-05-15,LTSE (L),51909,309386,732874,1094169,3865727.540000,10019358.360000,38100593.020000,51985678.920000,415,411,729,1555
2024-05-15,NYSE Chicago (M),15845187,15648869,32092735,63586791,1405303934.371300,1986138228.944800,2961159233.477901,6352601396.794001,121950,6024,123863,251837
2024-05-15,NYSE (N),984066666,58081685,102667007,1144815358,52704040229.303601,4168092474.254700,4458016028.915300,61330148732.473601,3648666,224034,665108,4537808
2024-05-15,NYSE Arca (P),257665401,344799363,1465720026,2068184790,9573079915.546200,25320331930.823889,20111067154.413902,55004479000.783991,2736495,1459624,4133418,8329537
2024-05-15,NASDAQ (Q),483923076,183375875,1449407525,2116706476,23485199163.587897,16434953644.347990,81223840785.094819,121143993593.030706,6731427,1219957,9242741,17194125
2024-05-15,Members Exchange (U),108306077,62724651,237030982,408061710,3852860475.374900,3562561031.817101,5451118777.678397,12866540284.870398,1198972,324953,1106056,2629981
2024-05-15,Investors Exchange (V),108400251,26924105,94667359,229991715,6308841308.454300,1908582152.101300,5535334020.508102,13752757481.063702,1383079,166527,1097482,2647088
2024-05-15,NASDAQ PSX (X),6980126,8926175,13831966,29738267,406918609.609500,913248847.871200,672435020.508400,1992602477.989100,117330,47166,119018,283514
2024-05-15,BYX Equities (Y),36457414,19735084,66074896,122267394,1122917766.152400,1019119071.989500,1348609664.403600,3490646502.545500,373367,93261,353721,820349
2024-05-15,BZX Equities (Z),188357279,95229372,298565947,582152598,9131177515.666500,7854962698.195594,13896441380.000298,30882581593.862392,2648409,602713,2333399,5584521
2024-05-14,NYSE American (A),7510962,17800536,6197188,31508686,291058727.727000,291365943.037700,213387972.712700,795812643.477400,84229,68370,61485,214084
2024-05-14,NASDAQ BX (B),13046619,6263948,15438122,34748689,626593892.988300,369657917.543800,624488920.505300,1620740731.037400,170292,37821,145209,353322
2024-05-14,NYSE National (C),17614263,6474069,17882393,41970725,497709007.096100,293716187.507900,434551242.405500,1225976437.009500,220508,40120,172366,432994
2024-05-14,FINRA / Nasdaq TRF Chicago (DB),8839578,1948923,14858497,25646998,310428251.615800,100455804.102800,971809381.868600,1382693437.587200,48074,7776,66795,122645
2024-05-14,FINRA / NYSE TRF (DN),92237650,38691647,356047983,486977280,2306140478.332200,1473478993.600300,3991069003.438001,7770688475.370501,542208,105222,602916,1250346
2024-05-14,FINRA / Nasdaq TRF Carteret (DQ),1923387210,621299521,3556009855,6100696586,85797540202.807750,39506611701.106013,95816195563.905316,221120347467.819079,14342199,2491663,12462301,29296163
2024-05-14,MIAX Pearl (H),77485504,48504184,105987703,231977391,1776529144.086900,2471830194.219199,2291868948.257600,6540228286.563699,651700,192805,553738,1398243
2024-05-14,EDGA Equities (J),83365493,36671917,108175963,228213373,1860976977.646800,1488554601.783500,1784126669.387200,5133658248.817500,803420,171926,711313,1686659
2024-05-14,EDGX Equities (K),252892818,77906479,388461342,719260639,7491476728.480299,4759246280.999699,10564463841.692798,22815186851.172796,2008693,394125,1751340,4154158
2024-05-14,LTSE (L),65913,269224,746486,1081623,4054769.590000,14096630.650000,43149065.730000,61300465.970000,371,245,674,1290
2024-05-14,NYSE Chicago (M),30332862,13262677,33659220,77254759,1639923968.799000,2340219477.558600,2579119180.383999,6559262626.741599,139652,5940,126567,272159
2024-05-14,NYSE (N),1042621619,50503050,109211686,1202336355,49773932208.852195,3408038140.180501,3649616771.096102,56831587120.128798,3728055,197033,676685,4601773
2024-05-14,NYSE Arca (P),353691101,276253337,863443032,1493387470,10966557281.898302,19732773000.770010,15310201657.596701,46009531940.265013,3403485,1216630,3698493,8318608
2024-05-14,NASDAQ (Q),534513016,151002726,1333200981,2018716723,23724983943.051095,13992395584.733607,63777827765.326871,101495207293.111573,7103398,1013440,9068758,17185596
2024-05-14,Members Exchange (U),113564884,49697661,172705829,335968374,3492101423.263299,2784950545.666599,3757850183.601101,10034902152.530999,1192364,244370,970438,2407172
2024-05-14,Investors Exchange (V),118218647,22384133,98531110,239133890,6149895471.842999,1544388144.576200,4859809425.206298,12554093041.625497,1412863,151098,1072873,2636834
2024-05-14,NASDAQ PSX (X),8700025,7286466,13498221,29484712,418133209.617700,659228230.396900,520560729.593300,1597922169.607900,130129,37195,129710,297034
2024-05-14,BYX Equities (Y),39039629,16841906,69668514,125550049,1108855663.183700,778963248.603100,975044996.064900,2862863907.851700,395914,79771,351068,826753
2024-05-14,BZX Equities (Z),196744089,76458788,262847233,536050110,8430924354.074398,6143081694.566896,10368868102.394695,24942874151.035989,2639540,472496,2198052,5310088
2024-05-13,NYSE American (A),6843011,13268307,4858673,24969991,241204299.036800,232087650.787700,201947918.407700,675239868.232200,78231,52805,56379,187415
2024-05-13,NASDAQ BX (B),11761655,5948824,10696611,28407090,592964802.025000,312245247.621600,620301869.925200,1525511919.571800,141517,39772,120926,302215
2024-05-13,NYSE National (C),15666267,5771432,12998941,34436640,407981453.293800,255740776.984400,358900834.967000,1022623065.245200,188081,36768,138726,363575
2024-05-13,FINRA / Nasdaq TRF Chicago (DB),8683972,1721486,11561521,21966979,233254364.901500,85880327.816300,980974265.327400,1300108958.045200,40853,8470,69008,118331
2024-05-13,FINRA / NYSE TRF (DN),99215583,28206447,150587104,278009134,2136998897.552900,1050719034.592300,3533271714.479402,6720989646.624602,451606,99779,474951,1026336
2024-05-13,FINRA / Nasdaq TRF Carteret (DQ),1820133448,555253053,2079770912,4455157413,80645703920.194029,30699574036.201516,90841477808.111379,202186755764.506924,13028743,2472097,11604522,27105362
2024-05-13,MIAX Pearl (H),76396067,42848644,74665625,193910336,1736930253.885400,2214290796.099401,2145921747.078700,6097142797.063501,610772,170646,538726,1320144
2024-05-13,EDGA Equities (J),72638621,28051827,60888245,161578693,1668364332.147000,1168142391.206100,1654822376.984300,4491329100.337400,680202,145397,569419,1395018
2024-05-13,EDGX Equities (K),198327790,61354474,244276014,503958278,5607706454.192800,3858202658.467800,9819367985.071401,19285277097.732001,1487096,343620,1511961,3342677
2024-05-13,LTSE (L),32925,795288,695740,1523953,3486149.800000,20801651.590000,29946893.770000,54234695.160000,225,866,906,1997
2024-05-13,NYSE Chicago (M),15294476,12259930,20288274,47842680,1207827784.115500,1074837252.324800,2673846824.973500,4956511861.413800,105927,4314,102536,212777
2024-05-13,NYSE (N),945553653,43176572,87840706,1076570931,46553217250.672606,2742391555.917100,3052227836.613801,52347836643.203507,3326167,174271,595048,4095486
2024-05-13,NYSE Arca (P),259549904,238444075,393306821,891300800,8427499363.618297,16301857712.049500,13273052858.464888,38002409934.132685,2434720,1034092,3106069,6574881
2024-05-13,NASDAQ (Q),460970081,124413351,1018853090,1604236522,20472766118.438702,10473963453.271798,57791892085.976097,88738621657.686597,6203965,888704,8018706,15111375
2024-05-13,Members Exchange (U),104639623,42464766,112912469,260016858,3090310463.054799,2381169919.312399,3875116988.082601,9346597370.449799,1021404,221318,895581,2138303
2024-05-13,Investors Exchange (V),104972364,19472982,78965568,203410914,5372237210.482700,1268665955.332400,4506701981.046800,11147605146.861900,1251027,134641,961088,2346756
2024-05-13,NASDAQ PSX (X),7729370,5927755,9860161,23517286,344110071.986100,535118844.676900,439354310.751100,1318583227.414100,107357,31206,101416,239979
2024-05-13,BYX Equities (Y),32991353,15112912,36966556,85070821,930045668.445600,712763902.055700,876153413.212200,2518962983.713500,316330,76304,278538,671172
2024-05-13,BZX Equities (Z),185482362,68529860,178425996,432438218,7674486803.856303,5122459020.917201,8737427916.600800,21534373741.374304,2366809,447779,1940131,4754719
2024-05-10,NYSE American (A),6158173,14045947,4429377,24633497,246993139.825600,260906804.074500,195077208.881400,702977152.781500,78287,51807,56929,187023
2024-05-10,NASDAQ BX (B),9680389,5665513,11291443,26637345,567408291.201500,371577359.579000,618174727.059700,1557160377.840200,131767,38893,130538,301198
2024-05-10,NYSE National (C),12672873,6096302,13753002,32522177,428280046.112500,276304079.405900,406342142.632000,1110926268.150400,184314,39558,157167,381039
2024-05-10,FINRA / Nasdaq TRF Chicago (DB),8250289,2536265,16316518,27103072,339365652.288500,151383232.311000,1427082295.527499,1917831180.126999,46138,10830,94955,151923
2024-05-10,FINRA / NYSE TRF (DN),55292730,27680363,154436740,237409833,1658358621.637200,1093675605.431200,4182831662.853003,6934865889.921403,295465,100671,485918,882054
2024-05-10,FINRA / Nasdaq TRF Carteret (DQ),1480383374,614291506,2017175627,4111850507,73661787424.362649,38305438686.442891,91744952066.482810,203712178177.288350,11621351,2467834,11698916,25788101
2024-05-10,MIAX Pearl (H),57650497,49941478,71847701,179439676,1724011991.534900,2479530942.760198,2181468005.965200,6385010940.260298,532453,195596,540613,1268662
2024-05-10,EDGA Equities (J),61485206,32125506,58532342,152143054,1537642908.510700,1321520755.161900,1656321261.576900,4515484925.249500,603534,156126,558525,1318185
2024-05-10,EDGX Equities (K),147024872,66655555,243817033,457497460,5469708282.854900,4291887006.325398,10823987910.165906,20585583199.346204,1306073,376615,1648220,3330908
2024-05-10,LTSE (L),348601,45883,1477238,1871722,4355598.700000,2790660.650000,17102543.550000,24248802.900000,589,87,911,1587
2024-05-10,NYSE Chicago (M),14046161,14778542,18524981,47349684,1201458701.730000,1251285945.659000,2528172267.681599,4980916915.070599,98147,5558,99322,203027
2024-05-10,NYSE (N),888272532,45312504,87140879,1020725915,46406023005.572699,3001738033.062501,3157174344.270201,52564935382.905401,3262723,189076,603620,4055419
2024-05-10,NYSE Arca (P),173954288,255330424,374160510,803445222,7445424853.896297,18220103635.816004,13677193110.010995,39342721599.723296,1979279,1178842,3256122,6414243
2024-05-10,NASDAQ (Q),394531123,139009176,1009402065,1542942364,20387652718.598403,12370927639.617296,58450786374.305025,91209366732.520724,6030976,1023477,8360030,15414483
2024-05-10,Members Exchange (U),88823820,46349330,108751697,243924847,3115507307.845200,2676588279.416900,4120365502.513505,9912461089.775605,949087,251992,923655,2124734
2024-05-10,Investors Exchange (V),95536421,26163589,80570443,202270453,5718317192.829400,1549176605.567500,4759242539.418904,12026736337.815804,1251613,146934,1007208,2405755
2024-05-10,NASDAQ PSX (X),6213283,6427719,8332897,20973899,334068843.405300,626489138.678400,507171516.516000,1467729498.599700,101672,34273,104067,240012
2024-05-10,BYX Equities (Y),29021885,15336110,31323972,75681967,886435954.816500,769650725.406300,922113877.334200,2578200557.557000,320239,81486,296304,698029
2024-05-10,BZX Equities (Z),161673477,73996988,174361265,410031730,7822315776.794702,5718028954.422804,10373877911.603600,23914222642.821106,2281630,512626,2069339,4863595
2024-05-09,NYSE American (A),6561450,13880659,5135369,25577478,264843029.466900,248714556.249200,240119175.211700,753676760.927800,83885,55562,66583,206030
2024-05-09,NASDAQ BX (B),9744612,5836732,11895836,27477180,599186592.124200,353820666.990000,681897965.777400,1634905224.891600,133398,37024,132757,303179
2024-05-09,NYSE National (C),13639076,6227100,13675014,33541190,432122471.187500,286894547.914000,408115658.377800,1127132677.479300,192827,40607,162511,395945
2024-05-09,FINRA / Nasdaq TRF Chicago (DB),9483047,2809765,16274297,28567109,330974739.058700,136438687.755200,1432564687.885600,1899978114.699500,49566,10941,97727,158234
2024-05-09,FINRA / NYSE TRF (DN),60126990,28845725,155922390,244895105,2021943010.641200,1147703120.743100,4466371922.608801,7636018053.993101,294060,100363,465414,859837
2024-05-09,FINRA / Nasdaq TRF Carteret (DQ),1566969858,646998887,2122589312,4336558057,78715144830.772696,36872496828.718615,100056134643.530744,215643776303.022055,11957452,2437427,11665677,26060556
2024-05-09,MIAX Pearl (H),63386839,55007854,75149088,193543781,1808745067.644400,2731309273.117400,2344408665.800200,6884463006.562000,587825,203055,553502,1344382
2024-05-09,EDGA Equities (J),67767325,33897221,66539473,168204019,1815982833.422000,1535480460.711200,1892856304.964899,5244319599.098099,674229,163941,616822,1454992
2024-05-09,EDGX Equities (K),142959406,68783346,243558495,455301247,5392119653.380301,4482222722.887602,10474158200.132196,20348500576.400099,1307888,368191,1589632,3265711
2024-05-09,LTSE (L),180144,83356,314427,577927,6505102.220000,3616924.520000,16138077.920000,26260104.660000,313,152,851,1316
2024-05-09,NYSE Chicago (M),15748866,11074693,17897764,44721323,1279000764.248000,1140452754.219500,1749512806.233800,4168966324.701300,100872,4537,105414,210823
2024-05-09,NYSE (N),890862000,50991908,90769950,1032623858,47433027464.724002,3212222974.833199,3267681253.169600,53912931692.726801,3362491,188820,622581,4173892
2024-05-09,NYSE Arca (P),186957732,265686454,421989460,874633646,7770851337.046697,18717466734.833596,14333330923.724404,40821648995.604697,2034579,1152139,3200512,6387230
2024-05-09,NASDAQ (Q),407872664,140055365,1025387371,1573315400,21154788752.181597,12055421397.479904,59445099082.997257,92655309232.658758,6082937,951182,8319469,15353588
2024-05-09,Members Exchange (U),88726049,48166040,113344294,250236383,3205162392.544000,2620544544.445299,4006691512.820401,9832398449.809700,1024557,250381,942548,2217486
2024-05-09,Investors Exchange (V),101618556,24529298,89411440,215559294,5996224293.997001,1674984469.094600,4863665899.740700,12534874662.832301,1251544,150526,1020185,2422255
2024-05-09,NASDAQ PSX (X),6489715,6840059,9444298,22774072,364387302.295500,582543336.102500,500809206.063800,1447739844.461800,109369,35089,113984,258442
2024-05-09,BYX Equities (Y),30867485,16231501,33560401,80659387,925822041.890500,828694734.472200,1025950756.656300,2780467533.019000,321753,82544,303492,707789
2024-05-09,BZX Equities (Z),164717188,77570861,178800845,421088894,8106908040.188802,5943718659.326996,9673068236.002402,23723694935.518200,2374460,491966,2049879,4916305
2024-05-08,NYSE American (A),7025120,12440216,4955504,24420840,306169114.060900,227346209.020900,209524067.545600,743039390.627400,88484,52173,60009,200666
2024-05-08,NASDAQ BX (B),11785345,5573440,11828084,29186869,696370311.180500,345085323.779700,669523113.095100,1710978748.055300,164791,37013,151090,352894
2024-05-08,NYSE National (C),13898355,5869452,14110458,33878265,515528490.324000,251382887.046400,444924355.642000,1211835733.012400,206909,39366,168746,415021
2024-05-08,FINRA / Nasdaq TRF Chicago (DB),9396727,2026040,17071717,28494484,385881326.230900,141093229.424200,1527633968.220599,2054608523.875699,54619,10989,99478,165086
2024-05-08,FINRA / NYSE TRF (DN),57878304,27301598,147769262,232949164,2047840315.323700,1054393669.634799,3997410295.015900,7099644279.974399,297685,92896,456870,847451
2024-05-08,FINRA / Nasdaq TRF Carteret (DQ),1555263727,601538128,2086569569,4243371424,80499055496.184607,34709011557.991599,94209122325.250898,209417189379.427104,12209765,2322204,11583515,26115484
2024-05-08,MIAX Pearl (H),61885599,47479078,71495246,180859923,1899491196.084000,2413773848.497401,2285601274.166599,6598866318.748000,600752,186426,548450,1335628
2024-05-08,EDGA Equities (J),69333853,28885378,68022560,166241791,1941937514.064300,1152204234.252100,1747611440.533800,4841753188.850200,707661,146998,629738,1484397
2024-05-08,EDGX Equities (K),141376738,61883928,238255049,441515715,5530880425.372000,3625693253.674698,9858851550.582709,19015425229.629407,1360145,347908,1584937,3292990
2024-05-08,LTSE (L),20456,738579,1340558,2099593,1843653.900000,18927815.360000,17350348.630000,38121817.890000,197,356,1034,1587
2024-05-08,NYSE Chicago (M),19759972,12903776,18427853,51091601,1519878751.486400,1418983246.685200,2539828413.574101,5478690411.745701,110707,4200,106636,221543
2024-05-08,NYSE (N),954903696,40167868,90649773,1085721337,50212497887.482295,2612234420.529301,3260994300.701999,56085726608.713595,3608869,172136,638534,4419539
2024-05-08,NYSE Arca (P),194770399,235459610,426665112,856895121,8756054821.616199,16193142596.710303,14387524513.364898,39336721931.691400,2289974,1097983,3447015,6834972
2024-05-08,NASDAQ (Q),435770228,127969770,1057440019,1621180017,22321160649.772708,10830834071.688295,59578377342.396368,92730372063.857371,6582343,935560,8536106,16054009
2024-05-08,Members Exchange (U),88657037,45361760,110715002,244733799,3357269722.220400,2503426433.401400,3920593888.648900,9781290044.270700,1031426,240784,943976,2216186
2024-05-08,Investors Exchange (V),106218260,20556596,87865558,214640414,6316838515.189400,1284496773.189900,4897231849.850099,12498567138.229399,1300222,134533,1035224,2469979
2024-05-08,NASDAQ PSX (X),7166667,6413743,9378368,22958778,404022847.966200,491962929.776900,487938853.684200,1383924631.427300,117128,32368,117820,267316
2024-05-08,BYX Equities (Y),30006726,14023266,35414229,79444221,947276788.651400,666607040.004100,931649396.579100,2545533225.234600,330254,74446,313992,718692
2024-05-08,BZX Equities (Z),176263441,68870988,179108303,424242732,8442925987.993802,5145766667.622802,9328020455.659800,22916713111.276404,2528873,474715,2105388,5108976
2024-05-07,NYSE American (A),6840732,16626536,5450284,28917552,291989294.954100,278753675.838800,251299734.161200,822042704.954100,90255,58900,65750,214905
2024-05-07,NASDAQ BX (B),11703209,6374096,12934950,31012255,717542124.291800,390617611.871500,755898034.999300,1864057771.162600,157648,44203,141606,343457
2024-05-07,NYSE National (C),15101704,7131954,16144346,38378004,531088047.786700,296405034.851100,499869551.151900,1327362633.789700,214371,45375,169663,429409
2024-05-07,FINRA / Nasdaq TRF Chicago (DB),9354590,1877741,16541553,27773884,375598904.559500,135947552.474300,1521302483.845399,2032848940.879199,54830,11361,102931,169122
2024-05-07,FINRA / NYSE TRF (DN),55816751,31103953,186690963,273611667,1850511709.467800,1413221408.988199,4814861259.153602,8078594377.609601,299585,96605,499117,895307
2024-05-07,FINRA / Nasdaq TRF Carteret (DQ),1633088667,654053766,2350221158,4637363591,86696301234.586830,39736797402.546917,111745686414.212952,238178785051.346699,12337155,2481324,11995729,26814208
2024-05-07,MIAX Pearl (H),62309063,53541624,84101978,199952665,1986119633.649600,2804149047.234000,2607512234.597900,7397780915.481500,622778,210669,578760,1412207
2024-05-07,EDGA Equities (J),69611352,33956387,73323196,176890935,2024390436.375200,1419504334.975500,2025008169.753800,5468902941.104500,727778,172189,651692,1551659
2024-05-07,EDGX Equities (K),147104235,70659097,260803080,478566412,6027664313.941197,4430951630.240198,11970033078.013602,22428649022.194997,1401234,386510,1641665,3429409
2024-05-07,LTSE (L),364523,73117,284101,721741,3798029.500000,2684234.150000,12118618.289500,18600881.939500,528,112,1280,1920
2024-05-07,NYSE Chicago (M),14770917,19678024,35095753,69544694,1451766433.305000,2135070451.948700,3261813565.036097,6848650450.289797,104194,4701,98495,207390
2024-05-07,NYSE (N),1032413911,48095386,96887516,1177396813,57004466716.864991,3283138062.402700,3895306869.204098,64182911648.471789,3696677,200328,661409,4558414
2024-05-07,NYSE Arca (P),194337727,284072986,481422132,959832845,9039498033.031504,21258369384.702111,16271604864.594697,46569472282.328312,2312414,1231722,3515405,7059541
2024-05-07,NASDAQ (Q),434898829,151936894,1099213064,1686048787,23713832426.356306,13111552613.373600,66108855996.867424,102934241036.597330,6704300,1055554,8603737,16363591
2024-05-07,Members Exchange (U),87222051,50661456,127225303,265108810,3489047139.508700,2710089729.143199,4399264954.714100,10598401823.365999,1061658,262976,974228,2298862
2024-05-07,Investors Exchange (V),106952973,27528254,84627801,219109028,6589833591.536601,1827764948.420800,5291325340.939802,13708923880.897203,1376858,181829,1067726,2626413
2024-05-07,NASDAQ PSX (X),7497996,6823093,9456607,23777696,484734229.029600,629848736.225600,576536357.600800,1691119322.856000,130242,36830,116912,283984
2024-05-07,BYX Equities (Y),30710883,17466993,40091238,88269114,1019520524.796300,854449695.445500,998638326.490000,2872608546.731800,333788,87911,308445,730144
2024-05-07,BZX Equities (Z),174683487,81404787,191369379,447457653,8945321427.348498,6315217210.593800,10595676182.396600,25856214820.338898,2589391,532344,2131019,5252754
2024-05-06,NYSE American (A),6306030,17745514,5754582,29806126,256640621.536000,288929912.364300,255326520.483400,800897054.383700,85900,67224,67725,220849
2024-05-06,NASDAQ BX (B),10047169,6871343,11547220,28465732,640154796.423600,388912312.437100,715834891.914400,1744902000.775100,153416,44731,145687,343834
2024-05-06,NYSE National (C),13703232,7227831,13100284,34031347,432645097.969500,323286777.477900,382802322.032000,1138734197.479400,191664,44425,144515,380604
2024-05-06,FINRA / Nasdaq TRF Chicago (DB),8429551,2539829,15915158,26884538,313159631.682100,124952477.064000,1586653575.888000,2024765684.634100,48609,15607,104311,168527
2024-05-06,FINRA / NYSE TRF (DN),60701692,36172160,161303581,258177433,2275917769.034100,1209882876.961200,5165693846.749000,8651494492.744300,301684,119390,514711,935785
2024-05-06,FINRA / Nasdaq TRF Carteret (DQ),1510291379,723348357,2081824660,4315464396,80704746028.636727,38681292567.959596,107185777236.811773,226571815833.408096,12383511,2917036,12384583,27685130
2024-05-06,MIAX Pearl (H),57197421,49045974,71260319,177503714,1701500812.390100,2467124152.218000,2411518973.483001,6580143938.091101,531555,213405,538599,1283559
2024-05-06,EDGA Equities (J),67469309,35058562,64531551,167059422,1869227840.901800,1432075588.318400,1841254325.033600,5142557754.253800,703444,176645,612528,1492617
2024-05-06,EDGX Equities (K),145866582,79267838,234192243,459326663,5649067895.483801,4499570759.993302,11916871153.028603,22065509808.505706,1357785,441653,1620334,3419772
2024-05-06,LTSE (L),54270,86206,230780,371256,3082359.600000,3587102.280000,15906051.790000,22575513.670000,420,176,411,1007
2024-05-06,NYSE Chicago (M),18293388,11569123,15983218,45845729,1327930246.723500,1417776896.292400,2161256147.962800,4906963290.978700,94185,5159,91723,191067
2024-05-06,NYSE (N),915541075,47419526,89797354,1052757955,48132277953.547596,3332916584.638300,3517347958.622600,54982542496.808496,3454740,198069,586701,4239510
2024-05-06,NYSE Arca (P),200356851,298329642,405060834,903747327,8318099797.598503,20010949525.762697,16009373018.126295,44338422341.487495,2140156,1313360,3405355,6858871
2024-05-06,NASDAQ (Q),413302761,146564639,997060786,1556928186,21670366628.873301,12550158295.362193,64357836328.805021,98578361253.040515,6414711,1035664,8477104,15927479
2024-05-06,Members Exchange (U),81577625,50108630,102299096,233985351,3011752672.328300,2736007710.799599,4097918687.146897,9845679070.274796,919592,266164,870292,2056048
2024-05-06,Investors Exchange (V),103616589,24235177,79396645,207248411,6136709727.109000,1677619016.511500,5025306726.518902,12839635470.139402,1382638,162026,1059022,2603686
2024-05-06,NASDAQ PSX (X),8543756,7715835,10889939,27149530,548905111.632800,739496280.571800,638315107.059000,1926716499.263600,145805,42103,137823,325731
2024-05-06,BYX Equities (Y),29284294,19958229,31015562,80258085,991503695.890100,918366516.276800,1024755051.225700,2934625263.392600,331274,94982,300397,726653
2024-05-06,BZX Equities (Z),169841025,83222845,176632281,429696151,8482634355.612798,6338008668.776602,10839893084.082600,25660536108.472000,2520177,559960,2173571,5253708
2024-05-03,NYSE American (A),6993160,15020126,5543980,27557266,262311479.826900,360754913.155700,301909733.224300,924976126.206900,89344,60874,66210,216428
2024-05-03,NASDAQ BX (B),11504526,9007109,13762876,34274511,717799500.043400,518129982.026500,997902574.213300,2233832056.283200,163534,53857,158844,376235
2024-05-03,NYSE National (C),14221958,9354446,16616596,40193000,497328408.682700,443248207.771700,584851330.234100,1525427946.688500,203573,54003,175634,433210
2024-05-03,FINRA / Nasdaq TRF Chicago (DB),8004059,2766201,16220859,26991119,331828043.329000,155401690.242900,1677767563.935901,2164997297.507801,46694,11891,105558,164143
2024-05-03,FINRA / NYSE TRF (DN),62938110,31429301,159837205,254204616,1676495616.083500,1383125810.507399,5298700322.460900,8358321749.051799,298836,110343,517796,926975
2024-05-03,FINRA / Nasdaq TRF Carteret (DQ),1590032681,699022999,2153363975,4442419655,81946834661.359519,43920177973.703097,122455913888.817342,248322926523.879958,11851244,2718856,12280900,26851000
2024-05-03,MIAX Pearl (H),68353651,67651407,87814177,223819235,1952660789.197600,3492131166.514101,2965918303.388998,8410710259.100699,607935,287704,631458,1527097
2024-05-03,EDGA Equities (J),74197986,50429225,73029316,197656527,2020056847.299100,2144224899.627300,2634173479.449000,6798455226.375400,716605,236086,668436,1621127
2024-05-03,EDGX Equities (K),149504611,94683739,257949266,502137616,6073402191.863498,6762381073.856099,13715871375.440196,26551654641.159793,1436631,534164,1737528,3708323
2024-05-03,LTSE (L),701390,204759,41569,947718,5975225.350000,7278880.780000,1187300.230000,14441406.360000,3089,208,169,3466
2024-05-03,NYSE Chicago (M),15546268,11713693,20800510,48060471,1390275781.434000,1798654254.510800,3289579736.513700,6478509772.458500,113246,5789,106283,225318
2024-05-03,NYSE (N),957859551,66307010,101085454,1125252015,50691119013.682992,4629693363.646200,4652575691.685401,59973388069.014593,3791569,266848,672222,4730639
2024-05-03,NYSE Arca (P),196568491,381700764,458792796,1037062051,8922108686.155998,27204273665.005896,21041921372.404317,57168303723.566211,2286080,1660883,3848130,7795093
2024-05-03,NASDAQ (Q),457045402,209252580,1141705052,1808003034,25136003627.073194,18178291446.453208,79769772390.024144,123084067463.550546,7012851,1499325,9471625,17983801
2024-05-03,Members Exchange (U),92072112,64917023,123321159,280310294,3408546182.361700,3779596514.082600,5336929493.422800,12525072189.867100,995437,365089,1001159,2361685
2024-05-03,Investors Exchange (V),104467994,28625423,89921461,223014878,6576967771.338700,1951581243.243300,6573302442.584400,15101851457.166400,1390772,179556,1151055,2721383
2024-05-03,NASDAQ PSX (X),7159038,9697900,11041807,27898745,413580575.029900,1002044221.458800,817739792.898300,2233364589.387000,112843,53640,124678,291161
2024-05-03,BYX Equities (Y),31663082,20795280,37123027,89581389,997288309.660200,1075303491.295900,1329385753.223900,3401977554.180000,325500,103934,322512,751946
2024-05-03,BZX Equities (Z),189434950,115721525,215660873,520817348,9703307922.558100,8998190947.031293,14836468414.453804,33537967284.043197,2775334,762560,2492659,6030553
2024-05-02,NYSE American (A),7649389,14248325,5616507,27514221,285243827.820000,336404149.750300,290578755.987200,912226733.557500,95112,58193,67104,220409
2024-05-02,NASDAQ BX (B),11478643,8378897,13643744,33501284,719075365.018000,462860450.014300,885854807.586400,2067790622.618700,167132,46672,153046,366850
2024-05-02,NYSE National (C),15888628,9201232,14525088,39614948,543743045.650400,427985978.675000,535546555.666300,1507275579.991700,214232,52004,165222,431458
2024-05-02,FINRA / Nasdaq TRF Chicago (DB),9553528,2408002,17552452,29513982,376119427.579500,175836707.312300,1653549171.747500,2205505306.639300,47987,11256,99653,158896
2024-05-02,FINRA / NYSE TRF (DN),71326035,32333116,151571541,255230692,2315648647.796100,1504186167.081001,5171859092.565300,8991693907.442401,318892,109992,473697,902581
2024-05-02,FINRA / Nasdaq TRF Carteret (DQ),1748233878,743487224,2252803744,4744524846,86503762955.713332,44916323342.398221,118390535031.991282,249810621330.102835,12918811,2774423,12297969,27991203
2024-05-02,MIAX Pearl (H),70974342,65276382,77394012,213644736,2005320414.092600,3304032500.412300,2527036906.286700,7836389820.791600,637717,255424,579092,1472233
2024-05-02,EDGA Equities (J),80389400,44843498,73302399,198535297,2196492819.397400,1795549891.300600,2458607030.332699,6450649741.030699,760090,209682,662966,1632738
2024-05-02,EDGX Equities (K),160510639,85818777,243966679,490296095,6358849247.235499,5841690152.356998,12239172476.463492,24439711876.055989,1512860,487225,1735349,3735434
2024-05-02,LTSE (L),35970,110505,127183,273658,3777891.430000,10694302.040000,4305677.780000,18777871.250000,349,141,196,686
2024-05-02,NYSE Chicago (M),19443269,15584579,23834652,58862500,1564949353.042800,1003062487.690100,2943952578.195200,5511964418.928100,128671,5773,114775,249219
2024-05-02,NYSE (N),1077891576,65145878,100939832,1243977286,56050850292.526298,4305503353.852000,3980514218.760100,64336867865.138398,4077867,259327,664910,5002104
2024-05-02,NYSE Arca (P),236016702,383933306,471999165,1091949173,9972793578.706896,25929894840.303389,21276218323.295699,57178906742.305984,2569974,1601293,3761817,7933084
2024-05-02,NASDAQ (Q),513505699,200343663,1162446625,1876295987,27558661915.191595,16862903989.837008,75971639125.233919,120393205030.262522,7505832,1402992,9392558,18301382
2024-05-02,Members Exchange (U),97523961,58497060,114723899,270744920,3621093337.807100,3266314424.169999,4745545489.195601,11632953251.172700,1051349,317448,974743,2343540
2024-05-02,Investors Exchange (V),118079284,29125579,94507839,241712702,7315521286.066201,1795496477.815400,6450187646.845200,15561205410.726801,1503951,180411,1151594,2835956
2024-05-02,NASDAQ PSX (X),8294120,8983248,12106230,29383598,489932945.354300,854194749.480500,663418942.591600,2007546637.426400,124247,48433,132551,305231
2024-05-02,BYX Equities (Y),36169060,21260762,38370784,95800606,1245107746.943400,1006755908.579200,1431017123.038200,3682880778.560800,382303,103462,353741,839506
2024-05-02,BZX Equities (Z),205548538,108921376,209400472,523870386,10007507885.977798,8082497770.020300,12916590858.906696,31006596514.904794,2851544,697215,2435228,5983987
2024-05-01,NYSE American (A),10846213,19245604,8412094,38503911,447341353.351700,477874259.297000,501747250.938700,1426962863.587400,131455,71979,102325,305759
2024-05-01,NASDAQ BX (B),14584474,9906034,15509208,39999716,845336244.814000,591847608.836500,1049590961.803600,2486774815.454100,197018,65858,179068,441944
2024-05-01,NYSE National (C),19440510,13574498,20792808,53807816,576006442.110300,652623126.633400,669596403.009700,1898225971.753400,237430,79092,199785,516307
2024-05-01,FINRA / Nasdaq TRF Chicago (DB),9174133,3857143,17460552,30491828,330718540.252100,271137645.427200,1959437042.461899,2561293228.141199,42307,15426,112618,170351
2024-05-01,FINRA / NYSE TRF (DN),71059616,41077771,167078767,279216154,1990011886.134000,1798319512.761300,6748393309.592702,10536724708.488002,324932,147893,581286,1054111
2024-05-01,FINRA / Nasdaq TRF Carteret (DQ),1788076071,849573822,2258844727,4896494620,88930712780.553887,50828243632.726999,130960892878.429221,270719849291.710107,12860107,3267526,13154596,29282229
2024-05-01,MIAX Pearl (H),77777223,94459221,112293796,284530240,2206634409.884000,4851537950.273400,4030497980.587500,11088670340.744900,707115,398441,768365,1873921
2024-05-01,EDGA Equities (J),92355939,65740506,87831704,245928149,2403552198.030500,2895385171.125500,3049809216.303399,8348746585.459399,850515,319932,755549,1925996
2024-05-01,EDGX Equities (K),172732213,129770038,277912176,580414427,6371311082.274505,8305423491.468302,15406033892.973096,30082768466.715903,1587112,763281,1992390,4342783
2024-05-01,LTSE (L),59138,58495,343267,460900,1478743.640000,5583800.510000,6195814.950000,13258359.100000,121,153,513,787
2024-05-01,NYSE Chicago (M),22201164,9521012,19320209,51042385,1700794596.215900,889745031.173200,2340252262.670199,4930791890.059299,143759,6877,133803,284439
2024-05-01,NYSE (N),1078932676,92756935,112869321,1284558932,55274341076.084695,6251958489.632901,4987089967.410900,66513389533.128496,4585403,384067,736606,5706076
2024-05-01,NYSE Arca (P),244066318,485539660,498995005,1228600983,10332113150.178796,33787013098.701607,25023834881.091803,69142961129.972206,2604160,2303683,4174471,9082314
2024-05-01,NASDAQ (Q),550816282,294456863,1279083437,2124356582,29624185851.515995,25249973427.487398,90675036745.499710,145549196024.503103,8184432,2325649,10887681,21397762
2024-05-01,Members Exchange (U),105891695,82535773,127713699,316141167,3668641876.765400,4795576702.546700,5431443842.638603,13895662421.950703,1100396,492406,1069788,2662590
2024-05-01,Investors Exchange (V),128410574,34126067,99819053,262355694,7798821931.255201,2356851910.647000,7302970260.164900,17458644102.067101,1578849,213307,1186379,2978535
2024-05-01,NASDAQ PSX (X),8582544,13490701,13415441,35488686,514079856.897500,1399520672.693500,893898790.179900,2807499319.770900,127235,75071,144085,346391
2024-05-01,BYX Equities (Y),36602793,25576950,44399685,106579428,1329226275.734100,1385084581.226000,1694844093.606200,4409154950.566300,385433,126641,366816,878890
2024-05-01,BZX Equities (Z),227480164,152935648,234644861,615060673,11111000162.871402,11598680555.418794,15390546342.074897,38100227060.365093,3164680,1132172,2773912,7070764
2024-04-30,NYSE American (A),8992322,20319299,7419811,36731432,408601454.086600,436921924.011400,412015648.549000,1257539026.647000,106436,68267,79762,254465
2024-04-30,NASDAQ BX (B),11959323,9286314,15213891,36459528,820678886.323400,496429379.008500,1059585728.344600,2376693993.676500,179005,60087,170176,409268
2024-04-30,NYSE National (C),15625146,9982185,15615445,41222776,501070239.457300,432281051.696600,512829975.534600,1446181266.688500,202027,60531,157125,419683
2024-04-30,FINRA / Nasdaq TRF Chicago (DB),8254491,3166797,16962924,28384212,405273489.403200,205141108.260400,1597551342.944500,2207965940.608100,42386,13340,101444,157170
2024-04-30,FINRA / NYSE TRF (DN),52965713,32040509,188174850,273181072,2039376394.499100,1477803041.276801,6465002677.475004,9982182113.250905,287931,118183,557506,963620
2024-04-30,FINRA / Nasdaq TRF Carteret (DQ),1563444851,740246260,2367941496,4671632607,86663175868.024720,48154046845.939292,119699851618.904355,254517074332.868367,11827082,2859763,12192436,26879281
2024-04-30,MIAX Pearl (H),61791317,67107795,84726658,213625770,1902906246.763100,3514816631.503100,2975178997.155600,8392901875.421800,547188,270263,550983,1368434
2024-04-30,EDGA Equities (J),75915514,46830792,76354892,199101198,2097250803.646900,1976717100.243800,2378014204.093100,6451982107.983800,725547,225930,637355,1588832
2024-04-30,EDGX Equities (K),136635289,93494686,295280518,525410493,5963051144.665200,6061612305.150702,12677303810.637699,24701967260.453601,1376251,524678,1761864,3662793
2024-04-30,LTSE (L),427390,145929,912618,1485937,1384950.960000,11937625.360000,11500357.988100,24822934.308100,513,372,348,1233
2024-04-30,NYSE Chicago (M),22010131,17918075,21314521,61242727,1501503560.802700,1999930547.189400,2280618165.202900,5782052273.195000,116265,5738,113229,235232
2024-04-30,NYSE (N),1175033331,62028200,93324376,1330385907,65459548597.342106,4029878087.133500,3994973781.958999,73484400466.434605,3806551,250272,597066,4653889
2024-04-30,NYSE Arca (P),191085686,394419493,504151678,1089656857,9323698845.862297,27891648723.183795,22191061413.789497,59406408982.835589,2204365,1683425,3744591,7632381
2024-04-30,NASDAQ (Q),447580973,200273686,1267293751,1915148410,25370942101.041798,17371589687.560003,87618561846.217792,130361093634.819593,6843009,1431576,9091893,17366478
2024-04-30,Members Exchange (U),86393780,58432136,117384167,262210083,3400833214.501900,3470014611.987100,4806632828.728900,11677480655.217900,921335,333728,938649,2193712
2024-04-30,Investors Exchange (V),110062433,26430504,86798529,223291466,6922014808.675000,1784705455.109500,5641313308.669099,14348033572.453599,1409384,171358,1084725,2665467
2024-04-30,NASDAQ PSX (X),7957614,9788625,11858967,29605206,479600324.337900,1103509814.183700,682869757.450900,2265979895.972500,113302,52731,121772,287805
2024-04-30,BYX Equities (Y),34356619,23220258,41575617,99152494,1170379087.033900,1175906013.355900,1489999167.846100,3836284268.235900,331296,109667,323552,764515
2024-04-30,BZX Equities (Z),189184225,109864090,209330973,508379288,9703597167.163698,8424943138.749604,12429613204.838199,30558153510.751501,2648066,731850,2286863,5666779
2024-04-29,NYSE American (A),7232990,15400592,7667738,30301320,421996141.872200,286395009.065000,480652581.160600,1189043732.097800,102573,59467,85968,248008
2024-04-29,NASDAQ BX (B),10313084,6669983,13948949,30932016,638695591.941300,406609284.846200,851093768.915900,1896398645.703400,145768,50396,146717,342881
2024-04-29,NYSE National (C),12431951,7062500,13978552,33473003,431403019.997400,312784863.859300,477360074.920200,1221547958.776900,173018,46279,139202,358499
2024-04-29,FINRA / Nasdaq TRF Chicago (DB),5468112,1933017,11927441,19328570,262031565.626000,117019820.332800,1335583967.913700,1714635353.872500,30786,9036,78528,118350
2024-04-29,FINRA / NYSE TRF (DN),48861781,30069418,191256996,270188195,1516013930.029700,1134793401.867000,6653267504.695697,9304074836.592397,274494,109789,568564,952847
2024-04-29,FINRA / Nasdaq TRF Carteret (DQ),1447779243,633263979,2318205730,4399248952,78363801938.603794,35772156016.895915,125392765881.358636,239528723836.858345,10980028,2581621,12266757,25828406
2024-04-29,MIAX Pearl (H),54569306,52861925,82967709,190398940,1501283174.134100,2456821240.340199,2973468629.827201,6931573044.301500,471250,216412,561901,1249563
2024-04-29,EDGA Equities (J),63017162,36162592,65732370,164912124,1794728732.167500,1517754484.485700,2198792017.500699,5511275234.153899,647368,183873,598679,1429920
2024-04-29,EDGX Equities (K),116015238,74346260,290406965,480768463,4803770759.301801,4161119773.033500,13748479151.985700,22713369684.321001,1175341,421306,1787940,3384587
2024-04-29,LTSE (L),171344,600220,225635,997199,1756597.680000,20938995.010000,11084411.100000,33780003.790000,458,360,726,1544
2024-04-29,NYSE Chicago (M),15362713,10978672,22482340,48823725,1264763164.670100,1105164114.191900,2238263769.616600,4608191048.478600,99503,4909,99530,203942
2024-04-29,NYSE (N),869863582,45353723,87989155,1003206460,47529383661.101996,2895156705.302799,3878278675.705400,54302819042.110195,3264764,190612,574097,4029473
2024-04-29,NYSE Arca (P),165069312,286917398,487148119,939134829,7643066826.820300,18808460261.463389,20184882852.516804,46636409940.800493,1905835,1261543,3621061,6788439
2024-04-29,NASDAQ (Q),385376003,152240785,1052389017,1590005805,21390880746.898498,12724848177.650305,72568454401.997737,106684183326.546540,5965168,1126425,8605293,15696886
2024-04-29,Members Exchange (U),72014603,45544525,113233933,230793061,2677669190.688500,2462011029.934799,4533797698.648101,9673477919.271400,779403,263415,871099,1913917
2024-04-29,Investors Exchange (V),94804436,19530893,82646210,196981539,5911482295.578800,1204396530.061600,5668260343.857699,12784139169.498099,1282921,140944,1025107,2448972
2024-04-29,NASDAQ PSX (X),5885743,6598436,11642565,24126744,356653661.548000,595567451.370700,557297763.850500,1509518876.769200,97091,35529,106781,239401
2024-04-29,BYX Equities (Y),27081054,17554137,38471182,83106373,876897818.145500,768536972.287900,1126928126.903400,2772362917.336800,267444,84637,286266,638347
2024-04-29,BZX Equities (Z),149127507,84468399,193217839,426813745,7817791283.790700,5989956669.327100,12044398767.518497,25852146720.636297,2279337,558007,2151963,4989307
2024-04-26,NYSE American (A),7549715,14905566,6687137,29142418,333440156.159500,407045514.907300,436254032.226300,1176739703.293100,89698,56273,71142,217113
2024-04-26,NASDAQ BX (B),12287081,7606530,13050132,32943743,665688773.947600,466191378.627900,895103218.595900,2026983371.171400,161723,50740,151817,364280
2024-04-26,NYSE National (C),13493822,7327971,13970635,34792428,467230599.489700,318239633.762300,537277060.509500,1322747293.761500,184968,45784,155354,386106
2024-04-26,FINRA / Nasdaq TRF Chicago (DB),6149691,2098043,13374772,21622506,262616518.132500,120236349.747000,1640121541.440800,2022974409.320300,34281,9265,86479,130025
2024-04-26,FINRA / NYSE TRF (DN),67001899,29143552,191831059,287976510,2631144335.418600,1266141563.353801,7117762514.684704,11015048413.457105,278396,103898,496579,878873
2024-04-26,FINRA / Nasdaq TRF Carteret (DQ),1442836942,607200308,2076510839,4126548089,75497623420.222466,40500212923.772692,122912331601.255664,238910167945.250822,10927196,2525940,11416408,24869544
2024-04-26,MIAX Pearl (H),58161310,50920199,77780971,186862480,1759121698.670500,2759496797.730800,2834782007.975001,7353400504.376301,538100,224013,544732,1306845
2024-04-26,EDGA Equities (J),69198899,35705079,65519734,170423712,1954464590.125700,1517215806.858300,2423157945.349501,5894838342.333501,692479,181293,608774,1482546
2024-04-26,EDGX Equities (K),131712645,74193063,292077365,497983073,5446743436.205599,4756719583.307496,14801455367.325199,25004918386.838294,1285619,426172,1704446,3416237
2024-04-26,LTSE (L),319628,178117,1884589,2382334,3812844.870000,10815814.380000,8296455.280000,22925114.530000,493,200,596,1289
2024-04-26,NYSE Chicago (M),20917325,8617497,24188566,53723388,1592514735.878400,752383979.989400,3890002936.835300,6234901652.703100,103340,5038,96474,204852
2024-04-26,NYSE (N),885481456,50748602,87580694,1023810752,48994660803.115900,3543100395.939300,4309632368.147001,56847393567.202201,3441088,216176,575746,4233010
2024-04-26,NYSE Arca (P),179395784,310458704,470313664,960168152,8232160747.698202,22827095507.289097,20125774035.365083,51185030290.352382,2006159,1369959,3306573,6682691
2024-04-26,NASDAQ (Q),412537354,162737887,1035100628,1610375869,23685580333.792399,14979547435.975412,75813103225.576382,114478230995.344193,6428381,1219990,8562583,16210954
2024-04-26,Members Exchange (U),76587865,43711672,111511860,231811397,2921844239.888900,2790180566.438900,5267598838.701701,10979623645.029501,826454,260210,875131,1961795
2024-04-26,Investors Exchange (V),97914169,21771368,80795987,200481524,6144161115.656100,1420485877.340500,5973989703.788599,13538636696.785199,1297767,143677,1018980,2460424
2024-04-26,NASDAQ PSX (X),7339582,7014630,10826716,25180928,468685219.982300,761339109.337400,747454445.423800,1977478774.743500,118144,40228,122963,281335
2024-04-26,BYX Equities (Y),30648054,17385402,35263772,83297228,969423137.204900,854299322.295900,1302361580.611600,3126084040.112400,294939,88807,294892,678638
2024-04-26,BZX Equities (Z),165519239,87349724,196969515,449838478,8729090316.785700,7202404621.027399,14425787561.283601,30357282499.096700,2418111,596127,2189614,5203852
2024-04-25,NYSE American (A),8990167,16166474,6976526,32133167,470605473.137300,412835829.433800,517766595.155900,1401207897.727000,119697,61043,87488,268228
2024-04-25,NASDAQ BX (B),13392239,9965169,15184575,38541983,876775803.191500,516306298.627500,1303289973.696300,2696372075.515300,193513,60024,190679,444216
2024-04-25,NYSE National (C),14387797,8951330,15595643,38934770,559599695.082500,382965559.784300,661000573.576900,1603565828.443700,199162,59416,161423,420001
2024-04-25,FINRA / Nasdaq TRF Chicago (DB),5691147,2408290,11950687,20050124,322358558.306200,133589515.707000,1493000698.677400,1948948772.690600,32952,9664,80238,122854
2024-04-25,FINRA / NYSE TRF (DN),69524761,35162312,176793487,281480560,2703519743.266200,1728652730.100600,7390752842.725103,11822925316.091903,284262,116844,515757,916863
2024-04-25,FINRA / Nasdaq TRF Carteret (DQ),1569595677,694587696,2135651696,4399835069,84274533989.297328,42617865547.524209,124895105658.983909,251787505195.805446,11751452,2762609,12053639,26567700
2024-04-25,MIAX Pearl (H),63222765,70542797,84637941,218403503,1904658543.993900,3761982305.583199,3055272317.032999,8721913166.610098,577527,307814,592869,1478210
2024-04-25,EDGA Equities (J),78332428,49311451,68685971,196329850,2184326866.835400,1952164765.698700,2550691703.208700,6687183335.742800,734225,241292,650402,1625919
2024-04-25,EDGX Equities (K),144804390,96263235,264370328,505437953,6465418973.962298,6192215622.504599,14895188656.787292,27552823253.254189,1453684,586494,1884240,3924418
2024-04-25,LTSE (L),204378,11060,2526377,2741815,1902243.800000,1010905.040000,35751205.470000,38664354.310000,237,27,1063,1327
2024-04-25,NYSE Chicago (M),22770795,9704157,17444641,49919593,1988578971.322500,974394261.158500,2331338586.230200,5294311818.711200,128937,6523,114410,249870
2024-04-25,NYSE (N),985565629,66015925,100834028,1152415582,54779293694.183701,4342090153.025799,5006500018.182402,64127883865.391902,3858001,274193,651265,4783459
2024-04-25,NYSE Arca (P),204219370,387783381,499473260,1091476011,9684675467.116000,26673326982.470703,27150416758.844313,63508419208.431016,2268632,1790999,3958963,8018594
2024-04-25,NASDAQ (Q),463907359,211729719,1122286201,1797923279,27492048953.246597,18626829825.162096,85524933329.690686,131643812108.099379,7075155,1641326,9506644,18223125
2024-04-25,Members Exchange (U),84050717,59120273,107780871,250951861,3248426474.521200,3656078313.103199,5311626181.052901,12216130968.677300,902054,367018,916977,2186049
2024-04-25,Investors Exchange (V),115328122,26247725,90711425,232287272,7684311801.625101,1820014775.844600,7179399744.575501,16683726322.045202,1435273,163782,1111670,2710725
2024-04-25,NASDAQ PSX (X),8664102,9225484,12002593,29892179,494163834.465900,922636861.922000,906994979.490100,2323795675.878000,117075,48102,128851,294028
2024-04-25,BYX Equities (Y),31131693,22968154,37757998,91857845,1101723362.412800,1029033496.359200,1508681021.284700,3639437880.056700,313017,114266,331322,758605
2024-04-25,BZX Equities (Z),188363920,113373847,199110304,500848071,10171177006.935701,8858444994.346605,14973733620.158599,34003355621.440905,2693340,762019,2415309,5870668
2024-04-24,NYSE American (A),8513005,17071561,7441449,33026015,471420195.089000,347694938.490000,543760414.145100,1362875547.724100,115484,61236,89004,265724
2024-04-24,NASDAQ BX (B),10715376,8547059,13498848,32761283,725361931.442000,472803696.459700,943050478.696100,2141216106.597800,170046,55232,161156,386434
2024-04-24,NYSE National (C),13675784,7820335,15131589,36627708,504908278.296000,342977570.329600,543175674.174100,1391061522.799700,186067,52627,150725,389419
2024-04-24,FINRA / Nasdaq TRF Chicago (DB),5698887,1821863,12376985,19897735,341403176.943400,124149560.020000,1429466308.568700,1895019045.532100,32272,9129,83028,124429
2024-04-24,FINRA / NYSE TRF (DN),93891124,37847294,205522834,337261252,4942921924.830699,1644269862.496000,8508473686.931699,15095665474.258398,294778,111348,527847,933973
2024-04-24,FINRA / Nasdaq TRF Carteret (DQ),1417576745,717797723,2171130526,4306504994,81095912527.563624,41498617900.169715,117820832484.266058,240415362911.999397,11540484,2615057,11917001,26072542
2024-04-24,MIAX Pearl (H),57933652,58275899,82111678,198321229,1721757400.333300,2976859037.107601,2488397512.802501,7187013950.243402,533476,247772,547382,1328630
2024-04-24,EDGA Equities (J),69273808,39156925,66846624,175277357,2055285370.316000,1603675142.104300,2275952992.575099,5934913504.995399,697526,200929,615754,1514209
2024-04-24,EDGX Equities (K),126866892,82292824,267816220,476975936,5944027732.089300,5024365982.886399,13789836034.205799,24758229749.181498,1344895,486466,1802204,3633565
2024-04-24,LTSE (L),647534,231411,172821,1051766,4365371.750000,6032399.220000,5356449.510000,15754220.480000,383,208,405,996
2024-04-24,NYSE Chicago (M),22035072,13488461,19007057,54530590,2037870303.016400,1316178664.874800,3379882016.152101,6733930984.043301,115927,5419,101899,223245
2024-04-24,NYSE (N),931744320,55601292,99071432,1086417044,52947299151.096303,3568536503.568001,4272407777.745700,60788243432.410004,3650668,239231,622132,4512031
2024-04-24,NYSE Arca (P),182259933,344148969,470217874,996626776,9265750223.135101,23058680387.157497,23779457191.507996,56103887801.800594,2183361,1558263,3710692,7452316
2024-04-24,NASDAQ (Q),427978434,182402108,1075219210,1685599752,25291675775.809106,15581601198.411801,77907708560.090308,118780985534.311215,6804557,1400891,8988953,17194401
2024-04-24,Members Exchange (U),79825245,50437063,111364640,241626948,3172643194.277400,2989004866.184600,4759786957.295396,10921435017.757396,902439,310429,905958,2118826
2024-04-24,Investors Exchange (V),109963542,23800322,86724316,220488180,7137175018.785400,1517256566.698900,5963283701.874399,14617715287.358699,1427750,156709,1096370,2680829
2024-04-24,NASDAQ PSX (X),7522455,7439464,10520971,25482890,515048689.861000,653999197.328500,684199049.070800,1853246936.260300,116205,38083,110462,264750
2024-04-24,BYX Equities (Y),27093710,18966571,35378085,81438366,994440942.093500,850841530.172500,1237866641.399400,3083149113.665400,295585,93880,310537,700002
2024-04-24,BZX Equities (Z),171065646,94824703,185030960,450921309,9443884782.208501,7230648833.000200,12724152068.009099,29398685683.217800,2537678,638597,2222758,5399033
2024-04-23,NYSE American (A),7681495,17789039,7181764,32652298,355019976.441000,327017430.525500,349460822.863100,1031498229.829600,93821,63001,77505,234327
2024-04-23,NASDAQ BX (B),12440470,8239686,15660408,36340564,739620966.801400,465935870.967400,948124989.054700,2153681826.823500,184360,58428,175603,418391
2024-04-23,NYSE National (C),14625672,8896638,16557902,40080212,507997122.049000,362737799.763000,472831870.286100,1343566792.098100,194428,58990,158215,411633
2024-04-23,FINRA / Nasdaq TRF Chicago (DB),6459819,2017468,11886903,20364190,433991877.145000,129659288.915500,1118430317.775300,1682081483.835800,32357,9564,68903,110824
2024-04-23,FINRA / NYSE TRF (DN),70328318,37421181,199956792,307706291,2606053055.083400,1732512125.500500,6538894396.120103,10877459576.704003,274245,107172,495305,876722
2024-04-23,FINRA / Nasdaq TRF Carteret (DQ),1502837360,740636660,2236610896,4480084916,81898246585.826382,46212007800.814507,107247654140.309933,235357908526.950822,11862800,2650500,11819729,26333029
2024-04-23,MIAX Pearl (H),62158583,63147508,82311866,207617957,1779462325.182400,3178158196.092799,2457932422.360399,7415552943.635598,544540,261099,538287,1343926
2024-04-23,EDGA Equities (J),75444872,46234789,75734066,197413727,2069418535.779600,1837941561.998400,2168416758.348100,6075776856.126100,721625,217400,641758,1580783
2024-04-23,EDGX Equities (K),134339589,82519976,294510790,511370355,5813056441.167900,5212806149.057200,11710552630.676507,22736415220.901607,1379944,485006,1721849,3586799
2024-04-23,LTSE (L),364979,131239,664821,1161039,4879196.750000,3918642.520000,32689208.250000,41487047.520000,689,289,506,1484
2024-04-23,NYSE Chicago (M),18891764,14640969,18760577,52293310,1604285777.534800,1748598757.148099,2277264366.008900,5630148900.691799,107922,4933,94959,207814
2024-04-23,NYSE (N),906689809,56782996,104889592,1068362397,49246052399.554103,3913716785.216101,3924945467.787199,57084714652.557403,3563901,235006,652724,4451631
2024-04-23,NYSE Arca (P),176952825,349404252,515553093,1041910170,8407809317.086900,23910529276.551511,19631719839.135802,51950058432.774213,2053605,1497341,3526670,7077616
2024-04-23,NASDAQ (Q),430907257,182883860,1084766348,1698557465,24691766764.181799,15926529239.924101,67638447751.843121,108256743755.949021,6751612,1349316,8631206,16732134
2024-04-23,Members Exchange (U),86749360,53882891,116404614,257036865,3242809776.034800,3138880744.310700,4283640054.192503,10665330574.538003,929615,311938,913850,2155403
2024-04-23,Investors Exchange (V),105018953,24522852,82817845,212359650,6644039641.431600,1659830520.006500,5174961812.782699,13478831974.220799,1393770,160390,1068802,2622962
2024-04-23,NASDAQ PSX (X),7598995,7842636,10238136,25679767,473110345.557900,684650358.911500,595285810.567100,1753046515.036500,116344,42410,114366,273120
2024-04-23,BYX Equities (Y),27272503,19651200,37725384,84649087,899182521.083200,873781249.524500,1120854289.030000,2893818059.637700,290911,93690,297466,682067
2024-04-23,BZX Equities (Z),176037055,101218977,194722754,471978786,9259951270.403699,7823903385.142199,11090929831.356999,28174784486.902897,2588448,618895,2179439,5386782
2024-04-22,NYSE American (A),7476251,16966267,6051652,30494170,352706164.582900,355070017.841100,392386411.148600,1100162593.572600,96332,56583,71757,224672
2024-04-22,NASDAQ BX (B),11535485,8740536,13950082,34226103,669268704.918800,469842858.427200,936185088.116500,2075296651.462500,187540,60014,182752,430306
2024-04-22,NYSE National (C),14280992,8388198,15139499,37808689,452356594.861700,348502878.049500,530745026.483400,1331604499.394600,201513,53196,162113,416822
2024-04-22,FINRA / Nasdaq TRF Chicago (DB),6400323,2377678,12617646,21395647,295843717.190800,149465160.804800,1313550981.339200,1758859859.334800,31676,12279,83549,127504
2024-04-22,FINRA / NYSE TRF (DN),61914566,35821715,178085296,275821577,2040693714.161100,1763095851.378000,6056125786.896999,9859915352.436099,280671,138377,531986,951034
2024-04-22,FINRA / Nasdaq TRF Carteret (DQ),1548778074,778950759,2154666580,4482395413,82172261442.481667,47152728394.759402,112804729187.373779,242129719024.614848,11548304,3017478,12143599,26709381
2024-04-22,MIAX Pearl (H),62509107,62011806,80771244,205292157,1835292480.632500,3280460999.707800,2422576519.742299,7538330000.082599,561178,265518,555605,1382301
2024-04-22,EDGA Equities (J),76076686,41860684,61506414,179443784,1954775765.211100,1716587893.112502,2049421139.988300,5720784798.311902,728100,209314,610065,1547479
2024-04-22,EDGX Equities (K),137570946,81705048,249254215,468530209,5354566537.583400,5251108140.039100,12442208328.098595,23047883005.721095,1320849,501703,1748196,3570748
2024-04-22,LTSE (L),63348,66274,133798,263420,2534866.220000,18399447.360000,7696834.980000,28631148.560000,277,124,324,725
2024-04-22,NYSE Chicago (M),19403492,13459031,21119504,53982027,1827933088.998100,1356991403.332500,3405532348.519300,6590456840.849900,96815,5028,89312,191155
2024-04-22,NYSE (N),939479501,58014908,98561266,1096055675,49890561487.477502,3984078512.724999,3973665794.224100,57848305794.426601,3457026,239863,636710,4333599
2024-04-22,NYSE Arca (P),182976656,368560448,455796215,1007333319,8079570207.799302,26320672929.607999,18107800475.037998,52508043612.445299,2075715,1564653,3433766,7074134
2024-04-22,NASDAQ (Q),424111418,188165225,1031587619,1643864262,22800917330.036202,17229100208.894889,71258404182.390333,111288421721.321424,6398226,1406048,8277882,16082156
2024-04-22,Members Exchange (U),87093194,53179736,108735369,249008299,3155637837.326900,3305983592.768501,4366690775.584199,10828312205.679600,892497,319420,890180,2102097
2024-04-22,Investors Exchange (V),110033675,27503528,80922090,218459293,6492998379.321000,1861292335.406100,5425765336.524799,13780056051.251899,1418520,176772,1086318,2681610
2024-04-22,NASDAQ PSX (X),7487319,7973532,9801450,25262301,421869168.434500,832406730.003200,604544870.879000,1858820769.316700,110052,40966,108975,259993
2024-04-22,BYX Equities (Y),28321380,19597098,35426648,83345126,902548740.487000,880716833.559600,1193771628.869800,2977037202.916400,317720,93715,317086,728521
2024-04-22,BZX Equities (Z),174700361,99972152,176317414,450989927,8628134299.566599,8206097477.965502,11230124455.508996,28064356233.041097,2486711,655196,2066241,5208148
2024-04-19,NYSE American (A),8311898,21632103,8021280,37965281,402695845.435500,433623975.279700,549275897.403000,1385595718.118200,105936,75197,93045,274178
2024-04-19,NASDAQ BX (B),13073700,10824082,16128078,40025860,746677224.901200,583031288.225200,1272505312.792200,2602213825.918600,187070,70059,193496,450625
2024-04-19,NYSE National (C),15948254,10712816,18395356,45056426,501891781.086500,474807252.310400,662470276.596100,1639169309.993000,215982,69461,182131,467574
2024-04-19,FINRA / Nasdaq TRF Chicago (DB),5438428,2663624,13784198,21886250,281785988.677600,171058967.684800,1678700994.481500,2131545950.843900,33240,12940,96755,142935
2024-04-19,FINRA / NYSE TRF (DN),60192618,45278767,204183628,309655013,2549125192.725499,2002868308.819500,10274394429.555093,14826387931.100092,258801,123829,509379,892009
2024-04-19,FINRA / Nasdaq TRF Carteret (DQ),1499728970,896134172,2282529573,4678392715,82136812782.774206,60359157360.122297,141180655534.918508,283676625677.815011,11429806,3188965,12999477,27618248
2024-04-19,MIAX Pearl (H),61894220,90288915,104465505,256648640,1942516888.031600,4989232285.652699,3623526113.315000,10555275286.999299,577492,392992,648772,1619256
2024-04-19,EDGA Equities (J),77897361,54996516,74102206,206996083,2426872152.140300,2272792232.317000,3022206329.405999,7721870713.863299,778553,261448,734463,1774464
2024-04-19,EDGX Equities (K),131456511,111711640,277195782,520363933,5691337270.678300,7258460763.156798,17220692134.946199,30170490168.781297,1347936,706088,1972176,4026200
2024-04-19,LTSE (L),245933,56190,334096,636219,6182239.200000,3010627.200000,25741376.670000,34934243.070000,256,307,545,1108
2024-04-19,NYSE Chicago (M),22467825,21688348,34442723,78598896,2366318021.305800,2344564319.033300,7908737659.426199,12619619999.765299,98512,6014,93147,197673
2024-04-19,NYSE (N),1070711683,64375563,111046919,1246134165,64059580001.580301,5093388126.155501,4920068658.063801,74073036785.799603,3628869,314539,696566,4639974
2024-04-19,NYSE Arca (P),171460331,441290026,502135305,1114885662,8237535126.652799,31778643940.396199,25328811305.410500,65344990372.459498,2081515,2154397,3758572,7994484
2024-04-19,NASDAQ (Q),422677802,243921644,1252962537,1919561983,24288272864.744796,22284919975.441293,98166879106.422979,144740071946.609068,6683899,2062531,9707441,18453871
2024-04-19,Members Exchange (U),84658440,68946896,120051200,273656536,3334511353.176800,4212071740.117100,6387913845.509599,13934496938.803499,954024,452037,1038843,2444904
2024-04-19,Investors Exchange (V),112356361,32648051,98457448,243461860,7205421995.723700,2230856222.950899,8008299655.550000,17444577874.224599,1437994,191894,1215993,2845881
2024-04-19,NASDAQ PSX (X),8127468,8495844,12601447,29224759,535900675.435800,977741181.286301,971910311.520100,2485552168.242201,119439,47895,136696,304030
2024-04-19,BYX Equities (Y),28845633,23434561,39665790,91945984,944660431.434500,1070535999.291700,1532005375.377200,3547201806.103400,290201,107057,324612,721870
2024-04-19,BZX Equities (Z),171779497,122426044,218741633,512947174,9282623537.403402,10234139157.894397,17308542097.322799,36825304792.620598,2609926,799613,2465248,5874787
2024-04-18,NYSE American (A),7639533,18188302,7203921,33031756,389902670.936600,319972089.191900,365266429.376200,1075141189.504700,98359,60377,77767,236503
2024-04-18,NASDAQ BX (B),12803475,8717486,14217612,35738573,729142731.685100,472228235.998400,871399209.714900,2072770177.398400,187010,58431,178193,423634
2024-04-18,NYSE National (C),13607157,9519616,14328814,37455587,465775542.234300,396079703.513500,465361690.798500,1327216936.546300,189650,62248,156910,408808
2024-04-18,FINRA / Nasdaq TRF Chicago (DB),4723108,1873190,12595145,19191443,243862950.702400,121665807.628800,1100506120.430600,1466034878.761800,30953,9052,70272,110277
2024-04-18,FINRA / NYSE TRF (DN),52374792,39070045,204246795,295691632,1880958857.533800,2236911672.623299,5992904280.336002,10110774810.493101,267736,129686,510486,907908
2024-04-18,FINRA / Nasdaq TRF Carteret (DQ),1457096790,779378030,2250375625,4486850445,77760835898.485834,47655324139.723684,107074815699.000130,232490975737.209648,11137858,2702845,11322147,25162850
2024-04-18,MIAX Pearl (H),60406883,78907802,101077919,240392604,1890826462.376500,3991904953.515900,3100795139.193000,8983526555.085400,566354,346663,588722,1501739
2024-04-18,EDGA Equities (J),75337478,47609959,71689448,194636885,2244897052.249400,1906810304.017700,2383293765.467899,6535001121.734999,746578,252721,661789,1661088
2024-04-18,EDGX Equities (K),124914632,89582238,277014339,491511209,5422761920.185097,5704290666.215600,12620071363.279000,23747123949.679697,1327882,563603,1795499,3686984
2024-04-18,LTSE (L),394217,38694,132017,564928,3518834.230000,1347651.350000,5144383.160000,10010868.740000,466,81,222,769
2024-04-18,NYSE Chicago (M),15362183,13973764,14474727,43810674,1418324042.162900,2219252321.040000,2737004522.811401,6374580886.014301,93431,5035,82668,181134
2024-04-18,NYSE (N),894095883,55946088,91749128,1041791099,47665299300.432999,3804486856.341200,3790164128.325599,55259950285.099798,3436990,263555,591706,4292251
2024-04-18,NYSE Arca (P),166595664,381440755,522120805,1070157224,7948938372.571802,26087162089.454917,17997056915.523507,52033157377.550226,1999972,1787182,3343571,7130725
2024-04-18,NASDAQ (Q),412768762,213952481,1053499435,1680220678,22757769735.073797,18900634710.478502,67111817844.772503,108770222290.324802,6589052,1741485,8575956,16906493
2024-04-18,Members Exchange (U),83470614,62929152,118077719,264477485,3190091369.924600,3627584579.520998,4600427851.749201,11418103801.194799,919531,393843,918188,2231562
2024-04-18,Investors Exchange (V),109615505,27893292,85669135,223177932,6928884106.258302,1780229369.187600,5634235008.256098,14343348483.702000,1412353,167040,1092290,2671683
2024-04-18,NASDAQ PSX (X),6662230,8141496,10840111,25643837,423685623.512100,758493306.516700,698553323.469700,1880732253.498500,96805,41229,104228,242262
2024-04-18,BYX Equities (Y),27148068,19393166,37391141,83932375,908250482.253500,860540519.916300,1114589604.194800,2883380606.364600,290147,90020,315781,695948
2024-04-18,BZX Equities (Z),159109505,108730595,197042934,464883034,8327358189.558499,8401643878.111202,11966723251.920602,28695725319.590303,2405723,697397,2149342,5252462
2024-04-17,NYSE American (A),7974607,20279633,6704658,34958898,334797560.906500,370865341.789800,340951206.475700,1046614109.172000,97104,67464,73728,238296
2024-04-17,NASDAQ BX (B),14053458,10354562,15201633,39609653,846732199.577900,560436858.721000,949800879.755900,2356969938.054800,196803,66794,169129,432726
2024-04-17,NYSE National (C),15295284,12703528,16167001,44165813,496359095.292200,532203981.217300,527200820.821800,1555763897.331300,204440,79757,166812,451009
2024-04-17,FINRA / Nasdaq TRF Chicago (DB),4115239,2330900,11168769,17614908,206408072.055900,199883461.662700,1296986561.504601,1703278095.223201,27187,11374,75161,113722
2024-04-17,FINRA / NYSE TRF (DN),52186785,44165800,202190730,298543315,1783003735.665300,1878251326.741401,5954003767.332901,9615258829.739602,274890,143636,540001,958527
2024-04-17,FINRA / Nasdaq TRF Carteret (DQ),1445885852,831055927,2308280224,4585222003,77415680564.896209,49300542116.131016,113774763939.222944,240490986620.250169,10874813,3067351,11599054,25541218
2024-04-17,MIAX Pearl (H),60374819,91368917,98431173,250174909,1768906598.370700,4508942051.463101,2898120398.971400,9175969048.805201,540768,385985,578733,1505486
2024-04-17,EDGA Equities (J),74069094,53958573,64502941,192530608,2012640585.336200,2133259446.201300,2227325655.606799,6373225687.144299,712099,260533,623791,1596423
2024-04-17,EDGX Equities (K),130063190,109505297,267229348,506797835,5492106765.598600,7012489669.046198,13389281426.451098,25893877861.095896,1333303,656978,1812830,3803111
2024-04-17,LTSE (L),170960,335354,104013,610327,7658091.670000,41786689.100000,5000837.480600,54445618.250600,304,444,273,1021
2024-04-17,NYSE Chicago (M),16802688,9602005,22387293,48791986,1538509865.639800,1371755074.802700,4746491367.208497,7656756307.650997,104484,6874,94637,205995
2024-04-17,NYSE (N),878301986,69195283,94702738,1042200007,46467273824.656602,4843164933.216302,4131222206.948900,55441660964.821804,3571009,311375,621169,4503553
2024-04-17,NYSE Arca (P),175491715,421766138,532181189,1129439042,8231147979.998296,29064363841.774987,19068856308.833109,56364368130.606392,2058862,2088897,3557644,7705403
2024-04-17,NASDAQ (Q),399434297,242454265,1022891692,1664780254,21773713556.527298,20835344146.185892,69570850358.131000,112179908060.844190,6295767,1936373,8415745,16647885
2024-04-17,Members Exchange (U),84786506,74267719,116855780,275910005,3253431049.748000,4405532251.262399,5047837540.249900,12706800841.260299,935756,457651,951343,2344750
2024-04-17,Investors Exchange (V),109048933,30852090,86873435,226774458,7083404938.344400,2095468909.489600,5967818760.057998,15146692607.891998,1427345,187830,1121924,2737099
2024-04-17,NASDAQ PSX (X),6474779,8633688,10479290,25587757,368664114.543300,786560776.873500,683545992.438900,1838770883.855700,90278,43756,99901,233935
2024-04-17,BYX Equities (Y),29033689,22997573,36337161,88368423,932114108.092000,1047110262.602400,1266710039.601300,3245934410.295700,285042,110820,300169,696031
2024-04-17,BZX Equities (Z),168156803,129513493,210353458,508023754,8719002340.610099,10044680700.277800,13030418763.346593,31794101804.234492,2525716,818719,2192442,5536877
2024-04-16,NYSE American (A),9753588,20637172,6837728,37228488,464089280.220800,380495244.942100,361088443.563100,1205672968.726000,105866,75830,74315,256011
2024-04-16,NASDAQ BX (B),14172167,11947782,14707731,40827680,773255448.565500,622893251.268300,810479922.367900,2206628622.201700,200057,77501,169566,447124
2024-04-16,NYSE National (C),16973916,13889409,15270656,46133981,525059262.155700,589188622.348100,449036409.713100,1563284294.216900,219961,82763,151740,454464
2024-04-16,FINRA / Nasdaq TRF Chicago (DB),4442609,2392598,9309104,16144311,219199036.553000,200760041.891500,985559260.454500,1405518338.899000,28613,11050,64777,104440
2024-04-16,FINRA / NYSE TRF (DN),59379531,46296751,187871239,293547521,2501246708.415600,2060742433.983601,6099831487.980501,10661820630.379702,283323,140172,516269,939764
2024-04-16,FINRA / Nasdaq TRF Carteret (DQ),1605052563,893743991,2297305478,4796102032,82048419743.248112,52672505623.323906,104041508798.280286,238762434164.852304,11757113,3216276,11636402,26609791
2024-04-16,MIAX Pearl (H),68197963,111472584,104143055,283813602,1957165697.501800,5076258566.711301,2910699591.143700,9944123855.356801,618202,475672,574454,1668328
2024-04-16,EDGA Equities (J),87825306,59716321,71826947,219368574,2216616171.213200,2422007843.990900,2250520155.204101,6889144170.408201,801254,280318,646717,1728289
2024-04-16,EDGX Equities (K),148966416,121895214,275873043,546734673,5792768019.622197,7523815337.367100,12669519027.295406,25986102384.284703,1493770,710552,1818693,4023015
2024-04-16,LTSE (L),281679,142684,205015,629378,4119256.020000,46668124.160000,9554222.921600,60341603.101600,356,196,322,874
2024-04-16,NYSE Chicago (M),15725973,16544075,28711147,60981195,1724742656.953800,1644932793.380600,2495704680.022600,5865380130.357000,119940,6839,93494,220273
2024-04-16,NYSE (N),933569659,78694918,97896481,1110161058,48559555860.961793,5051964452.047502,3771745350.945899,57383265663.955194,3791157,327401,615223,4733781
2024-04-16,NYSE Arca (P),201213427,474855804,527914804,1203984035,9170540855.877905,31755609763.903582,17883763886.904693,58809914506.686180,2269640,2238507,3433797,7941944
2024-04-16,NASDAQ (Q),469784767,269716364,1031497530,1770998661,25019374491.234798,22333138789.007393,64437400198.076088,111789913478.318279,7077240,2140190,8567955,17785385
2024-04-16,Members Exchange (U),99633394,83684755,115304625,298622774,3840535546.814100,4891283308.927500,4943356396.615199,13675175252.356799,1121175,511205,978926,2611306
2024-04-16,Investors Exchange (V),116042349,34021291,84815530,234879170,7022563469.360103,2281549839.955000,5202122096.721800,14506235406.036903,1488643,217093,1076881,2782617
2024-04-16,NASDAQ PSX (X),7510069,11408325,10716605,29634999,436452847.532500,1093469104.939500,559740066.245900,2089662018.717900,112839,55475,102608,270922
2024-04-16,BYX Equities (Y),31831942,24525796,35997717,92355455,944186923.932100,1200694177.794100,1104077807.976800,3248958909.703000,320580,111984,306038,738602
2024-04-16,BZX Equities (Z),189888053,145398326,194899686,530186065,9252075172.163003,10568494162.216803,11964133175.488690,31784702509.868496,2680619,900652,2163143,5744414
2024-04-15,NYSE American (A),9458181,24759904,8376974,42595059,428123109.394500,465462743.082600,522021961.868500,1415607814.345600,120412,88226,92301,300939
2024-04-15,NASDAQ BX (B),12548475,12100298,15833109,40481882,677337920.355400,609977135.781700,971211370.755500,2258526426.892600,181879,75087,178195,435161
2024-04-15,NYSE National (C),17407455,13869495,17662649,48939599,498428816.999700,588124701.976900,539553573.924700,1626107092.901300,231835,82519,182670,497024
2024-04-15,FINRA / Nasdaq TRF Chicago (DB),5776312,3018617,11886822,20681751,380122498.225900,304083969.819900,1388296046.068900,2072502514.114700,34831,15806,86770,137407
2024-04-15,FINRA / NYSE TRF (DN),65649917,66171558,180955562,312777037,2029472481.220800,2078710137.773401,6315729847.165803,10423912466.160004,322870,182582,565703,1071155
2024-04-15,FINRA / Nasdaq TRF Carteret (DQ),1567298339,1035220861,2176343386,4778862586,82381871743.992219,56741194518.536915,115443248440.224341,254566314702.753475,11745225,3790440,12190555,27726220
2024-04-15,MIAX Pearl (H),68221722,104760217,102291180,275273119,1894255143.466800,4875792383.727001,3121727242.506201,9891774769.700002,605314,434956,614233,1654503
2024-04-15,EDGA Equities (J),85038415,68576312,78765341,232380068,2024810829.388900,2598324657.639900,2506766309.623400,7129901796.652200,778980,316027,697757,1792764
2024-04-15,EDGX Equities (K),157587482,137413944,275162259,570163685,6053201940.775701,9474924345.476193,14059872911.382802,29587999197.634696,1551330,828153,1961348,4340831
2024-04-15,LTSE (L),36560,175192,335342,547094,2350998.970000,6470782.580000,23401266.990000,32223048.540000,327,167,406,900
2024-04-15,NYSE Chicago (M),14018520,13161728,16524577,43704825,1446671648.275100,1940168897.779900,2452041104.807600,5838881650.862600,101902,8655,87520,198077
2024-04-15,NYSE (N),967571265,80263605,99371815,1147206685,51130852421.055097,5405886969.008001,4282663432.563199,60819402822.626297,3618009,334125,649966,4602100
2024-04-15,NYSE Arca (P),184830684,515055649,464105615,1163991948,8470373319.605602,33792398391.226004,20767778961.569491,63030550672.401097,2195154,2428502,3577459,8201115
2024-04-15,NASDAQ (Q),440781929,266842446,1121474063,1829098438,23119384483.302492,23515113852.040717,76756288417.579321,123390786752.922530,6695440,2032821,8774533,17502794
2024-04-15,Members Exchange (U),98451958,82771966,117606046,298829970,3543766412.985000,5064489945.786100,5265094926.545401,13873351285.316501,1069395,512299,1016799,2598493
2024-04-15,Investors Exchange (V),111487102,37073147,91809247,240369496,6856989644.000500,2528064467.090600,5934993812.208699,15320047923.299799,1421804,227635,1133903,2783342
2024-04-15,NASDAQ PSX (X),7881617,11572157,11724129,31177903,465588509.483100,1292852575.608900,718423426.096600,2476864511.188600,117951,59207,113791,290949
2024-04-15,BYX Equities (Y),31498848,27035389,37648033,96182270,893470811.637300,1208182739.002800,1265407361.207700,3367060911.847800,300853,124842,311639,737334
2024-04-15,BZX Equities (Z),185558807,145932437,197160230,528651474,8885254088.585801,11718321973.726011,12913869456.904403,33517445519.216215,2617980,954159,2276183,5848322
2024-04-12,NYSE American (A),9608417,34467432,6871575,50947424,462718574.551700,500807801.508400,386104254.199000,1349630630.259100,112258,103236,75529,291023
2024-04-12,NASDAQ BX (B),13086867,15351706,13658634,42097207,681949507.972600,676013136.194200,915558525.879700,2273521170.046500,176503,84256,162794,423553
2024-04-12,NYSE National (C),17267092,19871100,14945296,52083488,530863467.397500,706858083.055500,485383639.316300,1723105189.769300,204795,94848,145978,445621
2024-04-12,FINRA / Nasdaq TRF Chicago (DB),7647116,3915360,10499032,22061508,548447630.555500,262201464.382500,1189683776.917000,2000332871.855000,39944,17181,72153,129278
2024-04-12,FINRA / NYSE TRF (DN),56970639,84639769,169864844,311475252,1841640651.205200,1954139711.623699,5745249978.969000,9541030341.797899,313215,179630,500969,993814
2024-04-12,FINRA / Nasdaq TRF Carteret (DQ),1572345277,1213504759,2045519438,4831369474,83651483756.379668,59525250462.602467,112614414754.607613,255791148973.589748,11508691,3890957,11043362,26443010
2024-04-12,MIAX Pearl (H),69195688,113714769,87048387,269958844,2038195227.499100,4839102847.425900,2843736319.488001,9721034394.413001,604077,428339,563381,1595797
2024-04-12,EDGA Equities (J),91650213,83114001,69519738,244283952,2208921159.428200,2840902245.982601,2316133186.958800,7365956592.369601,791924,345991,633825,1771740
2024-04-12,EDGX Equities (K),167928615,167648783,263378491,598955889,6689204792.134198,9671314138.913897,13299205286.195692,29659724217.243787,1606325,878584,1737168,4222077
2024-04-12,LTSE (L),47355,42007,2079871,2169233,2403915.010000,1223125.290000,27010114.380000,30637154.680000,389,50,1530,1969
2024-04-12,NYSE Chicago (M),15588547,20508700,15211762,51309009,1460700830.873200,1428548213.371200,2011974509.860600,4901223554.105000,103133,9317,85602,198052
2024-04-12,NYSE (N),934791647,92967974,87856972,1115616593,49962206590.574502,5955979821.374502,4183827132.560501,60102013544.509505,3415320,347436,581122,4343878
2024-04-12,NYSE Arca (P),195995141,628494415,410163143,1234652699,8874109812.482300,35715632848.609485,18339054865.286000,62928797526.377785,2144453,2460236,3144360,7749049
2024-04-12,NASDAQ (Q),451492603,305195934,1030796617,1787485154,24008934992.022702,24579340227.801898,73216783370.101827,121805058589.926427,6649143,2086802,8031741,16767686
2024-04-12,Members Exchange (U),94996920,93785146,108839184,297621250,3438404525.662001,5039013296.687798,5065702023.723598,13543119846.073397,1005468,525576,910575,2441619
2024-04-12,Investors Exchange (V),117341124,43394144,85454422,246189690,7034812798.878701,2737533667.955600,5841912313.766901,15614258780.601202,1464939,251171,1075502,2791612
2024-04-12,NASDAQ PSX (X),8065322,13010518,10484068,31559908,405053627.836500,1255021226.674100,615930915.728700,2276005770.239300,114192,65212,104339,283743
2024-04-12,BYX Equities (Y),31819664,36348438,34936295,103104397,1034535342.724600,1412447011.931000,1295485540.062200,3742467894.717800,307595,149209,291184,747988
2024-04-12,BZX Equities (Z),193452278,174107395,184214256,551773929,9497453707.030299,12145391957.973699,12981177128.141802,34624022793.145800,2591383,991802,2057579,5640764
2024-04-11,NYSE American (A),7070216,18399166,5897164,31366546,338754612.499500,369067892.547100,321675197.178900,1029497702.225500,92089,67110,67077,226276
2024-04-11,NASDAQ BX (B),12481809,12512377,15478432,40472618,687868462.216300,649022515.821700,916765212.846800,2253656190.884800,179019,68868,168626,416513
2024-04-11,NYSE National (C),14182156,12090595,15078555,41351306,433703618.603900,462687753.900900,517468307.425600,1413859679.930400,196209,66013,147399,409621
2024-04-11,FINRA / Nasdaq TRF Chicago (DB),4795075,2455332,10271350,17521757,262259148.719700,269527271.999000,1230312605.327800,1762099026.046500,26085,10507,69911,106503
2024-04-11,FINRA / NYSE TRF (DN),50373303,42944520,179444979,272762802,1772955195.149600,1815926655.329501,5418327951.784002,9007209802.263103,261246,112520,497296,871062
2024-04-11,FINRA / Nasdaq TRF Carteret (DQ),1406451098,896475612,2239166827,4542093537,75541681767.537294,49505345107.527662,112906935976.822210,237953962851.887166,10736196,2824292,11062568,24623056
2024-04-11,MIAX Pearl (H),55897117,72816155,86277216,214990488,1525372077.925200,3540267578.605100,2738274278.684900,7803913935.215200,483194,271513,492151,1246858
2024-04-11,EDGA Equities (J),71603038,52376357,65274828,189254223,1864662284.543900,2201596232.263800,2276729386.988899,6342987903.796599,681241,239244,608177,1528662
2024-04-11,EDGX Equities (K),139356961,107469780,263737914,510564655,5450236888.132102,6569404807.912598,13813154177.680719,25832795873.725419,1357164,580628,1714413,3652205
2024-04-11,LTSE (L),71174,839097,2094279,3004550,4546746.840000,3214750.040000,65021415.380000,72782912.260000,375,168,1496,2039
2024-04-11,NYSE Chicago (M),13433340,21019113,16963661,51416114,1325571174.499400,2819111850.423700,1874067692.401500,6018750717.324600,102037,6144,85966,194147
2024-04-11,NYSE (N),862499071,64473365,81653656,1008626092,48047899533.610801,4490793169.172701,3715812131.993600,56254504834.777102,3356117,253674,558740,4168531
2024-04-11,NYSE Arca (P),169628159,402312395,433954212,1005894766,7745845924.612597,27712333740.036611,18568100272.101405,54026279936.750613,2045186,1715695,3257426,7018307
2024-04-11,NASDAQ (Q),401331353,213275152,1004501799,1619108304,21432326709.634293,19064283460.261300,70013087287.062108,110509697456.957701,6310222,1562036,8035475,15907733
2024-04-11,Members Exchange (U),80433193,62049112,103306510,245788815,2967415946.103000,3903860278.042599,4908024382.143801,11779300606.289400,892884,359788,860535,2113207
2024-04-11,Investors Exchange (V),95449080,29318945,81378738,206146763,6063489491.944100,2069422997.473800,5506650686.066300,13639563175.484200,1338999,188235,1044415,2571649
2024-04-11,NASDAQ PSX (X),6486948,9549611,9942522,25979081,361907340.359900,935629437.524500,642649276.985200,1940186054.869600,98748,49899,101068,249715
2024-04-11,BYX Equities (Y),26688112,25733114,34099753,86520979,868415130.686100,1172239556.541500,1238909606.712500,3279564293.940100,282964,113873,288372,685209
2024-04-11,BZX Equities (Z),163691728,110787619,179405155,453884502,7792406956.516799,8807666089.678203,12231715938.383798,28831788984.578800,2358859,674971,2021305,5055135
2024-04-10,NYSE American (A),6040203,24000351,5831289,35871843,231528586.964000,481870151.831100,266436391.778300,979835130.573400,72986,79060,55054,207100
2024-04-10,NASDAQ BX (B),11741991,17165837,16667422,45575250,649888186.427500,819980650.829000,952650777.749200,2422519615.005700,181611,93972,187000,462583
2024-04-10,NYSE National (C),17571148,20230854,17329670,55131672,526628195.577800,602230895.827700,546219661.957300,1675078753.362800,213512,81469,169038,464019
2024-04-10,FINRA / Nasdaq TRF Chicago (DB),5785558,3038852,11093378,19917788,367314089.521800,214887706.764300,1135274128.141800,1717475924.427900,28908,11329,67163,107400
2024-04-10,FINRA / NYSE TRF (DN),61255556,48901362,202844527,313001445,2125388822.804800,1793788454.589901,5534001305.292299,9453178582.687000,285321,124936,485038,895295
2024-04-10,FINRA / Nasdaq TRF Carteret (DQ),1473131795,943397757,2358301771,4774831323,76914009407.943526,52823053049.603514,105371835887.789574,235108898345.336614,11617466,3404906,11572310,26594682
2024-04-10,MIAX Pearl (H),71078301,119955363,107232622,298266286,2012868053.181300,5495933080.215200,3480568460.645899,10989369594.042399,639511,419954,634135,1693600
2024-04-10,EDGA Equities (J),88397281,86076488,82903516,257377285,2145909607.153900,3233274339.223700,2646346664.169400,8025530610.547000,817013,351765,733454,1902232
2024-04-10,EDGX Equities (K),165192388,152305768,319076895,636575051,6313893087.422699,9634749032.183192,14810055330.739985,30758697450.345876,1593552,823346,1988974,4405872
2024-04-10,LTSE (L),86650,37299,226557,350506,3158826.520000,1645668.730000,27265071.380000,32069566.630000,284,92,569,945
2024-04-10,NYSE Chicago (M),13315381,15696401,16719823,45731605,1442348706.563200,1893320563.581200,2037312921.185200,5372982191.329600,115925,8151,100486,224562
2024-04-10,NYSE (N),930529754,90579805,97150101,1118259660,48765581904.656495,6250924587.996202,4344739136.315300,59361245628.967997,3807719,396570,683743,4888032
2024-04-10,NYSE Arca (P),188853469,554613161,528889768,1272356398,8471298032.081698,35406704823.588920,20473680916.866892,64351683772.537510,2321197,2418356,3651571,8391124
2024-04-10,NASDAQ (Q),450724266,312167066,1139683413,1902574745,23550476293.926393,26094807593.965099,72630969447.159042,122276253335.050534,7133092,2322470,9095737,18551299
2024-04-10,Members Exchange (U),94619055,89024622,134035919,317679596,3514480279.885100,5629811209.883501,5813967547.014199,14958259036.782800,1066824,540620,1056289,2663733
2024-04-10,Investors Exchange (V),106026544,41627537,89420866,237074947,6446830019.001700,2781624221.012800,5531901447.730001,14760355687.744501,1402662,237278,1117509,2757449
2024-04-10,NASDAQ PSX (X),7214448,12825346,11798401,31838195,420731864.167600,1369624159.487799,774760587.495400,2565116611.150799,110026,67911,118050,295987
2024-04-10,BYX Equities (Y),30660548,37659955,44082161,112402664,1044043117.053900,1690393055.998500,1440992026.628300,4175428199.680700,338548,158581,368060,865189
2024-04-10,BZX Equities (Z),182210079,172155094,218023842,572389015,8780466330.821200,12509646138.503991,12914762009.610901,34204874478.936092,2666993,980624,2280242,5927859
2024-04-09,NYSE American (A),5211783,19004745,4864906,29081434,201503223.892900,298852630.200800,204497769.644500,704853623.738200,64500,62556,47269,174325
2024-04-09,NASDAQ BX (B),10837506,10194155,13839915,34871576,624349836.185100,519355862.741700,790411458.020300,1934117156.947100,161402,59767,157070,378239
2024-04-09,NYSE National (C),14350041,11210623,13095036,38655700,470155370.346700,374530578.911600,423453648.355700,1268139597.614000,194243,57737,144180,396160
2024-04-09,FINRA / Nasdaq TRF Chicago (DB),4945620,2805241,11943756,19694617,247585760.779100,226540513.951000,1324145485.626100,1798271760.356200,28879,9625,78018,116522
2024-04-09,FINRA / NYSE TRF (DN),53841661,40319574,223828611,317989846,2081098998.232200,1317460159.314400,5415552139.157601,8814111296.704201,262918,109458,500531,872907
2024-04-09,FINRA / Nasdaq TRF Carteret (DQ),1378513898,818817581,2260498513,4457829992,73480539415.009666,47117315468.707670,106854586246.675360,227452441130.392696,10648837,2699649,11124041,24472527
2024-04-09,MIAX Pearl (H),57935110,85147177,82680220,225762507,1605488226.818700,3413823483.452099,2448112990.048900,7467424700.319699,505202,279316,495431,1279949
2024-04-09,EDGA Equities (J),74753697,52364579,65292037,192410313,1948413534.789500,1885629157.572600,2047085847.081900,5881128539.444000,713768,224790,600531,1539089
2024-04-09,EDGX Equities (K),139342739,98801793,296428948,534573480,5459006322.517901,6272496085.537904,12890864797.278221,24622367205.334026,1298555,525018,1714253,3537826
2024-04-09,LTSE (L),499183,78413,751542,1329138,5801690.090000,5492579.260000,38352425.060000,49646694.410000,668,109,657,1434
2024-04-09,NYSE Chicago (M),10618969,12119509,12597219,35335697,1068284108.115700,2248499136.340400,1649984380.572500,4966767625.028600,80856,4326,74314,159496
2024-04-09,NYSE (N),807908248,62625481,86691424,957225153,43940847043.645898,4099112976.956299,3466277167.351800,51506237187.953997,3098046,255896,572442,3926384
2024-04-09,NYSE Arca (P),157550618,364273823,546010326,1067834767,7089674805.690497,22910097140.969397,16519274380.407590,46519046327.067484,1835738,1528743,3159561,6524042
2024-04-09,NASDAQ (Q),383144429,196649849,985395003,1565189281,20392866209.610700,16759654762.411304,63218299749.590537,100370820721.612541,5721852,1452725,7628883,14803460
2024-04-09,Members Exchange (U),79664867,58080477,114522768,252268112,2940506481.985000,3469245225.388001,4379098648.830201,10788850356.203202,859240,338035,851970,2049245
2024-04-09,Investors Exchange (V),96923247,25712633,77733258,200369138,5959925828.855401,1718224522.015700,4803696557.406100,12481846908.277201,1250375,162801,977338,2390514
2024-04-09,NASDAQ PSX (X),6277084,7921798,8913190,23112072,361276624.330700,891747070.364300,568652573.337300,1821676268.032300,91738,39038,95001,225777
2024-04-09,BYX Equities (Y),27543339,23999574,36032430,87575343,998039514.266000,1042399109.159500,1163507899.111500,3203946522.537000,295705,99117,296044,690866
2024-04-09,BZX Equities (Z),163402107,118540828,194604562,476547497,7882765761.877400,8428954837.056393,10891247389.264506,27202967988.198299,2225765,658180,1960840,4844785
2024-04-08,NYSE American (A),5085993,21307917,4268058,30661968,193774447.891900,334639028.267200,169412681.366100,697826157.525200,56702,67928,42285,166915
2024-04-08,NASDAQ BX (B),10374340,8378134,12843253,31595727,607631448.801100,420436814.088200,725455410.965300,1753523673.854600,154844,55699,154400,364943
2024-04-08,NYSE National (C),12587998,8824839,12886916,34299753,464492826.203300,323674095.574100,438159687.808300,1226326609.585700,190482,45814,141646,377942
2024-04-08,FINRA / Nasdaq TRF Chicago (DB),4869768,2399153,10508216,17777137,205818528.289000,88843387.916300,978152273.531700,1272814189.737000,28098,7203,64742,100043
2024-04-08,FINRA / NYSE TRF (DN),45895030,38033618,172137692,256066340,1611236298.132300,1168071368.912000,4964998650.515798,7744306317.560098,264660,112098,484427,861185
2024-04-08,FINRA / Nasdaq TRF Carteret (DQ),1317110365,797246416,2040418436,4154775217,75478427055.778818,46319971634.981626,93986490739.370824,215784889430.131268,10218233,2698216,11038844,23955293
2024-04-08,MIAX Pearl (H),52550127,67206752,75068353,194825232,1386139116.633100,2744022737.549599,2227784867.880600,6357946722.063299,434632,216427,452306,1103365
2024-04-08,EDGA Equities (J),67426912,42238655,61985722,171651289,1797090331.339700,1568540821.431600,1827377586.979200,5193008739.750500,663585,190431,577415,1431431
2024-04-08,EDGX Equities (K),126984528,86366793,261049990,474401311,5013401948.890802,5205024141.869801,11224691144.282096,21443117235.042699,1229707,455607,1661737,3347051
2024-04-08,LTSE (L),207526,64933,1195330,1467789,5827086.990000,1666435.350000,6292325.490000,13785847.830000,751,112,409,1272
2024-04-08,NYSE Chicago (M),14088798,7372232,12933478,34394508,1232899230.984700,935081819.886700,1852374276.523800,4020355327.395200,72497,4392,66835,143724
2024-04-08,NYSE (N),799439344,52421428,77564653,929425425,43980795029.404496,3393584622.969399,2905856290.617899,50280235942.991794,2866329,196347,506492,3569168
2024-04-08,NYSE Arca (P),188359991,330560406,445547472,964467869,10580754178.237799,20959766135.098892,16361373973.429296,47901894286.765987,2114299,1261643,3090699,6466641
2024-04-08,NASDAQ (Q),349916577,159771813,936900516,1446588906,18330648313.408497,13687150629.142606,56551087354.724505,88568886297.275608,5243822,1138263,7017792,13399877
2024-04-08,Members Exchange (U),80641828,50554270,103066469,234262567,3022331567.827100,3033355474.494899,3861490571.672503,9917177613.994502,834097,280128,811052,1925277
2024-04-08,Investors Exchange (V),86256816,22152582,72569718,180979116,5325588209.116701,1406140343.080700,4257060372.885798,10988788925.083199,1150903,146708,911186,2208797
2024-04-08,NASDAQ PSX (X),5847256,6707760,8973721,21528737,339362138.313800,569750792.006900,459400115.327400,1368513045.648100,85870,35082,88222,209174
2024-04-08,BYX Equities (Y),26420685,22736691,33421454,82578830,810396792.529800,910715731.961600,930056498.880200,2651169023.371600,268005,96024,270922,634951
2024-04-08,BZX Equities (Z),151042655,98153140,175918610,425114405,7196709192.661502,6991212517.995100,9430422577.501998,23618344288.158600,2060997,536062,1853091,4450150
2024-04-05,NYSE American (A),5029089,20730999,4584406,30344494,197130374.888500,324845631.806400,231840774.872600,753816781.567500,63357,67661,48375,179393
2024-04-05,NASDAQ BX (B),11750193,10593601,15381704,37725498,732763610.514000,550099075.256700,1084732976.786700,2367595662.557400,177427,60892,178976,417295
2024-04-05,NYSE National (C),14008939,10774502,14590807,39374248,416106780.465900,343268641.571900,512408975.814600,1271784397.852400,192681,49067,151264,393012
2024-04-05,FINRA / Nasdaq TRF Chicago (DB),4787559,3169894,11091975,19049428,246006993.805200,105558176.223800,1157058980.468900,1508624150.497900,29780,7869,68385,106034
2024-04-05,FINRA / NYSE TRF (DN),54852558,47296874,159930598,262080030,2092126749.181600,1692828998.176400,5504810938.328699,9289766685.686699,265752,121585,505317,892654
2024-04-05,FINRA / Nasdaq TRF Carteret (DQ),1349870691,874480843,2093357063,4317708597,74934254693.452720,46517611660.850295,114012074665.952033,235463941020.255048,10522167,2824720,11220305,24567192
2024-04-05,MIAX Pearl (H),55936944,104330319,88055953,248323216,1445036289.181600,3972540341.431100,3001232575.910900,8418809206.523600,476947,296800,523064,1296811
2024-04-05,EDGA Equities (J),68192573,58462075,63532944,190187592,1749996429.729700,2064766036.345400,2177371968.565500,5992134434.640600,662167,242058,604858,1509083
2024-04-05,EDGX Equities (K),134223363,120509915,261877678,516610956,5435060963.738600,7012997002.924098,14848189861.070692,27296247827.733390,1334018,573295,1778840,3686153
2024-04-05,LTSE (L),36222,181546,634778,852546,5181718.930000,8896086.220000,35086644.735000,49164449.885000,433,118,650,1201
2024-04-05,NYSE Chicago (M),12042039,15443982,11404011,38890032,1207729543.486700,1448670108.717400,1657929109.817300,4314328762.021400,78031,5854,75111,158996
2024-04-05,NYSE (N),828879078,69394846,86979146,985253070,44621447156.492390,4427973160.548399,3874722626.882600,52924142943.923389,3095033,285692,602629,3983354
2024-04-05,NYSE Arca (P),155316849,434092802,422976329,1012385980,7197766347.451401,27222484761.322680,19912980478.619497,54333231587.393578,1861836,1704460,3277236,6843532
2024-04-05,NASDAQ (Q),371095341,223712701,1019553263,1614361305,20451227970.765397,20394454196.730906,71143275347.903421,111988957515.399724,5709649,1567844,7850850,15128343
2024-04-05,Members Exchange (U),78351083,69547805,106304021,254202909,3001165765.745300,4094827659.717401,5446443128.664300,12542436554.127001,875341,377786,920614,2173741
2024-04-05,Investors Exchange (V),94679576,30558617,81239025,206477218,5870653133.444799,1994739286.806100,5623952584.897301,13489345005.148200,1263798,171051,1011472,2446321
2024-04-05,NASDAQ PSX (X),5583410,9381655,10201158,25166223,329494462.869200,1162695781.670600,661962809.372400,2154153053.912200,85886,46067,98255,230208
2024-04-05,BYX Equities (Y),27272616,28743174,36174859,92190649,788000337.749100,1187526350.614800,1242384796.166900,3217911484.530800,267503,115000,292049,674552
2024-04-05,BZX Equities (Z),163680944,128728228,194040351,486449523,8359117993.089001,9698753106.878607,13826735145.745197,31884606245.712805,2287065,686921,2119550,5093536
2024-04-04,NYSE American (A),6905636,23496495,6881686,37283817,281819387.708000,417533040.394700,264844733.780000,964197161.882700,77424,71556,58921,207901
2024-04-04,NASDAQ BX (B),13580903,14601670,17543562,45726135,867627368.249400,711865270.689400,1088137529.049600,2667630167.988400,209396,72969,201916,484281
2024-04-04,NYSE National (C),16706280,12614392,16771470,46092142,564784471.966100,445890125.738500,549804191.503900,1560478789.208500,220896,63836,170131,454863
2024-04-04,FINRA / Nasdaq TRF Chicago (DB),6200646,3186314,11720951,21107911,328101529.971300,134260327.330600,1176030573.824300,1638392431.126200,38121,8110,71266,117497
2024-04-04,FINRA / NYSE TRF (DN),63205856,45118387,198999078,307323321,2090090232.861800,1531348396.022000,6447351926.521300,10068790555.405100,312032,128830,571089,1011951
2024-04-04,FINRA / Nasdaq TRF Carteret (DQ),1626382195,902974906,2435919457,4965276558,87763705035.085208,52646821692.696144,128170123856.180145,268580650583.961497,11530369,3053167,12107352,26690888
2024-04-04,MIAX Pearl (H),74897131,106752630,100575174,282224935,1898381547.220400,4461832955.402400,3106207107.813601,9466421610.436401,579888,329754,584517,1494159
2024-04-04,EDGA Equities (J),89072204,64006111,73927802,227006117,2288854762.861400,2471555267.323700,2506357960.185799,7266767990.370899,800442,275605,683778,1759825
2024-04-04,EDGX Equities (K),174241104,131307238,323377162,628925504,6793316748.903197,8388041587.952100,16089371494.085302,31270729830.940599,1567492,664359,2000057,4231908
2024-04-04,LTSE (L),53532,7101,241460,302093,4632096.520000,251800.630000,4092254.560000,8976151.710000,413,37,300,750
2024-04-04,NYSE Chicago (M),15129923,13059116,15064776,43253815,1436224852.788300,1661597403.338800,2215716321.350401,5313538577.477501,92388,5110,82433,179931
2024-04-04,NYSE (N),954599858,78123316,98474995,1131198169,52889628099.093600,5423624238.738000,4415410159.225500,62728662497.057100,3566670,306159,669637,4542466
2024-04-04,NYSE Arca (P),199553529,476398003,499406627,1175358159,8602745481.786801,32048309380.006798,21072178718.060796,61723233579.854395,2156983,1938202,3572676,7667861
2024-04-04,NASDAQ (Q),459871002,258994429,1194867522,1913732953,25241607305.720294,23667976380.391809,83044928267.675052,131954511953.787155,6610233,1773043,8891486,17274762
2024-04-04,Members Exchange (U),98080617,74433989,127882688,300397294,3614514158.966500,4608386230.402100,5847216483.714595,14070116873.083195,1030958,417624,1061503,2510085
2024-04-04,Investors Exchange (V),111238646,36650511,89846471,237735628,6961787126.654000,2292874099.258300,6059811424.553400,15314472650.465700,1420054,193810,1086600,2700464
2024-04-04,NASDAQ PSX (X),8797732,11542509,12665645,33005886,499621484.984200,1356338951.982100,731891464.393100,2587851901.359400,115580,50362,120579,286521
2024-04-04,BYX Equities (Y),34993762,34758254,41002113,110754129,1050326653.028700,1444229273.485900,1378066909.264900,3872622835.779500,336597,133439,328375,798411
2024-04-04,BZX Equities (Z),201017670,144266237,221282006,566565913,9740453747.480398,10779208148.296098,14752173688.182699,35271835583.959195,2578640,776627,2338527,5693794
2024-04-03,NYSE American (A),6164976,24511360,5859140,36535476,246490849.998700,311446420.775900,206529262.012600,764466532.787200,70643,74412,51542,196597
2024-04-03,NASDAQ BX (B),12594330,11275300,15141790,39011420,823016013.290400,553671191.372400,999256691.042400,2375943895.705200,192297,62521,178178,432996
2024-04-03,NYSE National (C),14315260,11826335,15150709,41292304,445998973.817200,374172343.469200,461175445.247200,1281346762.533600,202213,55312,162827,420352
2024-04-03,FINRA / Nasdaq TRF Chicago (DB),4828708,3206005,10761853,18796566,241605322.634300,111541868.097100,912236224.450499,1265383415.181899,29519,7383,60604,97506
2024-04-03,FINRA / NYSE TRF (DN),52411937,45936310,202978545,301326792,2010578679.438800,1310944069.903400,5347105812.403897,8668628561.746097,271940,118001,513514,903455
2024-04-03,FINRA / Nasdaq TRF Carteret (DQ),1490079147,882938406,2400138774,4773156327,81944334793.508910,46106904370.388822,108324695805.532320,236375934969.430052,11265695,2906995,11355777,25528467
2024-04-03,MIAX Pearl (H),57924774,69105481,77341955,204372210,1594527218.822800,3096840548.460900,2362018609.472199,7053386376.755899,495994,240695,480261,1216950
2024-04-03,EDGA Equities (J),75709834,49777970,71370383,196858187,2012006066.435700,1843859314.552700,2121493887.613700,5977359268.602100,756474,219204,652160,1627838
2024-04-03,EDGX Equities (K),146112227,107379810,312730731,566222768,5959069397.324598,6018749351.059299,12051674841.767694,24029493590.151591,1428551,511770,1746377,3686698
2024-04-03,LTSE (L),51254,259135,45375,355764,3814467.130000,13229207.730000,3125137.040000,20168811.900000,456,204,141,801
2024-04-03,NYSE Chicago (M),10713933,13263870,17205455,41183258,1240916511.996200,1502438250.480700,2121772780.928300,4865127543.405200,87780,5035,77456,170271
2024-04-03,NYSE (N),939016065,61469563,86662256,1087147884,51616788824.792304,3888790439.014799,3432535206.780900,58938114470.588003,3347512,240853,578076,4166441
2024-04-03,NYSE Arca (P),170534396,378106412,580241743,1128882551,7778895916.736497,23638955958.373214,16275119407.284007,47692971282.393718,2018517,1486066,3250434,6755017
2024-04-03,NASDAQ (Q),400317400,198566343,1108187068,1707070811,21871650400.617506,16017074117.833687,66411610312.727120,104300334831.178313,6160873,1317992,7925769,15404634
2024-04-03,Members Exchange (U),84397958,59692222,118230402,262320582,3213534691.491300,3338234981.143600,4557884476.463004,11109654149.097904,922628,318680,901359,2142667
2024-04-03,Investors Exchange (V),97576274,30558636,80822571,208957481,6161936977.652000,1787672149.474500,5124674562.571500,13074283689.698000,1329734,181403,1020076,2531213
2024-04-03,NASDAQ PSX (X),7440760,9269199,10734674,27444633,413351060.576300,828299925.736700,617297567.818700,1858948554.131700,107537,41564,108231,257332
2024-04-03,BYX Equities (Y),30162567,29626750,38366152,98155469,915947336.894400,1139529991.396400,1119444931.671300,3174922259.962100,299331,113012,293216,705559
2024-04-03,BZX Equities (Z),173971324,114355824,203256246,491583394,8310145321.789998,7965107624.510500,10880116799.174999,27155369745.475497,2408865,599662,2077054,5085581
2024-04-02,NYSE American (A),6228781,27481297,5055535,38765613,267764483.439200,370142228.585900,218693621.770000,856600333.795100,72636,79151,53345,205132
2024-04-02,NASDAQ BX (B),13561923,11642125,15361250,40565298,849745917.919800,583294741.084600,1019577517.981200,2452618176.985600,193593,67097,189901,450591
2024-04-02,NYSE National (C),15157223,12049805,16112855,43319883,491730023.018000,427821794.033200,462884033.707700,1382435850.758900,205947,58087,160929,424963
2024-04-02,FINRA / Nasdaq TRF Chicago (DB),5229831,2985145,12711000,20925976,244993820.727500,107448362.130000,1168146349.009300,1520588531.866800,30492,8714,70889,110095
2024-04-02,FINRA / NYSE TRF (DN),58275324,78362099,169874742,306512165,2018914466.984900,1627912346.778800,5418727702.589300,9065554516.353000,300256,157984,555966,1014206
2024-04-02,FINRA / Nasdaq TRF Carteret (DQ),1538445019,1085532379,2146334954,4770312352,85284415160.440430,58737563220.070687,113950557019.253230,257972535399.764347,11738142,3407193,11936862,27082197
2024-04-02,MIAX Pearl (H),60357018,74961322,73839560,209157900,1648779871.123500,3470143626.178300,2535830583.468500,7654754080.770300,533830,288844,496333,1319007
2024-04-02,EDGA Equities (J),79902690,56137062,67220988,203260740,2156376460.366400,2069856612.727200,2163641988.465500,6389875061.559100,787889,251599,684526,1724014
2024-04-02,EDGX Equities (K),149829308,136233768,256164359,542227435,6138629119.351700,6815649348.312500,12849548224.564305,25803826692.228505,1490196,644038,1830399,3964633
2024-04-02,LTSE (L),47148,555311,14718,617177,4218845.840000,15311768.180000,938003.830000,20468617.850000,411,499,172,1082
2024-04-02,NYSE Chicago (M),17431473,13799912,17717084,48948469,1454896680.682100,1763573417.974399,2659119454.521600,5877589553.178099,91983,5673,80801,178457
2024-04-02,NYSE (N),1026935295,65255546,83534721,1175725562,55732438614.766395,4266810457.706701,3658783924.158199,63658032996.631295,3282085,267772,608937,4158794
2024-04-02,NYSE Arca (P),170544051,446451428,422658004,1039653483,8250297351.525797,25079263059.558291,17279746179.876796,50609306590.960884,1972120,1758039,3248969,6979128
2024-04-02,NASDAQ (Q),411974317,209916261,1133584744,1755475322,22896774284.764306,17775952036.268097,70378360518.881245,111051086839.913648,6077186,1443669,8077290,15598145
2024-04-02,Members Exchange (U),92276959,67613554,111068991,270959504,3666837388.577700,3743301301.808701,4985318147.362699,12395456837.749100,1035491,377255,969926,2382672
2024-04-02,Investors Exchange (V),109870006,29637702,84520597,224028305,6716966116.094601,1939507308.964900,5185485468.010899,13841958893.070400,1395230,190621,1081757,2667608
2024-04-02,NASDAQ PSX (X),8052825,8697116,10157518,26907459,479756438.083900,809365371.266200,555029704.171900,1844151513.522000,125366,44201,113465,283032
2024-04-02,BYX Equities (Y),31457375,30958891,35316130,97732396,952661733.311500,1220384544.297500,1136942194.237300,3309988471.846300,304809,124626,303832,733267
2024-04-02,BZX Equities (Z),177598976,123495943,194421914,495516833,9218621765.130502,8916119075.150603,11368028895.106409,29502769735.387514,2459146,691194,2135187,5285527
2024-04-01,NYSE American (A),5452001,20547321,4765380,30764702,219347811.598000,286519668.234500,205607114.333300,711474594.165800,67850,64409,52101,184360
2024-04-01,NASDAQ BX (B),10698626,13469154,14753105,38920885,610569289.994700,628589513.372900,854169755.130300,2093328558.497900,166834,66754,169176,402764
2024-04-01,NYSE National (C),12789903,11340227,13194485,37324615,380392535.910600,424324671.965100,417734109.576500,1222451317.452200,189513,56697,146071,392281
2024-04-01,FINRA / Nasdaq TRF Chicago (DB),39771891,8750790,28060784,76583465,2009321609.243600,339555150.370300,2111397205.651800,4460273965.265700,28686,8750,69265,106701
2024-04-01,FINRA / NYSE TRF (DN),53892194,44904212,193827804,292624210,1618056785.266300,1426313469.622300,6461982171.859200,9506352426.747800,307074,148694,588447,1044215
2024-04-01,FINRA / Nasdaq TRF Carteret (DQ),1324978521,872549301,2187573570,4385101392,74409220840.493912,52762028249.920331,112362362705.530957,239533611795.945200,10659514,3552910,12105682,26318106
2024-04-01,MIAX Pearl (H),57419712,66391242,84092218,207903172,1519091251.809700,2834425410.651999,2748468283.080303,7101984945.542002,491331,238022,541203,1270556
2024-04-01,EDGA Equities (J),65873750,52422600,65761247,184057597,1749332644.440100,2114795456.536400,2138293790.961501,6002421891.938001,710850,233435,672674,1616959
2024-04-01,EDGX Equities (K),143470748,101649238,286224310,531344296,5497400394.116500,5569826933.801899,13344472609.186295,24411699937.104694,1410777,551466,1849843,3812086
2024-04-01,LTSE (L),22779,498305,66415,587499,1549706.938800,18167756.471100,2752283.330000,22469746.739900,246,358,227,831
2024-04-01,NYSE Chicago (M),16026707,15274510,12833727,44134944,1114145367.566400,5276427971.900099,1790625077.713301,8181198417.179800,80246,5058,83655,168959
2024-04-01,NYSE (N),815215742,61680080,84919608,961815430,42726575733.493310,3797819234.419101,3493130625.942400,50017525593.854811,3046519,243783,589692,3879994
2024-04-01,NYSE Arca (P),155372447,365618513,482142900,1003133860,7000027990.629298,22854129349.912398,16663628378.116599,46517785718.658295,1916831,1550733,3307678,6775242
2024-04-01,NASDAQ (Q),357697540,181201505,1041931088,1580830133,18755643555.080804,14797359286.873799,64272556641.192129,97825559483.146732,5625007,1277680,7994688,14897375
2024-04-01,Members Exchange (U),82838313,57939059,110847008,251624380,3061980703.802900,3193484583.621801,4706401429.401497,10961866716.826198,912730,332605,950649,2195984
2024-04-01,Investors Exchange (V),87425853,28835367,77906492,194167712,5268945960.939800,1860314527.789700,4666018889.812900,11795279378.542400,1194876,175362,987372,2357610
2024-04-01,NASDAQ PSX (X),6941755,9193930,10655541,26791226,352146379.642600,845036972.365301,629963954.416600,1827147306.424501,117076,41704,113704,272484
2024-04-01,BYX Equities (Y),25178843,28390535,35278239,88847617,754626152.149300,1173276645.229400,1138261883.401600,3066164680.780300,272024,116203,297625,685852
2024-04-01,BZX Equities (Z),153245417,109976611,189051814,452273842,7234548988.313702,7294470730.462704,10891325831.400701,25420345550.177107,2210619,598288,2068667,4877574
2024-03-28,NYSE American (A),5548123,25018233,5669169,36235525,204571727.747100,359999124.346700,196183838.740100,760754690.833900,60316,64725,49951,174992
2024-03-28,NASDAQ BX (B),11372529,10732286,13278933,35383748,617053908.152500,614551980.168800,771621183.652100,2003227071.973400,160735,55905,154599,371239
2024-03-28,NYSE National (C),15164408,10473654,15008621,40646683,481072904.851900,394056180.802400,470932609.121500,1346061694.775800,206042,55158,153918,415118
2024-03-28,FINRA / Nasdaq TRF Chicago (DB),5703458,2240502,11981759,19925719,255534192.387700,103780778.649900,1019035973.150400,1378350944.188000,28632,7425,64829,100886
2024-03-28,FINRA / NYSE TRF (DN),64744482,41680988,198693059,305118529,2003492629.317300,1405037900.503600,6611040903.660398,10019571433.481298,325486,127398,568876,1021760
2024-03-28,FINRA / Nasdaq TRF Carteret (DQ),1534097008,853274412,2256975015,4644346435,81017447858.895306,59379449661.766786,114259453372.134563,254656350892.796655,9910572,2798277,10829467,23538316
2024-03-28,MIAX Pearl (H),58247307,58912314,87769181,204928802,1511200118.476400,2794671780.495100,2389546168.561900,6695418067.533400,504507,215117,532499,1252123
2024-03-28,EDGA Equities (J),76194426,42123957,69584902,187903285,2060067603.719600,1830761589.446100,2083351014.714500,5974180207.880200,763167,198381,671080,1632628
2024-03-28,EDGX Equities (K),153953953,93934511,289126422,537014886,5758317493.895998,6083318513.403398,12673584139.443099,24515220146.742495,1398747,489562,1767205,3655514
2024-03-28,LTSE (L),94671,224599,860865,1180135,3174973.350000,5127742.090000,10956025.760000,19258741.200000,420,396,909,1725
2024-03-28,NYSE Chicago (M),15226572,18377408,13373156,46977136,1461685577.312000,3985385385.631800,2791467588.952100,8238538551.895900,81652,4843,76721,163216
2024-03-28,NYSE (N),1186632774,52309909,91911855,1330854538,63676539158.232309,3601516403.049400,3508801972.649500,70786857533.931209,3146922,218959,609025,3974906
2024-03-28,NYSE Arca (P),178767690,344554529,467990805,991313024,7595825018.169403,25345605347.974996,16565403212.682691,49506833578.827090,2032535,1429876,3169752,6632163
2024-03-28,NASDAQ (Q),386323003,172812321,1329398038,1888533362,20351936771.702796,16321796506.855791,80996369245.775719,117670102524.334306,5878449,1218035,7887895,14984379
2024-03-28,Members Exchange (U),90874948,52405365,129011069,272291382,3474061154.482300,3202354163.011300,5213746297.159403,11890161614.653003,1026058,304096,1047574,2377728
2024-03-28,Investors Exchange (V),95454239,29741569,84230682,209426490,5547458009.978500,2165191061.083700,4941693294.803799,12654342365.865999,1245964,179360,1031011,2456335
2024-03-28,NASDAQ PSX (X),7926793,7290263,10606825,25823881,476064292.827100,680448827.905800,641152270.214500,1797665390.947400,124989,35920,113413,274322
2024-03-28,BYX Equities (Y),28295913,25330559,39236120,92862592,854258668.107900,1146288402.328400,1180131584.783800,3180678655.220100,288120,107120,308375,703615
2024-03-28,BZX Equities (Z),165757789,102655302,205266859,473679950,8181428590.643801,8439838154.275298,11125863812.812800,27747130557.731899,2343690,577007,2111274,5031971
2024-03-27,NYSE American (A),5589889,19839649,4987784,30417322,247020747.328900,294746150.884200,253136297.262300,794903195.475400,67724,68560,51053,187337
2024-03-27,NASDAQ BX (B),12469056,9995208,14513959,36978223,644150920.604600,520661054.718400,905178502.854500,2069990478.177500,176260,54688,157417,388365
2024-03-27,NYSE National (C),16643953,10792183,15153355,42589491,497676005.673400,336765432.303100,475445773.390100,1309887211.366600,226531,52766,157601,436898
2024-03-27,FINRA / Nasdaq TRF Chicago (DB),5239529,2493258,12127243,19860030,243141722.062300,94674262.567500,1332060305.523601,1669876290.153401,29635,8740,73126,111501
2024-03-27,FINRA / NYSE TRF (DN),65585467,51155087,188243034,304983588,1990056427.847600,1996492522.870100,7994080184.575000,11980629135.292700,316661,138789,549089,1004539
2024-03-27,FINRA / Nasdaq TRF Carteret (DQ),1528983315,840343474,2148014668,4517341457,76748847528.018592,50940831542.571283,122508093847.865249,250197772918.455124,10120195,2836852,10823164,23780211
2024-03-27,MIAX Pearl (H),64118681,71106159,82530433,217755273,1655845453.049400,3268889074.664399,2708473861.990700,7633208389.704499,562229,253335,520798,1336362
2024-03-27,EDGA Equities (J),82291886,43178775,70718211,196188872,2171547452.857900,1710307417.253800,2360993176.417499,6242848046.529199,826365,198908,687392,1712665
2024-03-27,EDGX Equities (K),162547216,107044133,271335794,540927143,5794434438.596101,6066467006.246398,14338259189.994294,26199160634.836793,1427226,543138,1761158,3731522
2024-03-27,LTSE (L),58503,302465,645562,1006530,5962615.150000,9996089.570000,11810633.140000,27769337.860000,555,374,479,1408
2024-03-27,NYSE Chicago (M),20308156,12905977,16830833,50044966,1585432658.076799,2419017150.147200,2354781679.926200,6359231488.150199,85305,5337,82994,173636
2024-03-27,NYSE (N),953917117,56383941,89498308,1099799366,50858566492.534706,3723359889.471800,3865171708.963200,58447098090.969706,3248308,219681,599548,4067537
2024-03-27,NYSE Arca (P),185506621,371289159,425989326,982785106,7539627563.068100,25013402844.964788,17883384873.761390,50436415281.794278,2103651,1560435,3144941,6809027
2024-03-27,NASDAQ (Q),405951014,184461383,1094210330,1684622727,21275868376.127498,17054743709.675616,72338418779.278421,110669030865.081535,6117511,1306357,8107268,15531136
2024-03-27,Members Exchange (U),99999916,59098430,127112435,286210781,3679312640.569900,3403615217.483601,5257935675.382304,12340863533.435805,1115293,332586,1061787,2509666
2024-03-27,Investors Exchange (V),105609950,29775437,84468068,219853455,5828279497.180400,2098135208.691000,5363135062.232097,13289549768.103497,1326547,178706,1044976,2550229
2024-03-27,NASDAQ PSX (X),8418868,7877023,10218283,26514174,457329654.861000,793478398.112300,644526328.715500,1895334381.688800,127728,36690,110636,275054
2024-03-27,BYX Equities (Y),30130302,26542907,34310714,90983923,827778131.795400,1018473914.052500,1147321960.168100,2993574006.016000,284592,106380,274277,665249
2024-03-27,BZX Equities (Z),171629859,105462568,193507242,470599669,8163692622.054801,8342801477.926903,11753519552.510799,28260013652.492503,2397762,601830,2100414,5100006
2024-03-26,NYSE American (A),6107858,15737357,6337385,28182600,283836865.097800,286256283.136600,310071529.301100,880164677.535500,87874,57250,68907,214031
2024-03-26,NASDAQ BX (B),11377709,9383538,14900042,35661289,630566144.000900,437883717.695400,1060773637.132300,2129223498.828600,189596,48393,194821,432810
2024-03-26,NYSE National (C),14012179,9403821,13935686,37351686,462169964.985500,311739933.025900,507127732.323200,1281037630.334600,227246,43632,160472,431350
2024-03-26,FINRA / Nasdaq TRF Chicago (DB),5015454,1557260,12873087,19445801,257549589.285400,70077584.878800,1344263196.553301,1671890370.717501,31255,5747,79459,116461
2024-03-26,FINRA / NYSE TRF (DN),64845861,41334424,221962499,328142784,2121588117.673500,1081841410.580600,7255083853.390895,10458513381.644995,296940,113500,599650,1010090
2024-03-26,FINRA / Nasdaq TRF Carteret (DQ),1434337209,783923125,2324074867,4542335201,74836479720.386118,48332697066.851983,121181831070.039333,244351007857.277434,9756118,2531341,11027679,23315138
2024-03-26,MIAX Pearl (H),53339105,51971296,76501408,181811809,1443924350.243200,2417453563.259200,2539752397.253900,6401130310.756300,506340,185341,510799,1202480
2024-03-26,EDGA Equities (J),68755839,35922178,66069518,170747535,1987827265.580500,1376322962.962400,2292620790.325599,5656771018.868499,769354,170952,681013,1621319
2024-03-26,EDGX Equities (K),142133947,85901279,318355725,546390951,5541455477.925002,5096686286.506798,15228878416.877797,25867020181.309597,1372833,423980,1871537,3668350
2024-03-26,LTSE (L),50428,251950,179094,481472,4871639.350000,6671879.000000,7936741.320000,19480259.670000,436,237,451,1124
2024-03-26,NYSE Chicago (M),10134169,12649352,20958534,43742055,1079831176.542100,3000448063.156900,2236541766.207200,6316821005.906200,74549,4751,73953,153253
2024-03-26,NYSE (N),880705832,47028977,86719905,1014454714,50960415080.758404,3149185341.499500,3630026519.439901,57739626941.697805,3007703,198186,585840,3791729
2024-03-26,NYSE Arca (P),169333677,291646113,532275711,993255501,7786803536.970001,20313531138.858196,18084985127.768608,46185319803.596805,2008132,1253840,3276701,6538673
2024-03-26,NASDAQ (Q),362441040,145234154,1104274694,1611949888,19302769892.316991,13383903816.911105,74539654707.058447,107226328416.286543,5528081,1054881,8137983,14720945
2024-03-26,Members Exchange (U),85832989,50068758,126808252,262709999,3293143196.089800,2810519214.937398,5302657260.643801,11406319671.670999,1013347,277088,1059418,2349853
2024-03-26,Investors Exchange (V),97689996,24216835,83090232,204997063,5651436289.066899,1800759627.005300,5273070247.207098,12725266163.279297,1338241,151759,1083915,2573915
2024-03-26,NASDAQ PSX (X),9505163,6747091,11402099,27654353,488389726.038700,504120144.383400,768172224.916600,1760682095.338700,136191,29715,127432,293338
2024-03-26,BYX Equities (Y),27004526,21483912,39568404,88056842,864093428.646400,870991632.894600,1323326229.413200,3058411290.954200,292754,85009,297184,674947
2024-03-26,BZX Equities (Z),150119552,85328973,197151024,432599549,7560000126.902101,6688808001.517002,11699361812.464999,25948169940.884102,2200171,504976,2090668,4795815
2024-03-25,NYSE American (A),6248187,19859488,5125694,31233369,254842061.212300,259941456.450400,247259369.542100,762042887.204800,69444,63868,55887,189199
2024-03-25,NASDAQ BX (B),9973562,7836833,13106258,30916653,652159841.124200,411339733.230700,930246870.505600,1993746444.860500,165614,46362,170876,382852
2024-03-25,NYSE National (C),12853969,9414722,13496855,35765546,473386507.600700,269206047.928600,505980157.883400,1248572713.412700,207335,45604,161440,414379
2024-03-25,FINRA / Nasdaq TRF Chicago (DB),5309573,1984018,14027438,21321029,242808238.767100,79194079.391500,1461161741.085499,1783164059.244099,29492,6328,80651,116471
2024-03-25,FINRA / NYSE TRF (DN),61812507,51088415,194487551,307388473,2006265487.449700,1145720246.980900,7365431774.474797,10517417508.905397,294097,132756,588100,1014953
2024-03-25,FINRA / Nasdaq TRF Carteret (DQ),1372452340,749360169,2085161541,4206974050,76344848239.355229,41255294780.526310,117562354440.563731,235162497460.445270,9336249,2719477,10922494,22978220
2024-03-25,MIAX Pearl (H),50621008,54582511,74288908,179492427,1288881557.466600,2482790847.316600,2449487566.841999,6221159971.625199,437067,198792,490400,1126259
2024-03-25,EDGA Equities (J),63274412,32392737,62561874,158229023,1747874136.365700,1218615574.177500,1939014192.254500,4905503902.797700,695069,157770,641439,1494278
2024-03-25,EDGX Equities (K),136480655,85215980,292494489,514191124,5132821178.164798,4483822921.125801,14732526696.428589,24349170795.719188,1274738,426114,1764942,3465794
2024-03-25,LTSE (L),489455,79761,206526,775742,6593609.759400,4398736.550000,14080881.690000,25073227.999400,735,120,309,1164
2024-03-25,NYSE Chicago (M),12001744,11377148,19798224,43177116,1256057929.295900,1157186110.002100,2439430769.390999,4852674808.688999,75115,4073,76593,155781
2024-03-25,NYSE (N),812636072,48179854,86917146,947733072,46125172916.989501,3065979511.469400,3575422037.723700,52766574466.182601,2814306,188094,551592,3553992
2024-03-25,NYSE Arca (P),163392363,296487217,474399717,934279297,6682024121.069704,18383999720.123300,17248946114.046302,42314969955.239306,1754462,1262533,3073332,6090327
2024-03-25,NASDAQ (Q),345527113,142771700,986323682,1474622495,17921885768.933205,12380437003.079200,66767658484.407898,97069981256.420303,5153832,1042638,7545561,13742031
2024-03-25,Members Exchange (U),75910921,42692918,108848736,227452575,2908531233.534500,2465811157.837499,4706811250.261300,10081153641.633299,895627,256678,948819,2101124
2024-03-25,Investors Exchange (V),90555838,22525449,74555942,187637229,5361706929.110999,1579506278.789700,4909294070.657701,11850507278.558400,1202479,152709,986384,2341572
2024-03-25,NASDAQ PSX (X),9624038,6217439,11028401,26869878,521035897.988800,487572658.647900,705773226.598500,1714381783.235200,134560,30229,123219,288008
2024-03-25,BYX Equities (Y),24376622,19514431,33131596,77022649,770659867.286500,798392419.530600,1087765861.443200,2656818148.260300,261666,84427,271110,617203
2024-03-25,BZX Equities (Z),145987443,86826645,190997532,423811620,7162869898.789403,6250027544.232699,10703698478.046405,24116595921.068507,2099277,506251,1974178,4579706
2024-03-22,NYSE American (A),6186890,18425041,5573292,30185223,264092013.691200,306237999.070400,283417536.597600,853747549.359200,71002,62799,57554,191355
2024-03-22,NASDAQ BX (B),11066353,10416669,13838717,35321739,655158494.155600,447821839.346400,937782261.815400,2040762595.317400,174315,50546,168672,393533
2024-03-22,NYSE National (C),14341163,10366137,13660399,38367699,425901221.157000,257673685.239400,455258465.812100,1138833372.208500,211206,45461,152044,408711
2024-03-22,FINRA / Nasdaq TRF Chicago (DB),4855583,1991383,11801924,18648890,222814091.063100,79947547.013100,1317434753.506599,1620196391.582799,26639,6333,69200,102172
2024-03-22,FINRA / NYSE TRF (DN),64839353,46485119,176592487,287916959,1746993905.582000,2233711530.679000,7244162492.711498,11224867928.972498,282399,116628,542967,941994
2024-03-22,FINRA / Nasdaq TRF Carteret (DQ),1398328802,717180174,1980245274,4095754250,72000774221.495724,51699927998.328115,114466311362.499877,238167013582.323716,9383324,2530845,10405601,22319770
2024-03-22,MIAX Pearl (H),49055562,52250742,68108238,169414542,1223444199.100300,2322877400.727100,2231121162.616900,5777442762.444300,426967,185590,443235,1055792
2024-03-22,EDGA Equities (J),61892449,33468341,62072055,157432845,1718361583.150700,1255159609.314000,1942422478.910500,4915943671.375200,709234,158862,649554,1517650
2024-03-22,EDGX Equities (K),132800190,88117096,259581857,480499143,5209420421.936000,5229075943.122097,14335590913.799292,24774087278.857389,1283592,435010,1709078,3427680
2024-03-22,LTSE (L),168724,637978,19529,826231,4937201.460000,18099638.850000,1857701.850000,24894542.160000,352,694,133,1179
2024-03-22,NYSE Chicago (M),13007623,14625261,19433026,47065910,1301305609.581100,1717976085.182600,2540011520.519300,5559293215.283000,81161,4848,78821,164830
2024-03-22,NYSE (N),841950344,47459090,81082469,970491903,46871007426.967399,3148270157.997999,3517280303.457300,53536557888.422698,2905437,199160,545827,3650424
2024-03-22,NYSE Arca (P),154601235,306040520,386941551,847583306,6945512614.414098,20881901094.925911,17148809789.647587,44976223498.987596,1755492,1241979,2997439,5994910
2024-03-22,NASDAQ (Q),348246293,155883854,966533908,1470664055,18485754114.931204,14074058807.719403,67897418142.297557,100457231064.948164,5294113,1081886,7397459,13773458
2024-03-22,Members Exchange (U),76828932,41879804,101868030,220576766,2938894204.777200,2501832065.812300,5147940786.089100,10588667056.678600,922382,244691,942742,2109815
2024-03-22,Investors Exchange (V),91965781,21303592,70899935,184169308,5465167741.990400,1460006981.723800,5018966725.633300,11944141449.347500,1287546,139250,999501,2426297
2024-03-22,NASDAQ PSX (X),7442378,6454676,10121648,24018702,483730490.081300,555352796.869400,769176498.230700,1808259785.181400,127721,30177,119836,277734
2024-03-22,BYX Equities (Y),26256205,23161975,34438020,83856200,790703483.452100,868813624.573900,1097001148.687000,2756518256.713000,283930,88980,280349,653259
2024-03-22,BZX Equities (Z),159795140,89864219,184150158,433809517,7421371658.926399,6955486506.574701,11749512959.912506,26126371125.413606,2094868,508704,1937981,4541553
2024-03-21,NYSE American (A),7728958,19403980,7118595,34251533,336075518.452200,307252626.040500,347098127.775500,990426272.268200,90066,62617,74206,226889
2024-03-21,NASDAQ BX (B),13045462,11704214,15780051,40529727,741867550.436900,562351529.380700,1108696319.567700,2412915399.385300,189063,54882,186599,430544
2024-03-21,NYSE National (C),16814804,14062998,15967027,46844829,491119357.499200,356539108.476100,581117890.387000,1428776356.362300,219539,57535,173764,450838
2024-03-21,FINRA / Nasdaq TRF Chicago (DB),6274540,2576550,14726166,23577256,326263590.766100,105141249.036500,1477159263.467000,1908564103.269600,36443,7396,77523,121362
2024-03-21,FINRA / NYSE TRF (DN),82098258,49054765,186546890,317699913,2199348447.844900,1824254497.801200,7633988342.433902,11657591288.080002,340201,140000,592732,1072933
2024-03-21,FINRA / Nasdaq TRF Carteret (DQ),1738460116,831827691,2333903145,4904190952,89400282182.223874,48940076515.037922,132469751522.402207,270810110219.664003,10697200,2842153,11802593,25341946
2024-03-21,MIAX Pearl (H),65559875,64498278,88132085,218190238,1728043131.029700,2972679145.845100,2933194692.652799,7633916969.527599,580112,241149,585660,1406921
2024-03-21,EDGA Equities (J),81871246,41120357,74770331,197761934,2298371502.958800,1565127903.145300,2443216256.982401,6306715663.086501,875402,190221,754091,1819714
2024-03-21,EDGX Equities (K),180947408,106408237,304450428,591806073,7155787258.813303,6184700550.919401,17272882829.580101,30613370639.312805,1667344,561837,2083240,4312421
2024-03-21,LTSE (L),152158,155756,455158,763072,5667968.350000,3654017.320000,32339593.720000,41661579.390000,410,249,585,1244
2024-03-21,NYSE Chicago (M),19605132,19808351,21349586,60763069,1552246870.748000,2085897703.545500,3230569041.995700,6868713616.289200,109462,4999,102874,217335
2024-03-21,NYSE (N),1019738637,60884998,92967062,1173590697,57316334868.606106,4071790728.884098,4304798506.178600,65692924103.668804,3520990,262528,723661,4507179
2024-03-21,NYSE Arca (P),201434371,359077219,488355239,1048866829,9314971566.123401,23448041655.267600,22059222330.923310,54822235552.314311,2245791,1573694,3664239,7483724
2024-03-21,NASDAQ (Q),444117774,192395710,1171533259,1808046743,24194065071.356896,16277817564.728493,82820455819.736580,123292338455.821969,6454662,1405637,8999269,16859568
2024-03-21,Members Exchange (U),103665599,52860970,124288087,280814656,4038115116.933200,3288678696.396500,6128743558.382601,13455537371.712301,1284671,346484,1249837,2880992
2024-03-21,Investors Exchange (V),114467787,26552013,92587523,233607323,6972478529.870100,1926997273.114000,6419670166.250300,15319145969.234400,1497618,171930,1198438,2867986
2024-03-21,NASDAQ PSX (X),8015894,7617515,11305076,26938485,480347522.507800,649955743.300900,758974025.384600,1889277291.193300,129633,36107,126182,291922
2024-03-21,BYX Equities (Y),33548857,27924827,40144105,101617789,1055125648.410700,1078361390.103300,1486878635.996700,3620365674.510700,347432,107932,347781,803145
2024-03-21,BZX Equities (Z),193495897,111009064,232455574,536960535,9920041305.761799,8209996711.878203,14225243005.480095,32355281023.120097,2702575,664741,2460452,5827768
2024-03-20,NYSE American (A),7874128,19364390,6925819,34164337,300122496.672000,338416728.616000,326411229.419000,964950454.707000,86353,73355,72500,232208
2024-03-20,NASDAQ BX (B),13111643,12750108,14122378,39984129,642635881.925200,658748888.213000,910109020.887200,2211493791.025400,168281,67430,166017,401728
2024-03-20,NYSE National (C),17301215,13314167,15518028,46133410,455666645.625700,459475059.485400,541264989.951700,1456406695.062800,203204,64822,165642,433668
2024-03-20,FINRA / Nasdaq TRF Chicago (DB),6110079,2990568,13809333,22909980,286227625.813300,115271050.420200,1378334773.817800,1779833450.051300,28326,6510,74795,109631
2024-03-20,FINRA / NYSE TRF (DN),83831161,49605767,200009469,333446397,1897590666.936700,1992217210.075800,7258283743.791594,11148091620.804094,284911,126252,556002,967165
2024-03-20,FINRA / Nasdaq TRF Carteret (DQ),1613020303,835697565,2332357701,4781075569,78204441204.035890,48299583619.198119,121091103803.410222,247595128626.644231,9625137,2814693,11175588,23615418
2024-03-20,MIAX Pearl (H),69205517,79821995,99892723,248920235,1590934200.822000,3692237786.533099,3012332987.943800,8295504975.298899,554722,286250,589004,1429976
2024-03-20,EDGA Equities (J),84998944,52293295,75586000,212878239,2100865261.474700,1994196846.277100,2378016555.450499,6473078663.202299,818135,239918,727237,1785290
2024-03-20,EDGX Equities (K),181287579,126879216,347895474,656062269,6259184588.714801,7174128493.925407,15751125075.569895,29184438158.210103,1515878,701107,2100281,4317266
2024-03-20,LTSE (L),108408,528770,206787,843965,4137335.280000,13224930.050000,8915523.602300,26277788.932300,442,303,520,1265
2024-03-20,NYSE Chicago (M),21122791,16430757,21224639,58778187,2075300707.885000,1594429686.070500,3295702675.546598,6965433069.502098,110070,5520,105380,220970
2024-03-20,NYSE (N),959149498,72014553,106038592,1137202643,50227968168.254194,4540365301.938301,4529250261.430500,59297583731.622995,3476955,281553,726462,4484970
2024-03-20,NYSE Arca (P),209736915,442090205,597723620,1249550740,8267774680.191996,28513796272.458808,22856393920.022300,59637964872.673104,2163987,1878205,3725757,7767949
2024-03-20,NASDAQ (Q),441914215,245971388,1168775272,1856660875,21985163439.999802,20676915240.016506,75031872697.548690,117693951377.564998,6315862,1786619,9002606,17105087
2024-03-20,Members Exchange (U),107992123,67200379,134299307,309491809,3688455431.951200,3914046700.061198,6049357353.274301,13651859485.286699,1205950,426127,1220735,2852812
2024-03-20,Investors Exchange (V),105517954,29577292,85912182,221007428,5987569121.229699,2063758227.049500,5719010444.422200,13770337792.701399,1354013,183676,1118300,2655989
2024-03-20,NASDAQ PSX (X),8882353,9311412,11918661,30112426,467394658.683900,745399675.908500,875429996.193500,2088224330.785900,120183,44089,126850,291122
2024-03-20,BYX Equities (Y),35031471,28152901,41124587,104308959,1041606517.458200,1196745278.484800,1392117995.978000,3630469791.921000,336063,111644,342931,790638
2024-03-20,BZX Equities (Z),201140081,136736663,229663706,567540450,8736122280.127200,9479336102.627800,12895342044.754997,31110800427.509997,2574286,827576,2397431,5799293
2024-03-19,NYSE American (A),6280910,19158312,5224432,30663654,215315357.549700,334885087.888000,257806973.493300,808007418.931000,69098,65759,55233,190090
2024-03-19,NASDAQ BX (B),12444640,10055560,13803155,36303355,614965276.794200,515305393.123900,951685505.330800,2081956175.248900,173739,51579,166287,391605
2024-03-19,NYSE National (C),15716033,9543826,15223101,40482960,463325187.400700,302887338.348400,620411472.955700,1386623998.704800,209909,52834,167748,430491
2024-03-19,FINRA / Nasdaq TRF Chicago (DB),5480792,2772096,13067583,21320471,218726975.685700,101320170.091700,1554950073.491800,1874997219.269200,26721,7189,79763,113673
2024-03-19,FINRA / NYSE TRF (DN),88497947,47567851,172363449,308429247,2037521604.927100,1895801014.310000,7486476156.503604,11419798775.740704,277294,129445,545706,952445
2024-03-19,FINRA / Nasdaq TRF Carteret (DQ),1575535712,787056957,2101371999,4463964668,73842906886.408313,43323864331.524096,122393159711.893119,239559930929.825528,9446595,2668150,10972336,23087081
2024-03-19,MIAX Pearl (H),60095787,65120455,81843266,207059508,1433440421.178900,2872257953.871100,2920811729.391300,7226510104.441300,499056,235885,524387,1259328
2024-03-19,EDGA Equities (J),75634855,54621513,65605079,195861447,1854360542.250700,1459392280.778300,2088120192.509499,5401873015.538499,756696,197810,647546,1602052
2024-03-19,EDGX Equities (K),163074680,103392555,276940293,543407528,5209203271.372400,5720716950.328699,15370108298.070305,26300028519.771404,1399598,557950,1920220,3877768
2024-03-19,LTSE (L),86632,261490,75711,423833,5172729.440000,5590121.480000,5480551.006500,16243401.926500,722,243,367,1332
2024-03-19,NYSE Chicago (M),17116349,15837319,17457156,50410824,1589854100.571700,1822290081.241800,3070006917.816301,6482151099.629801,89479,5964,85716,181159
2024-03-19,NYSE (N),1091242185,55696827,88276237,1235215249,58644922816.565692,3568386439.224100,3984442984.254801,66197752240.044593,3157558,224533,642153,4024244
2024-03-19,NYSE Arca (P),193731125,355156794,469877708,1018765627,7163378078.525199,22863235443.414292,19561648855.385705,49588262377.325196,2020094,1551853,3328769,6900716
2024-03-19,NASDAQ (Q),404511804,178131998,1143782398,1726426200,19497365606.988902,14886432081.058602,79333773075.448981,113717570763.496485,5718366,1303177,8287181,15308724
2024-03-19,Members Exchange (U),93235599,51750780,112367347,257353726,3182710065.434500,2972527163.096701,5606184796.420302,11761422024.951503,1063125,315089,1080560,2458774
2024-03-19,Investors Exchange (V),103181606,26174899,83656296,213012801,5756576349.187400,1648483296.761100,5768463326.991299,13173522972.939799,1395056,165252,1120836,2681144
2024-03-19,NASDAQ PSX (X),8560973,7509503,10828208,26898684,492776129.608900,651076360.681900,794598580.423600,1938451070.714400,131095,36886,127644,295625
2024-03-19,BYX Equities (Y),32738279,23560914,38409996,94709189,846446419.048600,892084200.968400,1275266254.258800,3013796874.275800,305900,96761,311798,714459
2024-03-19,BZX Equities (Z),175876040,104135803,193484150,473495993,7641497411.318199,7664747741.966298,12290758531.379893,27597003684.664390,2351552,613458,2175601,5140611
2024-03-18,NYSE American (A),7070882,25050579,6711331,38832792,318479321.529900,299543169.197000,382133257.286400,1000155748.013300,86068,75861,70351,232280
2024-03-18,NASDAQ BX (B),11855230,10529144,14993728,37378102,635785336.261000,560843475.697000,1089588328.350700,2286217140.308700,182009,54858,189072,425939
2024-03-18,NYSE National (C),15617894,9246128,14788507,39652529,476810352.036200,306846000.975400,619607019.057600,1403263372.069200,222638,46527,179943,449108
2024-03-18,FINRA / Nasdaq TRF Chicago (DB),6054340,3131208,13974942,23160490,280795754.067800,96056575.482700,1603826147.547302,1980678477.097802,27064,6953,83629,117646
2024-03-18,FINRA / NYSE TRF (DN),86301996,68483572,198002533,352788101,2065126712.431800,2102079678.983199,9314579013.874695,13481785405.289694,330802,153295,668819,1152916
2024-03-18,FINRA / Nasdaq TRF Carteret (DQ),1619241730,880997153,2248264756,4748503639,77074871159.468462,55697190487.157254,131087535974.232153,263859597620.857869,9976861,2784663,11680144,24441668
2024-03-18,MIAX Pearl (H),71783699,59951732,88383954,220119385,1648529978.520800,2849302065.652500,3001841684.461901,7499673728.635201,624774,221166,576565,1422505
2024-03-18,EDGA Equities (J),75429631,57366929,68692600,201489160,1892965238.394200,1455273368.829501,2406527408.510400,5754766015.734101,814886,194513,745230,1754629
2024-03-18,EDGX Equities (K),174412382,109698580,307479586,591590548,5847447106.991099,6057361346.704096,17990039135.780200,29894847589.475395,1592052,551344,2267897,4411293
2024-03-18,LTSE (L),87727,152177,146221,386125,7579712.410000,4565879.720000,7909043.275000,20054635.405000,930,365,639,1934
2024-03-18,NYSE Chicago (M),15684446,15749042,21316479,52749967,1447363864.879900,2585328077.117200,3936071089.251800,7968763031.248900,106825,5466,105504,217795
2024-03-18,NYSE (N),1107205646,52146186,95739366,1255091198,59508415796.558594,3627457934.766901,4324937196.270299,67460810927.595794,3447953,212110,711497,4371560
2024-03-18,NYSE Arca (P),200731676,391534405,489962458,1082228539,8131034168.599697,25777594033.954875,24630516715.468406,58539144918.022978,2279503,1538271,4299782,8117556
2024-03-18,NASDAQ (Q),332155330,162624433,1143007506,1637787269,16284309028.243998,14327981919.133687,83780637748.623884,114392928696.001569,4817202,1175178,7936560,13928940
2024-03-18,Members Exchange (U),106587717,52590255,131077981,290255953,3809191254.995400,3103495954.812500,6267475052.424499,13180162262.232399,1292515,305905,1341440,2939860
2024-03-18,Investors Exchange (V),102019068,24969390,86610514,213598972,5603417861.742598,1673978475.238500,6042903453.804100,13320299790.785198,1404661,160890,1186915,2752466
2024-03-18,NASDAQ PSX (X),8123852,7717729,11065294,26906875,420177132.299900,648088939.428000,803494956.388600,1871761028.116500,134512,34388,137432,306332
2024-03-18,BYX Equities (Y),32623848,25956073,39345434,97925355,839049039.199000,965551759.011200,1343008993.042800,3147609791.253000,326133,99121,330726,755980
2024-03-18,BZX Equities (Z),197027101,102613505,218438977,518079583,9637500583.858101,8187715717.178901,14520066763.735303,32345283064.772305,2941392,609634,2624494,6175520
2024-03-15,NYSE American (A),7398631,135620554,7586130,150605315,318137768.992700,708206034.762300,380551406.741400,1406895210.496400,93330,70929,72104,236363
2024-03-15,NASDAQ BX (B),15062610,11225558,18732058,45020226,810867719.561900,656203201.903300,1234078761.671200,2701149683.136400,207812,58078,202888,468778
2024-03-15,NYSE National (C),20496252,12963980,18789496,52249728,708264833.058600,402886827.087000,788481846.359800,1899633506.505400,304841,61004,221996,587841
2024-03-15,FINRA / Nasdaq TRF Chicago (DB),4720747,3186695,17600569,25508011,206859711.634000,124062417.893100,1364685393.026101,1695607522.553201,24219,7674,75011,106904
2024-03-15,FINRA / NYSE TRF (DN),97719009,57136585,241629942,396485536,3124608107.010000,2939539381.100800,10213415141.876296,16277562629.987096,340934,156222,604059,1101215
2024-03-15,FINRA / Nasdaq TRF Carteret (DQ),2579975582,917509112,3163852925,6661337619,125688031581.232228,66682071817.427614,184007165703.819068,376377269102.478910,10748800,2936836,11881108,25566744
2024-03-15,MIAX Pearl (H),68907558,78216137,98145367,245269062,2043249487.461100,3720193462.860999,3381227615.745200,9144670566.067299,673334,280556,650858,1604748
2024-03-15,EDGA Equities (J),91307180,64424199,88913971,244645350,2462393507.967300,1851737915.541700,2601386964.146700,6915518387.655700,927845,229968,813544,1971357
2024-03-15,EDGX Equities (K),183575797,119665189,336098216,639339202,6228958273.037702,7347905741.304306,16450477425.369103,30027341439.711111,1603239,622732,2129184,4355155
2024-03-15,LTSE (L),57520,617740,1375287,2050547,5067520.310000,16571632.280000,10169350.816200,31808503.406200,300,337,1060,1697
2024-03-15,NYSE Chicago (M),26960417,24001690,44415060,95377167,2216386438.290700,2658709092.136300,7992596045.052297,12867691575.479297,119203,6830,108764,234797
2024-03-15,NYSE (N),3809570841,68064069,104806533,3982441443,205568982367.078396,4537733336.610400,4899125870.220099,215005841573.908895,3903154,251589,780570,4935313
2024-03-15,NYSE Arca (P),234993633,440734705,649700112,1325428450,9730990806.334097,30245303210.027695,23551154477.895506,63527448494.257298,2571717,1760723,3847047,8179487
2024-03-15,NASDAQ (Q),499347904,232400905,3199937349,3931686158,25475672893.747990,20621286544.207404,211146620943.099263,257243580381.054657,7022235,1657347,9745612,18425194
2024-03-15,Members Exchange (U),118872839,62084979,146031407,326989225,4315423689.764100,3837206054.013001,6668252290.938500,14820882034.715601,1461806,392111,1363373,3217290
2024-03-15,Investors Exchange (V),126097751,32635605,103395330,262128686,7095946591.505501,2180370196.852900,7457051980.865000,16733368769.223401,1700496,205631,1346367,3252494
2024-03-15,NASDAQ PSX (X),10122713,9266972,12043565,31433250,487515859.059900,993154085.459000,764547355.248400,2245217299.767300,119353,44823,118299,282475
2024-03-15,BYX Equities (Y),40118234,32383756,49221501,121723491,1209171853.038000,1274303382.800700,1685329263.098200,4168804498.936900,399602,124893,405581,930076
2024-03-15,BZX Equities (Z),220636067,134943279,253555241,609134587,10408435158.196001,10822514625.078702,15909922002.974601,37140871786.249304,2939886,775736,2668544,6384166
2024-03-14,NYSE American (A),7372073,21597537,6021833,34991443,274873480.489300,381303257.729600,305367564.897000,961544303.115900,88424,71181,67223,226828
2024-03-14,NASDAQ BX (B),15344664,15635087,17712563,48692314,812056633.273700,886712267.561100,1361690698.007200,3060459598.842000,223407,75197,208133,506737
2024-03-14,NYSE National (C),21751094,13287393,18098129,53136616,710877329.554300,472646884.290500,873942442.756900,2057466656.601700,307215,66494,221592,595301
2024-03-14,FINRA / Nasdaq TRF Chicago (DB),6371393,3138964,14514325,24024682,318750343.692900,127252160.318400,1364254480.907999,1810256984.919299,27887,7264,77549,112700
2024-03-14,FINRA / NYSE TRF (DN),90616502,64704749,182085282,337406533,2175105688.001100,2039457871.917800,7894008949.482300,12108572509.401200,339608,155355,647584,1142547
2024-03-14,FINRA / Nasdaq TRF Carteret (DQ),1823618974,1327563482,2337097610,5488280066,80917277108.964798,88500235235.729158,141729410543.788523,311146922888.482479,11111532,3120606,12405966,26638104
2024-03-14,MIAX Pearl (H),69990320,88239968,102757608,260987896,1781608522.683600,4178373765.158501,3615267912.298000,9575250200.140101,625863,323288,658360,1607511
2024-03-14,EDGA Equities (J),97617253,78516835,82178898,258312986,2473264041.446400,2305266106.365600,2851051472.214799,7629581620.026799,968563,270373,816946,2055882
2024-03-14,EDGX Equities (K),203382468,148557025,327933315,679872808,6603730864.306596,9340915545.678801,18578854934.495498,34523501344.480895,1753273,767401,2380988,4901662
2024-03-14,LTSE (L),153264,2165611,120812,2439687,6316291.340000,50448589.140000,3816635.022600,60581515.502600,654,780,389,1823
2024-03-14,NYSE Chicago (M),17537448,13551334,14156459,45245241,1693093066.999500,2658068577.749400,2584867834.000200,6936029478.749100,98207,6120,85280,189607
2024-03-14,NYSE (N),1179125793,76371164,106419841,1361916798,60493342592.624204,5280776542.269899,5276097752.089998,71050216886.984101,3762550,282674,784866,4830090
2024-03-14,NYSE Arca (P),249899972,515657706,501863240,1267420918,9009562910.138000,33903357736.842415,25917754702.751707,68830675349.732122,2545499,2059315,4018948,8623762
2024-03-14,NASDAQ (Q),505041347,264444345,1336105761,2105591453,24794508089.419208,24274315154.845885,94498144254.282782,143566967498.547875,7113186,1882186,9965802,18961174
2024-03-14,Members Exchange (U),119115289,73978367,137836033,330929689,4186871346.518399,4586003150.323599,7239600452.034799,16012474948.876797,1430795,457182,1394240,3282217
2024-03-14,Investors Exchange (V),128522451,39077794,100046371,267646616,7085970548.482101,2761402554.695200,6929025255.864397,16776398359.041698,1679521,225999,1318932,3224452
2024-03-14,NASDAQ PSX (X),8191391,10925456,11967631,31084478,394034868.804800,1099740086.457299,793335658.050100,2287110613.312199,127959,50208,125396,303563
2024-03-14,BYX Equities (Y),38667797,38015313,41326973,118010083,1053358224.324800,1559807779.371500,1547767039.903200,4160933043.599500,384820,139117,376602,900539
2024-03-14,BZX Equities (Z),218318714,155582223,234965092,608866029,10231245858.767199,11893676146.883193,16348887675.865898,38473809681.516290,3022899,876207,2773391,6672497
2024-03-13,NYSE American (A),8078236,21258490,6321034,35657760,330133138.294300,310279082.327100,329955674.218300,970367894.839700,92911,70312,69659,232882
2024-03-13,NASDAQ BX (B),16768137,10280420,16129373,43177930,798472585.720300,515559845.047000,1160769035.554000,2474801466.321300,218734,55354,195439,469527
2024-03-13,NYSE National (C),19949286,10832974,16244275,47026535,604972802.253300,328526576.736300,645288681.885200,1578788060.874800,274556,56621,187077,518254
2024-03-13,FINRA / Nasdaq TRF Chicago (DB),6673380,2530105,12023343,21226828,351920553.159100,91417551.508100,1329148651.892401,1772486756.559601,29062,7073,73232,109367
2024-03-13,FINRA / NYSE TRF (DN),83723609,46902929,174828898,305455436,2563904546.969500,1405727180.719000,7795048743.358001,11764680471.046501,333992,137892,585596,1057480
2024-03-13,FINRA / Nasdaq TRF Carteret (DQ),1653652148,785690364,2060157020,4499499532,78586526968.321017,40245783351.617167,122352351975.728816,241184662295.667000,10473500,2719859,11427034,24620393
2024-03-13,MIAX Pearl (H),63949651,65930436,83146982,213027069,1543962258.340300,2842910269.291100,2485564488.146400,6872437015.777800,574186,234235,543339,1351760
2024-03-13,EDGA Equities (J),86967220,58732409,70150804,215850433,2326841881.799000,1525212783.976200,2453910958.781399,6305965624.556599,895096,203076,722650,1820822
2024-03-13,EDGX Equities (K),186390355,111048195,291046180,588484730,6541031255.660199,5961458692.620696,16768413214.471306,29270903162.752201,1648568,563172,2120994,4332734
2024-03-13,LTSE (L),97095,321252,484099,902446,7052872.460000,10377621.950000,6774098.920000,24204593.330000,967,689,578,2234
2024-03-13,NYSE Chicago (M),18660345,16057540,19405385,54123270,1415372628.675300,1731885602.364700,2402901566.819800,5550159797.859800,89366,5998,83519,178883
2024-03-13,NYSE (N),1117851722,56097626,95266547,1269215895,59200268989.178398,3469515123.788499,4543215881.356199,67212999994.323096,3535022,213064,720585,4468671
2024-03-13,NYSE Arca (P),238059071,368085144,461944883,1068089098,8814683342.755800,21241374064.007488,21775170827.156897,51831228233.920185,2462489,1566624,3752396,7781509
2024-03-13,NASDAQ (Q),471472301,183536866,1206076654,1861085821,23380277429.312499,14899968471.911590,82939369992.793737,121219615894.017826,6588616,1350108,8959944,16898668
2024-03-13,Members Exchange (U),111596294,55946422,128097590,295640306,4121874588.357700,3088945596.375997,6247602755.741999,13458422940.475696,1387893,350802,1306246,3044941
2024-03-13,Investors Exchange (V),111181292,27868896,86654061,225704249,6336952180.225600,1677826199.560700,6077943623.548904,14092722003.335204,1513040,174142,1188563,2875745
2024-03-13,NASDAQ PSX (X),8351369,7405079,10452564,26209012,429028964.460600,629285695.458900,675644295.121200,1733958955.040700,131442,36224,117839,285505
2024-03-13,BYX Equities (Y),36040568,25634729,37911621,99586918,987312849.149200,998122243.547100,1328384855.718600,3313819948.414900,348155,104519,328702,781376
2024-03-13,BZX Equities (Z),199505254,105630835,210773413,515909502,9602820979.998700,7292908848.560298,12997446459.252101,29893176287.811099,2789010,602262,2427339,5818611
2024-03-12,NYSE American (A),6937994,18386605,7039874,32364473,272564147.917800,352328899.496300,392562056.978500,1017455104.392600,82355,65819,65277,213451
2024-03-12,NASDAQ BX (B),13429408,11444674,16054377,40928459,667222302.180300,659326769.856100,1131529001.415100,2458078073.451500,189681,57814,187498,434993
2024-03-12,NYSE National (C),18586556,13620861,17760576,49967993,621957499.651500,401696298.577900,718586683.516100,1742240481.745500,271788,60799,204443,537030
2024-03-12,FINRA / Nasdaq TRF Chicago (DB),5882263,2627218,12822706,21332187,250179812.931600,127119572.283900,1486506063.752100,1863805448.967600,28633,7795,78979,115407
2024-03-12,FINRA / NYSE TRF (DN),75114447,54479204,180268340,309861991,2398396276.915400,2271936937.333900,8176135526.207904,12846468740.457204,331558,157340,615671,1104569
2024-03-12,FINRA / Nasdaq TRF Carteret (DQ),1644015752,840846991,2272525336,4757388079,79130509658.329694,46672915207.924611,131865419134.222457,257668844000.476762,10541779,2930092,11733649,25205520
2024-03-12,MIAX Pearl (H),60769896,84176901,90664627,235611424,1404576600.371700,3634897946.757300,2777457253.842000,7816931800.971000,543645,290638,581154,1415437
2024-03-12,EDGA Equities (J),83729925,64165295,73390577,221285797,2207177599.425900,1761216547.742400,2482778719.944000,6451172867.112300,840026,224053,727423,1791502
2024-03-12,EDGX Equities (K),182204831,128307580,305257911,615770322,6638093300.685800,7521068890.277304,17731852329.054489,31891014520.017593,1589411,681064,2124139,4394614
2024-03-12,LTSE (L),247032,118883,134118,500033,9653979.870000,6810108.460000,6894672.570000,23358760.900000,965,147,798,1910
2024-03-12,NYSE Chicago (M),16792580,10023886,15281573,42098039,1657562448.062300,1247685859.020400,3125373774.829301,6030622081.912001,86170,5573,78695,170438
2024-03-12,NYSE (N),935817301,65644571,97863518,1099325390,48192595681.467692,4404714413.065801,4519682248.337901,57116992342.871394,3308560,250149,728010,4286719
2024-03-12,NYSE Arca (P),215394004,428149247,509886452,1153429703,9481563663.616899,27226555487.468699,24511059443.847308,61219178594.932906,2345484,1815289,3872176,8032949
2024-03-12,NASDAQ (Q),450871028,222071601,1134477062,1807419691,22441863219.610901,19258049124.498204,79108485871.551360,120808398215.660465,6297920,1629158,9006476,16933554
2024-03-12,Members Exchange (U),110582404,66767393,135795804,313145601,4396030948.946200,4113503858.114701,6813161097.391097,15322695904.451998,1337583,413127,1317480,3068190
2024-03-12,Investors Exchange (V),111318342,31800207,92212149,235330698,6241804345.546199,2111606437.786099,6233871431.618197,14587282214.950495,1491724,192849,1225166,2909739
2024-03-12,NASDAQ PSX (X),7639047,9069239,11784072,28492358,360120009.130600,838342923.493400,809545334.143600,2008008266.767600,119136,43465,118486,281087
2024-03-12,BYX Equities (Y),32600286,29301611,40310021,102211918,903545399.725300,1182920529.665000,1456268714.121400,3542734643.511700,322005,109622,339678,771305
2024-03-12,BZX Equities (Z),188824398,129758916,219951427,538534741,8989365726.800200,9611360569.187902,14321479375.950307,32922205671.938409,2590095,736997,2458732,5785824
2024-03-11,NYSE American (A),7113745,17896515,6047535,31057795,288309244.339300,268478394.355200,336762631.428700,893550270.123200,83769,63560,68037,215366
2024-03-11,NASDAQ BX (B),13823376,12041982,16931224,42796582,732937304.873400,598626824.096100,1274260778.958100,2605824907.927600,191847,56493,198332,446672
2024-03-11,NYSE National (C),19110324,11950484,17544186,48604994,549482030.112800,311777169.893200,650645743.523900,1511904943.529900,292851,55152,226888,574891
2024-03-11,FINRA / Nasdaq TRF Chicago (DB),5696324,3339880,13630925,22667129,264706858.748900,83287334.963800,1432217652.966300,1780211846.679000,30880,7562,83801,122243
2024-03-11,FINRA / NYSE TRF (DN),79467993,50761968,183282554,313512515,3821339592.655000,1411151690.801699,8049137835.219896,13281629118.676595,335558,152602,641518,1129678
2024-03-11,FINRA / Nasdaq TRF Carteret (DQ),1534008739,832473211,2186561560,4553043510,78498288407.196958,44463809603.422902,127190611307.898401,250152709318.518261,10619294,3014595,12418300,26052189
2024-03-11,MIAX Pearl (H),65088903,78698661,89520559,233308123,1546861982.518500,3120880501.680199,3043700821.258199,7711443305.456898,585435,270058,615043,1470536
2024-03-11,EDGA Equities (J),83986157,62186767,67288388,213461312,2220113435.089100,1621997646.871800,2427788281.225100,6269899363.186000,855362,213251,712470,1781083
2024-03-11,EDGX Equities (K),170722455,115904728,294846270,581473453,6279328017.156001,6495261942.363703,17435398095.806397,30209988055.326101,1518317,570291,2196718,4285326
2024-03-11,LTSE (L),429155,324413,470083,1223651,14521739.530000,14762422.340000,13436235.468000,42720397.338000,1033,796,729,2558
2024-03-11,NYSE Chicago (M),13615489,10454003,17298130,41367622,1587699585.339400,1396554266.190600,2392085465.049601,5376339316.579601,89841,6517,83251,179609
2024-03-11,NYSE (N),882587023,58315691,99604786,1040507500,45974769766.806709,3602267605.602500,4839063955.752899,54416101328.162108,3312082,220672,776292,4309046
2024-03-11,NYSE Arca (P),191076772,410693805,467159486,1068930063,8551506675.711400,23595105455.720101,23458165973.972300,55604778105.403801,2296603,1674007,4039562,8010172
2024-03-11,NASDAQ (Q),445105121,201958992,1070144854,1717208967,22779514031.271599,16616003907.129205,78276319549.301088,117671837487.701892,6308122,1508006,9261146,17077274
2024-03-11,Members Exchange (U),108711840,60315943,128520565,297548348,4146902503.744500,3518120925.649400,6811179528.132800,14476202957.526700,1365432,373247,1395704,3134383
2024-03-11,Investors Exchange (V),114357388,30071550,94301199,238730137,6619696774.814200,1752877530.235900,6896779611.663700,15269353916.713800,1589863,180263,1319320,3089446
2024-03-11,NASDAQ PSX (X),7070874,8001451,10913820,25986145,365248141.312500,680913276.328000,787343626.250100,1833505043.890600,117007,37547,121284,275838
2024-03-11,BYX Equities (Y),34445865,30487064,40891295,105824224,958057048.529500,1154763244.076400,1532351608.082900,3645171900.688800,349278,111241,367849,828368
2024-03-11,BZX Equities (Z),188837582,115147338,214487326,518472246,8928686701.069299,8170059710.483703,13892572632.007201,30991319043.560203,2631541,659587,2500396,5791524
2024-03-08,NYSE American (A),6146091,19384537,6616415,32147043,231459442.223100,375694097.113100,417540543.074200,1024694082.410400,67631,67018,62776,197425
2024-03-08,NASDAQ BX (B),13613278,13921007,17988153,45522438,763487881.847900,761591789.861600,1750476990.749600,3275556662.459100,196262,67128,210997,474387
2024-03-08,NYSE National (C),19210169,18140458,19128323,56478950,590188469.569600,377045777.062000,934664984.433400,1901899231.065000,256929,61246,210371,528546
2024-03-08,FINRA / Nasdaq TRF Chicago (DB),6454443,3134930,14148918,23738291,297855000.654400,97634837.189500,1880034351.911700,2275524189.755600,31618,6795,95660,134073
2024-03-08,FINRA / NYSE TRF (DN),77900404,60209798,186230693,324340895,2283785402.014200,2231345273.699702,10217226724.743388,14732357400.457290,358235,165755,749975,1273965
2024-03-08,FINRA / Nasdaq TRF Carteret (DQ),1665454600,974727492,2338098713,4978280805,81566634629.477684,51458038344.414821,175110200467.378092,308134873441.270597,10553892,3198828,13393371,27146091
2024-03-08,MIAX Pearl (H),65589838,111468511,102472280,279530629,1448976984.006200,4568083536.396502,4311259718.946601,10328320239.349303,567300,364214,687334,1618848
2024-03-08,EDGA Equities (J),90547121,77530760,78517343,246595224,2217334512.979200,2229253066.808099,3282436660.524800,7729024240.312099,856470,263308,766405,1886183
2024-03-08,EDGX Equities (K),201671241,159982819,348211789,709865849,7149552405.539498,9268988798.410798,27065366835.886313,43483908039.836609,1686491,755015,2574313,5015819
2024-03-08,LTSE (L),573655,50341,336931,960927,11381762.120000,2370459.570000,19927024.230000,33679245.920000,752,178,697,1627
2024-03-08,NYSE Chicago (M),18108193,13740719,14044369,45893281,1662229214.585500,1292751340.937100,2603445722.502499,5558426278.025099,102827,7078,95997,205902
2024-03-08,NYSE (N),944160414,76531053,116409265,1137100732,47857048701.930895,5116335323.657099,6630570962.035702,59603954987.623696,3608842,274483,859388,4742713
2024-03-08,NYSE Arca (P),215860078,501637909,488955850,1206453837,9030835254.674400,29544697543.156396,33501614118.019317,72077146915.850113,2383667,2178495,4524126,9086288
2024-03-08,NASDAQ (Q),493645624,278675101,1252757569,2025078294,24624765840.088606,23515655920.548202,107836567680.706502,155976989441.343310,6785590,2066959,10707711,19560260
2024-03-08,Members Exchange (U),118820108,84595268,150180348,353595724,4302947054.747300,5492031416.711503,9795256239.036504,19590234710.495307,1411388,561363,1567476,3540227
2024-03-08,Investors Exchange (V),118618400,35891307,98457178,252966885,6579300687.320800,2240113153.327800,7901815504.321202,16721229344.969802,1547134,210049,1346033,3103216
2024-03-08,NASDAQ PSX (X),7272118,10799543,12895457,30967118,340939695.067000,1178798320.022701,1146307256.695300,2666045271.785001,118063,50966,128568,297597
2024-03-08,BYX Equities (Y),38891226,34988481,42651561,116531268,1001935979.058500,1455952019.748000,2037245556.161200,4495133554.967700,351428,126220,372862,850510
2024-03-08,BZX Equities (Z),207336491,149419173,246319761,603075425,9350654376.087701,11149681184.829104,20668891195.408791,41169226756.325596,2675510,826010,2743982,6245502
2024-03-07,NYSE American (A),6394209,16267682,5965910,28627801,258045836.786500,425356870.874700,317044070.534900,1000446778.196100,73325,60991,61799,196115
2024-03-07,NASDAQ BX (B),16657586,11292693,17144305,45094584,946589906.070600,592887996.259300,1172817439.977999,2712295342.307899,223330,53656,198483,475469
2024-03-07,NYSE National (C),18682507,14331808,16729856,49744171,612577760.068000,334965202.793000,625438329.263100,1572981292.124100,258207,55983,193008,507198
2024-03-07,FINRA / Nasdaq TRF Chicago (DB),6174620,2305978,12395274,20875872,275498153.092100,98092393.647900,1389567279.931001,1763157826.671001,31904,6828,81545,120277
2024-03-07,FINRA / NYSE TRF (DN),75270617,46627179,187449686,309347482,2594404102.197600,1645643975.029199,7823120811.910400,12063168889.137199,358337,140933,678600,1177870
2024-03-07,FINRA / Nasdaq TRF Carteret (DQ),1711764456,804904630,2340176841,4856845927,86299745015.093336,41916740604.742400,140743672593.055385,268960158212.891121,10641048,2725748,12175866,25542662
2024-03-07,MIAX Pearl (H),57411508,63300506,83182519,203894533,1433248364.256700,3077402775.643900,2953311172.278899,7463962312.179499,541386,261433,562741,1365560
2024-03-07,EDGA Equities (J),83664332,56807837,71079055,211551224,2253795233.238400,1611582611.251100,2425472549.311201,6290850393.800701,855271,197812,698528,1751611
2024-03-07,EDGX Equities (K),187574238,110867520,306460317,604902075,6818867300.179902,6488193610.343597,18555807340.011897,31862868250.535396,1625415,537341,2182302,4345058
2024-03-07,LTSE (L),63449,282823,796199,1142471,6721166.810000,11509353.750000,54969113.170000,73199633.730000,694,289,1122,2105
2024-03-07,NYSE Chicago (M),17250902,14521413,16014464,47786779,1744786862.683300,1948976815.891700,2531906482.668001,6225670161.243001,84427,5513,77257,167197
2024-03-07,NYSE (N),945208413,53257193,97061342,1095526948,49092504055.384698,3757306372.849300,4862430021.747299,57712240449.981297,3427787,203679,714836,4346302
2024-03-07,NYSE Arca (P),207301794,367025410,449410351,1023737555,8981051023.201898,23101974357.375411,24920862613.193721,57003887993.771030,2333776,1572066,4034041,7939883
2024-03-07,NASDAQ (Q),458935909,187511964,1143016349,1789464222,23594035258.336699,16362650071.537901,84257131994.690103,124213817324.564703,6417026,1356557,9249938,17023521
2024-03-07,Members Exchange (U),111200852,55227362,134452878,300881092,4156543985.558600,3410297974.014200,7208567932.384599,14775409891.957399,1351601,348790,1320523,3020914
2024-03-07,Investors Exchange (V),117290735,26244425,96068435,239603595,6844432476.644199,1697470656.456400,6841961877.221100,15383865010.321699,1556144,168390,1268585,2993119
2024-03-07,NASDAQ PSX (X),7310452,7924391,10127801,25362644,370084930.668500,740042969.409700,651242402.837400,1761370302.915600,112687,39578,107788,260053
2024-03-07,BYX Equities (Y),35479042,29177740,38564561,103221343,984803349.825000,1100196472.448600,1346981127.139800,3431980949.413400,338061,103749,323116,764926
2024-03-07,BZX Equities (Z),189838306,100389478,215722982,505950766,9368659659.794099,7772057521.542306,14554194575.789992,31694911757.126397,2620899,578830,2400651,5600380
2024-03-06,NYSE American (A),8207036,21921157,6938412,37066605,374495677.666700,331581341.597700,428487197.732000,1134564216.996400,97333,70072,77296,244701
2024-03-06,NASDAQ BX (B),15838952,13396113,17981030,47216095,861686045.646400,732611706.714700,1208707757.624700,2803005509.985800,220633,68344,208536,497513
2024-03-06,NYSE National (C),22047692,14975713,19341853,56365258,708510121.766000,430678461.700400,708624452.709400,1847813036.175800,284199,65274,208581,558054
2024-03-06,FINRA / Nasdaq TRF Chicago (DB),6857596,2493427,13827757,23178780,284655567.051200,118655856.545800,1680608649.258100,2083920072.855100,35303,7654,92994,135951
2024-03-06,FINRA / NYSE TRF (DN),83900508,59476171,191151578,334528257,2509164961.523500,1696631522.343700,8173473259.122800,12379269742.990000,354575,155583,678581,1188739
2024-03-06,FINRA / Nasdaq TRF Carteret (DQ),1820447794,950352753,2436723748,5207524295,86850070821.643846,48883790406.386302,144587308964.901258,280321170192.931406,11094449,2986824,12893622,26974895
2024-03-06,MIAX Pearl (H),68022101,86812440,105309958,260144499,1642521052.978800,3605379994.856700,2974818893.630400,8222719941.465900,608027,313347,587123,1508497
2024-03-06,EDGA Equities (J),96397483,69084961,81490334,246972778,2568507030.632800,2159754814.868400,2782020383.369300,7510282228.870500,944899,256048,782610,1983557
2024-03-06,EDGX Equities (K),219046259,141266930,351713888,712027077,7555109753.980499,7637439382.924600,20282104452.930807,35474653589.835906,1771506,666117,2377592,4815215
2024-03-06,LTSE (L),83876,291156,176409,551441,7966813.910000,7733566.750000,17499602.100000,33199982.760000,743,479,685,1907
2024-03-06,NYSE Chicago (M),16299731,13789114,14577743,44666588,1580072909.521700,1223774418.926300,2138362644.547700,4942209972.995700,99570,5548,91351,196469
2024-03-06,NYSE (N),1035481376,65492349,113035940,1214009665,51496279602.690398,4309376252.520998,5257944265.963802,61063600121.175198,3863140,253122,842319,4958581
2024-03-06,NYSE Arca (P),236684063,468831876,522255824,1227771763,9939294880.202295,27223117743.927896,24516892609.500199,61679305233.630390,2623015,1919128,4262106,8804249
2024-03-06,NASDAQ (Q),530444200,240930515,1236905195,2008279910,26422942550.088794,20033649052.806301,85484030532.366594,131940622135.261689,7185744,1765812,10002316,18953872
2024-03-06,Members Exchange (U),129055129,70654651,151449325,351159105,4710471335.931601,3996201344.664199,7521714420.964899,16228387101.560699,1521711,437860,1478258,3437829
2024-03-06,Investors Exchange (V),127771882,33170878,105297936,266240696,7234745670.496397,2099083310.605000,7303389604.086301,16637218585.187698,1626764,195869,1365613,3188246
2024-03-06,NASDAQ PSX (X),8053786,9516049,11082529,28652364,393651095.218600,869615405.456300,759234580.310900,2022501080.985800,114852,43989,115744,274585
2024-03-06,BYX Equities (Y),38550533,32749955,46944785,118245273,1113466503.905400,1390480710.063600,1555058674.266500,4059005888.235500,365874,123726,367876,857476
2024-03-06,BZX Equities (Z),219791904,129734838,253331818,602858560,10252036096.488001,9283081709.595597,15144898687.881902,34680016493.965500,2897066,726232,2640634,6263932
2024-03-05,NYSE American (A),8162261,16708746,7246028,32117035,323768318.690200,390203405.083700,362386191.181500,1076357914.955400,93826,65683,78214,237723
2024-03-05,NASDAQ BX (B),15552559,14881534,21140678,51574771,777078433.355100,763861810.167000,1223609948.513700,2764550192.035800,209692,71384,214213,495289
2024-03-05,NYSE National (C),21237613,19788071,20377086,61402770,747953654.101400,525483005.757100,863133944.197300,2136570604.055800,292351,73360,234615,600326
2024-03-05,FINRA / Nasdaq TRF Chicago (DB),5527094,3250518,13136534,21914146,282100626.918300,135330058.166900,1442887852.783301,1860318537.868501,31391,10219,88029,129639
2024-03-05,FINRA / NYSE TRF (DN),78918378,54890653,284673799,418482830,2279485857.368300,2007587742.532600,8287565780.959396,12574639380.860296,380129,178987,787367,1346483
2024-03-05,FINRA / Nasdaq TRF Carteret (DQ),1744370672,893475566,2832024381,5469870619,85283671121.958513,49600200297.368109,143009257803.683258,277893129223.009880,11461794,3348707,13440742,28251243
2024-03-05,MIAX Pearl (H),70071947,84492171,105212575,259776693,1746503306.451400,3678582552.974901,3193760777.179601,8618846636.605902,634206,328298,628983,1591487
2024-03-05,EDGA Equities (J),98682732,65877697,89904488,254464917,2495816922.288400,2173057862.838500,2872992547.979801,7541867333.106701,946170,266971,815340,2028481
2024-03-05,EDGX Equities (K),206114931,145694472,406913186,758722589,7399004303.195604,8273699274.771502,19728239519.711502,35400943097.678608,1735588,717558,2509467,4962613
2024-03-05,LTSE (L),102637,34169,373262,510068,5172970.590000,1746576.750000,18992171.750000,25911719.090000,581,146,841,1568
2024-03-05,NYSE Chicago (M),16072166,16457542,17621414,50151122,1586651765.779400,1753822118.189000,2840767112.337199,6181240996.305599,99101,7894,95765,202760
2024-03-05,NYSE (N),1013772724,80723255,117915212,1212411191,52441980119.979413,4862393666.216300,5443809730.430500,62748183516.626213,3795536,286747,830232,4912515
2024-03-05,NYSE Arca (P),216889613,464117268,694930702,1375937583,9520241188.296499,28838467240.017592,26003650245.583301,64362358673.897392,2483063,1988795,4415704,8887562
2024-03-05,NASDAQ (Q),510199016,254631368,1296521050,2061351434,26382248101.309710,20017580868.339205,91019787716.816002,137419616686.464917,7067890,1730648,10166636,18965174
2024-03-05,Members Exchange (U),132073124,77357239,175625759,385056122,5011077628.674800,4405552640.242701,8027582484.284198,17444212753.201699,1548816,460386,1545382,3554584
2024-03-05,Investors Exchange (V),128553251,37921343,106800736,273275330,7057205349.258399,2714006163.297900,7502021629.934897,17273233142.491196,1631733,222695,1349056,3203484
2024-03-05,NASDAQ PSX (X),8386264,12387675,13087983,33861922,412543926.649200,895006839.249800,849405390.957000,2156956156.856000,123616,59408,138336,321360
2024-03-05,BYX Equities (Y),38270863,34626961,49897776,122795600,1119170296.636700,1580993247.374001,1616490249.612100,4316653793.622801,372108,136360,385115,893583
2024-03-05,BZX Equities (Z),215651709,144029131,271751354,631432194,10247040831.822301,10104601808.607006,15991762548.190380,36343405188.619687,2908084,783808,2752886,6444778
2024-03-04,NYSE American (A),10955073,18154482,9501916,38611471,585126156.042200,347661165.554000,596864340.958300,1529651662.554500,139131,63166,111990,314287
2024-03-04,NASDAQ BX (B),15794877,11831230,17054328,44680435,798818193.095400,624011945.333600,1168211693.312000,2591041831.741000,217927,61498,200542,479967
2024-03-04,NYSE National (C),23791146,12870486,19302987,55964619,746884765.481000,422250162.267000,684485244.282200,1853620172.030200,315297,55640,224749,595686
2024-03-04,FINRA / Nasdaq TRF Chicago (DB),6658877,2383665,13623555,22666097,283103115.631600,84762782.208100,1422593996.369300,1790459894.209000,35155,8945,92093,136193
2024-03-04,FINRA / NYSE TRF (DN),94019118,48009196,221522921,363551235,2447594787.233000,1543920730.571000,8955597464.032502,12947112981.836502,428063,164152,800775,1392990
2024-03-04,FINRA / Nasdaq TRF Carteret (DQ),1924445419,956126205,2607272188,5487843812,92340841655.206573,48490925926.794518,156890784250.208363,297722551832.209454,12591011,3273000,14634458,30498469
2024-03-04,MIAX Pearl (H),70843724,59698189,84362673,214904586,1709321942.243100,2596309775.134501,2951314229.518999,7256945946.896600,622024,229773,596662,1448459
2024-03-04,EDGA Equities (J),100176856,55294975,84344414,239816245,2637488810.637800,1862187760.196000,2850270431.007499,7349947001.841299,994864,229240,826871,2050975
2024-03-04,EDGX Equities (K),232060604,115234084,360814176,708108864,8067776773.048999,6471194941.162395,21971060226.554708,36510031940.766102,1885994,584177,2603182,5073353
2024-03-04,LTSE (L),46497,97205,122940,266642,3235387.220000,5760591.020000,8471747.850000,17467726.090000,598,231,545,1374
2024-03-04,NYSE Chicago (M),12411545,12149575,19650810,44211930,1424825863.271400,1146399907.750000,2763270363.359300,5334496134.380700,103095,5936,102048,211079
2024-03-04,NYSE (N),1056116831,57585793,104656755,1218359379,53633733988.644599,3794190031.931002,4985835920.276101,62413759940.851702,3858091,224848,785997,4868936
2024-03-04,NYSE Arca (P),231225151,396282001,552972923,1180480075,10066106714.243198,24538631734.604204,25134856545.997102,59739594994.844504,2641115,1683092,4478817,8803024
2024-03-04,NASDAQ (Q),525918035,203672875,1263276944,1992867854,27063761356.097506,16606260175.286600,86527504731.921761,130197526263.305867,7189756,1379948,10353824,18923528
2024-03-04,Members Exchange (U),145938606,59741259,157711808,363391673,5380904117.417000,3540835101.071302,7943153831.468601,16864893049.956903,1677953,372378,1586315,3636646
2024-03-04,Investors Exchange (V),126038512,32475370,102295888,260809770,7270649635.185100,2240807614.369400,7183093463.614798,16694550713.169298,1619784,195408,1350741,3165933
2024-03-04,NASDAQ PSX (X),8052186,9095007,11191156,28338349,426752835.491800,659747663.158000,723450937.176800,1809951435.826600,125377,41578,123729,290684
2024-03-04,BYX Equities (Y),41419677,29076633,43956708,114453018,1161974209.910000,1257851750.039700,1578774683.369200,3998600643.318900,391315,110359,377898,879572
2024-03-04,BZX Equities (Z),224743089,114878019,239862001,579483109,10542207021.803796,8074127296.965698,15554296481.151798,34170630799.921292,2971922,644065,2723563,6339550
2024-03-01,NYSE American (A),9935786,19106779,8600106,37642671,410003432.799000,437619358.579700,518483375.668000,1366106167.046700,118983,65967,97078,282028
2024-03-01,NASDAQ BX (B),15335181,14782548,17587507,47705236,750537579.132600,802666011.680200,1043486189.810800,2596689780.623600,210120,66639,204244,481003
2024-03-01,NYSE National (C),19682230,13120248,18280281,51082759,671007090.630300,401751967.261100,766119852.524400,1838878910.415800,285122,55887,229544,570553
2024-03-01,FINRA / Nasdaq TRF Chicago (DB),7313167,3256027,13244159,23813353,324101056.668200,138632394.737500,1368270993.295800,1831004444.701500,36839,10313,87097,134249
2024-03-01,FINRA / NYSE TRF (DN),88702598,46247137,183234758,318184493,2448806825.776800,2062600110.391400,6748058644.540693,11259465580.708893,383386,155191,652866,1191443
2024-03-01,FINRA / Nasdaq TRF Carteret (DQ),1993157471,907408270,2439542047,5340107788,87594693733.408002,54885754761.739313,133379316299.923508,275859764795.070823,11888622,3152722,13166468,28207812
2024-03-01,MIAX Pearl (H),70382521,71611773,89040336,231034630,1655480518.477600,3605982432.329900,3117453253.172399,8378916203.979899,604042,258261,591254,1453557
2024-03-01,EDGA Equities (J),93572673,58170133,79126052,230868858,2424502333.685900,2168697302.350699,2678478520.596500,7271678156.633099,947023,237071,807487,1991581
2024-03-01,EDGX Equities (K),225788310,140816764,347950667,714555741,7993632267.335899,7701574309.224404,18481364374.775692,34176570951.335995,1807472,620494,2344956,4772922
2024-03-01,LTSE (L),100519,326461,88343,515323,7116899.420000,7661108.780000,2391138.910000,17169147.110000,689,554,350,1593
2024-03-01,NYSE Chicago (M),24451226,11067124,20626234,56144584,1572473683.431400,1514618239.593400,3045942250.414500,6133034173.439300,94613,5842,87278,187733
2024-03-01,NYSE (N),1039650461,63193925,96390742,1199235128,51865584711.085396,4480029957.731700,4879056988.657601,61224671657.474697,3830922,236117,807191,4874230
2024-03-01,NYSE Arca (P),239348523,397218063,485633928,1122200514,9781163760.685198,26529617713.750815,22450075271.509997,58760856745.946010,2460354,1614742,4043473,8118569
2024-03-01,NASDAQ (Q),507359814,217691913,1208403866,1933455593,25074795581.785103,17950422346.933811,82389196193.901657,125414414122.620571,6706426,1350181,9669801,17726408
2024-03-01,Members Exchange (U),138034164,64630889,155068182,357733235,4928902117.763100,4130013859.566399,8234971006.542101,17293886983.871600,1515020,374132,1533114,3422266
2024-03-01,Investors Exchange (V),124763255,34782560,102621527,262167342,6620546793.596699,2388693447.610300,6710465495.572100,15719705736.779099,1536787,204000,1305328,3046115
2024-03-01,NASDAQ PSX (X),8875365,9530535,11682490,30088390,392181480.498000,858217047.160900,780152645.055300,2030551172.714200,135642,45557,140976,322175
2024-03-01,BYX Equities (Y),42704501,31465028,43389625,117559154,1065727278.059200,1809024319.082400,1497638797.097200,4372390394.238800,383484,124833,375179,883496
2024-03-01,BZX Equities (Z),211322629,122658197,247822326,581803152,9452968513.481499,9282357030.085899,14908881658.780105,33644207202.347503,2773802,621864,2613527,6009193
2024-02-29,NYSE American (A),9946943,21149877,8838686,39935506,414776404.538100,461247071.113800,437777759.301200,1313801234.953100,130020,60604,99639,290263
2024-02-29,NASDAQ BX (B),14524278,13612076,18697531,46833885,786804819.474600,750696427.477500,1063010615.562500,2600511862.514600,208719,61328,200746,470793
2024-02-29,NYSE National (C),19153596,10277097,18875457,48306150,691353441.534200,401463024.983000,673714445.148700,1766530911.665900,302318,54771,237369,594458
2024-02-29,FINRA / Nasdaq TRF Chicago (DB),6212175,2385316,14008180,22605671,317790009.959100,128343412.824000,1173969797.071100,1620103219.854200,32919,8811,81099,122829
2024-02-29,FINRA / NYSE TRF (DN),70868979,40398435,177865504,289132918,2458955753.831900,2049118367.271901,6394648626.218202,10902722747.322003,352670,136341,676945,1165956
2024-02-29,FINRA / Nasdaq TRF Carteret (DQ),1992519443,875116570,2716053505,5583689518,104954900290.777189,54441294013.665383,145248627943.601125,304644822248.043697,11380696,2778414,12605739,26764849
2024-02-29,MIAX Pearl (H),60594949,63877658,76625164,201097771,1677025975.888200,3411979381.794200,2647073075.019900,7736078432.702300,594263,247615,575727,1417605
2024-02-29,EDGA Equities (J),88904844,54906742,84413288,228224874,2480560797.200000,2077662529.483500,2831180589.631500,7389403916.315000,958392,235840,843017,2037249
2024-02-29,EDGX Equities (K),204735174,140399217,372214478,717348869,7801927818.100094,8206880736.718799,17318934684.354887,33327743239.173780,1773975,615592,2478183,4867750
2024-02-29,LTSE (L),111500,66918,387657,566075,4973732.570000,2363615.680000,28420180.870000,35757529.120000,510,127,541,1178
2024-02-29,NYSE Chicago (M),15052236,9331293,18788753,43172282,1288472284.443700,2153816259.692200,2643488915.918601,6085777460.054501,95284,5533,100497,201314
2024-02-29,NYSE (N),1748174424,61102844,102995349,1912272617,95073761863.517608,4238571627.166400,4729835147.777199,104042168638.461207,3888550,225019,819781,4933350
2024-02-29,NYSE Arca (P),233136755,406241910,502060070,1141438735,10141948427.667304,30344322536.200587,21534905716.693995,62021176680.561886,2628895,1579370,4198117,8406382
2024-02-29,NASDAQ (Q),505576812,209991573,1761356961,2476925346,25929855539.290813,19244248952.015395,124965776111.055868,170139880602.362076,6983699,1338979,10065406,18388084
2024-02-29,Members Exchange (U),127661159,63047125,161762754,352471038,5018215772.364300,3937183769.582799,7462195811.437201,16417595353.384300,1574968,369081,1590485,3534534
2024-02-29,Investors Exchange (V),118244215,32281740,108516822,259042777,6736413544.058801,2284031738.276900,6458203004.416000,15478648286.751701,1582003,193691,1351669,3127363
2024-02-29,NASDAQ PSX (X),9844124,10284383,13920003,34048510,569501049.436700,889724946.177100,828097665.862400,2287323661.476200,148949,45862,149082,343893
2024-02-29,BYX Equities (Y),40813913,32417939,47350599,120582451,1267956023.712300,1666351861.723200,1609389905.065400,4543697790.500900,406083,126028,422562,954673
2024-02-29,BZX Equities (Z),207559357,123086434,250812474,581458265,9908408890.933699,9882239775.985707,13973160422.117708,33763809089.037114,2825829,618858,2654193,6098880
2024-02-28,NYSE American (A),7800544,15564089,8039130,31403763,332574994.076700,319073394.236600,373898867.171900,1025547255.485200,88753,56322,84912,229987
2024-02-28,NASDAQ BX (B),14118609,11732439,17239667,43090715,791105209.166000,613750021.957500,961211968.909100,2366067200.032600,198530,55310,194218,448058
2024-02-28,NYSE National (C),17046695,8595778,15727037,41369510,539673794.047300,304536921.563100,512300890.091700,1356511605.702100,250043,46272,194434,490749
2024-02-28,FINRA / Nasdaq TRF Chicago (DB),5255727,2345532,14848347,22449606,219913060.567700,113228404.590600,1131512112.942600,1464653578.100900,26724,8802,84326,119852
2024-02-28,FINRA / NYSE TRF (DN),60376164,37762437,186114030,284252631,2285959583.595900,1209754396.655099,5964291615.940097,9460005596.191096,331488,123252,697509,1152249
2024-02-28,FINRA / Nasdaq TRF Carteret (DQ),1494056568,729821168,2560580275,4784458011,75577664890.563761,41316318229.340102,115746645401.530709,232640628521.434572,10232508,2584012,12422760,25239280
2024-02-28,MIAX Pearl (H),51732485,52032549,70083444,173848478,1264900898.579400,2307935195.804400,2104102580.718300,5676938675.102100,464935,203118,492836,1160889
2024-02-28,EDGA Equities (J),79992764,42744538,79861278,202598580,2299842597.144700,1595631787.125800,2421454188.733100,6316928573.003600,857679,196868,798799,1853346
2024-02-28,EDGX Equities (K),174885813,115786731,368616962,659289506,6595321449.749997,6070760048.173598,15435527286.180105,28101608784.103700,1546407,547459,2357218,4451084
2024-02-28,LTSE (L),32600,153632,209388,395620,2600506.250000,4475903.840000,12146182.510000,19222592.600000,296,167,507,970
2024-02-28,NYSE Chicago (M),17715783,14672833,18252652,50641268,1424593159.743100,2528566214.383700,2220377170.052700,6173536544.179500,77995,5202,83457,166654
2024-02-28,NYSE (N),895056292,51416949,100578499,1047051740,44543290810.846100,3339570693.882700,3977226994.089900,51860088498.818700,3311853,199409,737507,4248769
2024-02-28,NYSE Arca (P),193159221,331996093,518758363,1043913677,9096026901.864800,20403914237.285095,18305491102.719401,47805432241.869296,2186431,1357986,4065715,7610132
2024-02-28,NASDAQ (Q),435897617,170478646,1202727469,1809103732,22496521187.658704,13562899796.576603,63837526902.611452,99896947886.846759,6104979,1086940,9073841,16265760
2024-02-28,Members Exchange (U),115641312,51916626,163170397,330728335,4383860789.014700,2999235858.825199,6231790443.271202,13614887091.111101,1360002,317341,1500333,3177676
2024-02-28,Investors Exchange (V),105216079,27946298,105109872,238272249,6082231840.420399,1898804984.866500,5705309251.110599,13686346076.397498,1462781,170438,1292638,2925857
2024-02-28,NASDAQ PSX (X),6606204,8295924,11023321,25925449,337491667.353600,622006940.796200,590513345.668000,1550011953.817800,111883,39959,119279,271121
2024-02-28,BYX Equities (Y),33599012,27762919,43143220,104505151,907398120.323700,1509008767.241099,1216585632.201300,3632992519.766099,327013,110919,363005,800937
2024-02-28,BZX Equities (Z),175675299,98445355,242018389,516139043,8497432210.939102,6861426875.557702,11460432667.393704,26819291753.890508,2414390,528500,2415457,5358347
2024-02-27,NYSE American (A),9096584,16801346,8782597,34680527,388354048.768300,303324946.219500,465580846.026800,1157259841.014600,108055,61858,97396,267309
2024-02-27,NASDAQ BX (B),13237274,10213480,17066175,40516929,726330403.991000,537644271.804500,997981193.566100,2261955869.361600,200641,49899,199778,450318
2024-02-27,NYSE National (C),17250199,8054269,15740521,41044989,575570378.186400,286273321.094800,576906095.884200,1438749795.165400,274868,42641,200210,517719
2024-02-27,FINRA / Nasdaq TRF Chicago (DB),20253974,2489160,25871627,48614761,943704761.196900,147594393.547900,1852089310.284700,2943388465.029500,45498,8317,96631,150446
2024-02-27,FINRA / NYSE TRF (DN),60144998,40369137,189484625,289998760,2023610499.097000,1410171802.977200,6792846670.076899,10226628972.151099,329067,110529,660778,1100374
2024-02-27,FINRA / Nasdaq TRF Carteret (DQ),1517962009,762449535,2445937216,4726348760,75059631277.687293,39873102399.908097,119289642469.697935,234222376147.293325,10488782,2588461,12234616,25311859
2024-02-27,MIAX Pearl (H),60152997,54475988,87740451,202369436,1386746339.998200,2397771853.333800,2393293632.448400,6177811825.780400,515275,213342,546678,1275295
2024-02-27,EDGA Equities (J),84292859,42337784,78814132,205444775,2365597244.155500,1471180735.038800,2478192983.078300,6314970962.272600,919475,192795,807003,1919273
2024-02-27,EDGX Equities (K),187071001,120957764,373139569,681168334,6156766069.691199,5641534362.583397,15861710986.105300,27660011418.379896,1568799,554441,2346899,4470139
2024-02-27,LTSE (L),54381,25819,328476,408676,2222262.500000,1747894.440000,20271732.490000,24241889.430000,338,73,522,933
2024-02-27,NYSE Chicago (M),16102690,13002598,19935719,49041007,1492302873.346400,1378923416.049200,2729958375.634600,5601184665.030200,80796,5375,86348,172519
2024-02-27,NYSE (N),910396590,47256287,97551426,1055204303,44614299606.301189,3102058104.182600,3915590266.355100,51631947976.838889,3365555,188162,743285,4297002
2024-02-27,NYSE Arca (P),192968434,336047829,478363147,1007379410,8067560148.520400,19487861470.844209,17938846413.543904,45494268032.908513,2208485,1378627,3937617,7524729
2024-02-27,NASDAQ (Q),447512997,162428109,1179876250,1789817356,21218706313.680303,13073600316.508195,65992024814.195580,100284331444.384078,6121728,1107429,9180650,16409807
2024-02-27,Members Exchange (U),119262902,53763209,158425452,331451563,4237286014.508601,2984340847.052600,6646736502.469801,13868363364.031002,1407962,332291,1500841,3241094
2024-02-27,Investors Exchange (V),114680431,26263248,104990371,245934050,6302534111.367699,1706162930.444000,6182096506.301501,14190793548.113200,1528747,176543,1310273,3015563
2024-02-27,NASDAQ PSX (X),7714023,6609983,11408016,25732022,409265141.431000,527640011.460500,661059116.451000,1597964269.342500,127879,34280,131499,293658
2024-02-27,BYX Equities (Y),33721016,25196223,40281702,99198941,926538850.214500,1235169882.861200,1231901769.635900,3393610502.711600,338778,105258,346773,790809
2024-02-27,BZX Equities (Z),182072821,94605687,233767788,510446296,7914914741.870700,6538431409.280702,11285530853.716699,25738877004.868101,2427208,532557,2359534,5319299
2024-02-26,NYSE American (A),7431884,15125248,7138791,29695923,302084714.706500,324352819.945100,394956354.764000,1021393889.415600,96242,56541,87306,240089
2024-02-26,NASDAQ BX (B),12515208,8643998,17076311,38235517,655851416.267200,524743747.225000,905721985.654900,2086317149.147100,185259,49224,189241,423724
2024-02-26,NYSE National (C),16053429,7556378,15336474,38946281,548692856.382600,253124995.730600,580897425.817100,1382715277.930300,277116,44110,223775,545001
2024-02-26,FINRA / Nasdaq TRF Chicago (DB),13733138,2750563,19500896,35984597,671460789.406300,195868201.990700,1609879185.877100,2477208177.274100,33503,9346,98991,141840
2024-02-26,FINRA / NYSE TRF (DN),66775637,34015487,197213496,298004620,2181538932.268200,1307875762.799600,7706797107.668003,11196211802.735803,326213,109803,677433,1113449
2024-02-26,FINRA / Nasdaq TRF Carteret (DQ),1483626395,741770322,2469556994,4694953711,81253352384.349471,41503339154.494494,127088497855.381908,249845189394.225873,10225494,2734221,12482656,25442371
2024-02-26,MIAX Pearl (H),57887861,57615755,85642020,201145636,1498443547.130500,2426253087.286599,2494357829.589400,6419054464.006499,511566,207315,546113,1264994
2024-02-26,EDGA Equities (J),74009639,39508745,78111094,191629478,2096995592.643800,1487606691.554800,2393306329.645500,5977908613.844100,831007,181641,773523,1786171
2024-02-26,EDGX Equities (K),162475326,104516826,364803357,631795509,5801611222.487101,5161255407.271601,15701563081.030988,26664429710.789690,1460648,489606,2220703,4170957
2024-02-26,LTSE (L),72449,172227,19307,263983,4168753.600000,5340869.990000,791943.260000,10301566.850000,666,211,177,1054
2024-02-26,NYSE Chicago (M),13454241,10260787,20084392,43799420,1146907248.618000,1223540835.601300,3645508150.352000,6015956234.571300,70863,4312,77530,152705
2024-02-26,NYSE (N),889851314,45906819,94458768,1030216901,45522322775.665008,3003674275.475400,4125616821.796099,52651613872.936507,3189729,178624,724559,4092912
2024-02-26,NYSE Arca (P),172535432,309765133,512991479,995292044,7471492573.163197,19553055651.475191,18736133647.252495,45760681871.890883,2059181,1289849,3849721,7198751
2024-02-26,NASDAQ (Q),404394937,159300540,1142770434,1706465911,19572688611.877504,13425737269.300501,69466109054.986007,102464534936.164012,5794614,1068219,8886723,15749556
2024-02-26,Members Exchange (U),102419117,50151930,144610235,297181282,3912482098.980200,2916230325.270000,6311275915.736796,13139988339.986996,1258907,303726,1367514,2930147
2024-02-26,Investors Exchange (V),104906852,25909465,98930315,229746632,5744619167.974100,1737160057.790800,5814780045.335998,13296559271.100898,1440414,170205,1255088,2865707
2024-02-26,NASDAQ PSX (X),6707863,6781769,9818917,23308549,302272464.025900,553073271.335800,544992039.731300,1400337775.093000,110908,31966,112039,254913
2024-02-26,BYX Equities (Y),31244856,24034521,41352259,96631636,884638334.774800,1421223677.882101,1232482749.997600,3538344762.654501,331138,101086,358423,790647
2024-02-26,BZX Equities (Z),161468100,91129104,231311840,483909044,7572393874.003096,6682881201.065401,11795434661.235101,26050709736.303598,2303357,512385,2301646,5117388
2024-02-23,NYSE American (A),7489535,14299258,6446666,28235459,298930053.541500,356048480.886200,396861255.378900,1051839789.806600,93999,55797,75829,225625
2024-02-23,NASDAQ BX (B),13058926,10362115,16173946,39594987,695235343.951300,564354887.376900,1002181259.599500,2261771490.927700,192449,53222,190661,436332
2024-02-23,NYSE National (C),16768708,11666101,17343046,45777855,581256570.740600,306265276.593700,711529949.696800,1599051797.031100,261089,47366,213615,522070
2024-02-23,FINRA / Nasdaq TRF Chicago (DB),27956091,2497338,26320114,56773543,1544710980.825600,149803306.693900,2568007476.455699,4262521763.975199,42705,9774,95104,147583
2024-02-23,FINRA / NYSE TRF (DN),60828029,35291044,191983369,288102442,2181587978.117400,1310706629.867200,8269555770.087701,11761850378.072301,382710,111974,701216,1195900
2024-02-23,FINRA / Nasdaq TRF Carteret (DQ),1451972458,755134027,2344097889,4551204374,75257414754.559332,43164841953.226095,137697812136.340569,256120068844.125996,9799896,2631167,11750575,24181638
2024-02-23,MIAX Pearl (H),57010236,64947858,71913635,193871729,1380089634.185000,2891599023.827101,2534165039.912300,6805853697.924401,506888,228524,516211,1251623
2024-02-23,EDGA Equities (J),78230557,46332450,75965063,200528070,2192355579.752500,1661039728.426200,2491284915.785800,6344680223.964500,843078,196133,745942,1785153
2024-02-23,EDGX Equities (K),161426489,115985028,331206067,608617584,6016904957.636301,6351939606.991599,17518888981.517810,29887733546.145710,1483405,543704,2158853,4185962
2024-02-23,LTSE (L),159995,37519,444773,642287,10132606.680000,1193016.160000,33774725.150000,45100347.990000,723,155,972,1850
2024-02-23,NYSE Chicago (M),18539119,9919074,19226839,47685032,1356543792.245800,1386636744.527800,3183044469.476201,5926225006.249801,74603,4690,80248,159541
2024-02-23,NYSE (N),851887545,47501177,79439184,978827906,45458633290.336802,3423543924.498499,4211235571.800401,53093412786.635702,3254314,193007,670744,4118065
2024-02-23,NYSE Arca (P),168059251,324254265,452501040,944814556,7341567659.619502,21834435421.700106,20285531316.086197,49461534397.405805,2024290,1467325,3661258,7152873
2024-02-23,NASDAQ (Q),421801335,179087402,1081992189,1682880926,20251722044.015298,15189924325.017296,76761395501.643037,112203041870.675631,5867136,1231126,8619974,15718236
2024-02-23,Members Exchange (U),107300731,52761113,134898758,294960602,4145206429.032600,3315641151.074500,7145248899.744702,14606096479.851802,1290426,323391,1301185,2915002
2024-02-23,Investors Exchange (V),105617210,27540430,100305324,233462964,5750823079.347900,1983709970.688000,6277963291.021101,14012496341.057001,1457011,169260,1227702,2853973
2024-02-23,NASDAQ PSX (X),8008873,6609894,10422533,25041300,364484202.415500,635657579.055400,780010618.738000,1780152400.208900,131463,35034,125711,292208
2024-02-23,BYX Equities (Y),33773743,26561830,40595374,100930947,931706938.725200,1583628150.328401,1519216297.208000,4034551386.261601,335352,107067,356244,798663
2024-02-23,BZX Equities (Z),168792631,93377448,218728631,480898710,7843029683.616900,7406682505.527496,13443589538.290102,28693301727.434498,2316160,541442,2228316,5085918
2024-02-22,NYSE American (A),7228265,16852754,6738049,30819068,281336486.726900,367556457.542300,430004397.925600,1078897342.194800,87615,57421,76119,221155
2024-02-22,NASDAQ BX (B),15487040,14008612,18914903,48410555,810846513.487900,732543974.184300,1341213998.621600,2884604486.293800,218601,58891,210709,488201
2024-02-22,NYSE National (C),18797251,16632860,20335268,55765379,694361613.814200,388593715.650800,955165205.318500,2038120534.783500,299481,54723,246944,601148
2024-02-22,FINRA / Nasdaq TRF Chicago (DB),10689922,2608547,14759887,28058356,518489498.125800,147473404.921300,1723846492.186200,2389809395.233300,29130,10261,96537,135928
2024-02-22,FINRA / NYSE TRF (DN),55285219,40167510,184189431,279642160,1863942725.410100,1432722310.921801,8140534637.890401,11437199674.222302,332906,141244,699936,1174086
2024-02-22,FINRA / Nasdaq TRF Carteret (DQ),1620543795,869714876,2568087879,5058346550,83378454185.736831,48702573670.067295,155270912025.920262,287351939881.724388,10765869,2750033,13005864,26521766
2024-02-22,MIAX Pearl (H),60960422,69580973,79587590,210128985,1744722208.257400,3294854994.875000,3419024563.071201,8458601766.203601,596252,252330,587646,1436228
2024-02-22,EDGA Equities (J),89027340,58388129,85354201,232769670,2557522989.526200,2180327587.311300,3312318859.859201,8050169436.696701,977165,229460,845859,2052484
2024-02-22,EDGX Equities (K),179640623,135040854,376476280,691157757,6618512580.596401,7195025950.282701,22457967829.703293,36271506360.582395,1638313,612852,2566914,4818079
2024-02-22,LTSE (L),126668,63180,95580,285428,5501711.330000,4385093.760000,7985554.270000,17872359.360000,618,209,546,1373
2024-02-22,NYSE Chicago (M),17106601,13737499,20883688,51727788,1366604244.074800,1916096729.984600,3422268151.327499,6704969125.386899,87770,4477,91425,183672
2024-02-22,NYSE (N),964896765,55865184,91354607,1112116556,50503454591.762094,4287401200.651399,5196545592.978401,59987401385.391894,3614929,213914,757868,4586711
2024-02-22,NYSE Arca (P),197574047,401848158,498603935,1098026140,8878153174.854299,27011764345.208095,27727089221.769503,63617006741.831897,2399270,1660593,4214697,8274560
2024-02-22,NASDAQ (Q),476024129,208852889,1261864585,1946741603,23646350019.768096,18210557774.255993,99092916005.320283,140949823799.344372,6686042,1386566,10123473,18196081
2024-02-22,Members Exchange (U),122447601,60624897,156941015,340013513,4709323654.169700,3808796112.985599,8587458481.121402,17105578248.276701,1508061,362689,1549150,3419900
2024-02-22,Investors Exchange (V),121037608,33693819,110639359,265370786,6676990644.908800,2597268075.858000,7993560140.940599,17267818861.707399,1633448,193171,1367745,3194364
2024-02-22,NASDAQ PSX (X),8942366,8668365,13740241,31350972,495981539.683800,811831610.284900,1255775389.708400,2563588539.677100,156393,44329,167569,368291
2024-02-22,BYX Equities (Y),38254652,34325885,48681240,121261777,1058005552.659400,2158673043.632600,2031516202.660801,5248194798.952801,379909,134522,415981,930412
2024-02-22,BZX Equities (Z),193216873,119742356,252257156,565216385,9245035626.174100,9052591857.930703,16820974588.193293,35118602072.298096,2703329,625964,2658987,5988280
2024-02-21,NYSE American (A),7438402,15385986,6292088,29116476,320086988.243600,318996478.455500,402568173.174600,1041651639.873700,100983,54553,79840,235376
2024-02-21,NASDAQ BX (B),13980292,10787827,16226435,40994554,690572406.811400,563762344.177100,1095448221.125000,2349782972.113500,198464,53455,196639,448558
2024-02-21,NYSE National (C),17445062,8809000,15576468,41830530,548732457.898000,280832608.533900,659720102.121800,1489285168.553700,278913,45332,202942,527187
2024-02-21,FINRA / Nasdaq TRF Chicago (DB),24090195,4550159,29797884,58438238,1394699254.051700,205572830.479900,2335266132.111700,3935538216.643300,24811,9521,92006,126338
2024-02-21,FINRA / NYSE TRF (DN),62018526,31794210,163673401,257486137,2254580998.542399,1194663997.967199,7301844957.671004,10751089954.180602,335305,111717,649910,1096932
2024-02-21,FINRA / Nasdaq TRF Carteret (DQ),1491655506,717538993,2222142588,4431337087,74444796062.741454,40332404981.563115,124267289512.188970,239044490556.493539,9940312,2523499,11482890,23946701
2024-02-21,MIAX Pearl (H),56423909,69269399,69889240,195582548,1416291898.529100,2727034105.531400,2381473661.036500,6524799665.097000,511175,226786,494844,1232805
2024-02-21,EDGA Equities (J),80520054,42070500,68817016,191407570,2196214104.980200,1612645866.160200,2541008594.370900,6349868565.511300,866898,197782,715784,1780464
2024-02-21,EDGX Equities (K),161616809,112783485,322401058,596801352,5536471537.482100,5767713417.594403,15772005466.422095,27076190421.498598,1497738,541333,2286725,4325796
2024-02-21,LTSE (L),550206,37563,268614,856383,7698372.430000,3407115.730000,18737954.810000,29843442.970000,749,163,765,1677
2024-02-21,NYSE Chicago (M),16261237,18843548,17711728,52816513,1703100118.961900,1537326431.862300,3777950422.495900,7018376973.320100,87686,4404,88514,180604
2024-02-21,NYSE (N),902799976,49818074,84921544,1037539594,45935743715.972293,3295823317.253700,4081240060.645398,53312807093.871391,3456327,197479,688770,4342576
2024-02-21,NYSE Arca (P),183232238,348258685,508886229,1040377152,7726030471.508400,22452384500.217190,25366685766.926417,55545100738.652007,2204036,1520398,4094355,7818789
2024-02-21,NASDAQ (Q),446815777,178158686,1089101585,1714076048,21687221288.087298,14544830806.034493,72338952039.299130,108571004133.420921,6371054,1210156,9017501,16598711
2024-02-21,Members Exchange (U),114365800,55710790,137632372,307708962,4335349853.523600,3282167426.674100,6895484371.459101,14513001651.656801,1396662,332169,1379201,3108032
2024-02-21,Investors Exchange (V),110289553,26652861,91458444,228400858,5834001671.308500,1739045444.343800,5885626385.715500,13458673501.367800,1466568,161787,1200648,2829003
2024-02-21,NASDAQ PSX (X),9014416,7283543,11218344,27516303,464504051.364700,625850850.616800,800661482.368900,1891016384.350400,149091,36806,144155,330052
2024-02-21,BYX Equities (Y),35416421,26329596,40806047,102552064,994610780.714400,1338750164.610600,1517739924.149400,3851100869.474400,365444,106724,374353,846521
2024-02-21,BZX Equities (Z),172127633,100151807,209726190,482005630,7965118277.039698,7223416188.262697,12203381600.484201,27391916065.786596,2478888,557304,2346543,5382735
2024-02-20,NYSE American (A),7370937,18532737,7288480,33192154,351610328.751600,367772854.754300,534731219.310100,1254114402.816000,105100,59133,89656,253889
2024-02-20,NASDAQ BX (B),13742722,10215366,16069670,40027758,735762019.693600,623606314.211300,1105627565.507300,2464995899.412200,198524,58268,197822,454614
2024-02-20,NYSE National (C),16984995,9973645,16351011,43309651,546159943.762100,307896760.327000,593287505.941800,1447344210.030900,302270,51349,218037,571656
2024-02-20,FINRA / Nasdaq TRF Chicago (DB),30429129,3678313,29493637,63601079,1508757628.839200,194322841.894100,2288353866.490900,3991434337.224200,26922,11035,93271,131228
2024-02-20,FINRA / NYSE TRF (DN),59600737,41006206,198668091,299275034,2276721227.240000,1420711854.804601,6849683638.489902,10547116720.534503,407610,135348,740501,1283459
2024-02-20,FINRA / Nasdaq TRF Carteret (DQ),1529240554,783267217,2514894867,4827402638,87593320688.963180,46005287990.604897,138080955922.814919,271679564602.382996,10959127,3039759,12910134,26909020
2024-02-20,MIAX Pearl (H),65060032,74710762,82545551,222316345,1755847850.543400,3130743047.169201,3111150968.728300,7997741866.440901,580117,264401,570355,1414873
2024-02-20,EDGA Equities (J),87588026,46536500,77508332,211632858,2486369245.178400,1805165684.556600,2788688929.027501,7080223858.762501,943704,220180,783053,1946937
2024-02-20,EDGX Equities (K),172826375,125633052,363776878,662236305,6430007596.145903,6496116802.777600,17678533315.004994,30604657713.928497,1599592,603391,2474160,4677143
2024-02-20,LTSE (L),58094,24916,543918,626928,2826176.110000,1672383.110000,40887229.030000,45385788.250000,422,132,681,1235
2024-02-20,NYSE Chicago (M),19576724,9649985,17240332,46467041,1514202511.265500,912762823.676200,2542634274.967699,4969599609.909399,102587,5921,99790,208298
2024-02-20,NYSE (N),983849745,54498384,88646478,1126994607,53264804521.504596,3884618395.568200,4837737484.445701,61987160401.518497,3652920,228194,726264,4607378
2024-02-20,NYSE Arca (P),194010265,367895698,586260448,1148166411,8655212157.193001,24154333649.078988,23444794493.428293,56254340299.700282,2359012,1638239,4396565,8393816
2024-02-20,NASDAQ (Q),474371594,189214479,1206700296,1870286369,23952298869.719897,16173878965.387397,81620283402.986948,121746461238.094242,6649389,1328850,9644106,17622345
2024-02-20,Members Exchange (U),122268791,58042841,151064592,331376224,4832343406.254698,3425052892.053498,7521975160.812496,15779371459.120692,1451042,364478,1459614,3275134
2024-02-20,Investors Exchange (V),116553509,33284743,100767870,250606122,6879728888.128803,2188551448.977400,6976993184.000199,16045273521.106402,1682894,203929,1320418,3207241
2024-02-20,NASDAQ PSX (X),9064908,7793701,11579867,28438476,404858334.422500,743344322.087600,742630701.901300,1890833358.411400,135938,39862,129294,305094
2024-02-20,BYX Equities (Y),37219576,29439821,43837223,110496620,1051125413.701500,1772726805.497700,1592429844.843301,4416282064.042501,395548,123077,400172,918797
2024-02-20,BZX Equities (Z),190258004,112814092,236484571,539556667,9066455491.919900,8391591552.752499,13352218341.301399,30810265385.973798,2686226,618701,2526310,5831237
2024-02-16,NYSE American (A),7900600,21838814,7773821,37513235,412203246.747500,376704837.464100,591592996.860700,1380501081.072300,107805,68258,95640,271703
2024-02-16,NASDAQ BX (B),12213356,12166703,15749901,40129960,652174115.584300,705246930.375400,1067081104.102200,2424502150.061900,180155,57203,192212,429570
2024-02-16,NYSE National (C),16510463,10599841,16930662,44040966,544576386.365000,344689242.880400,694644777.133200,1583910406.378600,249919,50681,204150,504750
2024-02-16,FINRA / Nasdaq TRF Chicago (DB),4302685,2879976,13539080,20721741,198083376.861300,165862235.129900,1496689708.065300,1860635320.056500,22474,9746,93173,125393
2024-02-16,FINRA / NYSE TRF (DN),61262789,49459934,177983990,288706713,2767735123.872899,1742261877.614500,8188181906.427603,12698178907.915002,373603,129326,712025,1214954
2024-02-16,FINRA / Nasdaq TRF Carteret (DQ),1415141353,838847976,2274718271,4528707600,76168245551.902067,48922961411.023278,139099825616.459783,264191032579.385128,9969557,2738758,12153227,24861542
2024-02-16,MIAX Pearl (H),61025507,74842843,77100912,212969262,1544179780.328000,3031740876.451800,2736404735.910700,7312325392.690500,563251,241351,553996,1358598
2024-02-16,EDGA Equities (J),82940936,50503780,73198689,206643405,2213359541.242300,1849294927.204600,2713551674.933300,6776206143.380200,874592,221391,751842,1847825
2024-02-16,EDGX Equities (K),171011721,143418543,349652253,664082517,6154868682.047501,7085468958.614301,19725313411.269411,32965651051.931213,1538254,632465,2455904,4626623
2024-02-16,LTSE (L),137876,37569,305728,481173,8660883.800000,1633472.260000,29425533.870000,39719889.930000,410,116,535,1061
2024-02-16,NYSE Chicago (M),17059796,18298959,27684606,63043361,1704599567.612700,3046046937.362501,4564569926.336201,9315216431.311402,79603,5056,88704,173363
2024-02-16,NYSE (N),979972702,56618855,90018856,1126610413,52560123876.792494,3753183763.403201,4615905803.274301,60929213443.469996,3418954,214955,716277,4350186
2024-02-16,NYSE Arca (P),175736294,394067318,465800788,1035604400,7811946543.305500,23618979659.061000,22423809803.983603,53854736006.350103,2143241,1588214,4059829,7791284
2024-02-16,NASDAQ (Q),444180359,205533505,1215294905,1865008769,22388334931.633204,17400333177.350006,82874057458.084616,122662725567.067826,6371534,1354459,9492432,17218425
2024-02-16,Members Exchange (U),115541948,64336410,145663614,325541972,4590038918.635201,3567948973.311299,7766501611.553900,15924489503.500400,1447327,364573,1459542,3271442
2024-02-16,Investors Exchange (V),108867692,34139301,97659224,240666217,6170196180.487399,2198987361.641800,7099760344.099900,15468943886.229099,1473985,184453,1267631,2926069
2024-02-16,NASDAQ PSX (X),8174212,8418998,10994385,27587595,434336895.277400,703029559.124800,847301731.469600,1984668185.871800,140196,40355,138150,318701
2024-02-16,BYX Equities (Y),34899203,30752104,40915014,106566321,1004427561.386900,1696952459.481999,1565455724.047000,4266835744.915899,359103,122767,364483,846353
2024-02-16,BZX Equities (Z),179101272,113778287,226197037,519076596,8631971840.112103,8318889816.849102,14434347980.542796,31385209637.504001,2551275,601202,2498407,5650884
2024-02-15,NYSE American (A),8802069,19915343,7997707,36715119,433417293.656700,352361106.409500,507909280.400700,1293687680.466900,115177,68686,96229,280092
2024-02-15,NASDAQ BX (B),13533574,10373549,17909581,41816704,720684672.747300,638934832.738200,1024612531.785700,2384232037.271200,202482,58674,197877,459033
2024-02-15,NYSE National (C),18057069,10542349,17307577,45906995,594636127.329200,395709245.587100,603234877.892700,1593580250.809000,295271,55493,220380,571144
2024-02-15,FINRA / Nasdaq TRF Chicago (DB),4985808,2124705,15072947,22183460,206991655.258500,158386529.976300,1423527726.878800,1788905912.113600,25257,9843,92527,127627
2024-02-15,FINRA / NYSE TRF (DN),60306271,39499645,227008907,326814823,2224965586.285800,1502247081.466400,7497144568.930802,11224357236.683002,357891,131314,738840,1228045
2024-02-15,FINRA / Nasdaq TRF Carteret (DQ),1587996024,835569875,2708001061,5131566960,79347019659.476625,45758607313.743400,134677636126.980883,259783263100.200908,10565866,2756371,12602008,25924245
2024-02-15,MIAX Pearl (H),59383551,67881672,84406156,211671379,1607294842.368400,3093618487.234000,2708088687.415399,7409002017.017799,553657,261326,607884,1422867
2024-02-15,EDGA Equities (J),92847391,48357149,85063653,226268193,2513097151.591000,1889717659.282700,2721327744.788001,7124142555.661701,968854,220081,815999,2004934
2024-02-15,EDGX Equities (K),194612049,140632791,407780962,743025802,6837602436.505901,6978018560.604898,19075711450.268700,32891332447.379499,1707668,624021,2563282,4894971
2024-02-15,LTSE (L),38020,31858,356719,426597,1733775.250000,1429240.400000,21322127.610000,24485143.260000,226,85,685,996
2024-02-15,NYSE Chicago (M),19633527,19062981,22598657,61295165,1609145536.574200,1995616717.718200,2396692616.837701,6001454871.130101,86769,5372,91906,184047
2024-02-15,NYSE (N),978668758,57122394,105813596,1141604748,50384340883.759398,3898674914.272200,4721590672.043799,59004606470.075397,3716551,216306,798438,4731295
2024-02-15,NYSE Arca (P),203194721,389726605,577167022,1170088348,8929788170.706801,23945376450.053187,23046833048.704805,55921997669.464793,2484795,1595580,4422625,8503000
2024-02-15,NASDAQ (Q),490711134,202661584,1316802478,2010175196,23957723490.301398,17355134706.124291,79713465148.495906,121026323344.921595,6925367,1387615,9905312,18218294
2024-02-15,Members Exchange (U),128900099,62387729,167174383,358462211,4982103161.510500,3618994870.547301,7588003313.008600,16189101345.066401,1591448,372871,1580992,3545311
2024-02-15,Investors Exchange (V),121237615,31545106,111901955,264684676,6904211599.197200,2142755657.855600,6842716660.816399,15889683917.869199,1577566,191941,1339162,3108669
2024-02-15,NASDAQ PSX (X),8032195,7808472,10640091,26480758,387328085.798400,659061688.668500,662009725.778700,1708399500.245600,131847,39324,121806,292977
2024-02-15,BYX Equities (Y),37897579,30517658,45960973,114376210,1133262569.314700,1564957386.697500,1570716009.006500,4268935965.018700,397791,121093,390286,909170
2024-02-15,BZX Equities (Z),199164272,111537135,255437670,566139077,9260477197.388902,8332933642.530603,14018949819.105005,31612360659.024510,2754070,615485,2650629,6020184
2024-02-14,NYSE American (A),6091260,19506198,6196042,31793500,252528611.554600,362621839.342500,290163189.333100,905313640.230200,82003,59440,71065,212508
2024-02-14,NASDAQ BX (B),13871569,11873707,16156000,41901276,737738202.999700,755926385.328400,986050001.366900,2479714589.695000,196293,57929,185863,440085
2024-02-14,NYSE National (C),16023355,10182474,16059453,42265282,500658419.177400,381502175.344800,518875552.473200,1401036146.995400,276564,56358,213447,546369
2024-02-14,FINRA / Nasdaq TRF Chicago (DB),5133772,2279922,13725117,21138811,220527580.718200,231471439.977500,1386030135.935000,1838029156.630700,25173,11664,88506,125343
2024-02-14,FINRA / NYSE TRF (DN),60293705,43343886,171775299,275412890,2070399877.874500,1909687600.457600,7021777499.993397,11001864978.325497,404535,133055,658303,1195893
2024-02-14,FINRA / Nasdaq TRF Carteret (DQ),1482064399,883631893,2280647418,4646343710,75812095895.270981,50877108581.251201,126200797197.193247,252890001673.715429,10293276,2627249,11595770,24516295
2024-02-14,MIAX Pearl (H),54957999,79277335,69081289,203316623,1461833234.120300,3253784835.847798,2370052668.283200,7085670738.251298,564734,247894,514961,1327589
2024-02-14,EDGA Equities (J),82093764,45797834,74709272,202600870,2318279355.861100,2058875489.797000,2589480790.029898,6966635635.687998,891026,219352,762460,1872838
2024-02-14,EDGX Equities (K),170148187,138947745,340038761,649134693,6213154900.729201,6768724338.198398,16846135311.302103,29828014550.229702,1522145,583426,2297999,4403570
2024-02-14,LTSE (L),72480,36184,158061,266725,3892921.300000,3091879.480000,14759634.010000,21744434.790000,282,111,584,977
2024-02-14,NYSE Chicago (M),20364591,13526126,15061089,48951806,1733958626.761300,1651026487.325100,2364812613.478300,5749797727.564700,81364,5083,83634,170081
2024-02-14,NYSE (N),924769962,61637202,87970785,1074377949,48423235982.406605,4192119598.628198,4316114621.079000,56931470202.113803,3524797,220387,736153,4481337
2024-02-14,NYSE Arca (P),182270413,415394849,506272567,1103937829,8395997264.763700,25356007800.112207,20001824629.282493,53753829694.158400,2325880,1544992,4141374,8012246
2024-02-14,NASDAQ (Q),454058416,213022960,1183616154,1850697530,23363534548.692800,17625826473.457992,74516089139.243429,115505450161.394221,6719284,1346758,9211906,17277948
2024-02-14,Members Exchange (U),120600563,68872291,145722541,335195395,4784393693.730601,4096641772.426801,7204301063.497404,16085336529.654806,1531390,379695,1450660,3361745
2024-02-14,Investors Exchange (V),109596932,28734480,96242478,234573890,6408955315.908599,2296506593.525200,5933309531.417294,14638771440.851093,1514760,173370,1234827,2922957
2024-02-14,NASDAQ PSX (X),7509869,10060687,9996689,27567245,411199162.477400,756369410.979000,651107148.880400,1818675722.336800,133583,42643,122886,299112
2024-02-14,BYX Equities (Y),36105135,32746282,42612690,111464107,1103609287.681800,1905025782.840400,1452014759.082200,4460649829.604400,401616,124069,393541,919226
2024-02-14,BZX Equities (Z),184274808,123635865,217562809,525473482,8936418547.034700,8515366318.695099,12997351995.156393,30449136860.886192,2623981,618982,2455157,5698120
2024-02-13,NYSE American (A),7139861,21055164,6732486,34927511,263536628.899300,508991073.850000,371821693.699000,1144349396.448300,86339,76385,77574,240298
2024-02-13,NASDAQ BX (B),16120408,18134280,19708086,53962774,811258036.409000,1056983798.360600,1238129067.422300,3106370902.191900,233222,78744,224645,536611
2024-02-13,NYSE National (C),19276585,15780982,20814240,55871807,556584948.809600,493410602.340100,673854421.800100,1723849972.949800,287586,69063,242638,599287
2024-02-13,FINRA / Nasdaq TRF Chicago (DB),5969695,3562951,13714519,23247165,263807979.671400,195696457.491100,1312832762.089701,1772337199.252201,29014,12326,89261,130601
2024-02-13,FINRA / NYSE TRF (DN),56142146,48703839,168012285,272858270,1789647281.990100,2181536834.528402,7011921293.439306,10983105409.957808,311633,169308,641108,1122049
2024-02-13,FINRA / Nasdaq TRF Carteret (DQ),1581721451,1269032522,2398196160,5248950133,81500851136.429504,80131648130.582305,143766940817.152065,305399440084.163874,11181384,3586317,12726404,27494105
2024-02-13,MIAX Pearl (H),65579987,97866447,84970970,248417404,1631159069.998800,4670532153.204998,3122688489.710100,9424379712.913898,647979,343899,617131,1609009
2024-02-13,EDGA Equities (J),95398247,67108926,91263635,253770808,2622453996.566900,2764819205.832601,3208048625.591799,8595321827.991300,1029644,297255,939452,2266351
2024-02-13,EDGX Equities (K),208529285,183607795,378539289,770676369,7368576478.090596,10292100604.898102,19193513675.899001,36854190758.887699,1890552,851714,2704710,5446976
2024-02-13,LTSE (L),23160,150353,51929,225442,3470849.240000,5967081.680000,7869072.470000,17307003.390000,96,266,384,746
2024-02-13,NYSE Chicago (M),17745969,13005896,19680598,50432463,1608532421.277200,2690198437.751700,2914676188.631000,7213407047.659900,113386,6127,121497,241010
2024-02-13,NYSE (N),993355069,81077487,102461697,1176894253,49534052729.761997,5934201921.410902,5048999233.639399,60517253884.812298,4058656,300342,837803,5196801
2024-02-13,NYSE Arca (P),250117067,544050719,553981283,1348149069,11997223157.843203,35903968970.998509,26188298742.403592,74089490871.245304,3095580,2219700,4905575,10220855
2024-02-13,NASDAQ (Q),523977089,286754165,1324010358,2134741612,25764503499.878199,23954381064.798699,83795784963.860593,133514669528.537491,7701956,1826289,11053607,20581852
2024-02-13,Members Exchange (U),150648033,95372565,169089770,415110368,5699234271.359100,5777899032.919001,8434791910.578198,19911925214.856299,1837985,522854,1750992,4111831
2024-02-13,Investors Exchange (V),119156650,41672430,109616420,270445500,6739839712.687600,3293505396.657999,7159055582.702001,17192400692.047600,1594956,237092,1366054,3198102
2024-02-13,NASDAQ PSX (X),8609455,12688424,12107152,33405031,424696701.700500,1153300171.180900,765581886.487000,2343578759.368400,149867,59597,143489,352953
2024-02-13,BYX Equities (Y),40034971,45657669,51162827,136855467,1303250066.952800,2969410124.343300,1923948484.886700,6196608676.182800,460937,174441,471411,1106789
2024-02-13,BZX Equities (Z),215082059,162088379,248684483,625854921,10039408967.985101,12233521519.455107,15342213188.584107,37615143676.024315,3190569,857210,2978262,7026041
2024-02-12,NYSE American (A),5818217,16202069,6472837,28493123,229047998.059100,276675767.940900,297974543.205100,803698309.205100,75523,48815,73168,197506
2024-02-12,NASDAQ BX (B),12443987,9745301,16395467,38584755,677017722.806000,541167079.688000,942906784.289100,2161091586.783100,178143,48768,188230,415141
2024-02-12,NYSE National (C),16969000,9454544,18582389,45005933,486979558.490800,293693448.783300,523250405.535200,1303923412.809300,253640,46023,207337,507000
2024-02-12,FINRA / Nasdaq TRF Chicago (DB),5688062,2467999,14994323,23150384,236243047.845500,117134812.390400,1359678749.884900,1713056610.120800,26161,9363,91226,126750
2024-02-12,FINRA / NYSE TRF (DN),58017388,34719679,195645097,288382164,1793310038.887000,1311372530.573100,6994934879.842005,10099617449.302105,307057,128181,654851,1090089
2024-02-12,FINRA / Nasdaq TRF Carteret (DQ),1496513916,790211049,2495648739,4782373704,76409805577.108630,46435045860.925123,138031660363.666845,260876511801.700598,10297941,2846972,12786125,25931038
2024-02-12,MIAX Pearl (H),55436078,55751912,76139644,187327634,1401346497.579000,2325303901.297700,2507959364.312600,6234609763.189300,537726,217880,552906,1308512
2024-02-12,EDGA Equities (J),80680992,43045589,77528175,201254756,2274107359.873800,1627648125.746100,2529751468.073100,6431506953.693000,898650,192938,782998,1874586
2024-02-12,EDGX Equities (K),178221580,110403844,357726132,646351556,6365705198.209601,5716378619.078896,17912945627.757016,29995029445.045513,1552593,517292,2316252,4386137
2024-02-12,LTSE (L),32877,215159,137658,385694,1055892.260000,11059010.980000,16213835.010000,28328738.250000,32,235,511,778
2024-02-12,NYSE Chicago (M),14025756,9464737,15008357,38498850,1380891168.998700,1121778771.048100,2493825224.257000,4996495164.303800,85512,4980,99474,189966
2024-02-12,NYSE (N),897206969,48891891,94948750,1041047610,45878225847.017700,3020193582.323900,4258330705.761502,53156750135.103102,3426784,181898,709231,4317913
2024-02-12,NYSE Arca (P),173663188,322333041,516705576,1012701805,7716054058.143497,20407252900.409606,20423852854.212713,48547159812.765816,2120693,1369011,4020391,7510095
2024-02-12,NASDAQ (Q),434298985,169203028,1168115532,1771617545,21729361545.710407,13776274258.922204,73029620194.663060,108535255999.295671,6394401,1138190,9384728,16917319
2024-02-12,Members Exchange (U),118950855,53364496,151405667,323721018,4549421282.223199,3039977548.575800,7147640109.887702,14737038940.686701,1428821,323041,1457873,3209735
2024-02-12,Investors Exchange (V),108126274,26673316,101485001,236284591,6035860797.868901,1797129101.458300,6455909804.921299,14288899704.248500,1459804,157241,1247385,2864430
2024-02-12,NASDAQ PSX (X),7332612,7718864,10636254,25687730,333191486.841200,550378612.927100,654859369.955000,1538429469.723300,130838,36185,125503,292526
2024-02-12,BYX Equities (Y),31949703,25775996,46171517,103897216,992622401.809500,1421818788.621800,1473234280.323400,3887675470.754700,359020,105349,397833,862202
2024-02-12,BZX Equities (Z),177535746,97683698,230070487,505289931,8470568349.519201,6895722861.552401,12934403861.065309,28300695072.136911,2608350,530217,2570006,5708573
2024-02-09,NYSE American (A),7151584,17706283,7091008,31948875,319282218.631600,270384466.905500,357682462.376800,947349147.913900,92145,52153,79415,223713
2024-02-09,NASDAQ BX (B),12201355,10539482,15737519,38478356,686085867.793100,627824812.618300,844653575.782800,2158564256.194200,175532,50683,167052,393267
2024-02-09,NYSE National (C),16363682,9529586,16366958,42260226,489857296.489800,357340220.967500,516906413.126700,1364103930.584000,239220,49273,186358,474851
2024-02-09,FINRA / Nasdaq TRF Chicago (DB),5904579,2160836,12363160,20428575,302797297.195900,117642456.817400,1119206015.644500,1539645769.657800,30329,9138,73194,112661
2024-02-09,FINRA / NYSE TRF (DN),59115425,37140262,231226845,327482532,1954039948.620700,1813309468.443399,5764489835.011498,9531839252.075597,305889,120108,588422,1014419
2024-02-09,FINRA / Nasdaq TRF Carteret (DQ),1515125047,762854007,2575878774,4853857828,75986041954.604351,47060592518.246820,119186632173.967209,242233266646.818380,10368873,2721859,11532555,24623287
2024-02-09,MIAX Pearl (H),58496085,52264707,74772621,185533413,1470592985.798600,2555443274.960701,2406595607.850000,6432631868.609301,550229,217058,539591,1306878
2024-02-09,EDGA Equities (J),83395292,41482831,78211717,203089840,2318564499.410700,1721780016.625100,2476815663.538800,6517160179.574600,870363,189551,724105,1784019
2024-02-09,EDGX Equities (K),185232383,108172803,406732420,700137606,6745443030.495898,6101454576.142901,16155140228.009193,29002037834.647992,1619035,521533,2218539,4359107
2024-02-09,LTSE (L),18394,326659,200296,545349,648656.130000,7967682.670000,14714463.920000,23330802.720000,67,399,220,686
2024-02-09,NYSE Chicago (M),16432656,7311312,15198328,38942296,1422502429.269400,1119164028.665900,2807963881.062701,5349630338.998001,88385,6060,87329,181774
2024-02-09,NYSE (N),897510039,48665622,93305817,1039481478,46788909625.260700,3493942617.757199,4555492482.773699,54838344725.791598,3393837,179729,695256,4268822
2024-02-09,NYSE Arca (P),186737463,295830407,659230930,1141798800,8196253209.013499,19145271388.315400,18203731747.317391,45545256344.646290,2187775,1284661,3666660,7139096
2024-02-09,NASDAQ (Q),464428641,167256578,1152204560,1783889779,22786627053.028706,14593549817.051696,72032304759.534866,109412481629.615268,6434864,1123416,8593691,16151971
2024-02-09,Members Exchange (U),122970178,53256212,168221426,344447816,4730624350.660200,3185288878.257502,7224411608.481397,15140324837.399099,1456140,308547,1426908,3191595
2024-02-09,Investors Exchange (V),111998586,27506883,92180616,231686085,6152260549.909999,1970002433.747000,6008911827.864497,14131174811.521496,1477247,165583,1172279,2815109
2024-02-09,NASDAQ PSX (X),6843139,7524817,9913372,24281328,360045827.615700,686715725.545500,683126774.724200,1729888327.885400,128608,38756,118541,285905
2024-02-09,BYX Equities (Y),33920069,26100027,48299154,108319250,956151666.958400,1530807403.849300,1311883143.720000,3798842214.527700,336609,109545,354935,801089
2024-02-09,BZX Equities (Z),189040295,92289056,246609437,527938788,8771015799.156301,7142170423.446399,13117345610.417197,29030531833.019897,2635679,513659,2424675,5574013
2024-02-08,NYSE American (A),8678257,14433702,6518930,29630889,383885059.298200,269476609.962400,330032513.036500,983394182.297100,108197,50229,84394,242820
2024-02-08,NASDAQ BX (B),14068506,9504087,16560265,40132858,781228697.728600,587527650.176600,920949325.044500,2289705672.949700,204386,48328,184964,437678
2024-02-08,NYSE National (C),19844890,8972245,16160093,44977228,640022132.930400,360833479.150400,574471419.257400,1575327031.338200,291315,49111,209990,550416
2024-02-08,FINRA / Nasdaq TRF Chicago (DB),6248346,2394047,12676015,21318408,297201846.380100,92921916.657200,1024424626.708300,1414548389.745600,31439,8157,72189,111785
2024-02-08,FINRA / NYSE TRF (DN),73148958,39234220,231672601,344055779,2420693863.073699,1332717142.617800,6622348562.784204,10375759568.475703,357772,117848,593041,1068661
2024-02-08,FINRA / Nasdaq TRF Carteret (DQ),1768279998,805881619,2623563818,5197725435,88485643281.201269,45355569996.872786,118316510120.986704,252157723399.060759,11090470,2553498,11215467,24859435
2024-02-08,MIAX Pearl (H),57483382,56234862,71626092,185344336,1488646059.850100,2251099227.225600,2112886688.485900,5852631975.561600,529317,201952,465899,1197168
2024-02-08,EDGA Equities (J),96466154,48609487,77689125,222764766,2850833027.512500,1900161991.887500,2697401112.081401,7448396131.481401,1001569,217118,760420,1979107
2024-02-08,EDGX Equities (K),205410843,108827191,375592986,689831020,7663386490.677398,5350481690.477096,14028390207.081701,27042258388.236195,1737629,495945,2116962,4350536
2024-02-08,LTSE (L),119697,54360,64536,238593,4024066.970000,2150337.820000,2879492.690000,9053897.480000,261,105,399,765
2024-02-08,NYSE Chicago (M),14365691,10082555,18098079,42546325,1390682601.035600,1439289746.113600,3580848630.818499,6410820977.967699,90137,4566,79463,174166
2024-02-08,NYSE (N),949210719,45182647,86937204,1081330570,49937914660.464498,2911729062.180600,4205512243.034500,57055155965.679598,3620274,171811,667479,4459564
2024-02-08,NYSE Arca (P),212126886,311020479,621477475,1144624840,9541539400.467004,18855593187.166795,17588289784.584098,45985422372.217897,2370036,1251023,3647778,7268837
2024-02-08,NASDAQ (Q),505409923,156370062,1097923434,1759703419,25308958789.301298,12985139929.329804,65504610342.863230,103798709061.494332,6783398,1024012,8523840,16331250
2024-02-08,Members Exchange (U),135132803,55202415,162414711,352749929,5385408332.244999,2965759963.393699,6275212405.711301,14626380701.349999,1586751,307772,1345301,3239824
2024-02-08,Investors Exchange (V),125057533,26270625,95810811,247138969,7394848819.776098,1732798175.133300,6314730914.608501,15442377909.517899,1597039,152161,1222776,2971976
2024-02-08,NASDAQ PSX (X),8165019,7151275,10678173,25994467,409307904.372000,550470123.911400,642867643.899400,1602645672.182800,143076,35528,123037,301641
2024-02-08,BYX Equities (Y),36558945,26738790,47094083,110391818,1078496093.917000,1464572047.490700,1311719999.025200,3854788140.432900,373270,104216,357738,835224
2024-02-08,BZX Equities (Z),198880605,95074559,238515383,532470547,9702032671.609799,6626329415.176600,11583393298.264704,27911755385.051103,2858180,493305,2396075,5747560
2024-02-07,NYSE American (A),8899207,15871994,6765309,31536510,398879449.104300,361545783.426400,409604224.200200,1170029456.730900,107561,55521,88935,252017
2024-02-07,NASDAQ BX (B),15809247,9885282,16728031,42422560,777111866.998900,643466004.558100,881132040.626800,2301709912.183800,206261,51970,174682,432913
2024-02-07,NYSE National (C),18564051,9844157,14620665,43028873,581376975.978300,367140444.049100,530411736.180400,1478929156.207800,256515,47793,191582,495890
2024-02-07,FINRA / Nasdaq TRF Chicago (DB),7798012,2046110,10310546,20154668,297999030.138200,113898550.709800,1121017118.888901,1532914699.736901,34085,8472,64998,107555
2024-02-07,FINRA / NYSE TRF (DN),81870771,37470703,153529044,272870518,2400420638.345401,1836439262.526499,6057688015.329902,10294547916.201802,369332,116016,509920,995268
2024-02-07,FINRA / Nasdaq TRF Carteret (DQ),1909540666,832737199,2092367741,4834645606,88863674448.935856,50594206710.114114,121462975461.747683,260920856620.797653,10938576,2599547,10510861,24048984
2024-02-07,MIAX Pearl (H),57782199,61624020,57737661,177143880,1194847881.922100,2507407276.795800,1757533024.793100,5459788183.511000,474037,217267,383758,1075062
2024-02-07,EDGA Equities (J),101208269,47598041,68574688,217380998,2576713592.037100,1919103014.803100,2512449456.744900,7008266063.585100,962682,215611,689257,1867550
2024-02-07,EDGX Equities (K),246737574,114171653,284751084,645660311,7974854249.725900,5898804046.276299,14875323730.030306,28748982026.032505,1825654,539465,1935943,4301062
2024-02-07,LTSE (L),162811,22159,97291,282261,5937379.190000,602067.630000,12090018.290000,18629465.110000,568,81,312,961
2024-02-07,NYSE Chicago (M),20402826,14917335,15547141,50867302,1654850572.782700,1496848680.982800,1961816252.228300,5113515505.993800,89848,5752,81936,177536
2024-02-07,NYSE (N),991157231,47286833,82018812,1120462876,50114056661.322195,3479859354.744603,4309529232.907600,57903445248.974398,3624895,191248,682257,4498400
2024-02-07,NYSE Arca (P),259701417,330294314,448735121,1038730852,9550732161.295101,21825428576.755503,19476010123.351400,50852170861.402004,2519445,1371298,3423532,7314275
2024-02-07,NASDAQ (Q),541704059,173343798,1024356104,1739403961,25188845866.710698,15120037642.995702,70749598801.522705,111058482311.229105,6786450,1166104,8290480,16243034
2024-02-07,Members Exchange (U),146255357,58484327,131697881,336437565,5046858661.692199,3337161509.395298,6346368404.312903,14730388575.400400,1599448,341318,1317972,3258738
2024-02-07,Investors Exchange (V),132315186,27145303,90857718,250318207,6967770584.432601,1848453146.668300,5998105994.627500,14814329725.728401,1538968,153550,1144326,2836844
2024-02-07,NASDAQ PSX (X),8582559,8093434,9353966,26029959,425285518.268200,670908186.899000,643100282.993500,1739293988.160700,135581,38927,117928,292436
2024-02-07,BYX Equities (Y),40521760,26341630,41287684,108151074,1066040164.725600,1768783000.799801,1291640156.690600,4126463322.216001,373327,112867,349255,835449
2024-02-07,BZX Equities (Z),212918591,94100520,189606920,496626031,9446140034.206200,7082392511.445902,12134167208.829797,28662699754.481899,2775595,525275,2241545,5542415
2024-02-06,NYSE American (A),8571154,17314626,6260910,32146690,320191507.021000,314672308.832800,362101487.738300,996965303.592100,101045,60851,78893,240789
2024-02-06,NASDAQ BX (B),15283807,10672813,16547769,42504389,809647465.882100,604341585.519900,986974787.661200,2400963839.063200,208913,48367,175197,432477
2024-02-06,NYSE National (C),19917468,9033706,15194610,44145784,597774706.983900,331254563.618100,531763323.214200,1460792593.816200,277030,48418,194460,519908
2024-02-06,FINRA / Nasdaq TRF Chicago (DB),6747891,2100514,10970387,19818792,287603404.188900,109133825.341400,1283431725.774300,1680168955.304600,31528,8686,68635,108849
2024-02-06,FINRA / NYSE TRF (DN),80107795,44907303,164925499,289940597,2495393338.799300,1604222599.749400,6054268420.795798,10153884359.344498,354078,130416,528751,1013245
2024-02-06,FINRA / Nasdaq TRF Carteret (DQ),1812132389,773949355,2151038749,4737120493,86577598728.522453,41517948366.070490,126916112373.951044,255011659468.543987,10647806,2626801,10600295,23874902
2024-02-06,MIAX Pearl (H),56874532,70377330,63872445,191124307,1237511849.002800,2433461608.483600,1899442802.626501,5570416260.112901,480995,208702,372848,1062545
2024-02-06,EDGA Equities (J),98099583,49295899,69247596,216643078,2556090417.557200,1916292013.327000,2513268727.922100,6985651158.806300,946524,218821,691129,1856474
2024-02-06,EDGX Equities (K),234746098,117457324,305489078,657692500,7985880518.299697,5638446804.871500,16414748149.935012,30039075473.106209,1764062,544279,2015904,4324245
2024-02-06,LTSE (L),142314,106353,115166,363833,5750328.970000,7072295.360000,15820534.840000,28643159.170000,433,260,338,1031
2024-02-06,NYSE Chicago (M),18141320,15896026,15841140,49878486,1560719880.712100,1978496682.444600,2148396083.673000,5687612646.829700,90575,4911,84318,179804
2024-02-06,NYSE (N),934767309,49940174,81708262,1066415745,47339673447.709597,3199214839.491900,4413814898.650199,54952703185.851696,3590456,194914,671644,4457014
2024-02-06,NYSE Arca (P),238616974,376113284,457578375,1072308633,9655744184.800603,22490092802.772799,18555789590.201499,50701626577.774901,2465467,1435982,3290099,7191548
2024-02-06,NASDAQ (Q),532124085,190111198,1013023961,1735259244,25041435593.353288,15191385111.231001,69876324877.318909,110109145581.903198,6601912,1224141,8342938,16168991
2024-02-06,Members Exchange (U),137098120,62753085,133379362,333230567,4944213947.412902,3211578540.504899,6617048478.867603,14772840966.785404,1550625,348557,1316347,3215529
2024-02-06,Investors Exchange (V),126002013,29160741,91978394,247141148,7037639081.240100,1801336734.847100,6776003215.351501,15614979031.438701,1525192,162827,1176311,2864330
2024-02-06,NASDAQ PSX (X),7144303,7843246,8686728,23674277,339002341.723200,609695284.568300,587538265.675000,1536235891.966500,112624,37088,100817,250529
2024-02-06,BYX Equities (Y),40743727,29136995,44772463,114653185,1138100530.964300,1713020453.667800,1444027650.509400,4295148635.141500,375765,113814,354970,844549
2024-02-06,BZX Equities (Z),204709353,107263385,194466570,506439308,9365319479.469699,7183957695.625902,12282113236.568198,28831390411.663799,2642320,544418,2234177,5420915
2024-02-05,NYSE American (A),7657784,16120812,6735345,30513941,365940284.069800,338718970.225300,436862815.978700,1141522070.273800,98397,59379,78285,236061
2024-02-05,NASDAQ BX (B),13008324,11194040,14697200,38899564,745600862.836900,704316353.970700,958552957.761900,2408470174.569500,197463,52216,176650,426329
2024-02-05,NYSE National (C),16958356,10334579,15084761,42377696,504231492.322500,398319899.680700,536880465.030300,1439431857.033500,245218,55518,172256,472992
2024-02-05,FINRA / Nasdaq TRF Chicago (DB),6516872,2565993,12847557,21930422,277295081.838200,118237785.898500,1494863372.585001,1890396240.321701,30109,9720,82414,122243
2024-02-05,FINRA / NYSE TRF (DN),66356910,40924768,163077804,270359482,2120903385.253900,1395373473.070000,7369636628.904599,10885913487.228499,339371,126940,576346,1042657
2024-02-05,FINRA / Nasdaq TRF Carteret (DQ),1608168626,879912515,2240007446,4728088587,84425000044.256414,56351543539.944531,139137405776.951084,279913949361.152029,10748284,3080306,11669113,25497703
2024-02-05,MIAX Pearl (H),50106658,69642227,72376388,192125273,1096800691.396900,2811866834.608799,2261300472.132600,6169967998.138299,426508,235935,377620,1040063
2024-02-05,EDGA Equities (J),84012786,52640414,72600234,209253434,2351403928.346800,2170623840.469200,2836362847.647800,7358390616.463800,869900,238795,704191,1812886
2024-02-05,EDGX Equities (K),204351936,124768055,307022460,636142451,7252394778.088200,6578105767.072000,18891929762.037199,32722430307.197399,1736874,601121,2178447,4516442
2024-02-05,LTSE (L),60962,186958,290709,538629,3114596.510000,4957992.660000,14887542.368000,22960131.538000,405,244,723,1372
2024-02-05,NYSE Chicago (M),13495142,13065692,16615633,43176467,1440941981.083300,983772420.626900,3162539376.564999,5587253778.275199,115567,4936,106071,226574
2024-02-05,NYSE (N),953662533,55079041,80926725,1089668299,51372827958.144199,3900307242.859701,4584482503.360901,59857617704.364801,3590927,218670,654292,4463889
2024-02-05,NYSE Arca (P),198708519,387244909,446222988,1032176416,8893562169.823504,26152330870.678895,19612632785.676005,54658525826.178404,2265194,1588763,3348321,7202278
2024-02-05,NASDAQ (Q),472829200,200650512,1021347424,1694827136,24068225927.893301,17230617236.652809,74420140919.130915,115718984083.677025,6508051,1353017,8522110,16383178
2024-02-05,Members Exchange (U),118587592,60429220,131576602,310593414,4513199971.476000,3543275944.305000,7064106827.824003,15120582743.605003,1423663,371192,1329015,3123870
2024-02-05,Investors Exchange (V),112024380,28888879,89583651,230496910,6474798635.606300,1972470735.760601,6426824999.286098,14874094370.652999,1499092,174029,1151011,2824132
2024-02-05,NASDAQ PSX (X),6568296,7654225,9983899,24206420,335561999.818500,694442906.827000,643580454.030000,1673585360.675500,110577,38381,107066,256024
2024-02-05,BYX Equities (Y),34654802,30199377,42394634,107248813,1042120330.742800,1909380234.987399,1523337685.633001,4474838251.363200,347529,125551,339594,812674
2024-02-05,BZX Equities (Z),183458927,108169672,200547324,492175923,8939849298.912200,8206455626.242000,13252780599.444609,30399085524.598809,2577218,607253,2277969,5462440
2024-02-02,NYSE American (A),8710102,15504300,7398787,31613189,338282220.724500,436474664.161500,473778114.324500,1248534999.210500,109841,61131,88100,259072
2024-02-02,NASDAQ BX (B),14160470,12910386,15669315,42740171,772954046.216500,807411084.005000,1186390844.921600,2766755975.143100,219870,58872,191575,470317
2024-02-02,NYSE National (C),18656753,12080419,16240142,46977314,540255701.862100,467168496.223500,715834023.990300,1723258222.075900,266439,65518,184928,516885
2024-02-02,FINRA / Nasdaq TRF Chicago (DB),4744805,2563362,12195694,19503861,223697730.042000,140580873.761700,1421307074.044900,1785585677.848600,24816,10200,76333,111349
2024-02-02,FINRA / NYSE TRF (DN),55356354,46328579,147053256,248738189,1636578808.618900,2520294057.489400,7345789399.357497,11502662265.465797,297803,135861,568706,1002370
2024-02-02,FINRA / Nasdaq TRF Carteret (DQ),1516776574,886073513,2156939373,4559789460,78620225130.650718,57950797430.102986,144762458593.738648,281333481154.492352,10444901,3142845,11733941,25321687
2024-02-02,MIAX Pearl (H),56364322,99433703,83906253,239704278,1276972847.180700,3908155529.948998,3131014268.331900,8316142645.461598,482650,310779,500143,1293572
2024-02-02,EDGA Equities (J),93239882,66213346,77678885,237132113,2491452615.687500,2746846949.406400,3400405817.366600,8638705382.460500,931748,299410,765602,1996760
2024-02-02,EDGX Equities (K),195451961,151338723,303996370,650787054,7076167319.354201,8476654414.297700,22114265390.105115,37667087123.757016,1740956,696964,2339760,4777680
2024-02-02,LTSE (L),105280,168340,762126,1035746,7312974.810000,6246861.260000,43004767.760000,56564603.830000,699,269,1214,2182
2024-02-02,NYSE Chicago (M),12023930,12237392,19609221,43870543,1313333009.488500,1823281550.816500,3517504455.566503,6654119015.871503,118072,6619,107117,231808
2024-02-02,NYSE (N),922460826,73954986,94671123,1091086935,48861353029.639890,5157671556.762000,5717606098.016499,59736630684.418389,3881492,261683,772734,4915909
2024-02-02,NYSE Arca (P),184918434,464764811,381222922,1030906167,8676450943.957604,32384870779.143697,23544786463.363693,64606108186.464994,2319733,1868680,3466942,7655355
2024-02-02,NASDAQ (Q),489581429,253771622,1074899128,1818252179,25399323539.402291,21685921775.884902,87207708902.383602,134292954217.670795,6871447,1680427,9300265,17852139
2024-02-02,Members Exchange (U),127289355,77268581,143280841,347838777,4995591361.143300,4773536665.911899,9476325333.150502,19245453360.205701,1567574,453316,1561475,3582365
2024-02-02,Investors Exchange (V),119366951,35400042,95835107,250602100,6850145837.895800,2526605348.656500,7845303118.799904,17222054305.352204,1508488,205486,1184385,2898359
2024-02-02,NASDAQ PSX (X),6941314,10543153,10215698,27700165,391393925.017500,1036077592.896300,837618289.041000,2265089806.954800,118588,51270,117356,287214
2024-02-02,BYX Equities (Y),36905759,35689590,41437772,114033121,1074869828.903600,2353000025.341200,1727697263.872000,5155567118.116800,368565,146707,363292,878564
2024-02-02,BZX Equities (Z),200328335,140580552,215440303,556349190,9545700213.146802,10824764330.438794,16959369494.329001,37329834037.914597,2755606,750285,2558285,6064176
2024-02-01,NYSE American (A),9652571,18740382,8251528,36644481,417903421.414100,537438480.904700,466909337.898000,1422251240.216800,130137,74091,96674,300902
2024-02-01,NASDAQ BX (B),17219551,13408088,18057813,48685452,918306672.344300,880474944.504000,1200302005.067600,2999083621.915900,251823,61920,220526,534269
2024-02-01,NYSE National (C),19711261,12180438,17815210,49706909,562194906.910700,524449652.256400,623537230.047900,1710181789.215000,298567,69648,198255,566470
2024-02-01,FINRA / Nasdaq TRF Chicago (DB),5378290,2625120,12338188,20341598,218320387.342900,135714302.304800,972326141.660700,1326360831.308400,25648,10725,64172,100545
2024-02-01,FINRA / NYSE TRF (DN),51285145,46065090,137652259,235002494,1745403361.146800,1683788206.642701,4722116893.212501,8151308461.002002,294450,126901,495780,917131
2024-02-01,FINRA / Nasdaq TRF Carteret (DQ),1725873815,1007627106,2306602085,5040103006,85215895366.189001,59749719002.059535,126415973887.664338,271381588255.912874,11382105,3172859,11689243,26244207
2024-02-01,MIAX Pearl (H),61163096,88016776,78149567,227329439,1393835138.874000,3735786908.629200,2341305315.900100,7470927363.403300,525885,301009,460770,1287664
2024-02-01,EDGA Equities (J),105285885,69737179,91984085,267007149,2760874982.936700,2856790820.913601,3266549832.308601,8884215636.158902,1068646,316134,854616,2239396
2024-02-01,EDGX Equities (K),213280541,161361410,323964411,698606362,7263873335.202704,9534150793.823304,17446376569.409206,34244400698.435214,1885793,775158,2302658,4963609
2024-02-01,LTSE (L),169790,106937,61158,337885,7112593.100000,5023586.460000,3610477.550000,15746657.110000,890,459,506,1855
2024-02-01,NYSE Chicago (M),16721145,15351442,18559485,50632072,1406724369.515300,2561096149.421602,2782979647.924902,6750800166.861804,99812,6080,91823,197715
2024-02-01,NYSE (N),997224017,69381953,98327077,1164933047,51187453760.327994,4912273755.099299,4455019870.261398,60554747385.688691,3969943,265094,746496,4981533
2024-02-01,NYSE Arca (P),201919354,463566624,418548440,1084034418,9093228221.515001,31771156422.301977,21674331974.947797,62538716618.764775,2451870,1916029,3492978,7860877
2024-02-01,NASDAQ (Q),526451485,257099770,1137180021,1920731276,26115511178.416102,22769206461.847910,72299539307.169918,121184256947.433930,7327407,1737935,9099794,18165136
2024-02-01,Members Exchange (U),140487169,78220501,146029835,364737505,5165384723.938001,4927355534.605000,7072277638.857000,17165017897.400001,1638530,471732,1442902,3553164
2024-02-01,Investors Exchange (V),134848773,38890709,106598017,280337499,7719993751.623800,2846081560.400900,6900409938.944599,17466485250.969299,1750977,215759,1320172,3286908
2024-02-01,NASDAQ PSX (X),7626030,12802340,11589410,32017780,373099086.310400,1111778141.072700,693278228.259200,2178155455.642300,124060,54005,110442,288507
2024-02-01,BYX Equities (Y),44555907,42359919,44151716,131067542,1226390673.035800,2187924253.266200,1602640159.738000,5016955086.040000,426796,152469,377779,957044
2024-02-01,BZX Equities (Z),221281542,141924624,226392912,589599078,10099991108.568899,10570359624.048501,13282552595.256789,33952903327.874189,2972709,784962,2490937,6248608
2024-01-31,NYSE American (A),8727488,26563722,7885780,43176990,434268816.991800,619670098.477200,500413245.851700,1554352161.320700,117241,65543,92995,275779
2024-01-31,NASDAQ BX (B),16123144,15756492,17852193,49731829,925261508.640000,984794250.247000,1204535713.936900,3114591472.823900,225527,69119,194681,489327
2024-01-31,NYSE National (C),20095137,14712636,16596487,51404260,635994274.675000,597711384.635200,669028770.438800,1902734429.749000,279223,70154,198444,547821
2024-01-31,FINRA / Nasdaq TRF Chicago (DB),5906855,2831184,14400550,23138589,260393607.943200,152392887.455300,1347971525.461300,1760758020.859800,27425,11156,80636,119217
2024-01-31,FINRA / NYSE TRF (DN),50599763,40229171,163892783,254721717,1674535165.221200,1825328495.011502,5315467835.627796,8815331495.860498,273134,123575,507549,904258
2024-01-31,FINRA / Nasdaq TRF Carteret (DQ),1646956894,940091437,2487060466,5074108797,86880142796.537223,67654094088.895455,135755121257.679880,290289358143.112558,10601567,3042700,11433362,25077629
2024-01-31,MIAX Pearl (H),70562535,121871113,98782513,291216161,1569600003.450100,5279752092.450900,2944821987.949200,9794174083.850200,568773,378586,532296,1479655
2024-01-31,EDGA Equities (J),111211593,83206079,102268910,296686582,2816953916.182300,3410999411.672900,3593065016.942201,9821018344.797401,1007530,374004,856744,2238278
2024-01-31,EDGX Equities (K),212102853,165665307,374274362,752042522,7364142739.918801,10464010163.715295,18394344322.763405,36222497226.397501,1780402,831940,2401073,5013415
2024-01-31,LTSE (L),77069,116829,31769,225667,4562528.540000,9637280.660000,1239655.750000,15439464.950000,545,168,231,944
2024-01-31,NYSE Chicago (M),26499129,10843320,17311156,54653605,1969476347.934100,1050855353.325200,2768827067.930101,5789158769.189401,149796,7069,138347,295212
2024-01-31,NYSE (N),1291570460,90425348,115098921,1497094729,72248531464.078904,6287631276.710801,5623458821.430200,84159621562.219905,4196275,328781,838210,5363266
2024-01-31,NYSE Arca (P),212301775,528931560,540267059,1281500394,9899415507.359500,38536333022.394309,21960187465.713802,70395935995.467611,2562790,2128686,3679095,8370571
2024-01-31,NASDAQ (Q),540855687,320671439,1427961935,2289489061,27758331762.888894,27836130010.135302,92618136980.107816,148212598753.132012,7485629,2118565,10031046,19635240
2024-01-31,Members Exchange (U),144144183,92783242,169914875,406842300,5483349572.415300,5889288713.453500,8398736052.483403,19771374338.352203,1758896,567199,1660593,3986688
2024-01-31,Investors Exchange (V),131216554,40245318,105464808,276926680,7767852418.578902,3016058625.895500,7306141138.859201,18090052183.333603,1631167,225359,1260473,3116999
2024-01-31,NASDAQ PSX (X),7939286,13899497,13733486,35572269,438382959.506100,1366175336.005500,930256367.305200,2734814662.816800,114341,64723,127596,306660
2024-01-31,BYX Equities (Y),43262484,40576507,52383987,136222978,1294146694.485800,2539411928.435501,1892940492.643700,5726499115.565001,402655,158205,412569,973429
2024-01-31,BZX Equities (Z),227357086,181769226,259607592,668733904,10594502609.548600,13538825550.007711,15031104077.330299,39164432236.886610,3072307,1022240,2748400,6842947
2024-01-30,NYSE American (A),6875549,14693467,6155128,27724144,279431208.516300,339207518.794200,394728555.614100,1013367282.924600,84599,51408,68181,204188
2024-01-30,NASDAQ BX (B),13913021,9745877,14174955,37833853,778987161.580900,585852387.620800,912930430.830300,2277769980.032000,202795,52800,177672,433267
2024-01-30,NYSE National (C),15694038,8295936,12779432,36769406,526533009.900900,357950080.397500,489991600.331300,1374474690.629700,255520,46842,168021,470383
2024-01-30,FINRA / Nasdaq TRF Chicago (DB),4553073,1845993,11139200,17538266,192319077.069800,118323986.120800,1048665353.651000,1359308416.841600,22435,8296,64643,95374
2024-01-30,FINRA / NYSE TRF (DN),47711919,30889658,152559428,231161005,1584523488.195700,1385626178.575400,5094592463.874101,8064742130.645201,276079,114713,511584,902376
2024-01-30,FINRA / Nasdaq TRF Carteret (DQ),1567146981,755767283,2213596203,4536510467,81955626003.939081,46407895259.450051,120366586988.306909,248730108251.696041,10119353,2614315,10878278,23611946
2024-01-30,MIAX Pearl (H),54707958,54072425,66632126,175412509,1305746114.543700,2246313400.541000,2061249937.903900,5613309452.988600,467841,185742,430223,1083806
2024-01-30,EDGA Equities (J),82943531,45241045,71238450,199423026,2316759669.911400,1967494564.293800,2434654730.351600,6718908964.556800,877151,206724,699799,1783674
2024-01-30,EDGX Equities (K),181111922,97931617,323979370,603022909,6791184870.626702,5498243368.083000,15763058155.708494,28052486394.418196,1620075,497415,2178892,4296382
2024-01-30,LTSE (L),111362,139743,141679,392784,5129040.460000,36667636.770000,9710723.720000,51507400.950000,605,388,438,1431
2024-01-30,NYSE Chicago (M),12455778,16180537,17502402,46138717,1224265074.662500,1978410516.027601,2684445357.145000,5887120947.835101,101359,6674,96286,204319
2024-01-30,NYSE (N),852136434,43834593,80744522,976715549,46128083418.200400,3141835202.491999,3684776571.169499,52954695191.861898,3288745,178760,622434,4089939
2024-01-30,NYSE Arca (P),175158370,304065945,473542860,952767175,8304391308.996796,20694687567.388492,18524804395.119698,47523883271.504986,2082758,1254499,3388566,6725823
2024-01-30,NASDAQ (Q),434871188,162379407,1000120492,1597371087,22270035194.304800,13902658062.773001,65327251846.036257,101499945103.114058,5927662,1084217,7991363,15003242
2024-01-30,Members Exchange (U),112507353,48186073,130667945,291361371,4356328409.886900,2911490096.483400,6255183032.257002,13523001538.627302,1352703,297845,1276196,2926744
2024-01-30,Investors Exchange (V),115431749,25449748,86498709,227380206,6834532839.514301,1728094786.927100,5936016741.433101,14498644367.874502,1486287,163671,1135550,2785508
2024-01-30,NASDAQ PSX (X),7213131,6965460,9780123,23958714,337224472.979900,531403588.627000,580660563.004200,1449288624.611100,121642,33132,111707,266481
2024-01-30,BYX Equities (Y),37575076,27377037,37577451,102529564,1071137363.467700,1563132924.436100,1277068065.661000,3911338353.564800,359294,114845,332667,806806
2024-01-30,BZX Equities (Z),194457113,99749074,203727821,497934008,8998583077.429502,7062259810.856606,11408401976.671602,27469244864.957710,2536694,560316,2201476,5298486
2024-01-29,NYSE American (A),5677668,15934970,5839511,27452149,224300408.046900,315408900.876100,282140108.837500,821849417.760500,73610,55347,64345,193302
2024-01-29,NASDAQ BX (B),12843417,9120091,16508161,38471669,708493612.290000,598710336.075900,934039735.966700,2241243684.332600,194228,51006,194183,439417
2024-01-29,NYSE National (C),16100791,7290138,15919484,39310413,479309214.306900,284667790.650300,480822275.472300,1244799280.429500,231234,41800,167460,440494
2024-01-29,FINRA / Nasdaq TRF Chicago (DB),4419161,2139479,13459825,20018465,183297323.495400,95008169.934700,866248404.726300,1144553898.156400,21800,8117,65355,95272
2024-01-29,FINRA / NYSE TRF (DN),45320703,30920076,161109325,237350104,1495781500.974500,1177792055.284901,5192060746.910496,7865634303.169897,258595,109505,505022,873122
2024-01-29,FINRA / Nasdaq TRF Carteret (DQ),1400015593,746026014,2314269041,4460310648,75110885533.709559,45086372172.925006,117426479745.196015,237623737451.830580,9810412,2638897,10976332,23425641
2024-01-29,MIAX Pearl (H),49277004,57655755,74941311,181874070,1173027889.461800,2429948748.918100,2106483384.686800,5709460023.066700,429324,193044,458872,1081240
2024-01-29,EDGA Equities (J),65268769,37482320,61033040,163784129,1819614499.008700,1500051599.109200,1801170565.782700,5120836663.900600,716266,170736,584999,1472001
2024-01-29,EDGX Equities (K),167414247,116561290,346135401,630110938,6020054685.474599,5880961927.741400,14793388282.963408,26694404896.179407,1496081,526066,2153146,4175293
2024-01-29,LTSE (L),206985,211477,180846,599308,19893777.210000,10582595.130000,12670444.940000,43146817.280000,391,342,620,1353
2024-01-29,NYSE Chicago (M),13379110,9189667,24817947,47386724,1222439275.487700,1224514916.915800,2801808267.085999,5248762459.489499,99342,6298,99424,205064
2024-01-29,NYSE (N),860168951,45549047,95378767,1001096765,46390578542.643604,3238757865.200900,3992900107.018998,53622236514.863502,3084715,174232,663328,3922275
2024-01-29,NYSE Arca (P),149328864,324799839,444188159,918316862,7321006438.833802,20899904596.526294,16171571595.499508,44392482630.859604,1882731,1225515,3172865,6281111
2024-01-29,NASDAQ (Q),377682347,161147964,1038902944,1577733255,19534776438.398306,13061179241.280101,64469593992.680485,97065549672.358892,5446966,1017469,7743985,14208420
2024-01-29,Members Exchange (U),100336011,50791903,135747289,286875203,3759424358.945400,2937413834.969700,5570859617.879302,12267697811.794402,1234544,292557,1230331,2757432
2024-01-29,Investors Exchange (V),104769016,25575815,93839498,224184329,6066368909.160500,1631894629.732000,5640396263.646998,13338659802.539498,1365883,151827,1120561,2638271
2024-01-29,NASDAQ PSX (X),6368240,7268795,10426247,24063282,322437617.125800,590890213.875000,549758914.998700,1463086745.999500,120122,35312,114278,269712
2024-01-29,BYX Equities (Y),34246486,25816049,43090110,103152645,1003622251.143800,1476343134.123200,1326205648.705100,3806171033.972100,341046,107321,356073,804440
2024-01-29,BZX Equities (Z),166061198,103891105,212472092,482424395,7800629683.294400,7173424710.444704,10987200981.136305,25961255374.875409,2307686,544422,2176675,5028783
2024-01-26,NYSE American (A),6853720,12348756,5384395,24586871,268938404.928100,308311892.611500,293206319.253900,870456616.793500,82843,47870,62709,193422
2024-01-26,NASDAQ BX (B),11552267,8982699,14300283,34835249,670270608.862300,521353957.163300,898716031.560300,2090340597.585900,180207,45845,178228,404280
2024-01-26,NYSE National (C),15570514,8223475,14707549,38501538,490646239.820200,292573607.995800,477865598.747000,1261085446.563000,250979,43646,172041,466666
2024-01-26,FINRA / Nasdaq TRF Chicago (DB),4274921,2726918,10636342,17638181,205412793.030000,96486976.632500,855786705.468500,1157686475.131000,20403,7576,56810,84789
2024-01-26,FINRA / NYSE TRF (DN),43343388,33321007,138259829,214924224,1447474210.965400,1507184852.760700,5037051097.328900,7991710161.055000,242001,119452,455014,816467
2024-01-26,FINRA / Nasdaq TRF Carteret (DQ),1354660143,759860463,2067661039,4182181645,72585861770.810522,50389901266.572965,110497876168.712123,233473639206.095610,9343988,2507153,10152416,22003557
2024-01-26,MIAX Pearl (H),48060291,60262395,67046987,175369673,1221103652.372000,2527319241.817901,2158682448.562300,5907105342.752201,423830,199772,419898,1043500
2024-01-26,EDGA Equities (J),70259522,39637346,65861765,175758633,2088627598.947500,1654428252.767500,2298141228.537400,6041197080.252400,787914,189136,654662,1631712
2024-01-26,EDGX Equities (K),156117268,103417601,305536714,565071583,6034052191.929502,5848489373.894000,14399979493.653406,26282521059.476908,1456802,501957,1969685,3928444
2024-01-26,LTSE (L),137444,27835,54543,219822,4372634.510000,899292.360000,2795862.930000,8067789.800000,543,132,333,1008
2024-01-26,NYSE Chicago (M),15126397,15109067,23327889,53563353,1314987248.500200,1700783797.913500,3456658296.133301,6472429342.547001,93730,6553,87364,187647
2024-01-26,NYSE (N),758796784,41833306,80798971,881429061,42449930089.003198,3051590231.049800,3956144427.038599,49457664747.091597,3010108,172773,628333,3811214
2024-01-26,NYSE Arca (P),145641041,307773580,435651709,889066330,7680437684.116100,20772257050.100421,14666510688.657900,43119205422.874421,1834111,1244841,2941316,6020268
2024-01-26,NASDAQ (Q),383388437,164098985,946971747,1494459169,20367838493.150997,13933442940.621304,62291264813.758798,96592546247.531099,5498079,1087467,7600751,14186297
2024-01-26,Members Exchange (U),100826421,48445962,121920901,271193284,4076250537.231500,2973771245.928100,6202152646.575902,13252174429.735502,1254945,294259,1215724,2764928
2024-01-26,Investors Exchange (V),97268533,22757274,82569754,202595561,6134535324.555800,1574167391.656000,5457201233.712100,13165903949.923900,1304273,147065,1041266,2492604
2024-01-26,NASDAQ PSX (X),5602415,6342088,9515013,21459516,272166026.812300,583092563.992600,517674920.643000,1372933511.447900,104803,32098,95664,232565
2024-01-26,BYX Equities (Y),32758077,23518294,37285236,93561607,1004885416.969300,1432632635.237600,1272597516.737700,3710115568.944600,333310,102191,319753,755254
2024-01-26,BZX Equities (Z),158904953,92609268,186224831,437739052,8250874155.526002,7218686230.810701,11836944101.756101,27306504488.092804,2268683,549898,2075673,4894254
2024-01-25,NYSE American (A),7468923,14895392,5940297,28304612,292146072.889900,370191350.840100,317064131.715800,979401555.445800,90141,56428,67051,213620
2024-01-25,NASDAQ BX (B),13396772,11631214,16314026,41342012,797974795.538700,738799623.039600,953601175.536500,2490375594.114800,204604,56322,196337,457263
2024-01-25,NYSE National (C),18711174,9414626,16588052,44713852,576611823.355700,366667189.489400,561704214.861300,1504983227.706400,270951,51515,186948,509414
2024-01-25,FINRA / Nasdaq TRF Chicago (DB),4926396,2384461,12122088,19432945,259460032.996200,132627882.559300,1100860666.850700,1492948582.406200,25104,8805,66966,100875
2024-01-25,FINRA / NYSE TRF (DN),47924731,38230396,155308468,241463595,1838227037.636000,1873302616.462199,5513275288.247102,9224804942.345301,286576,121053,551221,958850
2024-01-25,FINRA / Nasdaq TRF Carteret (DQ),1566687212,992006912,2401659099,4960353223,84742131174.738150,63462343475.512645,136707526409.907949,284912001060.158744,10775637,2680336,11522558,24978531
2024-01-25,MIAX Pearl (H),60873931,77674532,83148256,221696719,1508939429.715100,3140683982.763600,2714101193.833300,7363724606.312000,516127,245404,500207,1261738
2024-01-25,EDGA Equities (J),92237469,50120142,82220466,224578077,2599685694.525700,2151707614.230600,2865973413.263199,7617366722.019499,944309,226729,769131,1940169
2024-01-25,EDGX Equities (K),188084182,122020771,371603768,681708721,7753347996.619002,7146489447.071698,18660250841.121699,33560088284.812399,1746788,596127,2386827,4729742
2024-01-25,LTSE (L),25310,235884,107522,368716,1497974.350000,5612856.150000,6451538.950000,13562369.450000,241,138,467,846
2024-01-25,NYSE Chicago (M),14059886,15424059,17050360,46534305,1411637608.787900,1407730361.835200,2765090904.899499,5584458875.522599,103857,6471,100850,211178
2024-01-25,NYSE (N),926792689,51611963,92729987,1071134639,50808021583.542102,3621153976.945899,4679062904.972500,59108238465.460501,3639834,205677,768862,4614373
2024-01-25,NYSE Arca (P),191090877,379965232,541290964,1112347073,10123410695.010503,25087344596.482104,19786459950.335802,54997215241.828409,2382446,1551482,3628798,7562726
2024-01-25,NASDAQ (Q),471836280,205070851,1109150308,1786057439,25715515984.203401,17659478506.626205,75723275412.751998,119098269903.581604,6727014,1370653,8933909,17031576
2024-01-25,Members Exchange (U),124203367,62356902,143111006,329671275,5031000588.326199,3740501080.039801,7462288568.248504,16233790236.614504,1499083,373523,1431243,3303849
2024-01-25,Investors Exchange (V),117652493,32570188,97488947,247711628,7542103308.374202,2287796232.864500,6563752376.657198,16393651917.895900,1513488,175966,1181993,2871447
2024-01-25,NASDAQ PSX (X),6739826,8427148,12216998,27383972,368024456.650400,697637529.870500,710144082.176600,1775806068.697500,123261,39963,120822,284046
2024-01-25,BYX Equities (Y),38703764,31747481,48081466,118532711,1154496323.354700,1930949267.623200,1548368280.991000,4633813871.968900,369495,119581,370320,859396
2024-01-25,BZX Equities (Z),200521198,122210446,223285779,546017423,10414358317.991701,9152430813.145402,14458887477.593306,34025676608.730409,2709218,681586,2491374,5882178
2024-01-24,NYSE American (A),8147342,16777576,6326089,31251007,318811130.508800,415296302.850600,401724484.423300,1135831917.782700,93174,64134,75002,232310
2024-01-24,NASDAQ BX (B),16068460,14144436,16393724,46606620,845028578.954600,807793004.324400,1141558504.976600,2794380088.255600,225226,61945,206025,493196
2024-01-24,NYSE National (C),18217536,11782899,15362856,45363291,567037594.455100,441375086.902600,597165163.798900,1605577845.156600,259382,57000,181590,497972
2024-01-24,FINRA / Nasdaq TRF Chicago (DB),4927772,3291001,13224633,21443406,218685116.676600,126251684.562400,1383900053.060801,1728836854.299801,24253,9635,69578,103466
2024-01-24,FINRA / NYSE TRF (DN),65441188,45043685,161024482,271509355,1805100198.598800,1758047843.839000,6496294601.898800,10059442644.336600,311709,143847,540695,996251
2024-01-24,FINRA / Nasdaq TRF Carteret (DQ),1765306566,882913093,2322888257,4971107916,81687258442.066385,51132859315.652810,142940123008.845598,275760240766.564793,10820788,2899848,11247651,24968287
2024-01-24,MIAX Pearl (H),64350555,84171435,81219826,229741816,1418097426.627200,3545806625.466601,2633517918.823000,7597421970.916801,494225,271687,475275,1241187
2024-01-24,EDGA Equities (J),96409713,61070212,79207690,236687615,2571580737.096000,2336798444.231600,2898819083.019800,7807198264.347400,967522,267422,780220,2015164
2024-01-24,EDGX Equities (K),215460416,143940019,323050066,682450501,7108732215.263698,7536189484.355799,18718840225.395695,33363761925.015192,1794527,669680,2249380,4713587
2024-01-24,LTSE (L),57629,69166,161910,288705,5686188.950000,2447819.280000,9594937.600000,17728945.830000,304,103,338,745
2024-01-24,NYSE Chicago (M),21180939,17863676,19160881,58205496,1807315921.984400,1780230356.441000,2927019734.352700,6514566012.778100,90594,6783,89355,186732
2024-01-24,NYSE (N),920167553,61471886,96770077,1078409516,48247001147.441098,4090549062.548000,4938602229.436699,57276152439.425797,3412478,225835,706731,4345044
2024-01-24,NYSE Arca (P),243215444,419075347,460665462,1122956253,8699789551.211795,26419490939.927403,19762538438.334802,54881818929.474000,2280718,1630919,3338976,7250613
2024-01-24,NASDAQ (Q),475685075,240266863,1043892475,1759844413,22807585186.593099,19386926478.673791,73729947420.588852,115924459085.855742,6334224,1466915,8557255,16358394
2024-01-24,Members Exchange (U),130194078,73209504,140405049,343808631,4783003660.385100,4010965092.536602,7464388992.201701,16258357745.123403,1454540,409634,1349320,3213494
2024-01-24,Investors Exchange (V),121663778,37711523,93062411,252437712,6815336976.347800,2223277435.446300,6613515869.684301,15652130281.478401,1537414,204857,1183913,2926184
2024-01-24,NASDAQ PSX (X),7431497,9695830,11633725,28761052,340336530.144900,861315067.441400,708954196.640100,1910605794.226400,124110,45889,118848,288847
2024-01-24,BYX Equities (Y),43646460,35180076,47088135,125914671,1171017251.939900,2049999960.033700,1594544428.332600,4815561640.306200,404681,139730,381597,926008
2024-01-24,BZX Equities (Z),205493185,134735588,207841260,548070033,9167583829.078400,8989103652.584604,14044812351.293001,32201499832.956005,2587338,697896,2317825,5603059
2024-01-23,NYSE American (A),7414065,13359500,5985865,26759430,267925680.515400,311537294.951300,264184789.541400,843647765.008100,83577,49818,66134,199529
2024-01-23,NASDAQ BX (B),14083948,10223579,15306792,39614319,739497374.505200,570502049.330400,887950799.236600,2197950223.072200,212476,52726,188159,453361
2024-01-23,NYSE National (C),18057059,8228595,14735789,41021443,546044313.387400,337447412.470600,460338630.711400,1343830356.569400,267837,44943,179351,492131
2024-01-23,FINRA / Nasdaq TRF Chicago (DB),6097646,2214206,11251736,19563588,248857587.738900,120762278.862000,891013996.949900,1260633863.550800,27089,8348,60063,95500
2024-01-23,FINRA / NYSE TRF (DN),56168023,27338163,179222429,262728615,2022477583.683600,1404481503.912100,5381134579.455502,8808093667.051202,300618,107154,494164,901936
2024-01-23,FINRA / Nasdaq TRF Carteret (DQ),1563603667,744010716,2437548790,4745163173,76906616496.042116,42655284241.100689,108125645947.999702,227687546685.142507,10218781,2526212,10354588,23099581
2024-01-23,MIAX Pearl (H),59925205,62905552,79288842,202119599,1417119321.136400,2549738619.243299,2063230381.714899,6030088322.094598,489557,219332,460701,1169590
2024-01-23,EDGA Equities (J),84192042,45855081,80578678,210625801,2364974475.832500,1751749620.158500,2404583558.916600,6521307654.907600,937432,209204,777411,1924047
2024-01-23,EDGX Equities (K),188244397,105436794,344195014,637876205,6782728306.490500,5426833190.611700,12955637559.616996,25165199056.719196,1647262,501496,2026141,4174899
2024-01-23,LTSE (L),66930,108190,365332,540452,4580891.150000,5357317.870000,25598860.620000,35537069.640000,340,173,652,1165
2024-01-23,NYSE Chicago (M),17527340,18221107,20514502,56262949,1503313674.710500,2496601207.042199,3000131326.775300,7000046208.527999,89627,6418,81710,177755
2024-01-23,NYSE (N),860207979,47371198,97910177,1005489354,43899057242.596800,2967981165.576100,3865637088.241599,50732675496.414499,3301387,178811,670087,4150285
2024-01-23,NYSE Arca (P),178642300,330113333,542559636,1051315269,8233819290.277495,19405991378.567805,14791838358.200899,42431649027.046199,2089853,1250360,3198008,6538221
2024-01-23,NASDAQ (Q),459101176,183086129,1035146617,1677333922,21949856739.495506,14342942832.474003,56136001061.192523,92428800633.162032,6117217,1159381,7874417,15151015
2024-01-23,Members Exchange (U),120011854,52513916,137783070,310308840,4532668713.181398,2915998773.888199,5424209717.653698,12872877204.723295,1418714,311637,1262137,2992488
2024-01-23,Investors Exchange (V),113558576,29804407,88834359,232197342,6307982752.066200,1856272147.623100,5373008821.954500,13537263721.643800,1450875,164541,1107900,2723316
2024-01-23,NASDAQ PSX (X),6639780,7399170,10272242,24311192,302102053.310100,572183598.890400,518490771.394700,1392776423.595200,114781,37746,107458,259985
2024-01-23,BYX Equities (Y),36841343,26358903,47690810,110891056,1049982231.056100,1382966496.252600,1279556565.135000,3712505292.443700,367886,108511,358235,834632
2024-01-23,BZX Equities (Z),184346395,103672257,212319463,500338115,8418049729.238400,6550055422.738798,9907515017.116692,24875620169.093890,2402585,554833,2087975,5045393
2024-01-22,NYSE American (A),8201096,17257963,6329540,31788599,297488693.481800,398944465.935800,319477315.002400,1015910474.420000,87699,58261,74769,220729
2024-01-22,NASDAQ BX (B),14879668,10617035,15994202,41490905,691772395.947500,671037516.230900,947800488.823700,2310610401.002100,211179,58638,204761,474578
2024-01-22,NYSE National (C),19883202,8595666,14835065,43313933,553114748.687600,348330652.897100,502630217.717600,1404075619.302300,267089,48537,180734,496360
2024-01-22,FINRA / Nasdaq TRF Chicago (DB),5982347,2924796,13272659,22179802,236921201.432500,132133822.470500,1152258185.042800,1521313208.945800,29300,9889,73848,113037
2024-01-22,FINRA / NYSE TRF (DN),59647930,38040124,181998003,279686057,1880274604.647100,1581417103.817599,5689499065.380003,9151190773.844702,313092,136830,538166,988088
2024-01-22,FINRA / Nasdaq TRF Carteret (DQ),1719988491,870814828,2573271424,5164074743,84190841331.647209,54323149365.404510,134969489487.672955,273483480184.724674,10811223,2920708,11560793,25292724
2024-01-22,MIAX Pearl (H),65127041,72176092,79687306,216990439,1427140300.368800,3059398844.635499,2534656906.682500,7021196051.686799,537782,253472,512391,1303645
2024-01-22,EDGA Equities (J),90328566,43708916,75869434,209906916,2328110747.202400,1837118529.288200,2588367193.974801,6753596470.465401,939380,220308,751978,1911666
2024-01-22,EDGX Equities (K),203182968,121447563,333201800,657832331,6854795998.085299,6867063636.917303,16759288114.300797,30481147749.303399,1735555,606889,2240738,4583182
2024-01-22,LTSE (L),46300,150907,171129,368336,2131420.480000,6314654.660000,15765471.880000,24211547.020000,353,216,459,1028
2024-01-22,NYSE Chicago (M),14837481,16844268,23339228,55020977,1374636912.072100,1294549440.903200,3268045461.623499,5937231814.598799,84963,6613,92695,184271
2024-01-22,NYSE (N),1025132834,51939770,99643472,1176716076,52200664647.396702,3558921358.788699,4546598581.495200,60306184587.680601,3333164,200526,740494,4274184
2024-01-22,NYSE Arca (P),185805199,365215703,525263273,1076284175,8098592911.559197,24621946605.238395,17152862003.745797,49873401520.543389,2103176,1516637,3307235,6927048
2024-01-22,NASDAQ (Q),468290992,202633602,1124047293,1794971887,21644026264.075498,18000787879.780907,72660322054.187699,112305136198.044104,6131409,1353699,8573193,16058301
2024-01-22,Members Exchange (U),128138660,60825664,148809239,337773563,4556688987.879201,3440446343.793201,6516968745.791594,14514104077.463996,1485142,368525,1406284,3259951
2024-01-22,Investors Exchange (V),118666339,31978160,99576647,250221146,6539951107.276800,2076539171.828899,6550410848.044400,15166901127.150099,1478940,184859,1202381,2866180
2024-01-22,NASDAQ PSX (X),7442865,7533060,11332379,26308304,354646646.397100,688346752.102200,662052361.190200,1705045759.689500,126032,42165,126096,294293
2024-01-22,BYX Equities (Y),40503462,27485706,47746441,115735609,998387365.156200,1612538375.231800,1398084547.564000,4009010287.952000,357024,121079,357035,835138
2024-01-22,BZX Equities (Z),198697896,113767387,215792948,528258231,8705328253.092800,8187802346.327391,12080141667.023207,28973272266.443398,2562161,644651,2346123,5552935
2024-01-19,NYSE American (A),10535635,22656630,8613346,41805611,436206546.048000,450957672.437700,532360996.656900,1419525215.142600,120554,63705,96471,280730
2024-01-19,NASDAQ BX (B),14735477,12157273,17573017,44465767,678638644.613000,793332979.556500,964573042.091100,2436544666.260600,194810,66912,189284,451006
2024-01-19,NYSE National (C),19060468,10674672,18471128,48206268,574053675.804300,444907642.723700,656925565.214300,1675886883.742300,265207,54914,201292,521413
2024-01-19,FINRA / Nasdaq TRF Chicago (DB),4763592,2948276,11666300,19378168,189860441.103400,144038172.380500,1115057447.327900,1448956060.811800,23032,9464,62973,95469
2024-01-19,FINRA / NYSE TRF (DN),55496379,49894032,182007448,287397859,1695274533.329400,2643061841.482202,6443435320.521400,10781771695.333002,286668,137511,508876,933055
2024-01-19,FINRA / Nasdaq TRF Carteret (DQ),1631495084,984953770,2453393882,5069842736,75947266762.838726,64106012788.637874,138097505301.079775,278150784852.556375,10448849,2976634,11114984,24540467
2024-01-19,MIAX Pearl (H),69646088,84272040,84891029,238809157,1491143025.582600,3633615710.561400,2916487603.436299,8041246339.580299,525568,287887,497612,1311067
2024-01-19,EDGA Equities (J),90710821,51857969,83440635,226009425,2411833928.643500,2378102813.284301,2777669183.634600,7567605925.562401,954504,254215,800091,2008810
2024-01-19,EDGX Equities (K),198749686,137827202,357948108,694524996,6795931582.887301,7547229560.651598,18356569910.939300,32699731054.478199,1730842,668230,2199371,4598443
2024-01-19,LTSE (L),146258,40379,74690,261327,4764269.970000,2484391.560000,9178141.000000,16426802.530000,264,153,237,654
2024-01-19,NYSE Chicago (M),33161798,28876450,38893648,100931896,2612722507.994900,4131437981.713000,6358392553.201500,13102553042.909400,114554,8409,108493,231456
2024-01-19,NYSE (N),1058815627,58363704,103455085,1220634416,58868082607.317893,4232960152.617598,5241496423.061000,68342539182.996491,3427563,219288,740550,4387401
2024-01-19,NYSE Arca (P),197050096,422035911,573771353,1192857360,8188127874.737602,27299628810.057491,18148701088.615707,53636457773.410800,2143956,1657165,3193184,6994305
2024-01-19,NASDAQ (Q),472385357,227725567,1241072330,1941183254,22354594923.802102,19236833211.879307,86476512511.493146,128067940647.174555,6217384,1440692,8390898,16048974
2024-01-19,Members Exchange (U),125893587,65864723,147018690,338777000,4514595243.074200,4003753388.636301,7429153371.324801,15947502003.035302,1425452,399216,1339493,3164161
2024-01-19,Investors Exchange (V),118027016,34974742,102571078,255572836,6395527059.321701,2326905102.685900,6690371280.610800,15412803442.618401,1471966,202052,1206211,2880229
2024-01-19,NASDAQ PSX (X),7553069,9430134,11765633,28748836,337476033.474900,890634373.152200,747125393.280300,1975235799.907400,127327,49722,123626,300675
2024-01-19,BYX Equities (Y),41694706,33778213,53061313,128534232,1079368916.624400,2041874217.676401,1594742951.276600,4715986085.577401,370781,147853,377896,896530
2024-01-19,BZX Equities (Z),203277153,129964386,231372601,564614140,8995918024.356903,9587681226.297503,14420154448.250897,33003753698.905303,2571707,722782,2360197,5654686
2024-01-18,NYSE American (A),8161157,16412504,6787179,31360840,326690068.919500,375436793.270700,337011453.708700,1039138315.898900,95473,58333,74062,227868
2024-01-18,NASDAQ BX (B),13402311,13033541,14969817,41405669,714388507.660400,772802994.024599,840902500.006700,2328094001.691699,199293,60010,177962,437265
2024-01-18,NYSE National (C),17862477,9787738,16515156,44165371,560481918.384800,410653483.847800,525109444.251300,1496244846.483900,279633,54398,185583,519614
2024-01-18,FINRA / Nasdaq TRF Chicago (DB),4230463,2371663,12264487,18866613,208170946.724800,104711993.848200,1048316646.594800,1361199587.167800,23159,8086,59319,90564
2024-01-18,FINRA / NYSE TRF (DN),58110364,42718777,175745828,276574969,2009532157.588800,1647345497.949500,5618345044.450199,9275222699.988499,306429,124386,502567,933382
2024-01-18,FINRA / Nasdaq TRF Carteret (DQ),1613383966,881105483,2545994306,5040483755,76031782431.063902,55185832903.725686,123570968764.490126,254788584099.279714,10542843,2713501,10822502,24078846
2024-01-18,MIAX Pearl (H),62190051,88012486,88664098,238866635,1443449090.547100,3320192515.391901,2727256619.207601,7490898225.146602,512418,268930,488287,1269635
2024-01-18,EDGA Equities (J),86081148,51230189,81287651,218598988,2353551310.111300,2092524558.156000,2692590029.814200,7138665898.081500,938849,237541,770381,1946771
2024-01-18,EDGX Equities (K),189996014,132218976,371644819,693859809,6844360602.666302,6880391827.187800,16281358282.013598,30006110711.867700,1702515,613090,2142652,4458257
2024-01-18,LTSE (L),75580,22104,371296,468980,3259985.870000,2073856.010000,25206547.700000,30540389.580000,365,103,505,973
2024-01-18,NYSE Chicago (M),18479614,15752477,20184763,54416854,1487511469.981800,2316287500.198100,2289730055.683900,6093529025.863800,101557,7413,95682,204652
2024-01-18,NYSE (N),912027140,58953871,99367103,1070348114,47400952896.565202,3945075996.523101,4666805193.239101,56012834086.327404,3456211,215338,709814,4381363
2024-01-18,NYSE Arca (P),182463716,391575506,572224165,1146263387,8672023307.812701,24859061659.070401,17012356109.964294,50543441076.847396,2189848,1613434,3193897,6997179
2024-01-18,NASDAQ (Q),455233856,220011197,1164661128,1839906181,22025365582.150491,17657682089.131899,71989024007.538603,111672071678.820993,6171559,1400997,8310711,15883267
2024-01-18,Members Exchange (U),121256666,65820198,151675900,338752764,4432066470.671599,3705410433.960099,6677675429.153402,14815152333.785100,1388689,380810,1308418,3077917
2024-01-18,Investors Exchange (V),116556070,32819040,99024732,248399842,6633881354.892200,2147927785.873500,6015891602.666100,14797700743.431800,1474787,183904,1178664,2837355
2024-01-18,NASDAQ PSX (X),6558977,8623540,11434452,26616969,331151563.054800,742990017.059100,673614224.520400,1747755804.634300,114923,45920,107423,268266
2024-01-18,BYX Equities (Y),36453152,31110401,45643348,113206901,990054798.224000,1848198589.350200,1348512775.979700,4186766163.553900,353035,127538,346613,827186
2024-01-18,BZX Equities (Z),186485596,127306316,225710037,539501949,8639896967.817501,8865811305.847300,12457366404.619198,29963074678.283999,2474453,675695,2253782,5403930
2024-01-17,NYSE American (A),7683424,31631295,7332218,46646937,277243321.283600,406416699.333900,297476347.135600,981136367.753100,82288,81943,68082,232313
2024-01-17,NASDAQ BX (B),13885966,13833620,16091045,43810631,690349551.192000,626548781.493900,808005777.038800,2124904109.724700,202912,61826,176026,440764
2024-01-17,NYSE National (C),18471887,11046102,15612284,45130273,526993388.545200,404909251.754300,492510875.713500,1424413516.013000,258069,55654,181213,494936
2024-01-17,FINRA / Nasdaq TRF Chicago (DB),5029372,2362005,12387166,19778543,195280463.272300,110652491.748400,1069256557.461300,1375189512.482000,24369,9527,59227,93123
2024-01-17,FINRA / NYSE TRF (DN),46620822,66043783,171303175,283967780,1405670391.454400,1384567433.735799,4818644972.229600,7608882797.419799,274527,143558,476268,894353
2024-01-17,FINRA / Nasdaq TRF Carteret (DQ),1535572792,1163778228,2338170205,5037521225,70214947744.486412,49769725413.964669,111662788182.284178,231647461340.735259,10481622,3105522,10482912,24070056
2024-01-17,MIAX Pearl (H),61174081,94626893,84393870,240194844,1353746480.224300,3258522129.174100,2417756109.967000,7030024719.365400,520453,268103,469182,1257738
2024-01-17,EDGA Equities (J),89243809,62415234,79532104,231191147,2289520870.565300,2093350226.646300,2494741700.909100,6877612798.120700,938186,275491,743594,1957271
2024-01-17,EDGX Equities (K),184439927,174433565,354057805,712931297,5953529915.705702,6776854258.098298,13975996947.495600,26706381121.299600,1659150,691037,2026341,4376528
2024-01-17,LTSE (L),42920,33664,344480,421064,2065057.430000,2589621.680000,17401922.120000,22056601.230000,315,224,360,899
2024-01-17,NYSE Chicago (M),19594850,23669785,21994106,65258741,1319030237.524800,2594248488.235999,2725084719.423800,6638363445.184599,107169,8798,100202,216169
2024-01-17,NYSE (N),896068294,60890312,92788292,1049746898,43573601480.474500,4069391625.780099,4423469429.108700,52066462535.363299,3403877,233170,736573,4373620
2024-01-17,NYSE Arca (P),181439670,508812348,548846675,1239098693,7837183435.649500,24256235539.247504,15622665161.673610,47716084136.570614,2151102,1690073,3042983,6884158
2024-01-17,NASDAQ (Q),454272102,237055955,1052787912,1744115969,20722538237.240604,17480910008.539798,60027109700.583665,98230557946.364067,6115289,1429254,8005655,15550198
2024-01-17,Members Exchange (U),118361603,74985547,136846354,330193504,4202331456.302700,3695307637.852400,5761263884.910499,13658902979.065599,1382632,385737,1241576,3009945
2024-01-17,Investors Exchange (V),119797107,37214130,96419836,253431073,6293614477.825101,2321314534.257000,5769526816.134901,14384455828.217002,1483392,208803,1167196,2859391
2024-01-17,NASDAQ PSX (X),6895626,9184491,11275511,27355628,307373767.499700,748769518.575200,541939650.641700,1598082936.716600,115982,47750,107222,270954
2024-01-17,BYX Equities (Y),40036419,37261555,44657575,121955549,1091601550.189300,1707954522.817701,1312198030.863700,4111754103.870701,385178,146800,348837,880815
2024-01-17,BZX Equities (Z),189137197,136902953,216246207,542286357,8125083091.602402,8603024727.416699,11140672294.333709,27868780113.352810,2556982,711073,2229599,5497654
2024-01-16,NYSE American (A),9837445,18421677,8586718,36845840,365729056.341300,420453686.328700,355578399.149100,1141761141.819100,110727,67444,88347,266518
2024-01-16,NASDAQ BX (B),14704900,13581420,16517578,44803898,725424071.603400,726645848.497800,887068766.852900,2339138686.954100,215967,68304,192831,477102
2024-01-16,NYSE National (C),19051955,10950866,16837930,46840751,575697936.989800,408779898.006600,481192823.792800,1465670658.789200,276570,60224,186762,523556
2024-01-16,FINRA / Nasdaq TRF Chicago (DB),5926444,2794391,13044384,21765219,252147796.352900,111775502.993900,1050028174.627900,1413951473.974700,27584,9875,66286,103745
2024-01-16,FINRA / NYSE TRF (DN),53953257,38787403,236684032,329424692,1479906832.042300,1531311681.438700,4813523499.036201,7824742012.517201,320994,142273,531324,994591
2024-01-16,FINRA / Nasdaq TRF Carteret (DQ),1662572715,906426824,3192398984,5761398523,80091310755.155125,54676394259.714835,119399334653.732479,254167039668.602439,11234268,3252537,11517510,26004315
2024-01-16,MIAX Pearl (H),72837650,97721597,96570960,267130207,1764213841.480400,3821941623.291802,2729770378.814700,8315925843.586902,612752,313033,523744,1449529
2024-01-16,EDGA Equities (J),96318887,58859080,87059530,242237497,2494436842.584000,2281405068.136400,2615908112.468900,7391750023.189300,979885,280481,785382,2045748
2024-01-16,EDGX Equities (K),212009397,145743975,402110499,759863871,7257006593.791801,7864845958.520501,15490822812.196794,30612675364.509096,1838773,702111,2232536,4773420
2024-01-16,LTSE (L),85296,461145,229656,776097,5438817.950000,21485079.670000,22920104.990000,49844002.610000,230,589,383,1202
2024-01-16,NYSE Chicago (M),15092114,13688432,18118814,46899360,1135316409.861700,2254760163.708100,2351082474.563400,5741159048.133200,96072,9670,91644,197386
2024-01-16,NYSE (N),984642416,60407823,95707051,1140757290,49973868738.262615,4148196841.002301,4351334775.843899,58473400355.108815,3542926,240818,692559,4476303
2024-01-16,NYSE Arca (P),192961271,443896609,704968208,1341826088,7906414119.245699,27077040010.202313,16142976812.816706,51126430942.264718,2220693,1719480,3292499,7232672
2024-01-16,NASDAQ (Q),488933646,243645709,1201501175,1934080530,22240229196.818002,18582747607.628098,67317272768.661521,108140249573.107621,6434074,1526633,8495277,16455984
2024-01-16,Members Exchange (U),118711755,70905932,157293060,346910747,4079368460.215700,3954371360.290999,5794472676.401303,13828212496.908002,1352118,421484,1252924,3026526
2024-01-16,Investors Exchange (V),124243579,36757224,101726810,262727613,6583658315.204500,2621888089.758300,5926795250.627300,15132341655.590100,1610999,204057,1218045,3033101
2024-01-16,NASDAQ PSX (X),7732657,9734553,13773516,31240726,360664002.199500,805447105.261300,649685025.124600,1815796132.585400,133996,52481,126340,312817
2024-01-16,BYX Equities (Y),38272040,36816136,48347064,123435240,1063030608.876000,1856536383.112600,1403747949.165600,4323314941.154200,382293,146991,365447,894731
2024-01-16,BZX Equities (Z),203211185,147510761,241383538,592105484,8757003917.593600,10187523245.556105,11981706435.352501,30926233598.502206,2654577,777561,2311466,5743604
2024-01-12,NYSE American (A),8120398,24560003,7193398,39873799,297615979.980300,361289901.235300,300114344.443700,959020225.659300,96461,71991,76979,245431
2024-01-12,NASDAQ BX (B),12882306,11322448,15022739,39227493,628433881.214700,577292221.538700,725921983.528600,1931648086.282000,179467,56814,159330,395611
2024-01-12,NYSE National (C),16722754,9377188,13719782,39819724,526457282.677300,302793834.130900,415122490.058100,1244373606.866300,260898,52698,177649,491245
2024-01-12,FINRA / Nasdaq TRF Chicago (DB),4093944,2727622,10541114,17362680,171860955.229300,124584240.174800,709673540.565600,1006118735.969700,21051,9175,50646,80872
2024-01-12,FINRA / NYSE TRF (DN),43571886,39981592,180363304,263916782,1413435198.460200,1262873627.087701,4408905061.026601,7085213886.574502,263295,128652,505749,897696
2024-01-12,FINRA / Nasdaq TRF Carteret (DQ),1362776152,850719508,2318724585,4532220245,65780423777.042452,43937158035.319183,99931644001.266624,209649225813.628259,9346209,2791280,9799674,21937163
2024-01-12,MIAX Pearl (H),62179168,82691042,79731372,224601582,1520764043.784500,2989585233.278000,2062265109.185100,6572614386.247600,550406,268857,466736,1285999
2024-01-12,EDGA Equities (J),78293947,46688439,73554415,198536801,2060103307.795900,1763705994.277200,2091438498.190200,5915247800.263300,828222,226974,669291,1724487
2024-01-12,EDGX Equities (K),170633230,130771703,343146725,644551658,5976616672.226702,6145671889.706695,12903291970.132100,25025580532.065497,1508538,600457,1934160,4043155
2024-01-12,LTSE (L),52121,401505,279745,733371,2761547.820000,11541729.030000,15554153.270000,29857430.120000,295,243,568,1106
2024-01-12,NYSE Chicago (M),12077066,12759476,15469266,40305808,988299698.303300,1308138883.844900,1871315718.874999,4167754301.023199,79099,7423,73401,159923
2024-01-12,NYSE (N),801459818,52554611,85376978,939391407,42190146439.139297,3133137747.425601,3608381440.927600,48931665627.492498,3051260,207426,599099,3857785
2024-01-12,NYSE Arca (P),158799411,376805533,503132762,1038737706,7125288983.233901,20827335682.574195,12588273837.328706,40540898503.136802,1904142,1475981,2810442,6190565
2024-01-12,NASDAQ (Q),400260079,206061684,954119969,1560441732,18673516801.831099,15200520560.118608,53485725892.781791,87359763254.731498,5449727,1304361,7136734,13890822
2024-01-12,Members Exchange (U),100447916,65062484,129690090,295200490,3578700140.705900,3382918584.808199,4939000399.888101,11900619125.402200,1196235,360568,1101251,2658054
2024-01-12,Investors Exchange (V),100838751,33447357,86961423,221247531,5536186751.199999,1936629859.457200,4749802010.706998,12222618621.364197,1336219,185787,1046868,2568874
2024-01-12,NASDAQ PSX (X),6493827,8190706,10864064,25548597,325662008.786600,685385159.657600,557608631.299100,1568655799.743300,118055,41537,107249,266841
2024-01-12,BYX Equities (Y),30826673,29125191,40702612,100654476,886793775.739800,1564945726.517400,1103686988.735500,3555426490.992700,318315,121414,307355,747084
2024-01-12,BZX Equities (Z),169108261,118284079,199567865,486960205,7574640703.856802,7395725784.776498,9778766352.970000,24749132841.603300,2292214,634215,1972418,4898847
2024-01-11,NYSE American (A),8579876,17659945,7362562,33602383,319974412.912800,447202979.151300,339201538.126500,1106378930.190600,104063,63304,83509,250876
2024-01-11,NASDAQ BX (B),15175586,14012608,18858445,48046639,693217908.543900,774281349.925100,1011650284.309000,2479149542.778000,205716,72060,206054,483830
2024-01-11,NYSE National (C),18517168,13169849,19839440,51526457,544892244.842500,460457206.487100,552689497.508000,1558038948.837600,278903,67477,207329,553709
2024-01-11,FINRA / Nasdaq TRF Chicago (DB),4766335,2429388,13923396,21119119,189894371.620300,125365431.947900,1173024751.704200,1488284555.272400,22024,9607,71507,103138
2024-01-11,FINRA / NYSE TRF (DN),43177294,39260482,147424180,229861956,1327164525.278400,1701413825.838299,5038134335.590502,8066712686.707201,270941,142161,562424,975526
2024-01-11,FINRA / Nasdaq TRF Carteret (DQ),1466215849,955159198,2326903451,4748278498,67210640831.804716,56019523999.465967,119647757755.107235,242877922586.377918,9833184,3051028,10866011,23750223
2024-01-11,MIAX Pearl (H),66113027,96808894,90088873,253010794,1516178310.858700,3749038198.845500,2770752347.452400,8035968857.156600,556576,314296,557440,1428312
2024-01-11,EDGA Equities (J),93310767,69377757,86598719,249287243,2326273609.853900,2712757118.461400,2850977193.710000,7890007922.025300,928491,310079,792663,2031233
2024-01-11,EDGX Equities (K),183560818,149645623,336990755,670197196,6027464494.655201,7741368398.201998,16769912821.148888,30538745714.006087,1561157,699781,2303947,4564885
2024-01-11,LTSE (L),33118,99410,310093,442621,2742605.500000,2546981.420000,17633339.140000,22922926.060000,360,67,482,909
2024-01-11,NYSE Chicago (M),11727531,13217099,15792597,40737227,930381572.375500,2228206690.786100,2448484555.743301,5607072818.904901,79906,8163,83680,171749
2024-01-11,NYSE (N),891731338,67175928,102631118,1061538384,45978365380.747199,4144888844.442499,4806220605.548601,54929474830.738299,3353367,250337,728040,4331744
2024-01-11,NYSE Arca (P),169472762,451431469,429548994,1050453225,7220721532.237202,27146873653.297311,16753457965.426899,51121053150.961412,2061073,1796922,3241400,7099395
2024-01-11,NASDAQ (Q),428511400,257562300,1141007952,1827081652,19908085136.412400,19391535200.939598,68877782728.255834,108177403065.607832,5829913,1599483,8707521,16136917
2024-01-11,Members Exchange (U),109346731,74223086,137959885,321529702,3838336608.765400,4314420238.020901,5896912755.603800,14049669602.390101,1304585,430183,1327771,3062539
2024-01-11,Investors Exchange (V),112714526,38217887,93927111,244859524,6006533571.029301,2372902198.774400,5776119528.868800,14155555298.672501,1433589,201927,1161135,2796651
2024-01-11,NASDAQ PSX (X),8002026,10046486,14010326,32058838,411986811.863500,909348052.105500,825452734.107700,2146787598.076700,145710,50703,145147,341560
2024-01-11,BYX Equities (Y),37177399,37481182,42038368,116696949,913839282.144100,2284676622.446499,1467971914.288900,4666487818.879499,342850,154341,350520,847711
2024-01-11,BZX Equities (Z),179878164,143426773,206613805,529918742,7828359918.715700,9964056212.904296,12295010830.241100,30087426961.861096,2436349,793107,2367101,5596557
2024-01-10,NYSE American (A),7410457,16648174,6170567,30229198,257685949.257700,338169359.587600,283909536.286200,879764845.131500,86019,56220,69851,212090
2024-01-10,NASDAQ BX (B),11778719,9379508,14740490,35898717,617855838.323700,627298266.902300,775314916.776000,2020469022.002000,190640,53743,183306,427689
2024-01-10,NYSE National (C),16958086,9689491,14881519,41529096,556029136.194200,364303017.486300,534585623.786200,1454917777.466700,276921,55139,199196,531256
2024-01-10,FINRA / Nasdaq TRF Chicago (DB),4911812,2342313,11647899,18902024,182765763.252300,94994302.216800,871939820.897100,1149699886.366200,22299,7896,60815,91010
2024-01-10,FINRA / NYSE TRF (DN),46700761,32831830,128495476,208028067,1678504391.686300,1702056520.588201,4749823702.913902,8130384615.188403,269778,116046,495170,880994
2024-01-10,FINRA / Nasdaq TRF Carteret (DQ),1359157766,765816962,2049370809,4174345537,64176089995.491597,44654580313.327493,106588674381.702505,215419344690.521595,9695190,2482233,10334537,22511960
2024-01-10,MIAX Pearl (H),58992681,64221152,72810823,196024656,1419542823.835400,2706379640.315900,2528942696.754699,6654865160.905999,512222,230458,527450,1270130
2024-01-10,EDGA Equities (J),80658509,50098154,71427575,202184238,2204000070.927200,1977656997.046100,2434445894.251700,6616102962.225000,877125,242052,735865,1855042
2024-01-10,EDGX Equities (K),166327767,104714009,282968139,554009915,5853934659.874602,5827561933.263302,14353772960.984001,26035269554.121905,1492654,509881,2002086,4004621
2024-01-10,LTSE (L),148427,66193,152012,366632,3092233.070000,7815481.740000,1782113.990000,12689828.800000,515,121,419,1055
2024-01-10,NYSE Chicago (M),18556144,14236780,14950268,47743192,1329396141.363200,1828397361.669900,2526740481.774500,5684533984.807600,72968,6313,76285,155566
2024-01-10,NYSE (N),841124986,48874522,86799579,976799087,43484242832.669597,3455631509.016700,4064678198.204899,51004552539.891196,3069659,188684,658595,3916938
2024-01-10,NYSE Arca (P),158678976,321696120,341049857,821424953,6896134242.623900,21279994544.738813,13718593910.829097,41894722698.191810,1898181,1330909,2942533,6171623
2024-01-10,NASDAQ (Q),394673751,189281428,985861998,1569817177,18746695716.459706,15411077038.079396,58892127297.224391,93049900051.763493,5518615,1183308,7879255,14581178
2024-01-10,Members Exchange (U),98144334,53384066,124370742,275899142,3505700720.799200,2996206560.193501,5114900855.031602,11616808136.024303,1175149,308242,1199462,2682853
2024-01-10,Investors Exchange (V),104367760,27280851,90397068,222045679,5641532217.729100,1941721672.409600,5406671315.110801,12989925205.249501,1401717,165245,1168003,2734965
2024-01-10,NASDAQ PSX (X),7376506,6939748,10928829,25245083,361667544.231500,601045734.014000,694679896.706600,1657393174.952100,131672,37753,127295,296720
2024-01-10,BYX Equities (Y),31987937,24813060,37667427,94468424,890410476.756300,1526220955.372100,1254921205.385899,3671552637.514299,326984,107601,334125,768710
2024-01-10,BZX Equities (Z),158156043,100863774,174924280,433944097,7223210718.862701,7500941137.190598,10135361523.517806,24859513379.571105,2236328,554362,2094232,4884922
2024-01-09,NYSE American (A),7886013,16192411,7221480,31299904,287306333.854300,373799121.442200,320438044.580400,981543499.876900,94963,63629,77745,236337
2024-01-09,NASDAQ BX (B),11800202,10358503,14435850,36594555,615136461.018200,652215440.741000,791742147.699200,2059094049.458400,199062,54202,184513,437777
2024-01-09,NYSE National (C),16981435,9763893,14603894,41349222,526058761.804600,343767606.859500,498552883.679800,1368379252.343900,258234,51662,189573,499469
2024-01-09,FINRA / Nasdaq TRF Chicago (DB),4622127,2345565,11014287,17981979,233185748.057500,102078505.809900,979778010.289800,1315042264.157200,20984,7734,58975,87693
2024-01-09,FINRA / NYSE TRF (DN),44081869,33710918,201878457,279671244,1459795132.528500,1271463474.135500,5394801893.806499,8126060500.470499,274709,121570,489327,885606
2024-01-09,FINRA / Nasdaq TRF Carteret (DQ),1368617152,792953573,2249658690,4411229415,65665398965.146528,48245593324.937996,111250059942.621453,225161052232.705977,9455471,2661152,10213407,22330030
2024-01-09,MIAX Pearl (H),64720656,62441030,79760295,206921981,1539286191.486300,2624168347.183900,2462570804.587000,6626025343.257200,546933,227534,507371,1281838
2024-01-09,EDGA Equities (J),82389737,49230024,70105989,201725750,2154508371.201200,2142533475.959699,2405929213.634001,6702971060.794900,902210,233717,724231,1860158
2024-01-09,EDGX Equities (K),169187547,115030268,363460230,647678045,5964066695.883499,5934134312.184097,15443653797.568098,27341854805.635694,1530110,544798,2052158,4127066
2024-01-09,LTSE (L),23578,83836,110720,218134,1275596.150000,5407406.370000,3046949.010000,9729951.530000,243,167,521,931
2024-01-09,NYSE Chicago (M),14482302,16595207,14044784,45122293,1385905794.112000,1704242872.580600,2282578749.646999,5372727416.339599,79931,6504,80227,166662
2024-01-09,NYSE (N),840989330,46014965,87981242,974985537,44773431056.873199,3283394130.372900,4440432552.905001,52497257740.151100,3151401,191312,688108,4030821
2024-01-09,NYSE Arca (P),166037674,329661046,582802509,1078501229,7038358883.872800,21103844205.039691,14954371808.769298,43096574897.681789,1955959,1343587,2988352,6287898
2024-01-09,NASDAQ (Q),404053544,182866694,1038604024,1625524262,18625506347.991697,14721948084.285903,60955858093.034535,94303312525.312135,5631575,1179887,8068557,14880019
2024-01-09,Members Exchange (U),99120895,54384196,157741854,311246945,3516925254.508800,3021792518.828400,5239982147.853701,11778699921.190901,1185023,312659,1182309,2679991
2024-01-09,Investors Exchange (V),99785151,27991714,89792026,217568891,5568116222.458000,1880086747.487700,5415023531.116999,12863226501.062699,1338466,159241,1119834,2617541
2024-01-09,NASDAQ PSX (X),7255416,6937817,10829435,25022668,317530726.385000,647104108.705900,658882921.061300,1623517756.152200,127293,37773,123673,288739
2024-01-09,BYX Equities (Y),30962066,27334588,37178779,95475433,872398307.648700,1692971008.304600,1218514229.749900,3783883545.703200,318385,114731,319984,753100
2024-01-09,BZX Equities (Z),162114486,102402913,204876237,469393636,7136460855.020600,7343611122.003105,10881213597.887199,25361285574.910904,2264711,561864,2159935,4986510
2024-01-08,NYSE American (A),6936960,16529492,6772355,30238807,251505863.828600,445085965.341800,295042301.360200,991634130.530600,83254,60024,68858,212136
2024-01-08,NASDAQ BX (B),12227050,9967749,18481643,40676442,665912699.071800,661938516.177700,824328573.466600,2152179788.716100,201551,59107,186160,446818
2024-01-08,NYSE National (C),16266707,9112984,15525730,40905421,516647300.199600,352726101.331100,501009781.275800,1370383182.806500,263048,53179,186523,502750
2024-01-08,FINRA / Nasdaq TRF Chicago (DB),5288930,2256189,11503735,19048854,249622683.774700,104874448.128400,898020020.157199,1252517152.060299,27474,8482,62402,98358
2024-01-08,FINRA / NYSE TRF (DN),48687700,35272203,279204213,363164116,1480763300.763000,1362269175.544199,4202655608.497399,7045688084.804598,287663,120858,493718,902239
2024-01-08,FINRA / Nasdaq TRF Carteret (DQ),1432481051,802846487,2659865154,4895192692,70846786475.455309,47351255804.608615,108848277363.347281,227046319643.411205,10002106,2828684,10724682,23555472
2024-01-08,MIAX Pearl (H),64128086,61185732,97614825,222928643,1685935319.890600,2981488027.274800,2524268366.829900,7191691713.995300,580566,242192,537255,1360013
2024-01-08,EDGA Equities (J),81053582,50521802,75591822,207167206,2150138835.558300,2090860171.004700,2531515268.641400,6772514275.204400,879672,244151,750914,1874737
2024-01-08,EDGX Equities (K),184057868,119771124,485609529,789438521,6764237258.704198,7116354989.328501,14440210102.428902,28320802350.461601,1630897,603327,2075833,4310057
2024-01-08,LTSE (L),23176,19869,71167,114212,1193440.700000,1314431.840000,2337930.890000,4845803.430000,174,170,382,726
2024-01-08,NYSE Chicago (M),16570284,9627251,15507572,41705107,1146365342.421400,1480145933.705000,1964663142.348200,4591174418.474600,73487,6069,82225,161781
2024-01-08,NYSE (N),917771976,49401864,117383920,1084557760,50169995890.112302,4065954979.155700,4578403518.552401,58814354387.820403,3222202,204822,691862,4118886
2024-01-08,NYSE Arca (P),166868420,333171649,825528916,1325568985,7486642844.729501,23563304805.344594,15473565625.478997,46523513275.553092,2036366,1440596,3127140,6604102
2024-01-08,NASDAQ (Q),414931016,192760091,1227426258,1835117365,19853719596.056908,17322242085.943194,72566024411.522668,109741986093.522770,5867201,1297692,8119673,15284566
2024-01-08,Members Exchange (U),106267498,58758060,196804356,361829914,3892795591.397500,3581632768.596600,5565967852.884798,13040396212.878898,1299388,349457,1261580,2910425
2024-01-08,Investors Exchange (V),101642923,29953468,101036547,232632938,5620340214.534300,2348426339.176000,5997458197.791502,13966224751.501802,1384182,179575,1172825,2736582
2024-01-08,NASDAQ PSX (X),6915101,7594837,11714602,26224540,309848650.879300,749707471.763000,662573955.919200,1722130078.561500,135640,45815,132040,313495
2024-01-08,BYX Equities (Y),33448875,26925787,41313685,101688347,1010086516.343000,1518161470.283000,1459573508.476700,3987821495.102700,344927,111769,337164,793860
2024-01-08,BZX Equities (Z),172258796,108510251,305137952,585906999,7887172455.193599,8632684941.235796,11385466468.593893,27905323865.023288,2401929,622412,2241924,5266265
2024-01-05,NYSE American (A),6333424,17334357,5377530,29045311,213617284.649200,524034212.555600,316699463.957000,1054350961.161800,77267,63961,61496,202724
2024-01-05,NASDAQ BX (B),14183979,10828495,16677253,41689727,674606515.629800,671909143.871600,877698733.859300,2224214393.360700,201696,58700,188478,448874
2024-01-05,NYSE National (C),18134676,8817279,14605594,41557549,529637251.116400,380411797.256600,471570612.151100,1381619660.524100,262130,52262,182613,497005
2024-01-05,FINRA / Nasdaq TRF Chicago (DB),4663218,2284050,10458475,17405743,152243418.588400,130066722.755200,778780474.939500,1061090616.283100,21471,8494,53651,83616
2024-01-05,FINRA / NYSE TRF (DN),48662512,33086754,194901264,276650530,1574268403.401300,1618117290.775300,4190637304.159703,7383022998.336303,265924,121510,455726,843160
2024-01-05,FINRA / Nasdaq TRF Carteret (DQ),1488746998,809753089,2298982226,4597482313,64275151399.670272,50341649196.547005,98460257941.769312,213077058537.986589,9470250,2715091,9760051,21945392
2024-01-05,MIAX Pearl (H),54812314,69991030,81297805,206101149,1158140986.289300,2947766386.143400,2011518643.850701,6117426016.283401,469993,228657,420850,1119500
2024-01-05,EDGA Equities (J),80990848,52608036,68145407,201744291,1931562340.934900,2124603421.001700,2289698228.571200,6345863990.507800,827587,260332,687761,1775680
2024-01-05,EDGX Equities (K),178443715,127840842,361750962,668035519,5222166352.146801,7548953579.896897,12400617765.604097,25171737697.647795,1443989,630856,1911099,3985944
2024-01-05,LTSE (L),28911,56998,45298,131207,1290566.150000,2735524.200000,10526474.070000,14552564.420000,222,246,236,704
2024-01-05,NYSE Chicago (M),9017716,14606984,15730879,39355579,1106685583.921300,2170544028.915301,2165511820.163700,5442741433.000301,78521,5790,81307,165618
2024-01-05,NYSE (N),971584097,55841970,105499520,1132925587,47430078564.517509,4265686250.306999,4444402629.633799,56140167444.458307,3285471,230887,689106,4205464
2024-01-05,NYSE Arca (P),170825560,372691501,564480942,1107998003,6809734427.379700,24959078445.207514,13870299123.182100,45639111995.769314,1984742,1566876,3032048,6583666
2024-01-05,NASDAQ (Q),428244669,220445185,1106025752,1754715606,18796067837.612702,19206496297.094009,61107874034.990554,99110438169.697265,5862672,1438383,7821060,15122115
2024-01-05,Members Exchange (U),110582118,67187682,174136864,351906664,3670734664.127900,4071710276.058100,5803144861.340799,13545589801.526799,1298526,390434,1264549,2953509
2024-01-05,Investors Exchange (V),102861117,29467910,91619909,223948936,5158895531.256100,2139065229.931900,5154308635.299099,12452269396.487099,1348603,168024,1132731,2649358
2024-01-05,NASDAQ PSX (X),7364887,8517943,12281192,28164022,299462852.181500,926832768.154800,694913857.200700,1921209477.537000,124804,49514,120610,294928
2024-01-05,BYX Equities (Y),34147748,29181213,38012104,101341065,966591386.905600,1822421932.975201,1267023147.948400,4056036467.829201,341414,121540,332805,795759
2024-01-05,BZX Equities (Z),167558615,120875145,221888310,510322070,6870151131.687501,9439768662.998202,10592799947.298300,26902719741.984003,2234463,673887,2099341,5007691
2024-01-04,NYSE American (A),6653077,14584285,5368326,26605688,217626732.556900,359100177.917800,251844141.200700,828571051.675400,81795,58918,63469,204182
2024-01-04,NASDAQ BX (B),12203134,11086082,15682185,38971401,639507450.908900,670269983.204600,818813048.870900,2128590482.984400,190118,53232,184165,427515
2024-01-04,NYSE National (C),17900530,8946584,15508527,42355641,573690606.106700,326145849.626200,488313338.751700,1388149794.484600,282559,49500,190782,522841
2024-01-04,FINRA / Nasdaq TRF Chicago (DB),4292723,2424638,10323944,17041305,186945423.150500,103733261.038200,671381281.202300,962059965.391000,21569,8480,51131,81180
2024-01-04,FINRA / NYSE TRF (DN),42629789,33328148,187630543,263588480,1363662625.100400,1468803934.736301,3772812709.388700,6605279269.225401,262312,118495,456364,837171
2024-01-04,FINRA / Nasdaq TRF Carteret (DQ),1509665948,800044546,2317514003,4627224497,71853905106.975050,53804918957.905620,102079607184.064375,227738431248.945045,9818005,2728850,10155674,22702529
2024-01-04,MIAX Pearl (H),51734693,63182255,72170936,187087884,1174919106.552500,2543261064.753301,1881424868.108000,5599605039.413801,503875,213972,414289,1132136
2024-01-04,EDGA Equities (J),75723704,47449024,69890283,193063011,2042534985.489000,1979878856.917700,2302060913.735401,6324474756.142101,840277,235152,702673,1778102
2024-01-04,EDGX Equities (K),169049058,117727713,390098348,676875119,5703114881.181700,6420035739.041202,12022899654.804898,24146050275.027800,1556502,594461,2064452,4215415
2024-01-04,LTSE (L),99190,33894,167044,300128,3391177.160000,1658262.070000,20070796.140000,25120235.370000,250,252,511,1013
2024-01-04,NYSE Chicago (M),12153250,22043798,14742264,48939312,1095226353.012700,2786372264.042399,2235631253.429800,6117229870.484899,80948,7508,81730,170186
2024-01-04,NYSE (N),1036801049,49397688,96716021,1182914758,53283229041.138698,3577876632.450600,4290558985.220402,61151664658.809700,3293655,208258,703285,4205198
2024-01-04,NYSE Arca (P),165621428,340882556,579440428,1085944412,7279311082.906902,22592124797.772303,13881731019.436394,43753166900.115599,2043116,1458291,3182192,6683599
2024-01-04,NASDAQ (Q),400514243,193007120,1123910056,1717431419,19487577626.503504,16024408457.760404,63118101722.904723,98630087807.168631,5899443,1262470,7875094,15037007
2024-01-04,Members Exchange (U),106268272,58472936,161759326,326500534,3891586871.392300,3239578968.072200,5486574785.377301,12617740624.841801,1372565,341763,1281713,2996041
2024-01-04,Investors Exchange (V),97482020,28242905,87199180,212924105,5300034538.642900,2213138906.380599,4965472300.890800,12478645745.914299,1356470,160936,1106045,2623451
2024-01-04,NASDAQ PSX (X),6253541,7085412,10294390,23633343,281882511.080500,675089360.509900,582790296.128200,1539762167.718600,119178,42075,112718,273971
2024-01-04,BYX Equities (Y),36986992,29236477,49495042,115718511,1063869130.724100,1755788959.612801,1402534642.105200,4222192732.442101,367518,120074,345952,833544
2024-01-04,BZX Equities (Z),164793227,105154254,232131454,502078935,7570647663.537798,8169884887.030798,10061045811.539202,25801578362.107798,2457739,609752,2249899,5317390
2024-01-03,NYSE American (A),7552383,19570601,6724020,33847004,313670768.174300,468829440.175500,420238116.398200,1202738324.748000,101400,75990,80187,257577
2024-01-03,NASDAQ BX (B),13841357,13291251,18177616,45310224,717007558.168100,852844336.433400,974180436.301400,2544032330.902900,224503,68291,210597,503391
2024-01-03,NYSE National (C),19028089,11244624,17104042,47376755,596351223.507400,453334296.385800,616959964.399000,1666645484.292200,295821,65008,208009,568838
2024-01-03,FINRA / Nasdaq TRF Chicago (DB),5294074,3029624,11660614,19984312,202749896.898500,124871096.193300,780929673.685300,1108550666.777100,25756,10555,60871,97182
2024-01-03,FINRA / NYSE TRF (DN),44124107,39891132,178509593,262524832,1425177832.035400,1913136007.630200,3985718894.320801,7324032733.986401,282697,137057,559576,979330
2024-01-03,FINRA / Nasdaq TRF Carteret (DQ),1519445224,922155625,2377092952,4818693801,75210528722.988477,61359230881.204476,108297157843.831730,244866917448.024683,10511902,3159588,10799177,24470667
2024-01-03,MIAX Pearl (H),62848070,78997466,78283814,220129350,1457077890.188300,3379369244.758900,2336762229.555200,7173209364.502400,575699,281199,521450,1378348
2024-01-03,EDGA Equities (J),85379748,63741648,77524102,226645498,2185477516.954700,2490517126.114600,2660302491.677500,7336297134.746800,910407,301907,752952,1965266
2024-01-03,EDGX Equities (K),186500490,152129120,418709348,757338958,6255907250.431800,8177391492.395299,12778372431.710706,27211671174.537805,1684846,754525,2179793,4619164
2024-01-03,LTSE (L),46980,47278,22666,116924,1826499.860000,5866760.630000,4371163.000000,12064423.490000,240,96,169,505
2024-01-03,NYSE Chicago (M),13187822,16090313,13967875,43246010,1145952205.966500,2395393481.650100,1714501671.663200,5255847359.279800,90245,8810,87161,186216
2024-01-03,NYSE (N),978985506,66002407,110016788,1155004701,51122546102.083295,4843544127.943600,4622761579.050699,60588851809.077594,3700651,269498,734688,4704837
2024-01-03,NYSE Arca (P),189458754,452277411,556857747,1198593912,8512820047.124699,29315219539.711609,15808580619.897802,53636620206.734110,2353110,1903686,3405473,7662269
2024-01-03,NASDAQ (Q),457594190,255645240,1161200576,1874440006,22022261573.320201,21474749821.998112,66061756424.575212,109558767819.893525,6605465,1674910,8710633,16991008
2024-01-03,Members Exchange (U),121818262,75170673,169143009,366131944,4393551185.091299,4447321049.562999,6328252954.157899,15169125188.812197,1476914,452014,1395321,3324249
2024-01-03,Investors Exchange (V),107886231,35402812,91371982,234661025,6094453678.350001,2608223025.031800,5559047404.714699,14261724108.096500,1446028,206989,1158970,2811987
2024-01-03,NASDAQ PSX (X),6677633,9462763,11573224,27713620,293669532.132200,895517627.666800,654929678.512700,1844116838.311700,119661,51824,121049,292534
2024-01-03,BYX Equities (Y),38453018,35165624,47669352,121287994,1054858712.875800,2067567620.674600,1465836246.951900,4588262580.502300,376655,144697,361280,882632
2024-01-03,BZX Equities (Z),188347986,138130180,252441285,578919451,8554242794.179403,10415660654.148201,11133599033.182304,30103502481.509908,2664157,777565,2402874,5844596
2024-01-02,NYSE American (A),8404070,18216537,7720768,34341375,362767035.405400,451664468.399100,503845932.128500,1318277435.933000,116082,72189,95685,283956
2024-01-02,NASDAQ BX (B),13032743,13060316,16896012,42989071,696223809.669500,926201591.062700,1018111368.684300,2640536769.416500,213952,70202,208495,492649
2024-01-02,NYSE National (C),16414153,10760010,15465370,42639533,503801488.640200,402542583.359800,489543377.557900,1395887449.557900,277432,59289,202856,539577
2024-01-02,FINRA / Nasdaq TRF Chicago (DB),5149869,2947331,12542719,20639919,186230859.997700,128880732.907100,984472562.309801,1299584155.214601,27365,11348,67052,105765
2024-01-02,FINRA / NYSE TRF (DN),43797123,35480405,217783050,297060578,1335247696.242700,1244599092.678200,3833944071.441301,6413790860.362201,298460,144203,583566,1026229
2024-01-02,FINRA / Nasdaq TRF Carteret (DQ),1435235774,995421761,2432512747,4863170282,73423816940.538286,71664012356.491977,113749689264.526895,258837518561.557158,10693852,3460147,11678856,25832855
2024-01-02,MIAX Pearl (H),60724375,67188162,80153699,208066236,1463836285.260800,3226122905.023600,2654005425.646500,7343964615.930900,567901,267978,536284,1372163
2024-01-02,EDGA Equities (J),79495659,54528585,74024288,208048532,2204162515.587900,2302584619.739500,2872440441.540901,7379187576.868301,888598,267199,761092,1916889
2024-01-02,EDGX Equities (K),180161559,135893631,483696380,799751570,6162282477.772602,8372568120.076102,14522290502.646301,29057141100.495005,1657851,729086,2272890,4659827
2024-01-02,LTSE (L),46770,198664,45550,290984,2119682.540000,12443165.330000,4330131.650000,18892979.520000,197,248,266,711
2024-01-02,NYSE Chicago (M),13831470,9530931,15607001,38969402,1147404013.676300,1894649958.398000,2502304088.428201,5544358060.502501,88081,6933,97204,192218
2024-01-02,NYSE (N),921279951,54446305,114476402,1090202658,49276132138.244894,4282284394.925102,5047923973.015600,58606340506.185596,3579304,235218,766528,4581050
2024-01-02,NYSE Arca (P),176242457,405022629,669059714,1250324800,7867332594.209499,29812624851.458388,17584770420.494803,55264727866.162690,2222626,1805571,3503005,7531202
2024-01-02,NASDAQ (Q),422280000,221353015,1162368391,1806001406,21130189463.533994,20221977760.713096,71193921564.075621,112546088788.322711,6373553,1497323,8853110,16723986
2024-01-02,Members Exchange (U),115773252,64140775,175888059,355802086,4341009423.491299,3907585597.570800,6587979689.801200,14836574710.863299,1411075,398519,1392977,3202571
2024-01-02,Investors Exchange (V),99805727,31431930,94706798,225944455,5720388000.977598,2577053666.882500,6098178341.468002,14395620009.328100,1390120,197194,1164840,2752154
2024-01-02,NASDAQ PSX (X),6692997,8524074,11576571,26793642,299059105.292200,884089873.318100,803329854.058900,1986478832.669200,126679,46120,128181,300980
2024-01-02,BYX Equities (Y),31907359,31815958,44683024,108406341,900675809.898000,1942711482.231500,1478020667.543300,4321407959.672800,340715,135341,347912,823968
2024-01-02,BZX Equities (Z),177116864,123491295,277482341,578090500,8248549879.003302,10080173141.706595,12376198222.522404,30704921243.232301,2583970,715777,2484496,5784243
