Day,Market Participant,Tape A Shares,Tape B Shares,Tape C Shares,Total Shares,Tape A Notional,Tape B Notional,Tape C Notional,Total Notional,Tape A Trade Count,Tape B Trade Count,Tape C Trade Count,Total Trade Count
2025-09-18,NYSE American (A),5407737,43517608,8781654,57706999,285226680.020000,635081555.656800,368906970.257300,1289215205.934100,59698,120584,69691,249973
2025-09-18,NASDAQ BX (B),13138428,9745379,23503532,46387339,1078279483.339700,507784030.508400,1402547347.729000,2988610861.577100,206723,62809,261911,531443
2025-09-18,NYSE National (C),21115937,16603019,31058940,68777896,816230287.586500,698508643.330900,1096269949.789500,2611008880.706900,261320,109397,304912,675629
2025-09-18,FINRA / Nasdaq TRF Chicago (DB),13994841,9378809,36865933,60239583,766869376.207300,498598799.764100,2467703285.348000,3733171461.319400,99951,38441,219795,358187
2025-09-18,FINRA / NYSE TRF (DN),111083500,87307808,356379852,554771160,4785973836.795700,4479213632.321300,9486712877.907301,18751900347.024301,654319,198968,998310,1851597
2025-09-18,FINRA / Nasdaq TRF Carteret (DQ),2527959237,1796514567,5361478705,9685952509,120864845302.069326,82140365665.455154,201735920638.391475,404741131605.915955,17964784,5252417,23084342,46301543
2025-09-18,MIAX Pearl (H),32084924,65742152,129637750,227464826,1139838880.188500,3005539133.368100,3458354225.746501,7603732239.303101,296570,239610,570606,1106786
2025-09-18,EDGA Equities (J),22718078,32129263,101970177,156817518,1147026270.014800,1443415618.786400,1983356666.926200,4573798555.727400,348390,162251,544426,1055067
2025-09-18,EDGX Equities (K),147613045,194088683,562240231,903941959,7871883540.887502,10853336940.940197,21471259258.012308,40196479739.840007,1773518,1045918,3789708,6609144
2025-09-18,LTSE (L),333804,408372,666884,1409060,19430235.815000,17150652.148000,24864113.633100,61445001.596100,4477,2264,5809,12550
2025-09-18,NYSE Texas (M),25343712,13208023,30440726,68992461,1535796585.587200,2871540365.158900,5805930804.254999,10213267755.001099,29968,10475,35818,76261
2025-09-18,NYSE (N),1183451324,100698273,175168521,1459318118,69573857206.493300,6426923101.764498,7012312104.108406,83013092412.366204,6387101,524963,1507673,8419737
2025-09-18,NYSE Arca (P),263954581,575842554,1126064723,1965861858,14271849746.504799,43221391902.989189,45298831322.293497,102792072971.787485,3504699,2709381,8028830,14242910
2025-09-18,NASDAQ (Q),492270074,272162948,2029218951,2793651973,31569129224.940812,26543150916.154906,133953025923.263349,192065306064.359067,7812999,1883490,14129202,23825691
2025-09-18,Members Exchange (U),72825156,95830249,265839021,434494426,3693361796.826200,5284740943.038801,8650350292.114400,17628453031.979401,724054,410966,1223287,2358307
2025-09-18,Investors Exchange (V),209271844,93585455,252416823,555274122,10999026365.793102,5871610833.741899,12787722489.686403,29658359689.221404,2555142,440851,2471608,5467601
2025-09-18,NASDAQ PSX (X),6579336,5013669,11003799,22596804,512096456.320500,562394653.376000,765551228.756500,1840042338.453000,128065,27715,151392,307172
2025-09-18,BYX Equities (Y),35713146,33435573,63325019,132473738,1728481589.948700,1528227436.311901,2543722647.683800,5800431673.944401,459707,174082,586040,1219829
2025-09-18,BZX Equities (Z),185796694,166939286,320083154,672819134,11396344071.789593,15176906863.052899,20679337069.035606,47252588003.878098,2975473,963345,3664440,7603258
2025-09-17,NYSE American (A),7416649,41925994,8088460,57431103,370727859.600000,604022799.127200,451080754.719500,1425831413.446700,73808,120009,70618,264435
2025-09-17,NASDAQ BX (B),15195697,10236753,22103728,47536178,1146411924.269000,597020480.754700,1348622901.080900,3092055306.104600,223618,68083,254157,545858
2025-09-17,NYSE National (C),22648598,16589896,30005070,69243564,902766592.903900,722183174.187500,1070024022.541200,2694973789.632600,259940,106715,276524,643179
2025-09-17,FINRA / Nasdaq TRF Chicago (DB),14977666,8792736,37453218,61223620,778984908.774700,423846746.877200,2309735354.057101,3512567009.709001,95131,35672,197532,328335
2025-09-17,FINRA / NYSE TRF (DN),112960598,88006903,302582837,503550338,4450999612.221297,2826904793.805798,9149135731.491100,16427040137.518195,658148,203770,936673,1798591
2025-09-17,FINRA / Nasdaq TRF Carteret (DQ),2720803458,1837566688,4610018504,9168388650,124587457573.742754,99145433240.544014,198579714405.362481,422312605219.649249,17658683,5522278,21653067,44834028
2025-09-17,MIAX Pearl (H),37264570,88826154,121611264,247701988,1182257724.370600,4075308349.421901,3369024766.184702,8626590839.977203,319123,311347,545503,1175973
2025-09-17,EDGA Equities (J),30749812,31501493,65022692,127273997,1264656445.595400,1570398909.963900,1921454456.669700,4756509812.229000,391373,163662,509390,1064425
2025-09-17,EDGX Equities (K),168555105,204220547,544924000,917699652,8096788456.834998,11976751553.505301,20419115380.550598,40492655390.890897,1892392,1189010,4069486,7150888
2025-09-17,LTSE (L),661565,276558,438313,1376436,22730173.180000,9486236.140000,19845857.273600,52062266.593600,5168,2360,6157,13685
2025-09-17,NYSE Texas (M),14060755,18340414,20692885,53094054,863830489.101400,1871553630.494999,2941128406.048899,5676512525.645298,25705,12016,33504,71225
2025-09-17,NYSE (N),1288144530,151943832,202027161,1642115523,69954931520.863203,8590088386.851800,7227030068.928801,85772049976.643804,6960070,687224,1503856,9151150
2025-09-17,NYSE Arca (P),315400833,667152570,946793695,1929347098,15367330211.260795,52561255953.449419,47847210816.184389,115775796980.894603,3855161,3360054,8364345,15579560
2025-09-17,NASDAQ (Q),581987578,330606353,1885333836,2797927767,34680917929.287603,33033743586.448915,120740508231.581266,188455169747.317784,8687535,2400369,14069935,25157839
2025-09-17,Members Exchange (U),86741045,112934690,192678023,392353758,3998145493.463699,5735332662.339703,8185301353.172902,17918779508.976304,844579,497033,1190106,2531718
2025-09-17,Investors Exchange (V),238534181,107260818,247700248,593495247,11462738258.991698,6562632292.389000,11999025430.272105,30024395981.652803,2606996,487377,2310565,5404938
2025-09-17,NASDAQ PSX (X),9174061,6340177,9816556,25330794,534824171.830000,832821770.509300,697481945.971200,2065127888.310500,139131,36789,141954,317874
2025-09-17,BYX Equities (Y),38260722,31476150,54687920,124424792,1664970891.798100,1708202497.480600,2225361988.540100,5598535377.818800,452841,186865,521275,1160981
2025-09-17,BZX Equities (Z),210796758,198893251,306883502,716573511,11844449157.767699,15339711981.193997,18363929019.570796,45548090158.532492,3193103,1184539,3491299,7868941
2025-09-16,NYSE American (A),6227954,29418034,7655639,43301627,369061620.972300,468132870.142400,412294809.227100,1249489300.341800,65579,101831,67002,234412
2025-09-16,NASDAQ BX (B),14672160,9198607,20462212,44332979,1058517251.412000,523657063.859700,1187129724.907400,2769304040.179100,199638,57286,225088,482012
2025-09-16,NYSE National (C),24913464,13577223,27579338,66070025,874866395.684700,714035002.920200,1018971854.927500,2607873253.532400,271049,90896,271433,633378
2025-09-16,FINRA / Nasdaq TRF Chicago (DB),14517616,7520377,29198765,51236758,786290512.901600,364070774.073000,1821018552.933099,2971379839.907699,92464,31483,173330,297277
2025-09-16,FINRA / NYSE TRF (DN),97229937,67102490,282658216,446990643,4033690728.491600,2238407799.567400,7365811697.630600,13637910225.689600,608332,184367,867344,1660043
2025-09-16,FINRA / Nasdaq TRF Carteret (DQ),2545973470,1812973330,4354517481,8713464281,120383851530.903607,96214776842.249149,168744332070.752785,385342960443.905541,17550615,4897303,20710907,43158825
2025-09-16,MIAX Pearl (H),35057905,49766169,101456364,186280438,1274536422.672600,2535304837.881900,2735998571.371598,6545839831.926098,304529,198218,489675,992422
2025-09-16,EDGA Equities (J),25965021,23818685,69573620,119357326,1114096554.750400,1213835531.350200,1500497423.996600,3828429510.097200,369766,126027,479107,974900
2025-09-16,EDGX Equities (K),153130480,145090112,476961598,775182190,7795858832.300204,9223505717.201100,16222377095.012912,33241741644.514216,1713625,832146,3606423,6152194
2025-09-16,LTSE (L),365069,201929,523457,1090455,22029920.455000,5435919.868600,17222298.626800,44688138.950400,5010,929,4991,10930
2025-09-16,NYSE Texas (M),15013788,13713066,23070543,51797397,1042019593.852400,1517383382.011800,3232091331.143500,5791494307.007700,21983,8114,27087,57184
2025-09-16,NYSE (N),1201436944,87394887,140306145,1429137976,69057441397.979711,5193629526.252500,5612741676.265605,79863812600.497816,6206577,443889,1302288,7952754
2025-09-16,NYSE Arca (P),272397195,464328845,899283690,1636009730,14203898930.981805,35487203866.742514,33406588240.634497,83097691038.358816,3377298,2217376,7571259,13165933
2025-09-16,NASDAQ (Q),499390677,222221540,1630713665,2352325882,31472094112.832096,20825482263.217593,108771161621.765375,161068737997.815064,7555905,1544047,11969628,21069580
2025-09-16,Members Exchange (U),72392271,72013254,177170465,321575990,3314083824.721001,4357547004.652002,6013161329.985999,13684792159.359002,704006,340155,990902,2035063
2025-09-16,Investors Exchange (V),230694227,86993678,228880327,546568232,11300687379.297000,5253889448.453798,10895911103.653800,27450487931.404598,2485243,428093,2195452,5108788
2025-09-16,NASDAQ PSX (X),6145283,3572514,7256526,16974323,437635686.405000,347661070.743700,519903719.374000,1305200476.522700,111850,20668,115316,247834
2025-09-16,BYX Equities (Y),36743759,28445168,57517655,122706582,1462617859.167400,1569945002.471899,1845022419.312200,4877585280.951499,429541,175725,511565,1116831
2025-09-16,BZX Equities (Z),194190818,143033250,256142922,593366990,11242153050.962703,11831307546.759001,15791504004.415403,38864964602.137107,2898881,781283,3073376,6753540
2025-09-15,NYSE American (A),4918840,46307669,7464326,58690835,241978805.109900,515115533.589900,343406286.097800,1100500624.797600,55754,129835,59060,244649
2025-09-15,NASDAQ BX (B),11905317,9287451,21729408,42922176,970136030.200000,414187352.010300,1268985650.800800,2653309033.011100,189744,59822,241656,491222
2025-09-15,NYSE National (C),21421435,13514114,29046897,63982446,820490115.959000,587560076.038400,1009329937.604400,2417380129.601800,261079,87367,280515,628961
2025-09-15,FINRA / Nasdaq TRF Chicago (DB),13110516,8304990,32046298,53461804,689484859.291800,378817550.871600,2366098452.479800,3434400862.643200,96533,38481,202557,337571
2025-09-15,FINRA / NYSE TRF (DN),95843460,102279058,301716826,499839344,3966859106.016900,2772677553.414500,8576812679.270097,15316349338.701497,650598,238256,996060,1884914
2025-09-15,FINRA / Nasdaq TRF Carteret (DQ),2459530301,1940042315,4434001494,8833574110,114451023557.066722,71040844423.679932,189365849732.927748,374857717713.674402,17555042,5521193,22109256,45185491
2025-09-15,MIAX Pearl (H),31926386,59695606,105487772,197109764,1164364721.110800,2260318552.739601,3103842656.845101,6528525930.695502,307848,220548,546463,1074859
2025-09-15,EDGA Equities (J),23743363,50255992,75686577,149685932,1079940846.196000,1281524482.410601,1716993625.784700,4078458954.391301,379878,181552,530655,1092085
2025-09-15,EDGX Equities (K),146164298,194999343,550767296,891930937,7401598080.692498,8311287963.129402,20176525874.923813,35889411918.745713,1705781,1029421,3915521,6650723
2025-09-15,LTSE (L),398589,295516,646485,1340590,21997364.645000,7485949.105400,19937931.987100,49421245.737500,5096,1078,6360,12534
2025-09-15,NYSE Texas (M),12795009,15398999,22453967,50647975,1276025699.336401,2194462627.203200,3083873239.980799,6554361566.520400,23778,7726,32845,64349
2025-09-15,NYSE (N),1065359231,77935150,149429312,1292723693,59054534929.876495,4681742072.504099,5743719279.256801,69479996281.637395,6009404,432664,1335366,7777434
2025-09-15,NYSE Arca (P),252009739,661959567,926499851,1840469157,13122302529.906199,34481373901.407386,37543112357.757886,85146788789.071471,3242659,2884427,7518915,13646001
2025-09-15,NASDAQ (Q),478343402,240361516,1690646152,2409351070,29783033621.225908,20737122650.294797,110624094425.690030,161144250697.210735,7511543,1636507,13001514,22149564
2025-09-15,Members Exchange (U),69272088,83560883,191022243,343855214,3328463069.216601,4086668455.527800,8001969373.991806,15417100898.736207,688528,358657,1126331,2173516
2025-09-15,Investors Exchange (V),218965329,82342838,234945591,536253758,10760647675.169699,4643841672.443100,11570344780.768206,26974834128.381005,2499147,400774,2289868,5189789
2025-09-15,NASDAQ PSX (X),5127666,3953124,8692489,17773279,382892753.156500,328445472.489700,555977598.051500,1267315823.697700,100687,21260,120711,242658
2025-09-15,BYX Equities (Y),34473954,30687115,59321077,124482146,1417734243.923500,1206977269.600600,2030040913.050501,4654752426.574601,445380,167234,544961,1157575
2025-09-15,BZX Equities (Z),187991567,146908430,282727442,617627439,10814636918.577998,11350941411.174301,16714663057.752102,38880241387.504401,2903046,811938,3244859,6959843
2025-09-12,NYSE American (A),4575641,30467568,7706584,42749793,240326299.462000,421721792.630100,312282184.136200,974330276.228300,50315,92945,60552,203812
2025-09-12,NASDAQ BX (B),11844376,7471782,20438165,39754323,905970267.035000,387922865.474800,1209036893.867500,2502930026.377300,174951,47594,228496,451041
2025-09-12,NYSE National (C),19210073,11859005,30687064,61756142,730710651.845300,647457380.768300,1033971395.438400,2412139428.052000,243516,78332,279253,601101
2025-09-12,FINRA / Nasdaq TRF Chicago (DB),12370169,7371523,36167503,55909195,704498669.021900,360164672.587000,2359552818.049301,3424216159.658201,86085,29398,197641,313124
2025-09-12,FINRA / NYSE TRF (DN),88614781,83994692,319068505,491677978,3687282969.130401,1897478218.886500,8756397965.880911,14341159153.897812,574682,183898,908401,1666981
2025-09-12,FINRA / Nasdaq TRF Carteret (DQ),2221336893,1492318128,4527725989,8241381010,106993936946.380888,63696050449.916781,187661002445.212360,358350989841.510029,16041993,4341294,20860164,41243451
2025-09-12,MIAX Pearl (H),30178050,48968008,120467326,199613384,1075362902.705300,2249864933.975001,3346203674.576800,6671431511.257101,281003,181352,556156,1018511
2025-09-12,EDGA Equities (J),23739687,39932161,72523247,136195095,1080318841.014100,1274407258.369400,1688732673.939600,4043458773.323100,357860,126375,499842,984077
2025-09-12,EDGX Equities (K),136694934,136158507,544767963,817621404,6811493444.198501,7609142932.181898,18719481558.853293,33140117935.233692,1455795,686847,3424647,5567289
2025-09-12,LTSE (L),296834,151983,529588,978405,17311642.445000,7099928.990000,21300389.448300,45711960.883300,3990,1587,4971,10548
2025-09-12,NYSE Texas (M),32016835,15959549,38028095,86004479,2044586329.731900,3131744441.097400,8995899921.156703,14172230691.986003,27099,7242,33373,67714
2025-09-12,NYSE (N),1008979492,71291054,160052921,1240323467,58470604153.770295,4536356189.714301,5843606628.699602,68850566972.184198,5457798,382947,1288442,7129187
2025-09-12,NYSE Arca (P),239085081,434773891,919101564,1592960536,12404103037.939196,32078072608.001206,33017093820.196393,77499269466.136795,2983363,2015250,7085232,12083845
2025-09-12,NASDAQ (Q),427371479,192700084,1696089669,2316161232,26814531933.603693,18963733294.827508,108379066807.780183,154157332036.211384,6572975,1382362,12125387,20080724
2025-09-12,Members Exchange (U),59349352,68661957,192396123,320407432,2939829823.175200,4988943711.410700,6759128187.560199,14687901722.146099,588260,301851,986988,1877099
2025-09-12,Investors Exchange (V),201728969,79078173,254006520,534813662,9950163396.701998,4980093540.942399,11789879200.913700,26720136138.558097,2321909,379793,2231084,4932786
2025-09-12,NASDAQ PSX (X),4760528,3682654,8225386,16668568,361140107.147800,348212123.909200,564518615.253300,1273870846.310300,95177,19042,116978,231197
2025-09-12,BYX Equities (Y),34487782,22726349,52496688,109710819,1413341467.695200,1255249137.672000,1987722826.781500,4656313432.148700,415192,129290,513042,1057524
2025-09-12,BZX Equities (Z),167180949,130080348,283795705,581057002,9834203054.437005,11120667408.780104,18109637058.801695,39064507522.018804,2482087,688390,2957995,6128472
2025-09-11,NYSE American (A),5752807,23138242,8523075,37414124,373530934.451500,390436551.961000,398787975.129300,1162755461.541800,63061,82474,67384,212919
2025-09-11,NASDAQ BX (B),14539352,8156516,23231724,45927592,1116349355.971000,468726873.503700,1267802911.710900,2852879141.185600,219930,53666,255584,529180
2025-09-11,NYSE National (C),22756004,14158837,33201535,70116376,915911710.271700,704774539.618800,1109437692.381200,2730123942.271700,280983,85603,299800,666386
2025-09-11,FINRA / Nasdaq TRF Chicago (DB),14182520,6678763,35343948,56205231,934702901.811900,339875639.983500,1891955997.123401,3166534538.918801,97876,28790,180860,307526
2025-09-11,FINRA / NYSE TRF (DN),96419927,60768706,346955706,504144339,4452722376.999001,2149546362.534999,7990629483.168199,14592898222.702199,629048,155199,927698,1711945
2025-09-11,FINRA / Nasdaq TRF Carteret (DQ),2561737807,1371668168,5127812601,9061218576,130111338632.783716,68508009133.918684,179068154239.205826,377687502005.908226,18376837,4321735,21686177,44384749
2025-09-11,MIAX Pearl (H),36407451,54594629,131682733,222684813,1434790704.596600,2853110296.594001,3159343778.973701,7447244780.164302,345209,221549,579183,1145941
2025-09-11,EDGA Equities (J),28098169,22905886,102017139,153021194,1332662116.169300,1489509480.217400,1945333027.697800,4767504624.084500,421666,158779,595450,1175895
2025-09-11,EDGX Equities (K),165892557,147362743,580222486,893477786,8254624301.995109,8906961254.583499,17858884609.013692,35020470165.592300,1814640,785030,3632161,6231831
2025-09-11,LTSE (L),181537,168747,335225,685509,10468558.850000,10417151.705000,15768853.923400,36654564.478400,1674,1368,3113,6155
2025-09-11,NYSE Texas (M),16735536,16761358,28168557,61665451,1035981481.937000,3011899313.977299,3937740094.717998,7985620890.632297,33181,7936,36701,77818
2025-09-11,NYSE (N),1172390129,84776658,160407531,1417574318,68260659085.323494,5186493387.705801,5995483426.210103,79442635899.239398,6244788,442017,1418985,8105790
2025-09-11,NYSE Arca (P),307800756,456835241,1160369023,1925005020,15364707932.993601,39148460805.194401,36092386439.827005,90605555178.015007,3865512,2222589,7765953,13854054
2025-09-11,NASDAQ (Q),516195543,221098613,1852434346,2589728502,33195776793.697108,22491541697.103600,114663674622.307578,170350993113.108286,7871493,1625579,13256937,22754009
2025-09-11,Members Exchange (U),75339009,62999383,221558489,359896881,4026214252.880200,4229735770.051100,6729972804.149500,14985922827.080800,757484,319214,1109591,2186289
2025-09-11,Investors Exchange (V),222408317,90079370,258134829,570622516,11173268023.023502,5694524535.292700,11827308212.164702,28695100770.480904,2444029,414493,2265145,5123667
2025-09-11,NASDAQ PSX (X),6272848,4448641,9741758,20463247,499991662.329900,526343212.608800,582828286.474300,1609163161.413000,121520,23636,140024,285180
2025-09-11,BYX Equities (Y),41716489,26299303,63842126,131857918,1857579474.882200,1401578453.237400,2250646535.618300,5509804463.737900,514934,155762,581548,1252244
2025-09-11,BZX Equities (Z),187749900,141739960,317011581,646501441,11441076077.718202,12677005200.681493,17500768138.168797,41618849416.568492,2820202,773452,3135529,6729183
2025-09-10,NYSE American (A),6300823,25954898,7311308,39567029,401944357.884400,410665429.437300,368875896.229800,1181485683.551500,71461,87560,68611,227632
2025-09-10,NASDAQ BX (B),16775680,8941444,23528261,49245385,1348463870.261100,481384446.028100,1402592083.536100,3232440399.825300,231731,56275,268352,556358
2025-09-10,NYSE National (C),23645542,13915579,27664587,65225708,980292155.666500,649533352.993100,1055674453.252300,2685499961.911900,274158,92489,270788,637435
2025-09-10,FINRA / Nasdaq TRF Chicago (DB),13888879,7519343,29808492,51216714,1079876032.973700,399351739.195100,2018370800.386800,3497598572.555600,100512,28952,184417,313881
2025-09-10,FINRA / NYSE TRF (DN),100873338,62375844,283205277,446454459,4953120518.887300,2307462761.124399,8569977015.844397,15830560295.856096,666913,168257,955142,1790312
2025-09-10,FINRA / Nasdaq TRF Carteret (DQ),2511033089,1409762078,4538656204,8459451371,138534731156.903702,83680692018.061781,193523349112.675317,415738772287.640800,18793011,4435145,23134296,46362452
2025-09-10,MIAX Pearl (H),33914341,55281611,107552794,196748746,1508852655.163700,2728224451.175800,3117607685.847301,7354684792.186801,327033,220660,546261,1093954
2025-09-10,EDGA Equities (J),27540244,21533526,69969536,119043306,1479227432.414900,1380151102.787000,2132290162.470000,4991668697.671900,414659,136375,556246,1107280
2025-09-10,EDGX Equities (K),151150490,156088608,540510396,847749494,9300906215.256096,8683492756.818600,19352716142.007700,37337115114.082396,1672793,854145,4182928,6709866
2025-09-10,LTSE (L),564229,232358,478985,1275572,28879206.330000,11024663.625000,25440398.289600,65344268.244600,5700,1738,6714,14152
2025-09-10,NYSE Texas (M),19182193,21875204,26299984,67357381,2319125386.643800,4243326339.198300,4272573321.956900,10835025047.799000,27877,8703,31072,67652
2025-09-10,NYSE (N),1110969445,91904026,160507903,1363381374,65653676294.761192,5532087096.498502,6836421881.983200,78022185273.242894,6252730,496224,1432260,8181214
2025-09-10,NYSE Arca (P),286202741,469311221,1131547245,1887061207,17377529958.224394,40127120370.902201,41549943735.158702,99054594064.285297,3516732,2434347,9091261,15042340
2025-09-10,NASDAQ (Q),527731925,238323914,1746602520,2512658359,35968289827.432600,23409504001.850497,120111310715.400838,179489104544.683935,7761445,1739437,13669032,23169914
2025-09-10,Members Exchange (U),70700483,67684181,183561532,321946196,3887034069.139900,4056840432.337498,7657918209.195297,15601792710.672695,741072,340399,1164017,2245488
2025-09-10,Investors Exchange (V),233891079,90290297,242882545,567063921,12349352107.567103,5261504934.689601,13452091087.869500,31062948130.126204,2556360,415884,2343583,5315827
2025-09-10,NASDAQ PSX (X),9133831,5450429,8578268,23162528,636570446.616000,497792956.734000,679739006.741200,1814102410.091200,133807,24105,142732,300644
2025-09-10,BYX Equities (Y),43553007,26874049,53030428,123457484,2003912051.916400,1284232007.128599,2342974401.780299,5631118460.825298,500273,140015,563477,1203765
2025-09-10,BZX Equities (Z),204232436,155379390,289058756,648670582,12883035503.086995,13144941089.052797,19996563831.274294,46024540423.414086,2905004,846378,3309822,7061204
2025-09-09,NYSE American (A),6323442,30913788,6962374,44199604,364343546.958200,418812559.702900,358965996.388200,1142122103.049300,69847,107006,65644,242497
2025-09-09,NASDAQ BX (B),13280023,8230276,19376451,40886750,995529342.785000,491143992.250900,1073904537.427200,2560577872.463100,202551,59441,240185,502177
2025-09-09,NYSE National (C),21621186,13201596,26783384,61606166,848225985.126800,683823393.838100,927294347.957300,2459343726.922200,291846,94920,270175,656941
2025-09-09,FINRA / Nasdaq TRF Chicago (DB),11916717,6258326,26337903,44512946,712496190.101000,288192570.414000,1727370970.536700,2728059731.051700,80180,29970,163460,273610
2025-09-09,FINRA / NYSE TRF (DN),85481958,72339690,241908270,399729918,3925824256.493298,2015002419.735300,7291035671.524303,13231862347.752901,559876,177487,810805,1548168
2025-09-09,FINRA / Nasdaq TRF Carteret (DQ),2280687612,1480354528,3952716354,7713758494,115188957383.270782,73940949696.940932,162954133215.566222,352084040295.777936,17278179,4553165,20196821,42028165
2025-09-09,MIAX Pearl (H),28183455,53447521,93044309,174675285,1086213609.143400,2472305372.578900,2530196908.386700,6088715890.109000,274296,217694,469192,961182
2025-09-09,EDGA Equities (J),24786565,23137648,58673597,106597810,1111740245.337900,1240189964.499300,1587767652.229800,3939697862.067000,418540,136942,488920,1044402
2025-09-09,EDGX Equities (K),140599212,159934054,471939422,772472688,7737019131.585599,8424424009.268000,16123692807.846600,32285135948.700199,1494319,858159,3592010,5944488
2025-09-09,LTSE (L),550252,120937,448562,1119751,25630471.835000,7372883.095000,18505831.895300,51509186.825300,4918,1671,5287,11876
2025-09-09,NYSE Texas (M),23631540,22206362,23360966,69198868,1556835107.723600,2027441673.990000,3715423726.087001,7299700507.800601,29110,7220,31356,67686
2025-09-09,NYSE (N),1014890797,81408335,133234777,1229533909,56664358289.137912,5151238768.546601,5371655813.493799,67187252871.178312,5876315,460966,1230870,7568151
2025-09-09,NYSE Arca (P),253402599,491283753,993577829,1738264181,14397282147.165106,36117402682.049595,33337773030.555501,83852457859.770202,3107385,2420424,7726231,13254040
2025-09-09,NASDAQ (Q),486648463,226785200,1522938124,2236371787,31912306228.356096,21906514177.655587,93234253710.691483,147053074116.703166,7210355,1670077,12255594,21136026
2025-09-09,Members Exchange (U),62393406,74364398,162465092,299222896,3400960772.621499,4958265057.935898,5976274610.996704,14335500441.554101,681667,357728,990487,2029882
2025-09-09,Investors Exchange (V),221817371,90283213,222346971,534447555,11077361156.858503,5355368142.082200,11071260959.637202,27503990258.577905,2543768,426643,2228127,5198538
2025-09-09,NASDAQ PSX (X),6458834,4148044,8513609,19120487,484665495.312400,423359494.909600,503403055.715900,1411428045.937900,109609,22372,117502,249483
2025-09-09,BYX Equities (Y),36019790,25374227,46566773,107960790,1485468869.379100,1320188145.234000,1886400559.402599,4692057574.015699,455760,147462,510006,1113228
2025-09-09,BZX Equities (Z),181952753,136001101,234907808,552861662,10638129789.551192,10944923918.648997,14640817939.707910,36223871647.908099,2643183,742269,2749412,6134864
2025-09-08,NYSE American (A),6282202,26744586,6594580,39621368,340115112.424600,390414332.121700,376312512.892100,1106841957.438400,70856,82313,70480,223649
2025-09-08,NASDAQ BX (B),13570139,7488197,19076720,40135056,993203066.153700,422773830.505900,1193180014.267100,2609156910.926700,203468,51858,240729,496055
2025-09-08,NYSE National (C),25860392,12589867,26559810,65010069,916785756.761600,590541473.324700,907856664.033600,2415183894.119900,341075,87958,295188,724221
2025-09-08,FINRA / Nasdaq TRF Chicago (DB),13000757,6346533,29060097,48407387,567512943.782400,324012526.240900,1858025440.603400,2749550910.626700,85246,31147,180748,297141
2025-09-08,FINRA / NYSE TRF (DN),89084139,59072444,275483816,423640399,3737307902.181799,2283786542.708101,7534688720.904693,13555783165.794593,604611,181360,891094,1677065
2025-09-08,FINRA / Nasdaq TRF Carteret (DQ),2537310682,1311974468,4422756400,8272041550,121829851530.826807,64570201460.299376,178427022898.994802,364827075890.120985,19007131,4710412,22762697,46480240
2025-09-08,MIAX Pearl (H),32096312,48979306,99300269,180375887,1082751429.589800,2348550293.657199,2664663615.101301,6095965338.348300,300046,189327,505756,995129
2025-09-08,EDGA Equities (J),26723329,18916300,66989109,112628738,1201567646.922500,1195052369.923500,1576759471.327799,3973379488.173799,464782,116992,518041,1099815
2025-09-08,EDGX Equities (K),147867365,137357854,434903729,720128948,6848252461.066400,8295764735.664703,16797369144.010295,31941386340.741398,1529636,750934,3161008,5441578
2025-09-08,LTSE (L),711675,164611,432787,1309073,28406947.725000,7439204.315000,19757148.041900,55603300.081900,5121,959,5423,11503
2025-09-08,NYSE Texas (M),23702178,15563398,20916364,60181940,1477115056.365800,1702948490.648400,3907399999.278603,7087463546.292803,30531,7467,30450,68448
2025-09-08,NYSE (N),1126721468,80542559,131298952,1338562979,63219763281.799399,4541482342.311896,6067974022.569102,73829219646.680397,6331971,400219,1283465,8015655
2025-09-08,NYSE Arca (P),262785056,447114508,912100855,1622000419,12882822966.706701,37043761882.082820,35285819018.945192,85212403867.734713,3233027,2134761,7705812,13073600
2025-09-08,NASDAQ (Q),504620594,216414843,1555778177,2276813614,30453097158.734505,22708967590.442686,104959658554.670265,158121723303.847456,7624532,1624078,12800450,22049060
2025-09-08,Members Exchange (U),63117945,67552199,170666262,301336406,3023444833.015600,3699765466.846098,6673348184.571300,13396558484.432998,694476,308022,1053459,2055957
2025-09-08,Investors Exchange (V),250613396,87668841,244418358,582700595,12006882973.398601,5065525793.177603,12563098368.224899,29635507134.801103,2740258,415600,2439379,5595237
2025-09-08,NASDAQ PSX (X),6303215,3960701,7938510,18202426,472791235.023200,416157104.588600,634784406.650500,1523732746.262300,114854,23568,132060,270482
2025-09-08,BYX Equities (Y),40075195,23109263,49962623,113147081,1630273642.641900,1204770348.543500,1980372661.007900,4815416652.193300,547620,138457,572093,1258170
2025-09-08,BZX Equities (Z),198212778,136398506,244824716,579436000,10646514013.946199,10343409383.918495,16209520606.765507,37199444004.630201,2823525,705073,2922360,6450958
2025-09-05,NYSE American (A),5609190,25591398,7090680,38291268,320095987.678800,425234092.694900,405388966.638100,1150719047.011800,62961,93860,60089,216910
2025-09-05,NASDAQ BX (B),13452125,9299763,19944667,42696555,1065495403.620700,555776112.107100,1468130423.618200,3089401939.346000,204235,62274,236475,502984
2025-09-05,NYSE National (C),22686195,17190792,26535032,66412019,881831027.255200,728417983.131400,1034707136.276600,2644956146.663200,305020,108608,266945,680573
2025-09-05,FINRA / Nasdaq TRF Chicago (DB),11490398,8819803,30037593,50347794,600736364.003800,430488791.833000,2235840425.183900,3267065581.020700,78482,35469,183212,297163
2025-09-05,FINRA / NYSE TRF (DN),83917136,75619846,256589773,416126755,3923512720.693901,2720055444.333200,8621764590.822891,15265332755.849992,567260,188837,816626,1572723
2025-09-05,FINRA / Nasdaq TRF Carteret (DQ),2407149340,1593206389,4151534903,8151890632,112270763926.911612,69323837932.068124,193584639762.141665,375179241621.121401,17217067,5046836,21071274,43335177
2025-09-05,MIAX Pearl (H),30869724,72345735,107698499,210913958,1081015764.720200,3127415822.473300,3373625716.310002,7582057303.503502,307195,278612,525443,1111250
2025-09-05,EDGA Equities (J),28339157,26140173,63438296,117917626,1309771484.075500,1561870639.271401,2036073108.495199,4907715231.842100,474480,160420,520443,1155343
2025-09-05,EDGX Equities (K),137942667,192706534,469652083,800301284,7019752694.084500,10443530532.530404,20788841279.912398,38252124506.527302,1489287,1012671,3260869,5762827
2025-09-05,LTSE (L),427731,174297,475828,1077856,23461449.865000,8082185.230000,22555187.305000,54098822.400000,5737,1003,6446,13186
2025-09-05,NYSE Texas (M),12342452,16546228,22810139,51698819,1343027759.709500,2215260704.886400,4678408038.559301,8236696503.155201,24832,9041,33643,67516
2025-09-05,NYSE (N),1064926428,113873647,151478425,1330278500,60817774122.505599,6088066923.322101,6974885021.449401,73880726067.277101,6354209,556974,1415961,8327144
2025-09-05,NYSE Arca (P),249939159,589632241,884869229,1724440629,13127459572.973698,49711270592.287185,48219629851.704402,111058360016.965285,3141103,2887860,6918420,12947383
2025-09-05,NASDAQ (Q),514778545,306860651,1613190504,2434829700,31924395908.755000,30532271025.059684,120893670393.443819,183350337327.258503,7750291,2152472,13162499,23065262
2025-09-05,Members Exchange (U),65056872,90714165,172149521,327920558,3234783725.055900,4762109360.477603,8316462252.248999,16313355337.782502,668642,418141,1041886,2128669
2025-09-05,Investors Exchange (V),243282259,104253417,261597338,609133014,11706626416.304403,6056749868.739299,13553942808.938708,31317319093.982410,2596919,463838,2353852,5414609
2025-09-05,NASDAQ PSX (X),6515864,5348652,8902897,20767413,472923224.458600,698627133.216400,698619012.473100,1870169370.148100,121772,29835,140678,292285
2025-09-05,BYX Equities (Y),38084337,28212258,53463382,119759977,1612930556.832800,1408378869.831601,2264990815.940600,5286300242.605001,461988,145270,514939,1122197
2025-09-05,BZX Equities (Z),194775222,189680307,282999761,667455290,11024349064.147398,14242055257.607897,21223227393.237302,46489631714.992597,2814755,982669,3101705,6899129
2025-09-04,NYSE American (A),4789156,22978582,5582977,33350715,249689166.749500,319929183.123900,280957018.743100,850575368.616500,52581,82889,51172,186642
2025-09-04,NASDAQ BX (B),12622794,7232870,17795296,37650960,997065325.611500,378117349.318900,1056778496.762400,2431961171.692800,201575,47414,224521,473510
2025-09-04,NYSE National (C),22772050,13754486,25007652,61534188,835141708.307800,660666428.822402,912518563.604300,2408326700.734502,328619,93259,255783,677661
2025-09-04,FINRA / Nasdaq TRF Chicago (DB),11445708,6995282,25317903,43758893,537727419.545600,323814069.457200,1569483583.525600,2431025072.528400,75148,28823,146181,250152
2025-09-04,FINRA / NYSE TRF (DN),78137964,53440509,214611797,346190270,3615259568.318501,1704286619.901400,6665784300.683298,11985330488.903199,520795,168609,717089,1406493
2025-09-04,FINRA / Nasdaq TRF Carteret (DQ),2209408985,1304020848,3768619817,7282049650,106399910862.497392,62118957258.161020,160513798949.465784,329032667070.124196,16435390,4139549,18964867,39539806
2025-09-04,MIAX Pearl (H),29501355,49569935,88490207,167561497,996021208.013200,2526105498.213900,2361140609.504000,5883267315.731100,297355,191111,471639,960105
2025-09-04,EDGA Equities (J),26051484,19207872,51393784,96653140,1189987594.887700,1157550633.268100,1511123759.931800,3858661988.087600,500879,119293,493390,1113562
2025-09-04,EDGX Equities (K),127536146,138271382,389930658,655738186,6296624190.985401,7795284904.577698,14380120852.617895,28472029948.180994,1505549,797114,2833350,5136013
2025-09-04,LTSE (L),387636,113829,439439,940904,17014303.665000,5697041.984200,16804795.200000,39516140.849200,4396,989,5633,11018
2025-09-04,NYSE Texas (M),16270777,15949954,25544978,57765709,946861137.072800,1845782486.350900,3306347417.612400,6098991041.036100,25018,8015,30356,63389
2025-09-04,NYSE (N),1019484553,77542841,127559742,1224587136,57054825995.753293,4419851639.829899,5704517358.886799,67179194994.469991,5895516,385606,1300496,7581618
2025-09-04,NYSE Arca (P),236460321,424183141,723385754,1384029216,12037406622.968204,34968264879.696874,32845599264.700271,79851270767.365349,2971646,2109805,6173435,11254886
2025-09-04,NASDAQ (Q),471699452,206826523,1446859901,2125385876,28521210727.312896,20219783089.470799,97268856435.399131,146009850252.182826,7221851,1542512,11767098,20531461
2025-09-04,Members Exchange (U),56623273,61060526,144366817,262050616,2975569286.235200,4038948433.379306,5517645776.816401,12532163496.430907,622084,323230,904494,1849808
2025-09-04,Investors Exchange (V),219262132,84188680,221453670,524904482,10590088425.612603,5113590518.948302,10926181069.741302,26629860014.302207,2439003,367795,2155201,4961999
2025-09-04,NASDAQ PSX (X),6561816,3882637,8247270,18691723,477510010.624000,425051192.295400,555738614.158500,1458299817.077900,128923,23294,134869,287086
2025-09-04,BYX Equities (Y),34491904,22355167,45981115,102828186,1512794660.208000,1204899408.954299,1814838771.219800,4532532840.382099,467074,130360,512825,1110259
2025-09-04,BZX Equities (Z),175766985,133458113,230417513,539642611,9668698504.987194,10869379900.037387,14299621556.469099,34837699961.493680,2584784,720109,2677851,5982744
2025-09-03,NYSE American (A),4898858,29587343,5200390,39686591,230734271.803200,392913146.194300,282733483.863700,906380901.861200,54850,86031,52991,193872
2025-09-03,NASDAQ BX (B),14018071,8164585,18502094,40684750,915819073.360200,413215303.852700,1244668979.585600,2573703356.798500,203771,53275,249935,506981
2025-09-03,NYSE National (C),22060689,12990119,25270812,60321620,778652061.187100,579232819.787600,1080660717.521200,2438545598.495900,294778,86778,268065,649621
2025-09-03,FINRA / Nasdaq TRF Chicago (DB),9864869,7511603,25029467,42405939,475753693.507300,343873906.916200,1838407168.573100,2658034768.996600,68675,28896,151381,248952
2025-09-03,FINRA / NYSE TRF (DN),88090181,72363703,208839938,369293822,3724395131.831399,2497486313.425700,6922068303.147701,13143949748.404800,535677,181971,753593,1471241
2025-09-03,FINRA / Nasdaq TRF Carteret (DQ),2107929400,1521750738,3826850061,7456530199,99448648523.222008,64384624952.128129,170182627166.818298,334015900642.168435,16555220,4472890,20759140,41787250
2025-09-03,MIAX Pearl (H),27398165,55940510,89577360,172916035,973896847.316000,2820442492.448400,2742476065.402799,6536815405.167199,265275,209268,467482,942025
2025-09-03,EDGA Equities (J),24492362,24037828,52423710,100953900,1122320750.744500,1318871532.329400,1899203008.607000,4340395291.680900,443713,128553,501406,1073672
2025-09-03,EDGX Equities (K),118922137,158680685,379479365,657082187,5878419571.638701,8343095710.426200,15030887278.719701,29252402560.784602,1387893,813076,2914652,5115621
2025-09-03,LTSE (L),384663,247653,524784,1157100,19980320.875000,10636594.406000,24317167.208100,54934082.489100,4396,788,5153,10337
2025-09-03,NYSE Texas (M),11484441,19769250,23743061,54996752,767357099.610000,1727597338.727400,3530112423.820201,6025066862.157601,22869,8841,28379,60089
2025-09-03,NYSE (N),1025071840,86659985,123984594,1235716419,58545614966.162901,4980105904.951001,5989342822.499497,69515063693.613399,5580835,437860,1189445,7208140
2025-09-03,NYSE Arca (P),219007825,487735615,766751133,1473494573,11171900587.185502,35325932290.473999,34079274390.405823,80577107268.065324,2803032,2205495,6722175,11730702
2025-09-03,NASDAQ (Q),436661730,220166792,1482265147,2139093669,26828641534.912800,21440913729.533198,105505298422.323237,153774853686.769235,6687186,1604803,11912301,20204290
2025-09-03,Members Exchange (U),50286155,73820004,142112278,266218437,2535819064.592300,3718030733.882801,6184503828.041799,12438353626.516900,556301,310897,903764,1770962
2025-09-03,Investors Exchange (V),196830068,82939829,208647838,488417735,9468136383.272701,4747475480.564698,11196736162.431000,25412348026.268399,2206878,382564,2076404,4665846
2025-09-03,NASDAQ PSX (X),5312072,4315167,7088494,16715733,400259395.411000,500336083.578000,584688237.502500,1485283716.491500,93149,22913,104500,220562
2025-09-03,BYX Equities (Y),35939702,23996594,45387544,105323840,1347116892.118300,1206707809.287200,2000877638.600900,4554702340.006400,457160,135956,525874,1118990
2025-09-03,BZX Equities (Z),176973461,146109469,243640993,566723923,9182694802.009600,11721545440.487301,16236535727.681105,37140775970.178006,2557231,758990,2803319,6119540
2025-09-02,NYSE American (A),5328584,31532973,6571574,43433131,274612513.741300,469488999.169100,325448262.415800,1069549775.326200,64488,104880,61158,230526
2025-09-02,NASDAQ BX (B),13943774,10747166,18061884,42752824,986736145.385000,546575834.712000,1084014314.802100,2617326294.899100,206157,66947,218962,492066
2025-09-02,NYSE National (C),26215826,17444215,28696788,72356829,881139168.511500,752739351.530001,1096330074.654600,2730208594.696101,339515,118434,290839,748788
2025-09-02,FINRA / Nasdaq TRF Chicago (DB),11811564,9853456,30427570,52092590,616075934.599300,495513729.232600,1806774933.636500,2918364597.468400,86064,44138,181855,312057
2025-09-02,FINRA / NYSE TRF (DN),83228825,74326526,242114165,399669516,3744414461.602500,2550369621.798603,7636630251.799397,13931414335.200500,569397,241347,846681,1657425
2025-09-02,FINRA / Nasdaq TRF Carteret (DQ),2188438390,1579810971,4044007270,7812256631,105856789549.001274,75802166150.674989,164080971741.256252,345739927440.932515,17251204,5902408,21078326,44231938
2025-09-02,MIAX Pearl (H),29118057,61189565,106318474,196626096,1038628157.597800,3064312102.523299,2869331885.802602,6972272145.923701,284416,244115,505706,1034237
2025-09-02,EDGA Equities (J),27791252,24502569,67179606,119473427,1294275313.610800,1567595218.128300,1867269215.535600,4729139747.274700,465365,165233,527597,1158195
2025-09-02,EDGX Equities (K),124973867,189893303,452592238,767459408,6231702388.919501,9907380674.479697,16069877333.261594,32208960396.660792,1499091,1117146,3216812,5833049
2025-09-02,LTSE (L),361815,231015,567892,1160722,18727018.115000,7929154.075000,23904975.408000,50561147.598000,4381,954,6180,11515
2025-09-02,NYSE Texas (M),24176563,12821875,17091419,54089857,1748111326.796400,1440942076.534000,2766967713.286000,5956021116.616400,29711,11307,36477,77495
2025-09-02,NYSE (N),1079692508,99882286,137456512,1317031306,62158166443.595108,5519664021.510301,5742226663.028499,73420057128.133908,6092794,506566,1260170,7859530
2025-09-02,NYSE Arca (P),249062976,607882941,921903969,1778849886,12644102687.651596,45113794676.644187,39854051954.952905,97611949319.248688,3080607,3005274,6840546,12926427
2025-09-02,NASDAQ (Q),473560680,274707518,1586122774,2334390972,29719769269.272806,25201436872.149795,107060379006.908653,161981585148.331254,7199238,1933869,12318307,21451414
2025-09-02,Members Exchange (U),51886787,80043899,151127658,283058344,2698780590.884300,3873059402.691102,5369717595.158496,11941557588.733898,583904,371953,918598,1874455
2025-09-02,Investors Exchange (V),222627934,100680554,223953513,547262001,11231019629.146304,5571436066.948799,11599706639.817395,28402162335.912498,2568735,456782,2273507,5299024
2025-09-02,NASDAQ PSX (X),6055935,5158536,7255823,18470294,413572769.211600,624650890.877000,541367118.040100,1579590778.128700,103464,28307,119147,250918
2025-09-02,BYX Equities (Y),38555041,31943257,50596533,121094831,1601312685.368600,1595260697.878700,2113099083.488500,5309672466.735800,533724,189623,546562,1269909
2025-09-02,BZX Equities (Z),191976501,184365257,277438339,653780097,10271741984.816901,12174253473.657299,15634014474.668508,38080009933.142708,2786573,945863,3018052,6750488
2025-08-29,NYSE American (A),4711758,24592600,6068621,35372979,232756334.388000,374989013.110500,261482039.209700,869227386.708200,49394,83367,53047,185808
2025-08-29,NASDAQ BX (B),10526799,7972447,18221312,36720558,848865169.033300,403198950.254800,1028715707.894800,2280779827.182900,166521,50091,213429,430041
2025-08-29,NYSE National (C),19632535,15025754,26769096,61427385,727418134.171400,628891631.717800,918125249.408600,2274435015.297800,261300,96079,248998,606377
2025-08-29,FINRA / Nasdaq TRF Chicago (DB),9685928,8419363,28534277,46639568,618373466.193400,384968451.015600,1726663217.866800,2730005135.075800,72277,30681,158075,261033
2025-08-29,FINRA / NYSE TRF (DN),68690880,63337749,231075699,363104328,3318306447.823700,1886571405.816698,6254452166.717295,11459330020.357693,493581,159247,743725,1396553
2025-08-29,FINRA / Nasdaq TRF Carteret (DQ),1905868553,1416243322,3968999863,7291111738,95793969852.548419,65207514175.208576,161626717357.590642,322628201385.347637,15008834,4504928,18853009,38366771
2025-08-29,MIAX Pearl (H),21964684,50011962,85591105,157567751,883850442.617900,2626031174.012600,2546902381.093600,6056783997.724100,230623,202824,453335,886782
2025-08-29,EDGA Equities (J),22690234,22494309,55198796,100383339,1134253785.806200,1297020611.107700,1679795326.197000,4111069723.110900,411895,126208,471653,1009756
2025-08-29,EDGX Equities (K),106453669,158758349,406822964,672034982,5970071744.971400,8494807767.614199,15526562605.614401,29991442118.200000,1232956,847659,2824314,4904929
2025-08-29,LTSE (L),256755,808570,426536,1491861,14010374.300000,66815389.510000,22244971.125000,103070734.935000,3340,1460,4718,9518
2025-08-29,NYSE Texas (M),20378415,9386210,19778029,49542654,1564724975.496700,1870248406.035600,3683192568.380399,7118165949.912699,24957,8565,28518,62040
2025-08-29,NYSE (N),1107456210,86220275,127889718,1321566203,64778301899.352580,4717211989.538002,5637589431.894700,75133103320.785282,5185471,427536,1134653,6747660
2025-08-29,NYSE Arca (P),191836924,484693586,776950463,1453480973,10882429054.621298,37655950180.456286,31519989609.597519,80058368844.675103,2486898,2223871,5957453,10668222
2025-08-29,NASDAQ (Q),397830665,230402887,1552612322,2180845874,26389086623.305913,21964035040.865306,107103762741.955089,155456884406.126308,6354052,1579326,11198532,19131910
2025-08-29,Members Exchange (U),44259549,68465149,156494517,269219215,2564302382.683500,3792261069.401502,5795219397.379000,12151782849.464002,509819,323489,882503,1715811
2025-08-29,Investors Exchange (V),165239680,88421171,192609048,446269899,8891940127.637597,5224104337.175398,10484253352.137697,24600297816.950692,2008687,386920,1900378,4295985
2025-08-29,NASDAQ PSX (X),4363924,4097283,6771927,15233134,354711181.364000,447736033.402200,457793518.905800,1260240733.672000,84903,20759,97248,202910
2025-08-29,BYX Equities (Y),29044774,27708894,47238039,103991707,1290953489.259200,1346618697.590701,1846329672.447401,4483901859.297302,391274,148177,475590,1015041
2025-08-29,BZX Equities (Z),161779409,148916049,253487668,564183126,9299988367.461302,11850817784.009494,15356421368.212199,36507227519.682995,2336089,785143,2684897,5806129
2025-08-28,NYSE American (A),5365778,19600120,5881122,30847020,273204925.419900,367223278.855000,288925893.097600,929354097.372500,58722,65987,57040,181749
2025-08-28,NASDAQ BX (B),10489650,7647199,18024214,36161063,815260198.013600,390041877.462200,961178836.423600,2166480911.899400,168618,47111,211216,426945
2025-08-28,NYSE National (C),19070986,14187829,23967741,57226556,726276625.166400,680756886.842600,873256344.411100,2280289856.420100,247254,85985,244089,577328
2025-08-28,FINRA / Nasdaq TRF Chicago (DB),10234083,5607854,26597546,42439483,562160625.968600,277454758.955700,1818869124.300699,2658484509.224999,71731,24431,150649,246811
2025-08-28,FINRA / NYSE TRF (DN),173144605,125799626,502521542,801465773,6048127203.533202,3404737612.193902,16319187027.454403,25772051843.181507,704582,225121,1220969,2150672
2025-08-28,FINRA / Nasdaq TRF Carteret (DQ),1970292286,1065014791,3612329743,6647636820,101797903151.341220,51583094868.523731,156502643217.283732,309883641237.148683,15371051,3858721,17700450,36930222
2025-08-28,MIAX Pearl (H),21341641,42647023,70340019,134328683,767476281.959400,1986569456.910300,2122739628.716900,4876785367.586600,233798,166048,400482,800328
2025-08-28,EDGA Equities (J),22606114,17294925,64486545,104387584,1051980339.218200,1151855398.797100,1530770299.557900,3734606037.573200,348065,108710,444283,901058
2025-08-28,EDGX Equities (K),123188573,126879194,520694126,770761893,6020790518.809201,6393165039.312596,16101574130.690490,28515529688.812287,1453659,648876,2874814,4977349
2025-08-28,LTSE (L),341951,108054,361276,811281,16490041.490000,4636139.000000,17024421.705000,38150602.195000,3985,618,4386,8989
2025-08-28,NYSE Texas (M),21573379,22912115,16838001,61323495,1121035510.807200,3531710761.638800,3195704791.262198,7848451063.708198,30288,6990,33495,70773
2025-08-28,NYSE (N),949375761,75613528,126094280,1151083569,56724852049.519406,4062694179.705300,5306641758.483399,66094187987.708105,5138454,363786,1141060,6643300
2025-08-28,NYSE Arca (P),213227784,388227465,948579368,1550034617,10842296436.196604,30031716369.936897,29779223853.688788,70653236659.822289,2609025,1808825,5807033,10224883
2025-08-28,NASDAQ (Q),400349355,189421300,1413130159,2002900814,25303468803.711491,18076921964.237506,94512617385.445059,137893008153.394056,6278393,1335361,10872002,18485756
2025-08-28,Members Exchange (U),49737188,52621878,172343222,274702288,2579452795.890101,2978134657.745500,5790293565.415197,11347881019.050798,528628,243094,866977,1638699
2025-08-28,Investors Exchange (V),177006223,73100533,195183875,445290631,9251884421.970500,4392679721.097102,9640615161.188601,23285179304.256203,2107451,328884,1904086,4340421
2025-08-28,NASDAQ PSX (X),4515139,3545065,7439977,15500181,307210755.684600,449555715.767200,451750053.772200,1208516525.224000,87552,19720,104533,211805
2025-08-28,BYX Equities (Y),31009127,23908256,47362352,102279735,1341843681.088600,1317180400.030400,1850062431.380700,4509086512.499700,428560,141006,480830,1050396
2025-08-28,BZX Equities (Z),168916360,122544871,275457930,566919161,9148143862.476600,9848922392.179696,14011699683.992796,33008765938.649092,2452486,637457,2656860,5746803
2025-08-27,NYSE American (A),5975192,25733633,7088452,38797277,278966893.412200,413036058.188700,319004276.170300,1011007227.771200,68950,97850,67749,234549
2025-08-27,NASDAQ BX (B),10233021,9977529,18716824,38927374,755479779.138800,384695226.389100,1001290884.122600,2141465889.650500,166639,53981,203337,423957
2025-08-27,NYSE National (C),18550062,14386938,24857594,57794594,674478208.916900,631536127.626500,797596767.590400,2103611104.133800,246278,81359,247257,574894
2025-08-27,FINRA / Nasdaq TRF Chicago (DB),9291205,6213828,25250514,40755547,455150985.016200,293109332.391600,1532580041.490100,2280840358.897900,63313,25596,135431,224340
2025-08-27,FINRA / NYSE TRF (DN),57272680,46600084,123721966,227594730,2963718219.591700,2374327463.249999,5284769878.789597,10622815561.631296,471528,105417,539174,1116119
2025-08-27,FINRA / Nasdaq TRF Carteret (DQ),2006711450,1304939285,4249052784,7560703519,95229587079.443988,52059340812.998393,159842492176.996077,307131420069.438458,14944729,4102237,17642322,36689288
2025-08-27,MIAX Pearl (H),21136735,42029982,81179380,144346097,720636906.585800,1785334139.144200,1884821319.189200,4390792364.919200,232037,166932,397215,796184
2025-08-27,EDGA Equities (J),21931774,24124368,77010887,123067029,940662655.198900,1043336680.293400,1372038059.327900,3356037394.820200,356959,123750,467879,948588
2025-08-27,EDGX Equities (K),114923342,140733057,461618139,717274538,5288683036.400402,6143595818.537602,15854877052.354600,27287155907.292604,1381360,710220,2680730,4772310
2025-08-27,LTSE (L),259256,211800,319571,790627,15769217.060000,6312800.795000,13450132.933100,35532150.788100,3639,759,4170,8568
2025-08-27,NYSE Texas (M),16362596,13517565,21562549,51442710,1827621561.065800,1568379219.149500,3239530199.216999,6635530979.432299,24887,8732,33062,66681
2025-08-27,NYSE (N),964152082,72334371,114620512,1151106965,52735255232.395804,3898444354.985399,4486246831.083301,61119946418.464504,4945622,372753,1054379,6372754
2025-08-27,NYSE Arca (P),200985135,419461902,954748684,1575195721,10043036122.647801,27708955548.772707,27422078244.982713,65174069916.403221,2537742,1965682,5506847,10010271
2025-08-27,NASDAQ (Q),398798475,186120379,1600868719,2185787573,23883381780.401496,15848037388.246805,90655055220.479000,130386474389.127301,6215630,1272401,10514491,18002522
2025-08-27,Members Exchange (U),46642642,59320220,186473359,292436221,2356559596.698499,3643093005.008300,5641816560.830099,11641469162.536898,538883,280906,874593,1694382
2025-08-27,Investors Exchange (V),184706180,72329357,204115587,461151124,8840256881.235499,3918538089.077200,8939397765.052796,21698192735.365495,2131013,324374,1909483,4364870
2025-08-27,NASDAQ PSX (X),4377311,4323867,7558762,16259940,312653785.191000,433157421.207200,415825817.135600,1161637023.533800,92735,22639,103572,218946
2025-08-27,BYX Equities (Y),31270852,30424342,52038220,113733414,1287629010.390900,1198817147.809200,1826279371.791500,4312725529.991600,434332,153820,479750,1067902
2025-08-27,BZX Equities (Z),167532785,127413888,274568690,569515363,8498942311.506900,8588354862.611495,12440828438.592903,29528125612.711298,2404064,634677,2492008,5530749
2025-08-26,NYSE American (A),5867844,23862229,7634277,37364350,294419152.938600,388740105.764000,303598323.904900,986757582.607500,71953,79739,70980,222672
2025-08-26,NASDAQ BX (B),11895795,7677360,19162118,38735273,965785457.769400,368315025.359100,982926058.763500,2317026541.892000,196154,50412,221788,468354
2025-08-26,NYSE National (C),19876432,12637723,27860263,60374418,800128317.801000,553545216.362800,769730074.182100,2123403608.345900,277775,81507,271604,630886
2025-08-26,FINRA / Nasdaq TRF Chicago (DB),10347081,5634294,27959235,43940610,562213062.475400,298589455.937400,1559026614.454900,2419829132.867700,66293,25976,138115,230384
2025-08-26,FINRA / NYSE TRF (DN),166916136,132965623,619457170,919338929,5563976933.175201,3344622685.925201,15580897544.717606,24489497163.818008,689228,249303,1301471,2240002
2025-08-26,FINRA / Nasdaq TRF Carteret (DQ),2057038402,1089523819,4179110061,7325672282,105186575889.787719,51419509788.003181,147560088176.224343,304166173854.015243,15005613,3856938,17489657,36352208
2025-08-26,MIAX Pearl (H),23712654,38461484,95103160,157277298,881903469.198700,1806583476.670500,1962133726.393200,4650620672.262400,250177,154288,416317,820782
2025-08-26,EDGA Equities (J),23128590,18268446,83198465,124595501,1068983080.266200,1042471303.919400,1279386779.207700,3390841163.393300,363252,108873,506469,978594
2025-08-26,EDGX Equities (K),117658750,120920347,463862390,702441487,5635360442.580600,6060603822.296896,13477487500.713806,25173451765.591302,1412642,669696,2607555,4689893
2025-08-26,LTSE (L),288408,325687,416814,1030909,17004839.310000,11470633.104800,14272392.339800,42747864.754600,3948,873,4896,9717
2025-08-26,NYSE Texas (M),15564821,20012600,34136307,69713728,1496402277.591600,4046072878.399100,4265268852.321501,9807744008.312201,24336,6973,30205,61514
2025-08-26,NYSE (N),1487967122,69774511,145333095,1703074728,95068452329.530095,3648069631.354601,4669695800.767701,103386217761.652397,5221163,359623,1130011,6710797
2025-08-26,NYSE Arca (P),208342911,374327396,915393614,1498063921,10384787949.247701,27693881280.944111,25016919464.036808,63095588694.228620,2617670,1790392,5584365,9992427
2025-08-26,NASDAQ (Q),394796137,181569300,1898453230,2474818667,24011401091.506496,15818334562.230686,124759823747.305710,164589559401.042892,6228567,1321224,10399118,17948909
2025-08-26,Members Exchange (U),47699248,54860270,174138292,276697810,2420819835.375100,3516515805.638800,4646555523.120700,10583891164.134600,539809,274067,855946,1669822
2025-08-26,Investors Exchange (V),181780270,74901830,211610827,468292927,8997297921.968200,3993561266.440000,8837396713.233000,21828255901.641200,2184304,335419,1949402,4469125
2025-08-26,NASDAQ PSX (X),4770690,3546276,8112124,16429090,383345501.099500,382291268.437100,422290646.464800,1187927416.001400,97436,19771,102709,219916
2025-08-26,BYX Equities (Y),33426388,22883798,61373952,117684138,1470513761.246700,1143739105.889000,1812278189.952798,4426531057.088498,494103,140288,561591,1195982
2025-08-26,BZX Equities (Z),175335359,130312467,265114544,570762370,8938566822.864299,9339727964.632688,12610347891.201302,30888642678.698289,2505703,663182,2576988,5745873
2025-08-25,NYSE American (A),4854339,23674783,6404467,34933589,216590741.848000,414068020.894000,246745590.861500,877404353.603500,55026,78423,57323,190772
2025-08-25,NASDAQ BX (B),11398668,6754223,19340375,37493266,838521985.023000,354552231.493000,1042099655.771500,2235173872.287500,199157,50625,236337,486119
2025-08-25,NYSE National (C),19241434,12542067,25703014,57486515,696415493.451000,601136591.847300,765269312.023400,2062821397.321700,254577,92336,244615,591528
2025-08-25,FINRA / Nasdaq TRF Chicago (DB),10553846,5790013,31504821,47848680,482209610.245300,336996480.206700,1696793628.541700,2515999718.993700,70946,28963,161680,261589
2025-08-25,FINRA / NYSE TRF (DN),164229174,134872613,653599777,952701564,5058299964.027300,5481931467.087696,16821839100.012002,27362070531.126998,741742,282754,1410875,2435371
2025-08-25,FINRA / Nasdaq TRF Carteret (DQ),1821261787,1036551929,4067297099,6925110815,83723638450.626608,48970753544.650985,139014192694.408291,271708584689.685884,15358314,4294181,18657804,38310299
2025-08-25,MIAX Pearl (H),23646423,37756537,86775791,148178751,722852251.053500,1861025830.590600,1984267157.672100,4568145239.316200,238513,166534,428763,833810
2025-08-25,EDGA Equities (J),22508211,16474781,60674455,99657447,949235506.315600,1021450999.096900,1344831655.938800,3315518161.351300,350407,115775,456643,922825
2025-08-25,EDGX Equities (K),119733888,123898919,487297875,730930682,5176064591.524799,6387481178.487300,14179528064.908998,25743073834.921097,1444852,780273,2952751,5177876
2025-08-25,LTSE (L),265569,177546,353037,796152,13449242.365000,10531402.805000,15565169.010700,39545814.180700,3493,702,4463,8658
2025-08-25,NYSE Texas (M),12671544,7694580,28327557,48693681,1653112498.825000,857766141.291700,5217054001.302202,7727932641.418902,26903,7307,36606,70816
2025-08-25,NYSE (N),913230888,65348520,130524895,1109104303,50771545934.652310,3621257532.797401,4708852407.997402,59101655875.447113,5085873,371642,1101003,6558518
2025-08-25,NYSE Arca (P),217895217,380114846,931431076,1529441139,9720402673.701700,29970030202.184394,26798813709.360200,66489246585.246294,2630338,2034284,6144147,10808769
2025-08-25,NASDAQ (Q),384497593,180375231,1490878775,2055751599,22247748413.692706,16829192572.932500,85027493205.736392,124104434192.361598,6040101,1341751,10911543,18293395
2025-08-25,Members Exchange (U),42620741,47120354,159040175,248781270,1985571987.210400,2430862076.844099,4135613421.967799,8552047486.022298,500943,235774,821148,1557865
2025-08-25,Investors Exchange (V),174061050,65093791,210451590,449606431,8464654068.165998,3802575546.969299,8829101486.063900,21096331101.199197,2143634,317953,1930866,4392453
2025-08-25,NASDAQ PSX (X),5050529,3712320,9167315,17930164,336459359.520300,366434666.775100,431198087.383300,1134092113.678700,95837,21904,112022,229763
2025-08-25,BYX Equities (Y),32272987,22526281,52474237,107273505,1349624521.207200,1123121584.602100,1751596314.715001,4224342420.524301,463912,142077,527180,1133169
2025-08-25,BZX Equities (Z),167783021,131108950,281004429,579896400,8159663106.853697,10084452906.352399,12608406418.067300,30852522431.273396,2434390,736143,2706101,5876634
2025-08-22,NYSE American (A),5759468,30044229,8105596,43909293,248556276.703300,618277847.576800,335182928.079800,1202017052.359900,62227,105214,62112,229553
2025-08-22,NASDAQ BX (B),13721435,10938419,22716580,47376434,1075303032.733700,566134499.651700,1285218883.333700,2926656415.719100,227178,67887,255380,550445
2025-08-22,NYSE National (C),25436134,21819099,34033042,81288275,845972064.856800,905078312.992000,994944071.011200,2745994448.860000,303485,135517,301595,740597
2025-08-22,FINRA / Nasdaq TRF Chicago (DB),12098080,9440473,35737298,57275851,635404693.682200,458919623.794500,2199653546.671699,3293977864.148399,84281,38174,191287,313742
2025-08-22,FINRA / NYSE TRF (DN),186439093,177853901,627954345,992247339,6233713806.577699,4743268761.515399,17492541617.971602,28469524186.064700,777827,315923,1401710,2495460
2025-08-22,FINRA / Nasdaq TRF Carteret (DQ),2227869174,1456883169,4358859983,8043612326,109714427474.951155,69569192572.871508,167839595296.305074,347123215344.127737,17479782,4986759,20309483,42776024
2025-08-22,MIAX Pearl (H),29180364,77919146,103055410,210154920,969847391.972600,3382172680.596799,2586995618.748000,6939015691.317399,300965,299825,475009,1075799
2025-08-22,EDGA Equities (J),28558039,25817365,77162857,131538261,1248520170.767100,1736665520.307600,1666470935.882900,4651656626.957600,427162,182151,519303,1128616
2025-08-22,EDGX Equities (K),156638850,208992800,525296039,890927689,7303452907.624298,9699498296.403499,17198234150.664104,34201185354.691901,1806320,1023305,3054294,5883919
2025-08-22,LTSE (L),536810,386802,527441,1451053,29423539.150000,16323113.790000,22829437.681000,68576090.621000,7478,1034,6697,15209
2025-08-22,NYSE Texas (M),15740789,12995600,24763331,53499720,1578293714.140800,1372962210.517200,4911386036.682198,7862641961.340198,33519,8928,38566,81013
2025-08-22,NYSE (N),1090778179,138600566,165585273,1394964018,57931600418.077704,7460258677.610100,6643160553.334900,72035019649.022704,4067220,489457,1189906,5746583
2025-08-22,NYSE Arca (P),255449697,603352146,1054510809,1913312652,12026527657.853701,45143120646.814707,32211630553.652611,89381278858.321019,3101530,2829238,6524036,12454804
2025-08-22,NASDAQ (Q),512337726,290673179,1764147412,2567158317,30797478143.588898,28979870557.205379,110278682891.258686,170056031592.052963,7725998,1962690,12962824,22651512
2025-08-22,Members Exchange (U),53878999,84753453,184681500,323313952,2611986519.030600,3992075718.091804,5152421480.144994,11756483717.267398,625501,363012,932787,1921300
2025-08-22,Investors Exchange (V),230336163,112668222,257301352,600305737,11029392011.384099,6365638437.104206,12132024282.436902,29527054730.925207,2558422,476545,2290356,5325323
2025-08-22,NASDAQ PSX (X),6334297,6371742,9994691,22700730,504317043.087900,983737956.362300,661959840.244300,2150014839.694500,139351,35111,145272,319734
2025-08-22,BYX Equities (Y),41713088,34395825,63514577,139623490,1667768931.085800,1845037519.417300,2159640089.406000,5672446539.909100,535638,202651,577991,1316280
2025-08-22,BZX Equities (Z),231209417,193006981,331484836,755701234,11281632043.392099,14636267820.853598,17912913589.357399,43830813453.603096,3086787,984193,3249174,7320154
2025-08-21,NYSE American (A),4488641,19023087,5153129,28664857,192289330.423300,325258220.142400,214115508.002900,731663058.568600,48150,74481,49057,171688
2025-08-21,NASDAQ BX (B),11373235,7373843,17671239,36418317,832034903.859300,386714441.613200,998128662.793900,2216878008.266400,191115,52100,219557,462772
2025-08-21,NYSE National (C),16651162,12418178,19231447,48300787,651225182.587200,589165449.255900,658128895.211000,1898519527.054100,229775,95332,220739,545846
2025-08-21,FINRA / Nasdaq TRF Chicago (DB),8343101,6390845,22874746,37608692,430363050.608300,304581093.597500,1549413553.784100,2284357697.989900,58903,24165,129362,212430
2025-08-21,FINRA / NYSE TRF (DN),155315484,143605556,467151865,766072905,4991884453.649899,3974079366.459300,14306149290.163392,23272113110.272591,642842,235836,1158548,2037226
2025-08-21,FINRA / Nasdaq TRF Carteret (DQ),1827311000,1082878106,3130689422,6040878528,88721560051.527512,50711659993.217490,125991665660.925409,265424885705.670411,14650442,3634593,16104653,34389688
2025-08-21,MIAX Pearl (H),21748535,50617356,73357372,145723263,697828734.915000,2179939302.124200,1780729950.152001,4658497987.191201,234237,183506,371331,789074
2025-08-21,EDGA Equities (J),23391181,18128420,47717495,89237096,1025844091.948700,1029976931.343500,1206004355.888000,3261825379.180200,353363,118802,396974,869139
2025-08-21,EDGX Equities (K),108126711,135138842,359438654,602704207,5219504827.497101,6220975288.629295,11828602929.935505,23269083046.061901,1388175,720999,2462171,4571345
2025-08-21,LTSE (L),329295,224933,323560,877788,14583608.845000,6249316.480000,15108829.215000,35941754.540000,3571,968,5007,9546
2025-08-21,NYSE Texas (M),13520767,12028396,16259419,41808582,1340144509.133600,1339707257.897100,2430113765.903900,5109965532.934600,22523,6908,27444,56875
2025-08-21,NYSE (N),897879283,82197719,114124481,1094201483,49962101841.870189,4367924637.611599,4598273805.844899,58928300285.326687,3099058,339206,869312,4307576
2025-08-21,NYSE Arca (P),203392070,386404644,693267214,1283063928,10068640538.640805,30164870696.548217,28376958071.070010,68610469306.259032,2624006,1953116,5512938,10090060
2025-08-21,NASDAQ (Q),385869462,193326014,1193117020,1772312496,23353426867.955808,16538431554.527387,78256609663.502091,118148468085.985286,6067854,1353148,9675988,17096990
2025-08-21,Members Exchange (U),48172341,62932393,134319244,245423978,2499459630.828500,2693947400.207301,4264789306.507102,9458196337.542903,566757,256765,796633,1620155
2025-08-21,Investors Exchange (V),169913217,70151843,169666590,409731650,8408896658.127601,3705811461.923700,8445773592.426797,20560481712.478098,2112408,314403,1834407,4261218
2025-08-21,NASDAQ PSX (X),4838960,3399543,6080782,14319285,325840671.195300,432094170.598600,390721521.075900,1148656362.869800,89889,22761,99584,212234
2025-08-21,BYX Equities (Y),30917976,20392459,44320317,95630752,1318075628.691500,1131712202.969500,1652532041.662700,4102319873.323700,450260,134975,490534,1075769
2025-08-21,BZX Equities (Z),179420873,130349288,235377344,545147505,8663311725.038501,8576236772.132600,11930096172.908503,29169644670.079604,2459574,664286,2493655,5617515
2025-08-20,NYSE American (A),4350266,25835877,5731754,35917897,221684463.546000,382024055.748900,280655744.565100,884364263.860000,50759,89903,53374,194036
2025-08-20,NASDAQ BX (B),12639700,8876002,20927789,42443491,1062161754.929200,468829859.531000,1279665408.121700,2810657022.581900,221685,63879,257581,543145
2025-08-20,NYSE National (C),20185284,17360611,25181918,62727813,846768771.698700,775409779.771000,907682300.169500,2529860851.639200,268306,128449,275048,671803
2025-08-20,FINRA / Nasdaq TRF Chicago (DB),10007333,8517453,28402238,46927024,602819590.770000,357662563.254500,2143085987.048800,3103568141.073300,79169,34739,187186,301094
2025-08-20,FINRA / NYSE TRF (DN),166993940,183457816,522078209,872529965,6145483851.846701,4412567333.916199,18346158369.184317,28904209554.947217,709619,320907,1381816,2412342
2025-08-20,FINRA / Nasdaq TRF Carteret (DQ),1996986295,1408300908,3685895162,7091182365,107124914660.486107,62553214432.479621,173230071767.769079,342908200860.734807,16676573,4637050,19752571,41066194
2025-08-20,MIAX Pearl (H),21818890,72238972,88101181,182159043,846073404.042400,4340125482.850502,2616413935.924100,7802612822.817002,260107,292769,451374,1004250
2025-08-20,EDGA Equities (J),25917942,24802779,54495384,105216105,1297096992.351700,2004260136.492101,1772670834.383299,5074027963.227100,409781,173818,461690,1045289
2025-08-20,EDGX Equities (K),119663511,191235244,435683636,746582391,6509126684.822501,9572523744.785994,16996333550.814800,33077983980.423295,1638429,994093,3091141,5723663
2025-08-20,LTSE (L),323078,429760,443134,1195972,17192673.855000,8576447.581900,16786300.075000,42555421.511900,4402,1647,5142,11191
2025-08-20,NYSE Texas (M),14890718,16827162,27399685,59117565,1131572007.750800,1829916384.809100,4684916637.913199,7646405030.473099,26194,10211,30189,66594
2025-08-20,NYSE (N),1008215450,108806553,143962663,1260984666,60091316938.758487,5577327781.772200,6539415907.066602,72208060627.597289,3724164,438828,1106418,5269410
2025-08-20,NYSE Arca (P),220366008,516615025,841130024,1578111057,12151685104.165400,36652438962.963615,42475364740.421888,91279488807.550903,2975126,2576241,6627689,12179056
2025-08-20,NASDAQ (Q),452459550,250846216,1487391744,2190697510,30306154319.035495,23600605288.813194,104709353790.461556,158616113398.310245,7199642,1751156,12238555,21189353
2025-08-20,Members Exchange (U),48305628,82080011,147384273,277769912,2688667971.341800,5060779035.772105,5820654555.633001,13570101562.746906,649020,373170,977655,1999845
2025-08-20,Investors Exchange (V),195739846,89033263,202802355,487575464,10699181523.785900,5074015255.648900,10945795604.848903,26718992384.283703,2385182,395616,2086714,4867512
2025-08-20,NASDAQ PSX (X),5907517,5202655,8485848,19596020,422060737.352200,592421083.490300,597956014.700800,1612437835.543300,113866,29687,128171,271724
2025-08-20,BYX Equities (Y),36757648,27133057,50573313,114464018,1798565646.180400,2040396779.097400,2309658823.071899,6148621248.349699,520815,177515,569821,1268151
2025-08-20,BZX Equities (Z),193770044,165425370,285576967,644772381,10957554145.704405,13160046804.198397,17422321372.601790,41539922322.504592,2879279,921361,3155168,6955808
2025-08-19,NYSE American (A),4458309,23562768,6803059,34824136,197738243.887000,361682892.436000,260991923.407800,820413059.730800,45780,85632,51204,182616
2025-08-19,NASDAQ BX (B),12569202,9449391,18773701,40792294,954886092.296500,448388716.890800,1090997873.452100,2494272682.639400,212252,63119,239763,515134
2025-08-19,NYSE National (C),20358491,14489027,26085139,60932657,811972520.249600,611518695.972200,818284911.189000,2241776127.410800,269158,106719,262504,638381
2025-08-19,FINRA / Nasdaq TRF Chicago (DB),10418851,8217559,32720814,51357224,590777033.207600,328935600.717700,2103034144.925800,3022746778.851100,79590,32532,189568,301690
2025-08-19,FINRA / NYSE TRF (DN),161473985,162899837,588495995,912869817,5642827754.748400,3890035852.168898,18006463380.412403,27539326987.329701,718959,303410,1476671,2499040
2025-08-19,FINRA / Nasdaq TRF Carteret (DQ),2018430052,1310619750,3996985437,7326035239,107480719213.410004,59316725062.431391,164273523161.080993,331070967436.922388,16005119,4553168,19754288,40312575
2025-08-19,MIAX Pearl (H),23962055,53090414,87547618,164600087,788982248.916500,2223883612.696800,2551046093.995401,5563911955.608701,250796,205543,437303,893642
2025-08-19,EDGA Equities (J),26921439,23415667,67555909,117893015,1143014391.723000,1460686320.104100,1478219904.633200,4081920616.460300,385814,132382,474200,992396
2025-08-19,EDGX Equities (K),124915957,151368565,518738620,795023142,6402292104.007798,7008897970.467198,15556601626.696398,28967791701.171394,1604786,839119,3054320,5498225
2025-08-19,LTSE (L),312047,317068,507196,1136311,19091235.860000,9168629.305000,15613867.494500,43873732.659500,4438,1152,5133,10723
2025-08-19,NYSE Texas (M),22433391,8266935,20463593,51163919,1810309933.039800,888298666.760400,2560359257.255700,5258967857.055900,22880,7717,30822,61419
2025-08-19,NYSE (N),967739350,90340081,136521783,1194601214,56314315646.798289,4896477657.603301,5565180681.998100,66775973986.399690,3427324,382011,1014970,4824305
2025-08-19,NYSE Arca (P),216405307,429948145,1002022318,1648375770,11554457036.245703,33268378699.707285,34274522543.590620,79097358279.543608,2800671,2254037,6371584,11426292
2025-08-19,NASDAQ (Q),429342843,213802690,1514076264,2157221797,27549973912.143098,19962379254.944596,98743549506.813342,146255902673.901036,6625230,1540079,11754395,19919704
2025-08-19,Members Exchange (U),51122599,68046487,191445292,310614378,2810211037.606800,3077340297.271897,5807745375.683099,11695296710.561796,611211,303350,966970,1881531
2025-08-19,Investors Exchange (V),189138485,75921905,213495511,478555901,9884643639.688901,4148239462.237898,10171068414.085702,24203951516.012501,2254791,349627,2075608,4680026
2025-08-19,NASDAQ PSX (X),5718291,4067279,8578714,18364284,398229206.827400,426260920.374000,544365090.129300,1368855217.330700,102784,23493,124135,250412
2025-08-19,BYX Equities (Y),36945216,24498799,50776454,112220469,1660539414.809000,1179024260.738901,1917066573.267800,4756630248.815701,496079,160883,544267,1201229
2025-08-19,BZX Equities (Z),188916225,147917361,293274063,630107649,10121623390.669499,12268093164.639802,15603603040.995884,37993319596.305185,2728192,840865,3030677,6599734
2025-08-18,NYSE American (A),4068957,23986984,5807739,33863680,191785188.961500,368007824.551100,215024146.704400,774817160.217000,44857,88294,49566,182717
2025-08-18,NASDAQ BX (B),10833598,7389484,18371997,36595079,812762418.902100,363721068.359000,889959737.151300,2066443224.412400,188855,58413,224447,471715
2025-08-18,NYSE National (C),19205020,11326590,24251462,54783072,674613222.274000,486031574.386400,633835359.357800,1794480156.018200,244620,87114,251677,583411
2025-08-18,FINRA / Nasdaq TRF Chicago (DB),9806694,6466450,29563197,45836341,572836978.545600,275532442.583500,1590326197.499600,2438695618.628700,75005,27459,153844,256308
2025-08-18,FINRA / NYSE TRF (DN),141817332,143159188,567014521,851991041,5252054094.941899,4024187924.796200,14410242138.101293,23686484157.839392,692344,274587,1276761,2243692
2025-08-18,FINRA / Nasdaq TRF Carteret (DQ),1862785329,1155389190,3914833187,6933007706,97910689276.699886,52079243906.263098,138140094553.659000,288130027736.621984,15858798,4220450,18308737,38387985
2025-08-18,MIAX Pearl (H),23024363,41348927,79938146,144311436,936137165.386000,1697947359.068800,2672001188.025299,5306085712.480099,252837,155680,411068,819585
2025-08-18,EDGA Equities (J),23390574,21345517,73343922,118080013,1021627980.809200,1011531022.101500,1308047797.535000,3341206800.445700,348878,116541,470192,935611
2025-08-18,EDGX Equities (K),115768355,134764472,454021714,704554541,5898000077.556800,5694717348.434000,12787096951.583999,24379814377.574799,1508596,774984,2622628,4906208
2025-08-18,LTSE (L),256643,370261,572217,1199121,13291990.920000,23612093.305000,13200793.850500,50104878.075500,3391,1182,4865,9438
2025-08-18,NYSE Texas (M),18614818,10318420,32904715,61837953,2269854917.343800,1307508133.647300,3913916006.419698,7491279057.410798,20236,5938,28617,54791
2025-08-18,NYSE (N),1004222260,65379651,116797821,1186399732,59911002445.718193,3422297463.979701,4308929417.260400,67642229326.958294,3252477,275791,927418,4455686
2025-08-18,NYSE Arca (P),193979311,404694744,1021491661,1620165716,10587658107.340802,25931244578.080905,25213052722.398999,61731955407.820706,2605823,1951155,5685649,10242627
2025-08-18,NASDAQ (Q),384341954,175260962,1490395899,2049998815,24204619379.780395,14203352754.151086,84098135340.900544,122506107474.832025,6288499,1184942,10561723,18035164
2025-08-18,Members Exchange (U),44058609,55515608,165471068,265045285,2392184964.551600,2359265134.429400,4084957182.880299,8836407281.861299,585725,231345,839358,1656428
2025-08-18,Investors Exchange (V),171586720,65411739,197841204,434839663,8545653984.764900,3565423943.888999,8580999592.466099,20692077521.119998,2177225,311538,1966153,4454916
2025-08-18,NASDAQ PSX (X),5353824,2963130,7852240,16169194,432848513.359200,334102822.596200,514471382.707500,1281422718.662900,104148,18101,115837,238086
2025-08-18,BYX Equities (Y),33895688,20363450,47112493,101371631,1423687529.097500,1007064130.136700,1563609463.339600,3994361122.573800,444731,136899,493486,1075116
2025-08-18,BZX Equities (Z),172784594,117335840,265719209,555839643,9258096956.009095,8487178687.713298,12004107734.868899,29749383378.591292,2582311,635504,2652747,5870562
2025-08-15,NYSE American (A),5018161,52310954,7440238,64769353,291720112.157500,533380084.584900,326783595.680700,1151883792.423100,60712,123682,65664,250058
2025-08-15,NASDAQ BX (B),11547000,9876209,19419171,40842380,1025168864.638200,412104206.220300,1051438929.839700,2488712000.698200,194947,63781,239693,498421
2025-08-15,NYSE National (C),19963103,13573935,25474510,59011548,838273447.299400,534124743.906900,856264251.863900,2228662443.070200,265564,99941,279755,645260
2025-08-15,FINRA / Nasdaq TRF Chicago (DB),10382124,9743463,28289685,48415272,749573261.858600,365048900.638100,1682623049.121698,2797245211.618398,78860,30742,152612,262214
2025-08-15,FINRA / NYSE TRF (DN),147134915,255056662,517957088,920148665,6095973199.492199,4049583924.724099,16424265610.386398,26569822734.602696,722548,334018,1238652,2295218
2025-08-15,FINRA / Nasdaq TRF Carteret (DQ),1999790334,1754949717,3775983575,7530723626,108465616850.326132,59765647830.571079,153035760522.101173,321267025202.998384,16214957,4571939,18683082,39469978
2025-08-15,MIAX Pearl (H),24755885,72223116,77299797,174278798,1136905623.543600,2251434382.450500,2237243182.896199,5625583188.890299,283089,241272,438931,963292
2025-08-15,EDGA Equities (J),23602979,49489705,58108341,131201025,1139748942.215600,1213756244.422600,1611597610.254400,3965102796.892600,358534,192428,449518,1000480
2025-08-15,EDGX Equities (K),126976800,196103324,457841085,780921209,7385121305.685898,6862489791.754603,14187404436.598699,28435015534.039200,1635741,862923,2862760,5361424
2025-08-15,LTSE (L),293607,468861,411423,1173891,16072869.250000,9201412.148200,17539470.142200,42813751.540400,3917,1729,5197,10843
2025-08-15,NYSE Texas (M),28720531,28227166,46680311,103628008,3304471450.967600,5047849715.457002,9953896463.142796,18306217629.567398,23405,5758,31311,60474
2025-08-15,NYSE (N),1146507263,86661381,131605938,1364774582,69611104322.820099,4573185336.697301,5498375508.373401,79682665167.890801,3506989,364033,1048163,4919185
2025-08-15,NYSE Arca (P),223521601,628400484,867960037,1719882122,13009095590.424701,31497084218.204098,30347606393.007619,74853786201.636418,2864801,2482056,5970184,11317041
2025-08-15,NASDAQ (Q),426115720,221750263,1677086064,2324952047,28049194429.539491,18088723353.529409,106001010012.439957,152138927795.508857,6716511,1483821,11687882,19888214
2025-08-15,Members Exchange (U),55741984,97298873,182421018,335461875,3279256725.708899,3184989496.214099,6232016935.998299,12696263157.921297,671268,361707,1022344,2055319
2025-08-15,Investors Exchange (V),185263553,81200503,221393141,487857197,9843014936.141697,3912961936.883901,10182379859.116495,23938356732.142093,2334660,355748,2219117,4909525
2025-08-15,NASDAQ PSX (X),6020579,3899347,9591776,19511702,542590314.292100,456445341.916800,647925936.072600,1646961592.281500,113805,22933,130918,267656
2025-08-15,BYX Equities (Y),33884022,26903267,47995185,108782474,1681303049.942100,1172150010.911000,1945808794.384700,4799261855.237800,492830,151979,541929,1186738
2025-08-15,BZX Equities (Z),194828496,140168859,289914521,624911876,11349501037.905601,11123797160.515492,16343218430.145403,38816516628.566496,2801205,793764,3028223,6623192
2025-08-14,NYSE American (A),5817629,23737255,8787157,38342041,298106477.704000,457911219.456400,367300593.323000,1123318290.483400,68108,87289,70568,225965
2025-08-14,NASDAQ BX (B),13900041,9799952,24031423,47731416,1068414159.440000,491300806.962500,1125142999.817400,2684857966.219900,230381,67121,266290,563792
2025-08-14,NYSE National (C),20360452,14186988,26518331,61065771,860827375.675200,617871688.816600,801644046.404800,2280343110.896600,274819,97134,275893,647846
2025-08-14,FINRA / Nasdaq TRF Chicago (DB),10674381,7490430,32884415,51049226,607812491.149900,364705303.533000,1871482598.722600,2844000393.405500,78414,30585,164592,273591
2025-08-14,FINRA / NYSE TRF (DN),162857719,166368400,648209360,977435479,5990366535.999001,4136689741.519005,16539792295.456495,26666848572.974501,732909,291000,1410304,2434213
2025-08-14,FINRA / Nasdaq TRF Carteret (DQ),2074307658,1294990045,4292281288,7661578991,105598129533.138802,59832649976.435483,152740894485.209915,318171673994.784200,16612583,4341067,19714259,40667909
2025-08-14,MIAX Pearl (H),26476788,52350267,101864607,180691662,1082392048.824000,2345021227.632000,2745624916.583800,6173038193.039800,303455,225017,524098,1052570
2025-08-14,EDGA Equities (J),25033323,20609405,87257868,132900596,1183076144.889300,1287420792.589500,1629350715.093400,4099847652.572200,375121,148755,533380,1057256
2025-08-14,EDGX Equities (K),134400869,162294889,524708142,821403900,7356732211.738000,7599804680.525899,15854190215.809608,30810727108.073507,1768652,902064,3339989,6010705
2025-08-14,LTSE (L),345746,204533,813162,1363441,21656896.685000,11449515.040000,16555140.379800,49661552.104800,5060,840,5086,10986
2025-08-14,NYSE Texas (M),16211123,20731272,24469199,61411594,1419655368.621101,2773861159.832000,3804521110.820100,7998037639.273201,26913,7087,32178,66178
2025-08-14,NYSE (N),983360061,90267040,146955437,1220582538,55564172944.396400,4962354930.903500,5469854926.666401,65996382801.966301,3587834,385563,1105948,5079345
2025-08-14,NYSE Arca (P),225261306,469264043,1095354010,1789879359,13004180867.744001,34941486213.962306,33959816256.452194,81905483338.158501,3049109,2447452,7088012,12584573
2025-08-14,NASDAQ (Q),435622155,222012972,1614228935,2271864062,28578951057.481309,19954322252.518998,93799217105.482784,142332490415.483091,7019437,1529172,11993383,20541992
2025-08-14,Members Exchange (U),55931298,70608056,205652856,332192210,3068314597.316300,3447256796.277599,5890181509.458100,12405752903.051999,686176,342853,1070872,2099901
2025-08-14,Investors Exchange (V),188329860,82792326,220368258,491490444,9949883456.253601,4154038713.732601,10146903480.055602,24250825650.041804,2345696,390307,2152695,4888698
2025-08-14,NASDAQ PSX (X),5027295,4336863,8695833,18059991,379186302.369900,579903855.519600,546593828.492100,1505683986.381600,100829,26392,121476,248697
2025-08-14,BYX Equities (Y),36743302,26358561,60171068,123272931,1707626288.060400,1375179869.947800,2008847604.902100,5091653762.910300,513969,152319,585901,1252189
2025-08-14,BZX Equities (Z),190938009,142240536,312706081,645884626,10553394323.939004,10573316958.362396,16039124256.046106,37165835538.347506,2879860,839611,3182313,6901784
2025-08-13,NYSE American (A),6687949,30954849,8949716,46592514,368443782.594000,712675606.271700,408551127.488400,1489670516.354100,80079,107986,84649,272714
2025-08-13,NASDAQ BX (B),15271570,11335985,21924109,48531664,1167231384.248000,543856082.025600,1199193416.967200,2910280883.240800,249274,74937,268151,592362
2025-08-13,NYSE National (C),23627975,16404473,28575747,68608195,938903202.487900,628910354.644200,848057658.171000,2415871215.303100,304924,99617,293905,698446
2025-08-13,FINRA / Nasdaq TRF Chicago (DB),12203068,8096983,30187228,50487279,771558434.338400,399602852.185500,2071387290.336900,3242548576.860800,94123,37364,182316,313803
2025-08-13,FINRA / NYSE TRF (DN),180859614,170726974,543559693,895146281,6699354975.160702,5393181670.883697,17508628909.464894,29601165555.509293,824732,319698,1470748,2615178
2025-08-13,FINRA / Nasdaq TRF Carteret (DQ),2261625789,1393147373,4094700689,7749473851,115768598939.321306,63757794370.253978,167809033621.181994,347335426930.757278,18780293,4768588,21413780,44962661
2025-08-13,MIAX Pearl (H),34129265,58420619,88016259,180566143,1636195451.867900,2546984197.567900,2874304615.098601,7057484264.534401,375827,240799,530864,1147490
2025-08-13,EDGA Equities (J),30796321,24624117,64665924,120086362,1493481485.957800,1450842459.795700,1781359788.420700,4725683734.174200,441720,156098,512545,1110363
2025-08-13,EDGX Equities (K),158361526,166858676,492477218,817697420,8300198730.135296,8106233182.308593,17181349559.544216,33587781471.988105,1938699,884592,3197486,6020777
2025-08-13,LTSE (L),568648,298185,427910,1294743,23864717.280000,17594441.470000,23684491.903900,65143650.653900,6070,1449,6175,13694
2025-08-13,NYSE Texas (M),10471645,21465558,35587176,67524379,1195329048.207400,2783166820.611001,4278521018.309198,8257016887.127599,26219,6708,34549,67476
2025-08-13,NYSE (N),1205954196,98772118,147796726,1452523040,69986644151.325793,5544696464.507799,5807460874.790098,81338801490.623690,4195299,403483,1194865,5793647
2025-08-13,NYSE Arca (P),268987121,477392763,890618101,1636997985,14821723233.095001,35795921238.827796,33912231604.764400,84529876076.687197,3522592,2546792,7090043,13159427
2025-08-13,NASDAQ (Q),516117067,241136779,1737474544,2494728390,33335752270.264215,20249081042.583396,106781561717.508637,160366395030.356248,7873390,1580361,12992610,22446361
2025-08-13,Members Exchange (U),65557710,68336498,188644756,322538964,3640177312.926699,3428459970.091600,6699369997.699402,13768007280.717701,792159,331117,1093580,2216856
2025-08-13,Investors Exchange (V),228362584,90464983,240811340,559638907,12034063132.362701,4613063256.554999,11169572625.057403,27816699013.975103,2734051,406160,2426103,5566314
2025-08-13,NASDAQ PSX (X),7010941,5163745,10464507,22639193,544187013.793900,454170725.951700,633660152.060100,1632017891.805700,134782,26931,147683,309396
2025-08-13,BYX Equities (Y),45307086,27002796,61376614,133686496,2114207862.592800,1401251920.432099,2322375111.328900,5837834894.353799,601291,166678,641154,1409123
2025-08-13,BZX Equities (Z),227670325,155517425,318411050,701598800,12620511612.732001,12254128117.421607,16775471965.198498,41650111695.352106,3329360,878824,3440288,7648472
2025-08-12,NYSE American (A),6496685,24276738,8399547,39172970,284180716.884600,592393142.819100,353005101.283900,1229578960.987600,66929,99808,70628,237365
2025-08-12,NASDAQ BX (B),15834462,10751927,22346498,48932887,1029302642.018500,533277220.344900,1208444963.723400,2771024826.086800,234927,69840,258185,562952
2025-08-12,NYSE National (C),24392327,18021521,26145486,68559334,814541268.226600,774849890.575400,811234915.376500,2400626074.178500,297678,108252,279684,685614
2025-08-12,FINRA / Nasdaq TRF Chicago (DB),12848501,8204998,28623644,49677143,690368116.193200,412221590.801100,1905859821.152600,3008449528.146900,85873,34568,161527,281968
2025-08-12,FINRA / NYSE TRF (DN),197159167,157071143,552101994,906332304,6118570154.643895,4208473353.329798,16156674743.104289,26483718251.077982,793838,299309,1324629,2417776
2025-08-12,FINRA / Nasdaq TRF Carteret (DQ),2340721781,1300789626,3923214918,7564726325,112451244194.744752,61903304948.031917,156977069467.562338,331331618610.339007,17893656,4539427,19741275,42174358
2025-08-12,MIAX Pearl (H),31492294,58389643,78028026,167909963,1011813363.151800,2747710117.385400,2184096692.909300,5943620173.446500,307827,222948,431140,961915
2025-08-12,EDGA Equities (J),28963862,22462610,65513758,116940230,1237874809.952800,1521216399.826200,1665853191.482100,4424944401.261100,389273,138475,459028,986776
2025-08-12,EDGX Equities (K),165841131,168335292,488605249,822781672,7372459757.747997,8516499483.957198,16407535668.319101,32296494910.024296,1899157,863830,2922599,5685586
2025-08-12,LTSE (L),468759,180267,440281,1089307,18343391.085000,4699705.930000,15231024.692700,38274121.707700,4728,785,4603,10116
2025-08-12,NYSE Texas (M),10622450,18946132,27730958,57299540,958686239.634800,1819574154.771000,4220342110.280401,6998602504.686201,24660,7430,32400,64490
2025-08-12,NYSE (N),1107186470,95655726,139125998,1341968194,60193635674.879397,5488359077.870401,5254439847.672500,70936434600.422298,3839455,353935,1073258,5266648
2025-08-12,NYSE Arca (P),274323256,483200356,902789562,1660313174,13033461208.865799,37973196722.167301,31829807086.013292,82836465017.046392,3277657,2457446,6079115,11814218
2025-08-12,NASDAQ (Q),491969519,228903327,1611474038,2332346884,28893753752.911988,20604759343.831997,100343574166.354459,149842087263.098444,7291252,1492882,11988222,20772356
2025-08-12,Members Exchange (U),64958798,70811945,190878103,326648846,3185883905.686900,3843782199.805900,6848293040.470699,13877959145.963499,713574,336808,1018668,2069050
2025-08-12,Investors Exchange (V),203508004,87738148,219523377,510769529,10106404945.512198,4658875581.094601,10523822077.652904,25289102604.259703,2428395,394513,2231322,5054230
2025-08-12,NASDAQ PSX (X),7743182,4469941,10036140,22249263,524788942.090000,602206883.274500,594609137.205900,1721604962.570400,125130,27742,143081,295953
2025-08-12,BYX Equities (Y),42279536,29831172,54220286,126330994,1710300737.862000,1634270144.057199,2111426468.629799,5455997350.548998,548669,179367,568522,1296558
2025-08-12,BZX Equities (Z),223632620,147004253,288099311,658736184,10806367812.550799,11957105808.489704,15698785648.518391,38462259269.558894,3065095,812274,3118506,6995875
2025-08-11,NYSE American (A),4946910,26544187,8360690,39851787,229361634.869800,689095564.368900,306283090.961800,1224740290.200500,58966,112101,66583,237650
2025-08-11,NASDAQ BX (B),13883518,9407662,22510118,45801298,1040625246.507500,475863842.575900,1302338677.883800,2818827766.967200,232506,66041,272798,571345
2025-08-11,NYSE National (C),23224931,13313184,26234339,62772454,844942134.700600,572290310.672600,861390412.958800,2278622858.332000,294318,91843,287020,673181
2025-08-11,FINRA / Nasdaq TRF Chicago (DB),11929666,7576653,30245091,49751410,577904350.132500,376942760.358100,1949615822.121900,2904462932.612500,85407,38697,179660,303764
2025-08-11,FINRA / NYSE TRF (DN),170667542,170076767,643844951,984589260,5344956524.041201,3810623130.692500,16567739240.608096,25723318895.341797,797496,306747,1421512,2525755
2025-08-11,FINRA / Nasdaq TRF Carteret (DQ),2107905837,1281584906,4207946161,7597436904,103193373805.164344,58330667097.997566,158246523914.240655,319770564817.402565,17923202,4688495,20472275,43083972
2025-08-11,MIAX Pearl (H),28034534,49615461,88110808,165760803,898338409.431100,2291297115.378800,2275745956.007500,5465381480.817400,304164,196893,457089,958146
2025-08-11,EDGA Equities (J),26475427,22669703,85818309,134963439,1218499527.154500,1348849046.881600,1580240101.795500,4147588675.831600,392690,133482,488745,1014917
2025-08-11,EDGX Equities (K),150470028,149116176,540539496,840125700,6538080102.086400,7294440364.827304,15839168830.016698,29671689296.930402,1720633,779934,3047671,5548238
2025-08-11,LTSE (L),330985,366202,699567,1396754,17991326.865000,18444115.490000,18458191.187500,54893633.542500,4837,1235,5593,11665
2025-08-11,NYSE Texas (M),11980211,14024541,21643869,47648621,1172282021.953000,1617400537.720900,2917289455.327600,5706972015.001500,27517,8692,31699,67908
2025-08-11,NYSE (N),1050149506,76292523,134375799,1260817828,59272238498.831894,4237065058.037900,4903020626.866398,68412324183.736192,3736606,314362,1041644,5092612
2025-08-11,NYSE Arca (P),246121652,410586749,1053501179,1710209580,11059151439.245203,30560736178.747216,28994234922.049095,70614122540.041514,2979839,2190388,6307363,11477590
2025-08-11,NASDAQ (Q),461877613,202205649,1669150627,2333233889,27143051642.386391,17129228048.320501,98565824169.496531,142838103860.203423,7058320,1323762,11924007,20306089
2025-08-11,Members Exchange (U),59561091,63154919,229692786,352408796,2898327351.255400,3320247557.800402,5479258445.653802,11697833354.709604,703031,306942,1022052,2032025
2025-08-11,Investors Exchange (V),189781690,74700747,220857787,485340224,9570710290.571900,3777768479.047300,9919409029.029503,23267887798.648703,2459204,349711,2328792,5137707
2025-08-11,NASDAQ PSX (X),5308258,4428979,9231927,18969164,382843906.474400,430062711.487300,542144066.416700,1355050684.378400,107713,24124,134342,266179
2025-08-11,BYX Equities (Y),38932861,23075637,53126285,115134783,1606750402.424500,1226232688.027000,1930522708.766200,4763505799.217700,528817,153693,559175,1241685
2025-08-11,BZX Equities (Z),203035842,131263681,331142614,665442137,10064309864.182397,10870615250.123191,14537771550.717507,35472696665.023095,2910857,743668,3070083,6724608
2025-08-08,NYSE American (A),5517480,25236251,8858676,39612407,230289071.529800,424395828.324100,331691267.231800,986376167.085700,60462,97038,71559,229059
2025-08-08,NASDAQ BX (B),14612943,8897359,21602348,45112650,970681138.645400,450753549.423200,1155722363.041500,2577157051.110100,226838,62040,259265,548143
2025-08-08,NYSE National (C),22030294,16366630,24348662,62745586,805582901.483000,821992391.186400,794778432.499000,2422353725.168400,275966,103247,286362,665575
2025-08-08,FINRA / Nasdaq TRF Chicago (DB),11184582,7216773,29455266,47856621,590044765.115800,359972675.754100,2055623877.684901,3005641318.554801,78606,30579,174413,283598
2025-08-08,FINRA / NYSE TRF (DN),173904159,166752982,553651247,894308388,5788477238.836500,3568012381.092298,16133675207.185209,25490164827.114007,759524,299410,1282572,2341506
2025-08-08,FINRA / Nasdaq TRF Carteret (DQ),2081433903,1195241397,3971705702,7248381002,100289656941.625927,53771604917.781208,156443568885.446514,310504830744.853649,17855691,4452149,20315651,42623491
2025-08-08,MIAX Pearl (H),29287607,52282861,84438708,166009176,935865723.936400,2330260627.702000,2608298986.408002,5874425338.046402,310259,210137,450886,971282
2025-08-08,EDGA Equities (J),29709931,22261398,116943431,168914760,1212308742.096300,1450109645.447400,1632921014.283000,4295339401.826700,400424,129513,501818,1031755
2025-08-08,EDGX Equities (K),156265077,152704180,520385099,829354356,6805916130.498999,7025308951.882294,16572928548.753506,30404153631.134799,1853155,745395,2899797,5498347
2025-08-08,LTSE (L),266282,161654,1066007,1493943,14945420.585000,4056579.870000,19468509.090800,38470509.545800,4187,773,5998,10958
2025-08-08,NYSE Texas (M),14466358,13574951,30988393,59029702,1240122037.992500,1816535219.164900,5272718596.756500,8329375853.913900,31569,6962,37253,75784
2025-08-08,NYSE (N),1039529942,86553830,126653088,1252736860,55499860329.350890,4588977880.617799,5094974079.297598,65183812289.266287,3825352,354472,1084840,5264664
2025-08-08,NYSE Arca (P),254353546,419876702,1032334677,1706564925,11637815101.073201,31339232070.994594,28836678559.848702,71813725731.916497,3012090,2126506,5919668,11058264
2025-08-08,NASDAQ (Q),481295598,201114546,1566696187,2249106331,28767168187.533205,17663249923.354697,99687859751.095213,146118277861.983115,7317225,1326136,12380684,21024045
2025-08-08,Members Exchange (U),63831712,65736769,232940649,362509130,3048120592.961500,3422100464.892303,6409384023.151600,12879605081.005403,728332,307966,1074040,2110338
2025-08-08,Investors Exchange (V),202741244,75594425,217522898,495858567,10422454324.502399,3941964144.280000,10921425794.787599,25285844263.569998,2587147,369198,2410223,5366568
2025-08-08,NASDAQ PSX (X),6190061,4603517,9776347,20569925,422510883.712500,445321752.796700,641943004.664000,1509775641.173200,116309,24501,146620,287430
2025-08-08,BYX Equities (Y),40567047,24352250,56180734,121100031,1580923494.982800,1515317046.211201,1982319366.487199,5078559907.681200,514398,156453,570224,1241075
2025-08-08,BZX Equities (Z),216180432,139906854,296019927,652107213,10797238672.361903,11021618822.899699,17512615845.974300,39331473341.235902,3075758,752510,3235349,7063617
2025-08-07,NYSE American (A),6655095,24767603,9195420,40618118,349802686.505300,412082450.668100,423066452.064500,1184951589.237900,78526,87623,83388,249537
2025-08-07,NASDAQ BX (B),15464451,10058575,23749303,49272329,1219597220.887300,517123956.379800,1360202672.000400,3096923849.267500,253410,69148,292893,615451
2025-08-07,NYSE National (C),23551964,15765817,26218140,65535921,954650914.913100,823668856.484700,934356615.127500,2712676386.525300,299512,115915,300316,715743
2025-08-07,FINRA / Nasdaq TRF Chicago (DB),14289645,8083785,30648577,53022007,829085053.690300,396626389.212600,2094848807.904900,3320560250.807800,87802,30461,180204,298467
2025-08-07,FINRA / NYSE TRF (DN),187679432,176999487,597942774,962621693,6320973681.787701,3990835445.224801,17698506297.124702,28010315424.137204,789947,270217,1404143,2464307
2025-08-07,FINRA / Nasdaq TRF Carteret (DQ),2329335966,1279783350,4239445770,7848565086,120140986682.597121,58031863288.916978,170770803603.477895,348943653574.991994,19498018,4414120,21770061,45682199
2025-08-07,MIAX Pearl (H),27988646,68867363,88414010,185270019,973042062.025200,3434447396.665901,2172141225.695101,6579630684.386202,318024,250951,464954,1033929
2025-08-07,EDGA Equities (J),30610239,27461848,96557463,154629550,1507746226.733100,1750956081.008900,1767405650.756400,5026107958.498400,468549,148740,580692,1197981
2025-08-07,EDGX Equities (K),165319011,189702539,460105406,815126956,8567975947.454099,7751412632.267002,17788321075.684199,34107709655.405300,2154856,877096,3246967,6278919
2025-08-07,LTSE (L),588616,469010,1421980,2479606,34172944.340000,22318737.150000,30904008.242000,87395689.732000,8787,1966,9368,20121
2025-08-07,NYSE Texas (M),11734997,23023002,27405972,62163971,985378812.945800,2186097475.396000,3270047950.644100,6441524238.985900,32643,9568,35863,78074
2025-08-07,NYSE (N),1173349189,105282282,142470108,1421101579,63494695324.029102,5623751830.064100,5691293428.789900,74809740582.883102,4464373,372793,1188600,6025766
2025-08-07,NYSE Arca (P),287194720,573748690,1021148884,1882092294,15598665234.819899,38372156823.682625,36277925406.648190,90248747465.150714,3683601,2492323,6793116,12969040
2025-08-07,NASDAQ (Q),558991676,250538017,1690530797,2500060490,35136302841.689787,21966903729.697412,108125332408.749766,165228538980.136965,8437046,1601331,13695697,23734074
2025-08-07,Members Exchange (U),68091715,81301951,197279953,346673619,3875052832.746999,3848068551.850700,7202963068.667599,14926084453.265298,833128,357177,1165508,2355813
2025-08-07,Investors Exchange (V),232658388,84235453,240952277,557846118,12868859449.404501,4423274316.501599,11973799573.102998,29265933339.009098,2953881,398510,2643105,5995496
2025-08-07,NASDAQ PSX (X),7616139,5020138,10093405,22729682,562521560.228000,606221163.593600,679664306.913800,1848407030.735400,149651,28673,161327,339651
2025-08-07,BYX Equities (Y),43477748,24849799,58558707,126886254,1887446980.019400,1410639001.166500,2140429363.108200,5438515344.294100,567645,156859,630088,1354592
2025-08-07,BZX Equities (Z),225044922,137371440,289612430,652028792,12936716344.220412,10904251365.770393,17574582650.433299,41415550360.424104,3392088,777790,3336035,7505913
2025-08-06,NYSE American (A),7650172,23829518,7904264,39383954,358172499.529800,355171834.749400,388072355.882000,1101416690.161200,82101,83877,80207,246185
2025-08-06,NASDAQ BX (B),15747484,9855622,22696723,48299829,1065013140.908800,508621102.926800,1264254762.480500,2837889006.316100,238554,68179,262002,568735
2025-08-06,NYSE National (C),25525001,14652909,27702002,67879912,888498246.248400,635221920.233900,903508926.014000,2427229092.496300,311863,99310,285477,696650
2025-08-06,FINRA / Nasdaq TRF Chicago (DB),12866201,7148811,29375552,49390564,665074751.633600,304567080.090700,1911297577.449900,2880939409.174200,85663,27089,158107,270859
2025-08-06,FINRA / NYSE TRF (DN),210952775,205299040,619836943,1036088758,6489305307.206102,4316248167.333699,18484053514.412904,29289606988.952705,854177,305919,1451055,2611151
2025-08-06,FINRA / Nasdaq TRF Carteret (DQ),2358991041,1240553264,4008935826,7608480131,115297822049.836797,53531364933.319573,163935642169.895829,332764829153.052199,18783916,4164421,20274281,43222618
2025-08-06,MIAX Pearl (H),28584007,54488047,90497856,173569910,981751483.732800,2516611876.835800,2652173276.379901,6150536636.948501,317683,219362,436324,973369
2025-08-06,EDGA Equities (J),31891682,29195653,107570244,168657579,1398762572.493400,1394407348.023800,1709705041.968300,4502874962.485500,448678,139142,562983,1150803
2025-08-06,EDGX Equities (K),158772303,151792834,454953534,765518671,7572096102.916501,6547982481.884902,16574434446.797995,30694513031.599398,2050726,755604,3067258,5873588
2025-08-06,LTSE (L),59199,163543,449138,671880,3199110.110000,6292272.734400,4831401.765600,14322784.610000,563,341,872,1776
2025-08-06,NYSE Texas (M),18947085,12334030,29242247,60523362,1099962669.783500,1163370157.710500,3578966541.015400,5842299368.509400,36108,7795,42215,86118
2025-08-06,NYSE (N),1204093048,82456710,132691661,1419241419,64747298574.716600,4510058477.431201,5512941222.881900,74770298275.029701,4228764,320908,1107211,5656883
2025-08-06,NYSE Arca (P),278863187,468353130,925764381,1672980698,13878634893.041592,31359536116.707696,33492072854.235303,78730243863.984591,3450379,2118440,6290862,11859681
2025-08-06,NASDAQ (Q),562079788,213769622,1634923832,2410773242,33067312472.661511,18254077407.057297,108036035657.284632,159357425537.003440,8164836,1421062,12829091,22414989
2025-08-06,Members Exchange (U),70990651,62141689,188894798,322027138,3521395306.660100,2989932740.952501,7641454587.658402,14152782635.271003,826094,311900,1097080,2235074
2025-08-06,Investors Exchange (V),231487430,81103137,226564373,539154940,11928383768.565400,4078037116.157200,11245210895.499401,27251631780.222001,2819876,373940,2456518,5650334
2025-08-06,NASDAQ PSX (X),8249323,4354697,10239762,22843782,582633578.534000,510295632.275500,790927991.013100,1883857201.822600,150888,26141,153739,330768
2025-08-06,BYX Equities (Y),47583755,24011514,58938738,130534007,1835541989.742100,1258428413.298200,2159548528.166902,5253518931.207202,592370,150458,611713,1354541
2025-08-06,BZX Equities (Z),229160473,125529574,269227693,623917740,12102276246.410200,10306400262.953292,16605768144.905801,39014444654.269293,3289124,693986,3103019,7086129
2025-08-05,NYSE American (A),6145782,22131942,6446978,34724702,274592166.619000,341395721.767700,298475472.183900,914463360.570600,66344,72510,63766,202620
2025-08-05,NASDAQ BX (B),15923233,9150677,20702033,45775943,1141262915.226300,504092000.442300,1351575212.258800,2996930127.927400,249931,65223,251944,567098
2025-08-05,NYSE National (C),24258149,15141161,24521667,63920977,972590294.566000,619437292.095600,899813304.800300,2491840891.461900,318434,99005,268430,685869
2025-08-05,FINRA / Nasdaq TRF Chicago (DB),11929617,6732037,21922298,40583952,691002635.614300,287724875.111300,1464133349.830000,2442860860.555600,79963,24881,132435,237279
2025-08-05,FINRA / NYSE TRF (DN),235000006,178109315,546922602,960031923,6769056009.006300,3923762768.471399,16168072163.188202,26860890940.665901,843536,288721,1337376,2469633
2025-08-05,FINRA / Nasdaq TRF Carteret (DQ),2518207562,1215576956,3807880724,7541665242,127535184555.806132,55400957680.485318,161728531812.545023,344664674048.836473,19387527,4287847,19613096,43288470
2025-08-05,MIAX Pearl (H),32932107,59172539,79756401,171861047,1305692056.884400,2506446827.297300,3027807036.979401,6839945921.161101,361391,225622,449705,1036718
2025-08-05,EDGA Equities (J),31680214,22720149,73019034,127419397,1463938697.210100,1407040284.220400,1689939770.212999,4560918751.643499,442776,132154,479440,1054370
2025-08-05,EDGX Equities (K),161804582,146511231,435127967,743443780,7669498212.335300,6982359056.737900,14620967226.527907,29272824495.601107,2052313,766800,2958121,5777234
2025-08-05,LTSE (L),386658,218298,394461,999417,21960189.625000,15280325.040000,15706522.863300,52947037.528300,6111,1219,4338,11668
2025-08-05,NYSE Texas (M),18884672,11241012,21436697,51562381,1327813154.105500,983137731.962000,3543303697.983102,5854254584.050602,41777,7509,42468,91754
2025-08-05,NYSE (N),1195011254,88518209,126981157,1410510620,63883412523.938399,4724981442.207400,5107549559.766897,73715943525.912696,4310117,345377,1083253,5738747
2025-08-05,NYSE Arca (P),283209984,433976002,883449036,1600635022,14364055392.997001,33326817554.007522,32835702420.640786,80526575367.645309,3528776,2140238,6229154,11898168
2025-08-05,NASDAQ (Q),554652476,212624209,1565347745,2332624430,33481548472.807409,19205560493.783101,103483459438.424549,156170568405.015059,8114048,1445813,12207102,21766963
2025-08-05,Members Exchange (U),62961724,65449014,160378549,288789287,3200435944.939700,3278687230.036702,5130333809.768703,11609456984.745105,737914,320653,894268,1952835
2025-08-05,Investors Exchange (V),232502092,82355357,215386915,530244364,12371365100.668600,4095078331.095998,11153977949.755701,27620421381.520299,2851941,385235,2315352,5552528
2025-08-05,NASDAQ PSX (X),7470583,4034176,9269490,20774249,570053069.566900,510362037.334100,630539949.457800,1710955056.358800,141474,24590,133170,299234
2025-08-05,BYX Equities (Y),43333051,23557325,52352549,119242925,1915188512.525100,1291731791.530301,2212792681.106700,5419712985.162101,577472,151179,565236,1293887
2025-08-05,BZX Equities (Z),226421739,129091908,268942990,624456637,12365318199.713196,11890262950.129406,15281229592.266596,39536810742.109198,3338112,757557,2971323,7066992
2025-08-04,NYSE American (A),5476600,20056294,7228138,32761032,276753253.681300,289882847.711800,350762838.180000,917398939.573100,61334,73186,65410,199930
2025-08-04,NASDAQ BX (B),12849822,9860882,17437245,40147949,1021818972.777800,499832461.665000,1214351457.411100,2736002891.853900,221836,65287,242693,529816
2025-08-04,NYSE National (C),22525386,14080263,22188271,58793920,880759919.838800,703514740.553100,775705037.435100,2359979697.827000,318228,93977,264686,676891
2025-08-04,FINRA / Nasdaq TRF Chicago (DB),11575408,6428316,23209903,41213627,658944865.151200,295464187.384700,1552919222.618000,2507328275.153900,85602,29404,148178,263184
2025-08-04,FINRA / NYSE TRF (DN),174245166,183754389,502722548,860722103,5960141983.192599,3749808842.926798,15398748848.860397,25108699674.979794,783789,277510,1254440,2315739
2025-08-04,FINRA / Nasdaq TRF Carteret (DQ),2175232332,1292026946,3556609825,7023869103,110322852848.607198,61411409112.389451,158309697632.299621,330043959593.296270,18377256,4723316,19648949,42749521
2025-08-04,MIAX Pearl (H),29696429,51767863,70057796,151522088,1148564220.667200,2476166922.674600,2318801259.038901,5943532402.380701,335825,212953,433066,981844
2025-08-04,EDGA Equities (J),28227279,28643539,57772807,114643625,1357333101.382500,1546814279.384200,1602234125.302900,4506381506.069600,437656,138838,463061,1039555
2025-08-04,EDGX Equities (K),138925968,155273229,416565493,710764690,7043458877.459299,7219655445.802597,15375336251.363300,29638450574.625196,1727658,772443,2833625,5333726
2025-08-04,LTSE (L),139921,143214,403981,687116,5663520.465000,9632213.460000,8880027.909700,24175761.834700,1492,509,3951,5952
2025-08-04,NYSE Texas (M),11558074,19835432,17283534,48677040,990008447.230200,2523235751.810500,3086525823.894801,6599770022.935501,45920,7436,45151,98507
2025-08-04,NYSE (N),1097575053,76885663,120033683,1294494399,63062796341.053508,4585881299.540300,5012328463.993901,72661006104.587709,3825808,306268,1018600,5150676
2025-08-04,NYSE Arca (P),235469367,480851593,730498837,1446819797,12621513408.142699,34279318880.304704,31408577707.767684,78309409996.215087,3143203,2054990,5994176,11192369
2025-08-04,NASDAQ (Q),470716845,207121829,1462833235,2140671909,29409132749.602303,19418272103.549300,103012830806.439027,151840235659.590630,7250358,1395039,11618015,20263412
2025-08-04,Members Exchange (U),57562151,70383208,160401109,288346468,3072863802.265701,3585695628.559397,6141977122.318403,12800536553.143501,669817,330390,909869,1910076
2025-08-04,Investors Exchange (V),203494473,81016909,198425968,482937350,11038575637.755002,4488302184.843501,11306470013.698199,26833347836.296702,2650316,382344,2250524,5283184
2025-08-04,NASDAQ PSX (X),6292301,4491820,8041038,18825159,465514539.866300,531595398.681400,578293646.082200,1575403584.629900,123482,26591,129890,279963
2025-08-04,BYX Equities (Y),36030747,24823705,43293085,104147537,1636324446.245500,1451441792.331300,1948277201.151900,5036043439.728700,535584,152189,548666,1236439
2025-08-04,BZX Equities (Z),196734253,124841676,237144071,558720000,11102100314.259507,11609037925.047902,15359886092.901199,38071024332.208608,3108638,743394,3001441,6853473
2025-08-01,NYSE American (A),6948204,23017905,7441344,37407453,406817550.821900,548813207.475400,416497979.792200,1372128738.089500,80456,88241,76467,245164
2025-08-01,NASDAQ BX (B),18988066,15044962,23267608,57300636,1486002254.653600,872863213.645400,1582749634.342700,3941615102.641700,299493,107470,305989,712952
2025-08-01,NYSE National (C),27063004,22935159,27885071,77883234,1020178843.799900,1209162076.743600,1020011925.276600,3249352845.820100,345665,159352,311072,816089
2025-08-01,FINRA / Nasdaq TRF Chicago (DB),13814215,9395893,31109402,54319510,909635966.219000,400776079.803600,2117907021.988100,3428319068.010700,109202,40606,186662,336470
2025-08-01,FINRA / NYSE TRF (DN),201885187,222014671,645546307,1069446165,7016096409.269700,5699011025.447400,18264020688.540303,30979128123.257403,879848,358248,1431239,2669335
2025-08-01,FINRA / Nasdaq TRF Carteret (DQ),2517167093,1639416199,4510818972,8667402264,132122744716.115524,82143387533.165282,193895835394.774312,408161967644.055118,21795003,6157906,23530993,51483902
2025-08-01,MIAX Pearl (H),38973182,107471929,99575451,246020562,1472248894.952800,7316127698.498199,3114313773.598700,11902690367.049699,433420,412887,548373,1394680
2025-08-01,EDGA Equities (J),34250396,32906918,98226367,165383681,1702208923.728400,2577393441.000300,2145963523.529700,6425565888.258400,508541,222488,576426,1307455
2025-08-01,EDGX Equities (K),173861658,254292497,546548565,974702720,9396673819.559301,14578969553.182903,19561776807.130586,43537420179.872790,2260687,1278121,3537452,7076260
2025-08-01,LTSE (L),83701,240095,173914,497710,4000763.030000,3589912.305000,4366456.357100,11957131.692100,589,500,755,1844
2025-08-01,NYSE Texas (M),24257742,19882560,29518187,73658489,2435734355.694400,2505571581.874800,5225089146.138799,10166395083.707999,60338,11296,58740,130374
2025-08-01,NYSE (N),1252227025,149749212,157659463,1559635700,70364015538.621104,12586826463.050313,7275625943.854101,90226467945.525518,5145462,608775,1352220,7106457
2025-08-01,NYSE Arca (P),308021139,694906310,1052006919,2054934368,17480579234.438901,61113323706.735400,44578231011.812367,123172133952.986668,4250705,3557471,7373147,15181323
2025-08-01,NASDAQ (Q),639175827,347207718,1794426377,2780809922,41618359041.298116,30926346808.268984,129819655605.329374,202364361454.896474,9748371,2253165,15034203,27035739
2025-08-01,Members Exchange (U),70993230,111084884,225122266,407200380,3864807755.833800,9361537673.809699,7921681654.714803,21148027084.358302,862005,557169,1181478,2600652
2025-08-01,Investors Exchange (V),250214294,120526211,244092399,614832904,14102984235.013399,7347989764.641097,13914884999.464797,35365858999.119293,3137286,532091,2644905,6314282
2025-08-01,NASDAQ PSX (X),7967616,7554940,9947021,25469577,615609768.758000,1079518892.479200,789536727.882400,2484665389.119600,175864,41535,169465,386864
2025-08-01,BYX Equities (Y),48314395,36899979,58354733,143569107,2358515814.877800,2059848306.652099,2623744063.714500,7042108185.244399,643743,212449,630176,1486368
2025-08-01,BZX Equities (Z),257100242,209730647,339286758,806117647,15230519570.790397,18060614138.746691,21989054131.590308,55280187841.127396,4172717,1212453,3921153,9306323
2025-07-31,NYSE American (A),7723692,27008754,8344555,43077001,439436574.035000,401473438.824800,488784183.488100,1329694196.347900,84944,86488,81246,252678
2025-07-31,NASDAQ BX (B),18176458,12641846,22964552,53782856,1564375732.476400,716850502.184300,1756644425.987600,4037870660.648300,290078,83507,303898,677483
2025-07-31,NYSE National (C),26604866,18357098,27197619,72159583,1103324267.585700,872867678.592900,1177712298.973000,3153904245.151600,328380,124371,313901,766652
2025-07-31,FINRA / Nasdaq TRF Chicago (DB),13578802,7203938,27157976,47940716,824567395.262700,282675973.296400,2139062649.661502,3246306018.220602,99247,28553,173363,301163
2025-07-31,FINRA / NYSE TRF (DN),204270310,229225726,683595505,1117091541,6885568941.202003,4090790740.592501,18789655475.285400,29766015157.079904,826882,300772,1372142,2499796
2025-07-31,FINRA / Nasdaq TRF Carteret (DQ),2580556706,1561422234,4644364869,8786343809,141770572922.436042,72815463125.673786,206065972108.024856,420652008156.134684,20256809,4585665,21905050,46747524
2025-07-31,MIAX Pearl (H),37828267,87369558,97791452,222989277,1698932977.189500,4206936664.135601,3272008584.014700,9177878225.339801,437757,305834,575279,1318870
2025-07-31,EDGA Equities (J),31800499,40802124,115801204,188403827,1699121694.200900,1967407526.006600,2278974213.671200,5945503433.878700,458325,197587,557045,1212957
2025-07-31,EDGX Equities (K),173211825,202901089,528938955,905051869,9638783903.060597,10368270199.642694,20836335243.480520,40843389346.183811,2131128,964324,3366445,6461897
2025-07-31,LTSE (L),84375,415016,104916,604307,4111197.575000,3560924.323200,7110915.505600,14783037.403800,628,697,891,2216
2025-07-31,NYSE Texas (M),30153493,19890612,33624970,83669075,1987166279.238900,2535763800.080999,6001776660.441801,10524706739.761700,48076,8959,46731,103766
2025-07-31,NYSE (N),1491352801,131202641,148109956,1770665398,89317858669.364104,6700815406.633401,7384700116.546701,103403374192.544206,4840414,418377,1295490,6554281
2025-07-31,NYSE Arca (P),311133437,630690423,1162738038,2104561898,18062610622.896293,49328336366.766652,48868833425.693293,116259780415.356238,4100878,2800556,7586412,14487846
2025-07-31,NASDAQ (Q),616659861,287661534,1922203279,2826524674,41079389809.822211,28191604481.535992,146551968915.660470,215822963207.018673,9147072,1802645,14192181,25141898
2025-07-31,Members Exchange (U),73757853,100198587,286993600,460950040,4124532289.829200,5109911887.388300,8903215828.253598,18137660005.471098,919173,423797,1282170,2625140
2025-07-31,Investors Exchange (V),242052616,103749988,232854712,578657316,14043927438.062704,5729712452.562899,14847169491.612199,34620809382.237802,2970992,444707,2545095,5960794
2025-07-31,NASDAQ PSX (X),8974172,5876474,11257197,26107843,722992854.577400,899860125.565800,975635420.642000,2598488400.785200,182688,32804,188874,404366
2025-07-31,BYX Equities (Y),47380847,32441020,56280583,136102450,2322644077.369800,1782448178.360501,2895216020.366302,7000308276.096603,610546,176464,627197,1414207
2025-07-31,BZX Equities (Z),249226255,172347542,322755456,744329253,15056566746.915203,15726903917.304607,23676213060.286582,54459683724.506392,3872304,969401,3847639,8689344
2025-07-30,NYSE American (A),7290250,21687311,8331648,37309209,404142016.154600,405247534.867500,426402642.918400,1235792193.940500,80939,78407,80144,239490
2025-07-30,NASDAQ BX (B),16732775,11420382,22209073,50362230,1340682653.006500,653421926.627000,1435640810.854000,3429745390.487500,272553,78753,277475,628781
2025-07-30,NYSE National (C),25514123,17896666,28426027,71836816,960359107.371800,937206879.866100,977504666.369400,2875070653.607300,307957,120092,283460,711509
2025-07-30,FINRA / Nasdaq TRF Chicago (DB),12018584,6302404,24479910,42800898,687457027.756400,294365447.040900,1592752901.405400,2574575376.202700,83825,25319,139088,248232
2025-07-30,FINRA / NYSE TRF (DN),186030044,167364277,712068098,1065462419,6349344073.250699,4736954747.289700,16205182464.786202,27291481285.326601,785726,252797,1244186,2282709
2025-07-30,FINRA / Nasdaq TRF Carteret (DQ),2360329486,1224572392,4472652862,8057554740,122754743144.386874,59136139681.710795,164023958280.949497,345914841107.047166,18889928,4314030,19852384,43056342
2025-07-30,MIAX Pearl (H),34704041,76776343,90609825,202090209,1481732585.799400,4176638357.309900,2795352559.084901,8453723502.194201,395237,282752,503646,1181635
2025-07-30,EDGA Equities (J),30384915,24985993,97705454,153076362,1458398264.819600,1865187540.645400,1664445333.152000,4988031138.617000,440520,160050,496400,1096970
2025-07-30,EDGX Equities (K),164799717,180689228,516424136,861913081,8237148379.232401,9410477842.392100,17632171187.047202,35279797408.671703,1923231,838804,3156464,5918499
2025-07-30,LTSE (L),82221,124785,413350,620356,4417129.995000,1776837.540000,4656912.795500,10850880.330500,732,409,1230,2371
2025-07-30,NYSE Texas (M),16546589,11606771,21217110,49370470,1325656599.320700,2379556947.083800,3638570959.854401,7343784506.258901,43167,9021,43001,95189
2025-07-30,NYSE (N),1174289114,109622653,136972620,1420884387,67003630237.016894,6291003738.737399,5583224455.398601,78877858431.152894,4336484,396701,1143078,5876263
2025-07-30,NYSE Arca (P),274848292,527133124,1154810881,1956792297,14629422363.593405,41062208937.750978,38905252334.256506,94596883635.600889,3541226,2353865,6756577,12651668
2025-07-30,NASDAQ (Q),575408048,258458348,1646787138,2480653534,35829209839.545806,23560011893.347908,109951807452.258958,169341029185.152672,8473553,1644755,12695436,22813744
2025-07-30,Members Exchange (U),69746856,87132909,293464697,450344462,3749950924.123401,5045712626.604803,6633883475.283702,15429547026.011906,852092,404149,1153059,2409300
2025-07-30,Investors Exchange (V),232390354,91704525,216479404,540574283,12787126032.216098,5058899537.277402,11763095319.109204,29609120888.602704,2802345,412383,2372123,5586851
2025-07-30,NASDAQ PSX (X),6978173,4689544,9138796,20806513,490278030.830300,700462333.067500,597230250.301100,1787970614.198900,136951,27730,141658,306339
2025-07-30,BYX Equities (Y),48272115,29629504,57425660,135327279,2158214698.996200,1765042070.043000,2433028864.910399,6356285633.949599,571805,176336,578690,1326831
2025-07-30,BZX Equities (Z),226138025,151731624,311396516,689266165,12778740948.237202,11538463898.145402,16722281542.250407,41039486388.633011,3497682,830235,3408341,7736258
2025-07-29,NYSE American (A),7560089,21938749,7652336,37151174,474562121.861500,335022672.421600,418682917.494700,1228267711.777800,87907,78961,80702,247570
2025-07-29,NASDAQ BX (B),17155830,9789457,20458651,47403938,1392549523.655400,463652413.369200,1242205312.216200,3098407249.240800,256624,63736,245466,565826
2025-07-29,NYSE National (C),23870083,17239030,27962984,69072097,947024209.934100,702281649.139600,927138364.355100,2576444223.428800,289397,102481,274890,666768
2025-07-29,FINRA / Nasdaq TRF Chicago (DB),13217809,8014516,35872695,57105020,826821675.728200,301338567.646100,1769592976.547400,2897753219.921700,91164,27267,168554,286985
2025-07-29,FINRA / NYSE TRF (DN),86540087,78834510,392203579,557578176,4071100264.807999,1853241859.060200,7688379611.462502,13612721735.330701,599845,171153,818555,1589553
2025-07-29,FINRA / Nasdaq TRF Carteret (DQ),2385790465,1400375229,5261892601,9048058295,129699232886.594387,54422316197.057427,169522960102.754800,353644509186.406614,18549012,4507377,20275706,43332095
2025-07-29,MIAX Pearl (H),31287152,61891575,94509599,187688326,1419384842.531700,3090238379.475000,2624757214.399200,7134380436.405900,361400,235373,473623,1070396
2025-07-29,EDGA Equities (J),31494754,24766582,106867979,163129315,1806217326.381900,1418606710.915000,1680228210.550700,4905052247.847600,454337,152636,483571,1090544
2025-07-29,EDGX Equities (K),151912098,176710596,547072545,875695239,8773790462.656600,8149946837.594296,15300256131.752010,32223993432.002906,1929765,875749,3101304,5906818
2025-07-29,LTSE (L),102394,278581,176231,557206,4721953.800000,1921531.266600,5330071.825000,11973556.891600,576,498,685,1759
2025-07-29,NYSE Texas (M),20318710,11785753,26476446,58580909,2116129069.766300,1546178548.765800,5530044339.349000,9192351957.881100,23781,8716,29691,62188
2025-07-29,NYSE (N),1086871770,87657553,129356716,1303886039,66293794093.236388,5090821956.959600,4999074891.838402,76383690942.034390,3900154,331525,990187,5221866
2025-07-29,NYSE Arca (P),260898833,476685598,1194636551,1932220982,16005613275.352393,30819386260.556590,31037053589.204575,77862053125.113558,3360973,2223336,6303246,11887555
2025-07-29,NASDAQ (Q),519005306,221410748,1644095995,2384512049,36158528680.710321,17429050653.839906,99854183505.318410,153441762839.868637,7692449,1402852,11733417,20828718
2025-07-29,Members Exchange (U),63382807,77701152,293784995,434868954,3703840408.730599,4732177928.935700,5774943989.441297,14210962327.107596,784715,386270,1068982,2239967
2025-07-29,Investors Exchange (V),210458448,81867444,225403830,517729722,12649255132.134504,4175161950.614699,11255771374.636202,28080188457.385405,2600586,375697,2213948,5190231
2025-07-29,NASDAQ PSX (X),5861534,4217931,7496206,17575671,483424803.064700,426666213.759300,466283585.015000,1376374601.839000,125132,23360,124238,272730
2025-07-29,BYX Equities (Y),42198918,27425645,53800077,123424640,2203907502.020500,1332886293.748700,2185712812.165700,5722506607.934900,535111,160932,544160,1240203
2025-07-29,BZX Equities (Z),205416338,128349476,301077572,634843386,13379685721.054803,10379360021.282099,14979824904.557106,38738870646.894008,3210537,745680,2972349,6928566
2025-07-28,NYSE American (A),6363790,22317176,7615898,36296864,326419779.260100,357401144.691400,328310423.007600,1012131346.959100,70791,82233,69871,222895
2025-07-28,NASDAQ BX (B),14732430,8088942,21124487,43945859,1143325917.602000,394311892.812000,1126174026.919000,2663811837.333000,228380,58512,254059,540951
2025-07-28,NYSE National (C),20456843,13963669,24627769,59048281,707026206.456900,644809780.130700,691804436.858400,2043640423.446000,254554,101781,246755,603090
2025-07-28,FINRA / Nasdaq TRF Chicago (DB),9910798,5494666,26917374,42322838,515945478.922200,263115972.437300,1538014666.440600,2317076117.800100,70971,27529,148725,247225
2025-07-28,FINRA / NYSE TRF (DN),84899422,65957194,444074025,594930641,3508351351.060800,2544299333.342800,6434924174.681703,12487574859.085303,578547,189357,810861,1578765
2025-07-28,FINRA / Nasdaq TRF Carteret (DQ),2142686159,1170138092,5760441503,9073265754,104720030863.411663,55426167824.658201,150708493614.955760,310854692303.025624,16544568,4571706,19342771,40459045
2025-07-28,MIAX Pearl (H),31608982,48746840,100464722,180820544,1140143227.755100,2735235343.906200,2166890950.523600,6042269522.184900,316819,204747,471709,993275
2025-07-28,EDGA Equities (J),26968063,19663147,150160063,196791273,1308937737.814900,1337542270.648500,1435751202.746600,4082231211.210000,401985,128794,488067,1018846
2025-07-28,EDGX Equities (K),139670651,139771197,601475497,880917345,6551309476.647199,6954889391.610201,14802735315.955197,28308934184.212597,1652076,762300,3244777,5659153
2025-07-28,LTSE (L),56301,246767,105031,408099,2884563.720000,2832182.250000,4455232.217600,10171978.187600,506,452,693,1651
2025-07-28,NYSE Texas (M),17266319,10726597,27076815,55069731,1936113395.049700,1114328317.074200,4725541021.016002,7775982733.139902,26550,7781,31222,65553
2025-07-28,NYSE (N),1025303707,72226479,116948428,1214478614,58127081328.790899,4520911195.643902,4269547237.958900,66917539762.393701,3413898,280398,917494,4611790
2025-07-28,NYSE Arca (P),216755847,383482445,1370751829,1970990121,11264210438.174801,27922007167.452302,26695102453.413700,65881320059.040803,2711843,1934271,6237578,10883692
2025-07-28,NASDAQ (Q),432862831,180882037,1579132531,2192877399,27334956990.676595,14872043717.972510,88179890689.718650,130386891398.367755,6649862,1229289,10672932,18552083
2025-07-28,Members Exchange (U),59181005,59280619,343946895,462408519,2971011019.239500,3651852524.284898,6060185014.514699,12683048558.039097,703519,329650,1089702,2122871
2025-07-28,Investors Exchange (V),180189128,67946085,191051498,439186711,10191806503.428404,3793196770.289499,9017545296.291397,23002548570.009300,2275510,339499,1929953,4544962
2025-07-28,NASDAQ PSX (X),5250942,3622041,7378318,16251301,345810908.722000,336389181.861200,402972877.402700,1085172967.985900,101078,21580,110479,233137
2025-07-28,BYX Equities (Y),35788802,22473356,53207368,111469526,1577727767.473200,1481239181.020900,1836676202.256600,4895643150.750700,487732,145914,527013,1160659
2025-07-28,BZX Equities (Z),175705686,110855307,299676350,586237343,10150725143.998801,9115019668.195296,12716174204.343390,31981919016.537487,2753430,693433,2727912,6174775
2025-07-25,NYSE American (A),5986774,19418225,10442928,35847927,327172307.085700,300534529.479800,308933251.597600,936640088.163100,70539,70969,69504,211012
2025-07-25,NASDAQ BX (B),12919036,7623746,19591091,40133873,1006508709.780900,396061002.557300,1031745882.512100,2434315594.850300,210339,53620,229987,493946
2025-07-25,NYSE National (C),20599342,12439663,25387852,58426857,834598287.629000,717276755.231000,746837502.463300,2298712545.323300,276612,84435,250477,611524
2025-07-25,FINRA / Nasdaq TRF Chicago (DB),10511858,5157146,25904491,41573495,521119388.789000,233549700.954200,1527243587.822600,2281912677.565800,68119,21514,133825,223458
2025-07-25,FINRA / NYSE TRF (DN),86263922,63681450,447907185,597852557,3481270859.623800,2256685289.003399,6967648741.820196,12705604890.447395,560522,165492,764416,1490430
2025-07-25,FINRA / Nasdaq TRF Carteret (DQ),2094372888,1181436981,5986107459,9261917328,101975038436.337411,49327682505.631172,149840225720.073787,301142946662.042370,16231784,4007099,18390668,38629551
2025-07-25,MIAX Pearl (H),28452531,47373257,102215529,178041317,1060304101.918700,3107188563.255799,1989483087.815100,6156975752.989599,308599,207002,430281,945882
2025-07-25,EDGA Equities (J),26117715,19655158,154347781,200120654,1276354470.505300,1461731879.176000,1515671020.960300,4253757370.641600,382544,124315,473837,980696
2025-07-25,EDGX Equities (K),135280076,126138125,613728141,875146342,6676964839.859699,6555486836.450901,14871703471.891511,28104155148.202111,1619585,618977,2894528,5133090
2025-07-25,LTSE (L),51022,94431,999863,1145316,2835631.505000,1628511.265000,5047150.607800,9511293.377800,494,294,889,1677
2025-07-25,NYSE Texas (M),19862295,13501727,36841963,70205985,2309894197.439200,2793932111.975000,7179209275.452603,12283035584.866803,29714,7085,32624,69423
2025-07-25,NYSE (N),950350420,71488684,124624830,1146463934,54145159041.785295,4643401196.677299,4321782829.096301,63110343067.558895,3470441,277449,921448,4669338
2025-07-25,NYSE Arca (P),217967075,351197085,1358343132,1927507292,11446724483.297595,26413400545.860017,24986897941.505397,62847022970.663009,2679008,1645703,5744339,10069050
2025-07-25,NASDAQ (Q),448937745,177587342,1523826653,2150351740,28073396721.031611,14643584398.621202,88757374775.993690,131474355895.646503,6717257,1131692,10384069,18233018
2025-07-25,Members Exchange (U),58242662,59355549,343226660,460824871,2939259349.220000,4074294607.632499,6417323554.715100,13430877511.567599,707079,302403,1075796,2085278
2025-07-25,Investors Exchange (V),187800941,70112106,197217524,455130571,10454713211.780299,3776819809.212102,8809703587.329298,23041236608.321699,2322375,325697,1935632,4583704
2025-07-25,NASDAQ PSX (X),5459827,3624941,7986712,17071480,395249554.478500,330967435.915900,449041318.801200,1175258309.195600,108873,19571,107972,236416
2025-07-25,BYX Equities (Y),36917547,20361680,54760391,112039618,1637703609.218300,1361387473.619900,1802045310.054000,4801136392.892200,474004,129403,511106,1114513
2025-07-25,BZX Equities (Z),182321139,107087926,337684638,627093703,10658485080.401800,8752458791.666699,14102148368.502204,33513092240.570703,2784489,605628,2723237,6113354
2025-07-24,NYSE American (A),6241771,22362449,9705999,38310219,371938872.534000,345374808.502200,346855791.962600,1064169472.998800,75898,80176,75544,231618
2025-07-24,NASDAQ BX (B),15724869,9598065,26336121,51659055,1257782439.926100,474942544.723800,1201021857.732600,2933746842.382500,247826,65372,257647,570845
2025-07-24,NYSE National (C),24248646,14677739,33386945,72313330,1017701089.429300,798851504.856700,873574462.719800,2690127057.005800,315513,104239,285870,705622
2025-07-24,FINRA / Nasdaq TRF Chicago (DB),13659394,6241039,29832679,49733112,793592142.859900,287579995.009300,1586539406.021701,2667711543.890901,81682,23839,142128,247649
2025-07-24,FINRA / NYSE TRF (DN),99916446,64108215,583936663,747961324,4218501457.563100,2130860400.840300,6830218512.782405,13179580371.185805,583454,148643,814224,1546321
2025-07-24,FINRA / Nasdaq TRF Carteret (DQ),2440145360,1257506932,7176981413,10874633705,119769576483.308627,55746223830.586633,158353333566.431777,333869133880.327037,18056347,4273064,19936964,42266375
2025-07-24,MIAX Pearl (H),31141291,51449372,125471070,208061733,1222124976.981200,3512301407.844200,2248441039.222700,6982867424.048100,332420,243390,459773,1035583
2025-07-24,EDGA Equities (J),31551629,21570976,234886995,288009600,1588082628.842500,1714642232.982000,1686343756.819000,4989068618.643500,441828,155383,538700,1135911
2025-07-24,EDGX Equities (K),171675774,147222874,705692331,1024590979,8439555216.428400,7972184259.240804,16624394501.673797,33036133977.343001,1909224,779842,3232548,5921614
2025-07-24,LTSE (L),83435,107391,269854,460680,5196823.585000,1986829.455000,11405108.946300,18588761.986300,655,435,880,1970
2025-07-24,NYSE Texas (M),14004920,16706727,24503484,55215131,1719713497.641700,2030370509.660500,3933568410.585798,7683652417.887998,32727,7275,37709,77711
2025-07-24,NYSE (N),1132581158,83516005,144647998,1360745161,67102240245.923303,4969228690.628500,5041651903.668901,77113120840.220704,4092469,339876,1054022,5486367
2025-07-24,NYSE Arca (P),269684057,402141538,1490274809,2162100404,14286696037.596993,31117087260.880686,31758686934.916583,77162470233.394262,3250594,2025147,6356301,11632042
2025-07-24,NASDAQ (Q),550363152,203629237,1749776578,2503768967,34624079417.405506,17757843589.067102,99982343901.435573,152364266907.908181,7975722,1407481,11836431,21219634
2025-07-24,Members Exchange (U),75959087,67751860,382116722,525827669,3940673759.601999,5106866130.493301,6472909073.162298,15520448963.257598,884146,364842,1176889,2425877
2025-07-24,Investors Exchange (V),215375568,75580642,224298535,515254745,12181298349.177303,4075543280.979201,10107799196.383898,26364640826.540402,2608189,368245,2176579,5153013
2025-07-24,NASDAQ PSX (X),6925872,4321631,12882643,24130146,531538716.900300,480504672.853200,535014772.043600,1547058161.797100,141536,24165,138468,304169
2025-07-24,BYX Equities (Y),42311443,23959050,64467686,130738179,2066207119.053900,1589524202.436700,2176387873.649801,5832119195.140401,565197,154290,585574,1305061
2025-07-24,BZX Equities (Z),213518855,119976160,399356639,732851654,12656629929.620304,11239216373.596195,15522037166.225702,39417883469.442201,3182805,736720,3022840,6942365
2025-07-23,NYSE American (A),7853004,23571480,9925235,41349719,450094101.234100,332191516.844700,436496689.920000,1218782307.998800,80837,79152,80305,240294
2025-07-23,NASDAQ BX (B),15578650,11343303,23054595,49976548,1293793940.003000,582229285.989200,1160918119.180900,3036941345.173100,250251,76986,262318,589555
2025-07-23,NYSE National (C),25424912,16798345,32332850,74556107,828034800.975200,794293965.890100,783280513.545900,2405609280.411200,295563,112913,271337,679813
2025-07-23,FINRA / Nasdaq TRF Chicago (DB),14741703,6531212,31396232,52669147,728988305.948500,271427975.092700,1674518635.813200,2674934916.854400,88075,25369,146362,259806
2025-07-23,FINRA / NYSE TRF (DN),110525827,72994260,454685941,638206028,4403166243.757601,4465132038.018398,6406116854.039501,15274415135.815500,600916,163842,803167,1567925
2025-07-23,FINRA / Nasdaq TRF Carteret (DQ),2651621985,1398454508,5869749251,9919825744,125261665221.164204,59383702165.932935,157526772329.465477,342172139716.562616,18507083,4534747,19932111,42973941
2025-07-23,MIAX Pearl (H),36919823,58747314,103064410,198731547,1303336744.452900,3488641979.513699,2156907668.755499,6948886392.722098,369354,259803,488184,1117341
2025-07-23,EDGA Equities (J),32430858,24383349,159823096,216637303,1562471160.930900,1568802251.142100,1629168991.248300,4760442403.321300,459517,151580,528724,1139821
2025-07-23,EDGX Equities (K),183764301,176819344,647588308,1008171953,8511565559.032298,8936250211.489600,16095337800.149703,33543153570.671601,1983015,889409,3188776,6061200
2025-07-23,LTSE (L),131889,203769,350977,686635,5378095.060000,2959479.055000,7566189.736800,15903763.851800,760,466,1032,2258
2025-07-23,NYSE Texas (M),25778024,15702664,30876586,72357274,2027821493.901999,1765307914.365000,4352847068.851498,8145976477.118497,34673,8504,42350,85527
2025-07-23,NYSE (N),1184481514,93317344,147856444,1425655302,65171279340.224110,5624185148.684501,4971268847.499899,75766733336.408510,4105699,343327,1060982,5510008
2025-07-23,NYSE Arca (P),293484210,474635576,1202367198,1970486984,14632802042.051603,36198468681.616985,33189588188.296794,84020858911.965382,3227461,2349107,6203865,11780433
2025-07-23,NASDAQ (Q),574278794,232931022,1750946414,2558156230,35901128225.843015,19244898151.895604,98599087645.521256,153745114023.259875,8081157,1488106,11907360,21476623
2025-07-23,Members Exchange (U),78872179,81299992,364817248,524989419,3898118096.376199,5552636211.610300,6432640711.737298,15883395019.723797,890032,429871,1219192,2539095
2025-07-23,Investors Exchange (V),227644696,82047061,229381488,539073245,12398641201.060196,4592787885.194698,10064827530.163597,27056256616.418491,2600711,393473,2223404,5217588
2025-07-23,NASDAQ PSX (X),8171014,5056421,12631950,25859385,614152691.038400,550132190.499600,542613326.889400,1706898208.427400,160015,27599,155880,343494
2025-07-23,BYX Equities (Y),42240159,26734326,63611131,132585616,2003615848.894600,1413096862.055200,2114692695.606100,5531405406.555900,542665,168707,575422,1286794
2025-07-23,BZX Equities (Z),231754350,146690546,365520963,743965859,13033356372.671998,11862240583.984807,14599256347.364896,39494853304.021701,3243925,807885,3040185,7091995
2025-07-22,NYSE American (A),8017766,27468846,10529576,46016188,397974856.676800,349192330.042600,389608368.964900,1136775555.684300,78894,81227,82878,242999
2025-07-22,NASDAQ BX (B),15908169,10421311,23981703,50311183,1215318028.925300,489048453.033300,1221077811.858100,2925444293.816700,244718,66581,259100,570399
2025-07-22,NYSE National (C),24108973,18112967,35171698,77393638,870998314.304400,937594677.576101,878819088.383200,2687412080.263701,285537,109285,279166,673988
2025-07-22,FINRA / Nasdaq TRF Chicago (DB),14381406,6699039,33781098,54861543,671949349.996800,277527351.613900,1785891228.479000,2735367930.089700,88083,26057,167819,281959
2025-07-22,FINRA / NYSE TRF (DN),98959766,64184956,331658618,494803340,3826959475.724099,1801419456.733601,6001068225.231101,11629447157.688801,584694,153481,751603,1489778
2025-07-22,FINRA / Nasdaq TRF Carteret (DQ),2582879813,1414355177,5533743601,9530978591,120230011062.093615,56364565503.621633,158743588110.592333,335338164676.307581,18165010,4382436,20113876,42661322
2025-07-22,MIAX Pearl (H),39720652,65659796,108580994,213961442,1367785416.326800,4230671365.972500,2227555652.366700,7826012434.666000,387597,258434,488024,1134055
2025-07-22,EDGA Equities (J),33095075,24443503,136821604,194360182,1369848537.990700,1749463903.413999,1709224822.232200,4828537263.636899,428084,137470,548146,1113700
2025-07-22,EDGX Equities (K),181970820,175640055,606681527,964292402,7895841475.658399,8768049512.426004,15014569119.435201,31678460107.519604,1902982,836611,3188159,5927752
2025-07-22,LTSE (L),236763,428947,377140,1042850,4089480.600000,33419454.655000,6828208.279100,44337143.534100,592,271,858,1721
2025-07-22,NYSE Texas (M),20356398,14855643,26836168,62048209,2111413468.832500,2236594029.177000,4024125731.659401,8372133229.668901,36988,7865,39119,83972
2025-07-22,NYSE (N),1256909586,101484811,160190584,1518584981,69142899059.214805,5217641383.309699,5308920378.796400,79669460821.320904,4025875,335957,1074720,5436552
2025-07-22,NYSE Arca (P),302825249,447171428,1265665452,2015662129,13661793064.612796,32251215444.153396,31808690768.545313,77721699277.311505,3285725,2104852,6659156,12049733
2025-07-22,NASDAQ (Q),571543816,219164125,1757315627,2548023568,33412947783.085002,17772988992.979400,97055849687.280764,148241786463.345166,7993624,1388655,11977643,21359922
2025-07-22,Members Exchange (U),80093294,79177855,304968168,464239317,3818468636.566201,5307641770.761994,6228728315.575105,15354838722.903300,898133,381152,1202916,2482201
2025-07-22,Investors Exchange (V),223066509,83174849,227254761,533496119,11372725353.186700,4342146968.842000,10148425462.632494,25863297784.661194,2499821,381269,2188037,5069127
2025-07-22,NASDAQ PSX (X),7583506,4400584,12427831,24411921,551229171.327300,470074703.966200,538604035.094900,1559907910.388400,146616,26433,152303,325352
2025-07-22,BYX Equities (Y),43209350,28043013,67835493,139087856,1907909810.699400,1494833455.370000,2179030431.197700,5581773697.267100,531065,157451,579883,1268399
2025-07-22,BZX Equities (Z),226221054,139794374,358336964,724352392,12015414461.052601,11200889849.192799,15262697883.900798,38479002194.146198,3142575,747534,3066419,6956528
2025-07-21,NYSE American (A),5702606,27432814,11104634,44240054,265617900.266100,341941261.736400,308533057.578200,916092219.580700,61817,85419,77269,224505
2025-07-21,NASDAQ BX (B),12688385,10353674,24111116,47153175,949790636.914500,437988696.659900,1151948990.153900,2539728323.728300,200641,65766,257399,523806
2025-07-21,NYSE National (C),21986233,16095485,37622945,75704663,727180164.475400,828719569.815300,837849412.258600,2393749146.549300,264374,102522,288845,655741
2025-07-21,FINRA / Nasdaq TRF Chicago (DB),14633716,8485045,38479764,61598525,603187124.044000,366387887.579800,1658329081.498099,2627904093.121899,90594,29790,175411,295795
2025-07-21,FINRA / NYSE TRF (DN),100588544,69925070,491326527,661840141,3640843775.494301,1872346704.691401,7048167479.779895,12561357959.965597,569337,163629,891224,1624190
2025-07-21,FINRA / Nasdaq TRF Carteret (DQ),2376935911,1370788130,6381818194,10129542235,105281911575.372374,56961045430.012433,155762100807.200599,318005057812.585406,17708593,4672872,21644134,44025599
2025-07-21,MIAX Pearl (H),35285593,53345358,135116585,223747536,1166345824.563100,3566438428.959402,2369974092.581300,7102758346.103802,335694,225088,543720,1104502
2025-07-21,EDGA Equities (J),28885912,21717950,147402618,198006480,1233013118.513500,1574175523.750400,1597608898.314600,4404797540.578500,394059,125108,564740,1083907
2025-07-21,EDGX Equities (K),161641084,158815722,685183952,1005640758,6860822463.582705,7879834045.117896,15046899886.082699,29787556394.783300,1705187,779658,3358767,5843612
2025-07-21,LTSE (L),95006,68540,609495,773041,3072005.070000,3453932.855000,5105849.899600,11631787.824600,510,422,1097,2029
2025-07-21,NYSE Texas (M),29681711,16367548,30061861,76111120,2301004563.112900,2681832117.647200,5497662319.943602,10480499000.703702,23781,8054,29925,61760
2025-07-21,NYSE (N),1079524164,87327207,167147997,1333999368,59109674770.398506,4580032803.364299,4891252098.567298,68580959672.330103,3668950,304961,1052474,5026385
2025-07-21,NYSE Arca (P),255846611,423422036,1464936321,2144204968,11831653975.593002,29173023507.559997,28564665543.571090,69569343026.724089,2921639,1999226,6979518,11900383
2025-07-21,NASDAQ (Q),470674101,197550581,1842227134,2510451816,27332895217.911593,15931587461.302006,89338396147.075538,132602878826.289137,6874819,1283255,11547645,19705719
2025-07-21,Members Exchange (U),65894953,71265877,318240971,455401801,3037287309.654100,4854633463.196703,5919614295.308004,13811535068.158807,746246,340409,1218656,2305311
2025-07-21,Investors Exchange (V),199016292,78183897,232685724,509885913,10132247365.117398,4106513671.354600,9404385223.772800,23643146260.244798,2348587,361516,2124323,4834426
2025-07-21,NASDAQ PSX (X),5331528,4159099,15292652,24783279,341165299.266300,407650163.714600,475380089.138000,1224195552.118900,110261,25659,156872,292792
2025-07-21,BYX Equities (Y),36118909,24620266,73371702,134110877,1570802064.742800,1302011373.486000,2003449883.421600,4876263321.650400,477716,149563,593314,1220593
2025-07-21,BZX Equities (Z),188479571,122101501,363705423,674286495,10160394928.743301,9887956061.214200,14020764080.268711,34069115070.226212,2780394,674902,2957843,6413139
2025-07-18,NYSE American (A),5416484,35580828,7513902,48511214,277288560.949600,372920977.076600,347941616.298000,998151154.324200,61060,90686,66907,218653
2025-07-18,NASDAQ BX (B),12987804,10662982,19974590,43625376,1088072288.219100,525848825.838600,1237611581.814000,2851532695.871700,209083,72715,244524,526322
2025-07-18,NYSE National (C),22484311,16531972,31511752,70528035,779455483.538400,784425781.956500,784062399.883600,2347943665.378500,290244,102656,270572,663472
2025-07-18,FINRA / Nasdaq TRF Chicago (DB),14081096,6403723,29726504,50211323,717250390.296000,233065612.063700,1736752724.853800,2687068727.213500,92221,25016,162548,279785
2025-07-18,FINRA / NYSE TRF (DN),97987725,77282907,335718061,510988693,3850317765.455901,2958813436.241699,8034650167.383704,14843781369.081304,539193,158632,766744,1464569
2025-07-18,FINRA / Nasdaq TRF Carteret (DQ),2282299870,1491708966,4797345964,8571354800,110208809483.400849,64253594311.008803,158517605512.622814,332980009307.032466,17129561,4474645,19545212,41149418
2025-07-18,MIAX Pearl (H),33918088,57132481,98979565,190030134,1312098496.515200,2505305840.919400,2354393779.583900,6171798117.018500,345634,216079,468346,1030059
2025-07-18,EDGA Equities (J),27163278,22257747,58431577,107852602,1289425318.273400,1420909536.589400,1730510591.344200,4440845446.207000,389788,129317,440742,959847
2025-07-18,EDGX Equities (K),165838192,170244535,527751898,863834625,7956689758.411106,6966496625.322894,16666524211.626005,31589710595.360005,1809672,782534,3262240,5854446
2025-07-18,LTSE (L),83334,108104,440974,632412,7195023.510000,3754812.002700,7611928.726100,18561764.238800,1032,403,1570,3005
2025-07-18,NYSE Texas (M),27731251,19031368,52683711,99446330,3328099477.783000,2939634624.395399,10780941904.314797,17048676006.493196,26333,7933,31223,65489
2025-07-18,NYSE (N),1269958164,99482046,144775129,1514215339,77918590394.328988,4651292986.640399,5083384481.551200,87653267862.520587,3857232,329308,1076293,5262833
2025-07-18,NYSE Arca (P),263171990,446082770,953596853,1662851613,14085468927.658399,30005079734.266783,30011783633.530700,74102332295.455882,3220767,2093194,6576885,11890846
2025-07-18,NASDAQ (Q),506206645,227651454,1738581555,2472439654,32097097698.843788,16834590629.897791,108055507459.364419,156987195788.105998,7529524,1405282,11878691,20813497
2025-07-18,Members Exchange (U),73134561,78928528,247642456,399705545,3916420480.660500,4197079939.557300,7015142310.363904,15128642730.581704,867307,352642,1204058,2424007
2025-07-18,Investors Exchange (V),197486580,83761278,207576252,488824110,10260331664.114801,4117120984.568000,9231960813.788199,23609413462.471000,2306172,375180,2026434,4707786
2025-07-18,NASDAQ PSX (X),5864854,5249692,10147203,21261749,436409282.973200,459402276.513600,641839521.341900,1537651080.828700,121734,31337,149261,302332
2025-07-18,BYX Equities (Y),36934569,25523668,63705517,126163754,1724012873.749000,1300408819.460300,2012968736.151401,5037390429.360701,534692,153226,597867,1285785
2025-07-18,BZX Equities (Z),202958424,135920099,301227741,640106264,11965619907.800897,10632485994.586205,16520729562.472006,39118835464.859108,3040166,729206,3031350,6800722
2025-07-17,NYSE American (A),7075951,33953208,8330400,49359559,349251481.088000,369006852.893500,364864805.834100,1083123139.815600,75312,94174,77838,247324
2025-07-17,NASDAQ BX (B),15574314,9677583,23980542,49232439,1174854094.560700,489258568.251400,1163836415.065800,2827949077.877900,221847,66930,254446,543223
2025-07-17,NYSE National (C),25404047,16714783,34017032,76135862,869998216.633000,907649893.061000,837865321.309300,2615513431.003300,306541,105566,321813,733920
2025-07-17,FINRA / Nasdaq TRF Chicago (DB),15109740,6321867,31938006,53369613,735848434.967400,299301564.453400,1676115260.027200,2711265259.448000,92584,24315,156464,273363
2025-07-17,FINRA / NYSE TRF (DN),105657041,70782090,326571676,503010807,3988182037.162199,1804364877.756799,6829692330.478101,12622239245.397099,573624,154950,799032,1527606
2025-07-17,FINRA / Nasdaq TRF Carteret (DQ),2562814374,1404449732,5080719323,9047983429,118654179736.617665,65994498157.372102,161825877944.935208,346474555838.924975,17994962,4176375,20611590,42782927
2025-07-17,MIAX Pearl (H),39569988,54714138,107957046,202241172,1398684878.640800,3398631040.548399,2538535746.921801,7335851666.111000,371334,218101,518740,1108175
2025-07-17,EDGA Equities (J),33533000,20308614,66788674,120630288,1518433663.409100,1707882234.036600,1907553677.086500,5133869574.532200,459223,130339,539311,1128873
2025-07-17,EDGX Equities (K),180869271,157223732,561490097,899583100,8229571646.591498,8270033725.700900,16528091831.015904,33027697203.308302,1863007,765743,3465891,6094641
2025-07-17,LTSE (L),104174,127762,152205,384141,4469375.615000,2070305.370000,4223403.925000,10763084.910000,766,397,761,1924
2025-07-17,NYSE Texas (M),17088580,14125616,26735423,57949619,1601427001.676100,2341639211.656699,3881207806.838199,7824274020.170998,30695,7228,32249,70172
2025-07-17,NYSE (N),1206735153,91052757,166967766,1464755676,65775220670.807404,4944000763.713699,5197797259.778399,75917018694.299502,3985018,300188,1090967,5376173
2025-07-17,NYSE Arca (P),280102278,404031604,1026163084,1710296966,14074090885.157296,28591555372.641809,31071907551.783828,73737553809.582933,3250876,1866008,7025545,12142429
2025-07-17,NASDAQ (Q),537269768,209509565,1875891079,2622670412,33989813625.073296,16768583625.341193,101569752933.869883,152328150184.284372,7940560,1315782,12456281,21712623
2025-07-17,Members Exchange (U),77077595,70239240,257557855,404874690,3890798758.584801,4775663572.957004,7253741685.814398,15920204017.356203,902525,344596,1305611,2552732
2025-07-17,Investors Exchange (V),204726067,85469834,227302577,517498478,10811660017.613798,4348966615.425502,9750570065.447797,24911196698.487097,2375995,379940,2127741,4883676
2025-07-17,NASDAQ PSX (X),6772517,4223075,13567624,24563216,503381694.059100,463527384.950300,625784564.036400,1592693643.045800,138134,25606,169352,333092
2025-07-17,BYX Equities (Y),42442073,26770879,72482155,141695107,1909508015.683800,1497997716.842000,2179595973.093698,5587101705.619498,577578,161001,692244,1430823
2025-07-17,BZX Equities (Z),219080846,132421952,327794515,679297313,12363427882.912404,10725118721.874295,15698976170.049112,38787522774.835811,3168465,692431,3140021,7000917
2025-07-16,NYSE American (A),6730896,27723326,8259242,42713464,381040008.363100,551737220.932400,424570869.864300,1357348099.159800,70618,92661,75788,239067
2025-07-16,NASDAQ BX (B),15162671,13901703,21309461,50373835,1136476379.684900,771660328.447200,1292793000.106400,3200929708.238500,229334,98021,264238,591593
2025-07-16,NYSE National (C),24120932,21720127,30358130,76199189,812250239.544200,1028855577.237600,981807479.889300,2822913296.671100,288854,141392,298008,728254
2025-07-16,FINRA / Nasdaq TRF Chicago (DB),13180202,8222902,28812604,50215708,686664003.094000,373884882.936500,1775884517.057099,2836433403.087599,82538,28549,156277,267364
2025-07-16,FINRA / NYSE TRF (DN),92252095,80361105,279886058,452499258,3481554539.313200,2718356576.786802,6549080630.757500,12748991746.857502,548321,165055,760692,1474068
2025-07-16,FINRA / Nasdaq TRF Carteret (DQ),2402078122,1514299445,4464669748,8381047315,112604958399.230903,64877531985.599006,163059315000.349649,340541805385.179558,17246909,4732608,20004943,41984460
2025-07-16,MIAX Pearl (H),35499213,84146085,107126750,226772048,1278068112.981600,4704788953.040100,2947683073.034698,8930540139.056398,340885,314817,498782,1154484
2025-07-16,EDGA Equities (J),29142964,25282822,64866615,119292401,1298322425.007000,1813356000.722500,1909480843.258100,5021159268.987600,409378,161556,487269,1058203
2025-07-16,EDGX Equities (K),161613213,211866671,566730115,940209999,7725930219.463204,12333190244.608406,17384694980.752293,37443815444.823903,1762299,1051874,3204995,6019168
2025-07-16,LTSE (L),122685,199718,248536,570939,7116629.465000,3624171.210000,10298525.589500,21039326.264500,1168,649,1612,3429
2025-07-16,NYSE Texas (M),18548577,12545606,21569696,52663879,1159888565.794200,1862437133.981500,2844985077.745899,5867310777.521599,26610,11086,29631,67327
2025-07-16,NYSE (N),1133752448,142416490,153507877,1429676815,63441246535.682600,9410103014.436104,6235432887.257399,79086782437.376103,3841128,493781,1108587,5443496
2025-07-16,NYSE Arca (P),257375886,517123835,1173948746,1948448467,13384111652.254302,40227362208.114935,35875504059.338616,89486977919.707853,3106764,2514889,6896684,12518337
2025-07-16,NASDAQ (Q),513956014,286209134,1691806508,2491971656,31695147787.161998,23128285759.384095,112404217351.624857,167227650898.170950,7560237,1745562,12064623,21370422
2025-07-16,Members Exchange (U),74966221,105460152,243630847,424057220,3874027703.398299,7037764918.798299,7104273685.059101,18016066307.255699,886296,471328,1229569,2587193
2025-07-16,Investors Exchange (V),206733298,100501069,209619673,516854040,10482280318.966298,5424963774.803097,10655495091.343300,26562739185.112695,2400681,460105,2159183,5019969
2025-07-16,NASDAQ PSX (X),6689814,5995287,11046605,23731706,511870159.906900,908923904.878100,707086264.360400,2127880329.145400,133464,34541,154193,322198
2025-07-16,BYX Equities (Y),42849383,32592983,59714424,135156790,1800140238.577500,1791622364.806500,2301501123.199899,5893263726.583899,521198,198167,612228,1331593
2025-07-16,BZX Equities (Z),208072125,179533831,296688221,684294177,11374951758.038001,16015123147.611010,16982238927.058697,44372313832.707708,3025427,943710,3056821,7025958
2025-07-15,NYSE American (A),7495482,27408940,8390101,43294523,431078676.284500,372509083.930900,510674600.297400,1314262360.512800,79890,88041,80560,248491
2025-07-15,NASDAQ BX (B),14151283,11375367,18843227,44369877,1069118078.993700,540932304.685400,1200170771.887200,2810221155.566300,219497,82343,247573,549413
2025-07-15,NYSE National (C),23715867,19362759,26705040,69783666,789484675.376400,847384232.077600,849298517.613400,2486167425.067400,270616,118587,262506,651709
2025-07-15,FINRA / Nasdaq TRF Chicago (DB),12918351,7573559,24430214,44922124,653494054.078400,282808343.652600,1644697037.315200,2580999435.046200,83842,28259,150884,262985
2025-07-15,FINRA / NYSE TRF (DN),92722930,76488395,283119758,452331083,3518643230.529300,1939537815.880800,6702748245.512400,12160929291.922500,531815,164662,737617,1434094
2025-07-15,FINRA / Nasdaq TRF Carteret (DQ),2410689023,1518908787,4347138589,8276736399,110286071116.098874,59849635303.724627,158796377088.059057,328932083507.882558,16891207,4858580,19015639,40765426
2025-07-15,MIAX Pearl (H),34532526,71922125,81796312,188250963,1206101634.693900,4373065503.411898,2437989851.313798,8017156989.419596,331004,268417,443919,1043340
2025-07-15,EDGA Equities (J),31419026,24643677,59540336,115603039,1464702837.395800,1637157262.033900,1769107300.733201,4870967400.162901,435542,160430,472015,1067987
2025-07-15,EDGX Equities (K),164815454,219057565,468835297,852708316,7484844974.586802,10772942472.620200,16401690684.611415,34659478131.818417,1791405,1068842,3158562,6018809
2025-07-15,LTSE (L),172291,158424,338301,669016,11865450.110000,2607004.855000,11566244.707000,26038699.672000,1735,613,1477,3825
2025-07-15,NYSE Texas (M),16728786,24235607,20015368,60979761,1106758661.453300,2423421722.892300,2901083211.372900,6431263595.718500,24592,9235,25761,59588
2025-07-15,NYSE (N),1133229401,122752445,136433141,1392414987,61978191032.141592,8038304241.004598,5747374531.472799,75763869804.618989,3911122,404831,1082679,5398632
2025-07-15,NYSE Arca (P),258797828,531558782,925363991,1715720601,13174946152.220106,34227459607.312496,33027491035.870122,80429896795.402724,3112825,2418072,6601845,12132742
2025-07-15,NASDAQ (Q),508920150,254856227,1538044817,2301821194,30896709597.748403,19560378785.710797,100007992967.521872,150465081350.981072,7493592,1578245,11897859,20969696
2025-07-15,Members Exchange (U),72491757,94437528,214826244,381755529,3582290338.721099,5980234465.929805,7121829587.821404,16684354392.472308,836952,435366,1160081,2432399
2025-07-15,Investors Exchange (V),196011955,90393257,196650239,483055451,10089252116.169602,4690362854.780399,9927983188.825803,24707598159.775804,2301579,401647,2019770,4722996
2025-07-15,NASDAQ PSX (X),6921706,6268963,10385247,23575916,524135898.261500,552603702.449800,719105507.567100,1795845108.278400,135919,36909,150389,323217
2025-07-15,BYX Equities (Y),39418666,32798403,57038226,129255295,1619382587.372700,1774761627.542400,2063841635.408400,5457985850.323500,493920,198399,558340,1250659
2025-07-15,BZX Equities (Z),201698110,154723995,265552209,621974314,11115262618.413699,12490988945.839299,15254799758.915900,38861051323.168898,2961970,833939,2921694,6717603
2025-07-14,NYSE American (A),6580364,26361435,7728216,40670015,318441010.581300,347664134.408500,448936097.600700,1115041242.590500,66907,84734,77326,228967
2025-07-14,NASDAQ BX (B),13887291,8618885,18696903,41203079,974510660.961300,419372459.058300,1107209722.267500,2501092842.287100,209962,65679,247236,522877
2025-07-14,NYSE National (C),23763945,15314552,24299418,63377915,737327351.587500,608432136.618501,796939069.742900,2142698557.948901,262736,95504,246276,604516
2025-07-14,FINRA / Nasdaq TRF Chicago (DB),11616186,6647358,23659467,41923011,521299450.061900,280211200.553600,1474710962.525000,2276221613.140500,77956,28017,152520,258493
2025-07-14,FINRA / NYSE TRF (DN),81842597,63242679,274281779,419367055,2998732071.174900,1536258978.795600,5922896554.782602,10457887604.753102,532396,156899,742024,1431319
2025-07-14,FINRA / Nasdaq TRF Carteret (DQ),2159308343,1326311302,4017578887,7503198532,98712755815.882419,49788137533.011868,140381396065.854635,288882289414.748922,15936053,4411980,18616166,38964199
2025-07-14,MIAX Pearl (H),31970797,52442263,85230856,169643916,1047832260.752000,2900285680.601200,2204996743.177001,6153114684.530201,300590,202439,437786,940815
2025-07-14,EDGA Equities (J),28796473,18154874,53249388,100200735,1194178406.049700,1190425128.617100,1594861700.115000,3979465234.781800,401217,119187,447642,968046
2025-07-14,EDGX Equities (K),151391689,163721168,465491822,780604679,6270631911.606804,7739930647.926202,14305350742.875303,28315913302.408309,1667547,844920,3281653,5794120
2025-07-14,LTSE (L),191550,179571,257829,628950,6988484.605000,1775131.770000,6397276.718700,15160893.093700,910,450,1023,2383
2025-07-14,NYSE Texas (M),17230343,12265964,16884544,46380851,1441628242.424000,1298453104.868200,3011089097.623099,5751170444.915299,24414,7344,28757,60515
2025-07-14,NYSE (N),1058486288,91558160,128282536,1278326984,56854782668.205684,5438452206.038499,4965779070.539601,67259013944.783784,3514548,313992,986964,4815504
2025-07-14,NYSE Arca (P),234986118,409866782,913044827,1557897727,11094104936.833198,25168303323.725991,27462333772.136412,63724742032.695601,2788035,1891930,6638093,11318058
2025-07-14,NASDAQ (Q),467902482,197972200,1504245941,2170120623,27614639591.381493,14555293517.378706,89123516750.427961,131293449859.188160,6891135,1253364,11400320,19544819
2025-07-14,Members Exchange (U),64247156,71661359,193431258,329339773,3006866842.458100,4321536365.899401,5728899767.203798,13057302975.561299,731991,338719,1047813,2118523
2025-07-14,Investors Exchange (V),188265622,68194725,192699428,449159775,9471561805.792499,3433485613.655600,9347042702.302798,22252090121.750897,2254562,335682,1994136,4584380
2025-07-14,NASDAQ PSX (X),5582327,4045488,8728407,18356222,417038631.685100,383707105.287500,596826834.478200,1397572571.450800,117388,22414,139389,279191
2025-07-14,BYX Equities (Y),38804368,22711817,52486170,114002355,1546985798.154200,1218816318.686699,1868131558.688201,4633933675.529100,467996,149421,530827,1148244
2025-07-14,BZX Equities (Z),186279737,123328020,244487332,554095089,9628806617.270600,8935048100.831699,13743426340.491997,32307281058.594296,2665883,674636,2765545,6106064
2025-07-11,NYSE American (A),5889597,28685189,7218440,41793226,303169810.805700,317443274.964800,354813315.734700,975426401.505200,63175,86087,70391,219653
2025-07-11,NASDAQ BX (B),15253796,8984889,19612456,43851141,948322338.003000,418833856.668400,1085150418.538100,2452306613.209500,211043,67369,243296,521708
2025-07-11,NYSE National (C),22583305,14724310,25708178,63015793,738534223.020200,700305063.448499,760895423.999100,2199734710.467799,255909,105233,242543,603685
2025-07-11,FINRA / Nasdaq TRF Chicago (DB),13194006,5904170,23851016,42949192,502385857.186500,255745380.080700,1678717792.991599,2436849030.258799,74689,25759,150067,250515
2025-07-11,FINRA / NYSE TRF (DN),86365992,62941373,293573806,442881171,2994351801.185100,1752956539.010600,6462426186.626499,11209734526.822199,518740,149641,702516,1370897
2025-07-11,FINRA / Nasdaq TRF Carteret (DQ),2157567467,1297669620,4066990527,7522227614,93452686740.385265,51781095293.265335,142757484797.357506,287991266831.008106,15458719,4449194,18051353,37959266
2025-07-11,MIAX Pearl (H),32988730,52113839,81909683,167012252,1022266853.567900,3562339235.702702,2130965454.409900,6715571543.680502,295772,218265,429032,943069
2025-07-11,EDGA Equities (J),30033007,18721731,62177600,110932338,1216252346.466600,1410764425.417200,1574145737.478000,4201162509.361800,401578,129691,428191,959460
2025-07-11,EDGX Equities (K),148048914,164161084,488543140,800753138,5954930521.734898,7826004515.287500,14848301443.653801,28629236480.676199,1565170,876441,3095757,5537368
2025-07-11,LTSE (L),86921,199506,195087,481514,4429652.220000,1403319.290000,6249937.299100,12082908.809100,820,421,1062,2303
2025-07-11,NYSE Texas (M),17060664,18877014,24560538,60498216,1406113190.209600,2209856258.916000,4776286182.936203,8392255632.061803,29282,6835,29921,66038
2025-07-11,NYSE (N),1039203449,91142160,115868769,1246214378,56275264650.848000,5172849404.116301,4526366525.278700,65974480580.243001,3431364,308239,928811,4668414
2025-07-11,NYSE Arca (P),239894693,432222399,980969444,1653086536,10671826341.567504,27772783838.791400,29066185997.938886,67510796178.297790,2668353,2077480,6427655,11173488
2025-07-11,NASDAQ (Q),447981782,202999302,1446769761,2097750845,25696575133.972294,15998298305.629006,91850178325.407644,133545051765.008944,6476004,1317828,10950100,18743932
2025-07-11,Members Exchange (U),63541705,72602554,225189684,361333943,2815478955.096999,4656113457.350698,6430375173.195102,13901967585.642799,680777,357369,1080839,2118985
2025-07-11,Investors Exchange (V),182448040,73971132,180522208,436941380,9112431337.722099,3993936327.921698,9007899789.320103,22114267454.963900,2157216,346944,1884138,4388298
2025-07-11,NASDAQ PSX (X),5931624,4707486,8733563,19372673,361665059.969600,488449172.498800,512446453.012400,1362560685.480800,106648,27415,126092,260155
2025-07-11,BYX Equities (Y),42663764,24132177,52926241,119722182,1505375213.127100,1223269485.830301,1832235997.314200,4560880696.271601,463724,163743,515967,1143434
2025-07-11,BZX Equities (Z),174480677,125443012,279821797,579745486,8895194494.622902,10175618156.752098,15011509747.655898,34082322399.030898,2491399,695697,2699924,5887020
2025-07-10,NYSE American (A),6595838,29179863,7851242,43626943,307819234.258700,300542054.298800,322945750.327100,931307038.884600,63348,87649,66984,217981
2025-07-10,NASDAQ BX (B),16641496,10320029,20866982,47828507,1100233298.691500,443847120.907200,1183349831.236000,2727430250.834700,240056,63489,248627,552172
2025-07-10,NYSE National (C),25612031,14521164,27666409,67799604,974142030.606200,737147636.259400,962854066.313900,2674143733.179500,285027,83690,266021,634738
2025-07-10,FINRA / Nasdaq TRF Chicago (DB),13739602,6507271,25628922,45875795,604778740.789900,263920897.394100,1829298984.623301,2697998622.807301,85327,24917,148182,258426
2025-07-10,FINRA / NYSE TRF (DN),100484033,66890789,335278987,502653809,3600290827.479800,1667001777.355400,6727320260.251600,11994612865.086800,562080,146429,684097,1392606
2025-07-10,FINRA / Nasdaq TRF Carteret (DQ),2510844811,1488370122,5040731069,9039946002,108356807957.944724,57927012105.262842,151444060955.952484,317727881019.160050,17255913,4270717,18992394,40519024
2025-07-10,MIAX Pearl (H),39691675,60445961,98194479,198332115,1292144856.611300,3219187105.093300,2472257690.086001,6983589651.790601,366811,224017,458323,1049151
2025-07-10,EDGA Equities (J),36358093,19817114,62301805,118477012,1412354844.810000,1358385323.880500,1805056335.459101,4575796504.149601,457582,131444,460716,1049742
2025-07-10,EDGX Equities (K),191782737,176879909,588030277,956692923,7566350705.281001,7379033374.883897,15087076194.847909,30032460275.012807,2046530,828071,3005368,5879969
2025-07-10,LTSE (L),175679,163412,213396,552487,7798785.940000,3629913.172600,6406866.302600,17835565.415200,1070,484,1193,2747
2025-07-10,NYSE Texas (M),15683989,29972468,16329505,61985962,1289507421.369200,3175849007.430000,2662287570.170400,7127643998.969600,30775,9098,31405,71278
2025-07-10,NYSE (N),1107142167,87315620,136335531,1330793318,60914243308.568106,5062820038.766002,4939978952.056600,70917042299.390708,3737441,286099,964169,4987709
2025-07-10,NYSE Arca (P),315068074,465258009,1297580447,2077906530,13139151604.354601,26327484544.083031,28796456408.617499,68263092557.055131,3446040,1968080,6058052,11472172
2025-07-10,NASDAQ (Q),533042976,211493929,1570760436,2315297341,30217274576.046798,15573504492.247398,95326636950.561858,141117416018.856054,7439484,1251292,11397355,20088131
2025-07-10,Members Exchange (U),74723817,76968012,281156641,432848470,3298066696.295301,4300517146.373400,6325705131.056997,13924288973.725698,836315,330400,1104382,2271097
2025-07-10,Investors Exchange (V),208862018,77802323,206434698,493099039,10898476455.755899,3954330019.190800,9875334379.040802,24728140853.987501,2381337,351850,2008315,4741502
2025-07-10,NASDAQ PSX (X),7543482,4176240,10068278,21788000,517397573.942100,424055984.388000,635034622.699700,1576488181.029800,137976,23550,142862,304388
2025-07-10,BYX Equities (Y),48251892,25633890,63310963,137196745,1892771933.800600,1291630489.792900,2247796458.239900,5432198881.833400,539216,139310,554935,1233461
2025-07-10,BZX Equities (Z),210146830,130739695,334478219,675364744,10810688566.551799,9596252962.010199,14935288586.816399,35342230115.378397,2992086,673349,2872172,6537607
2025-07-09,NYSE American (A),5857540,35411508,7379118,48648166,261978477.670700,370911847.718000,299856407.010200,932746732.398900,59863,92438,65743,218044
2025-07-09,NASDAQ BX (B),13918367,10341914,19971596,44231877,958384026.300300,468489006.500600,1148499741.216900,2575372774.017800,212874,67625,248381,528880
2025-07-09,NYSE National (C),22330034,15107338,26244805,63682177,718920894.741000,739449794.796700,851524869.235600,2309895558.773300,257801,88592,243947,590340
2025-07-09,FINRA / Nasdaq TRF Chicago (DB),11199535,7099099,25498336,43796970,556817350.646800,286818990.813100,1580954559.592600,2424590901.052500,69758,25628,134902,230288
2025-07-09,FINRA / NYSE TRF (DN),88915397,88816609,336592288,514324294,3166319583.175500,1907164698.555800,6230105232.960602,11303589514.691902,520611,159218,689721,1369550
2025-07-09,FINRA / Nasdaq TRF Carteret (DQ),2264371286,1660345487,5575778131,9500494904,101870285880.498665,57275308587.965391,147189481319.399784,306335075787.863840,15586594,4514216,18464286,38565096
2025-07-09,MIAX Pearl (H),32878300,63650467,92632195,189160962,1120109657.509200,3611892690.719000,2139602413.099200,6871604761.327400,312808,231764,447813,992385
2025-07-09,EDGA Equities (J),28494384,27238371,66290442,122023197,1271068051.342800,1487787155.699999,1923232876.491100,4682088083.533899,400321,153623,464545,1018489
2025-07-09,EDGX Equities (K),154125252,202795762,483260436,840181450,6554572153.917700,8103850242.870298,14075508035.423803,28733930432.211801,1602038,871101,3021408,5494547
2025-07-09,LTSE (L),121818,376091,236496,734405,5760242.630000,3244226.375300,7328203.026300,16332672.031600,889,525,1198,2612
2025-07-09,NYSE Texas (M),19567246,16022067,32381129,67970442,1157665292.077100,1350895565.621400,5121079430.241498,7629640287.939998,26979,7928,29854,64761
2025-07-09,NYSE (N),1081423636,91434123,127894427,1300752186,60525484815.320792,5777840208.669899,4828037351.547901,71131362375.538592,3543748,311668,953037,4808453
2025-07-09,NYSE Arca (P),243016389,533773761,1103245331,1880035481,11162212357.667793,30062241444.257301,29586530992.123901,70810984794.048995,2653527,2096116,6265856,11015499
2025-07-09,NASDAQ (Q),459387426,215259603,1549016492,2223663521,26370221119.455991,16375299221.553189,92097225403.784991,134842745744.794171,6681380,1285368,11115332,19082080
2025-07-09,Members Exchange (U),65365178,88441437,242843661,396650276,2935115723.488700,4843264329.020099,6316495398.296698,14094875450.805497,718398,356562,1091332,2166292
2025-07-09,Investors Exchange (V),186806761,79042350,209870117,475719228,9388654582.113900,4277246939.711100,9658789949.170700,23324691470.995700,2229947,353057,1997338,4580342
2025-07-09,NASDAQ PSX (X),7692265,4488662,10862446,23043373,517097249.518100,511674184.649100,628031071.239200,1656802505.406400,125029,24929,150116,300074
2025-07-09,BYX Equities (Y),41139512,26914347,63292502,131346361,1608030998.088800,1298806118.412400,2147356034.155499,5054193150.656699,485719,160349,530420,1176488
2025-07-09,BZX Equities (Z),176556833,131525998,304215442,612298273,9441428350.155096,10430173147.453195,13910247770.230200,33781849267.838491,2615255,677073,2698342,5990670
2025-07-08,NYSE American (A),7073614,24706321,6955704,38735639,339092135.816200,384263484.771900,293896832.572300,1017252453.160400,71285,75080,68750,215115
2025-07-08,NASDAQ BX (B),16352644,9987215,19831908,46171767,1098636982.438500,493076603.541300,1066899782.753500,2658613368.733300,237531,73169,247666,558366
2025-07-08,NYSE National (C),25877547,14885051,29274658,70037256,820397356.453700,708366580.386000,755202385.884700,2283966322.724400,279125,92003,256257,627385
2025-07-08,FINRA / Nasdaq TRF Chicago (DB),14489820,6353036,26088104,46930960,620389802.658800,266025235.673600,1592054537.834199,2478469576.166599,87811,25654,146745,260210
2025-07-08,FINRA / NYSE TRF (DN),104294108,59644361,271360577,435299046,3604862383.448601,1649206634.560900,5644085896.263500,10898154914.273001,579549,140018,712871,1432438
2025-07-08,FINRA / Nasdaq TRF Carteret (DQ),2703194105,1382386075,4317538461,8403118641,115234466260.465154,57816214701.687509,150048560384.781762,323099241346.934425,17513692,4329447,18677902,40521041
2025-07-08,MIAX Pearl (H),35837068,63470334,86468050,185775452,1282314496.813200,3031485971.834401,2211703248.463101,6525503717.110702,286389,215235,421952,923576
2025-07-08,EDGA Equities (J),35976957,19463767,55837077,111277801,1532541215.103000,1369058962.972400,1400815048.783400,4302415226.858800,466137,125694,467015,1058846
2025-07-08,EDGX Equities (K),206021112,183925364,472983734,862930210,7464549947.917198,8263115882.041798,13458192021.857297,29185857851.816293,1976030,797661,2917156,5690847
2025-07-08,LTSE (L),153292,192806,199437,545535,11132514.570000,5521267.335000,5497126.209500,22150908.114500,1105,549,1041,2695
2025-07-08,NYSE Texas (M),20540441,19871397,17745306,58157144,1358216777.827800,2361589780.605000,2474029928.580000,6193836487.012800,27694,8329,28885,64908
2025-07-08,NYSE (N),1241992360,104574091,134947399,1481513850,66604631173.036901,6444763143.511899,4797345727.143300,77846740043.692100,3914388,351562,985082,5251032
2025-07-08,NYSE Arca (P),314535565,472837801,850592355,1637965721,12584008156.265703,30795608753.919390,25822471008.144799,69202087918.329892,3092920,1953241,5862259,10908420
2025-07-08,NASDAQ (Q),546737172,218903029,1621448824,2387089025,30799138833.413394,17788783989.998999,95265617447.173491,143853540270.585884,7868791,1336204,11260732,20465727
2025-07-08,Members Exchange (U),78045468,86228047,205953928,370227443,3329873324.187500,4998610150.556298,5674788553.071104,14003272027.814902,817420,360070,1008529,2186019
2025-07-08,Investors Exchange (V),217182023,81116661,203916288,502214972,11032149910.742300,4438473550.602001,9657083171.647501,25127706632.991802,2522066,378186,2090117,4990369
2025-07-08,NASDAQ PSX (X),10025229,4905368,10877086,25807683,567990985.622900,512909049.589800,589317626.971300,1670217662.184000,152052,26285,138540,316877
2025-07-08,BYX Equities (Y),45827414,23395369,59866397,129089180,1747062888.676200,1320243289.695700,1862723681.573700,4930029859.945600,527507,152002,520918,1200427
2025-07-08,BZX Equities (Z),207377406,126143226,256479769,590000401,10443407707.076004,9618450584.547296,12512645535.512401,32574503827.135701,2879118,650527,2594054,6123699
2025-07-07,NYSE American (A),6687451,23985824,7030715,37703990,320201916.295400,347663928.272900,317678417.805100,985544262.373400,71017,83615,69201,223833
2025-07-07,NASDAQ BX (B),14618160,11676493,19843856,46138509,1050516625.636600,594627937.236600,1188838647.000000,2833983209.873200,225054,85327,258128,568509
2025-07-07,NYSE National (C),24115732,15475680,26253916,65845328,785269949.366700,665377545.963100,791653948.419300,2242301443.749100,272754,107262,254677,634693
2025-07-07,FINRA / Nasdaq TRF Chicago (DB),12810456,6141919,24779571,43731946,581209987.232100,332257784.653500,1592766504.636600,2506234276.522200,83983,32271,149215,265469
2025-07-07,FINRA / NYSE TRF (DN),95302863,59070036,246647012,401019911,3178255747.196100,2187304243.247999,5618263554.513299,10983823544.957398,575650,167913,774856,1518419
2025-07-07,FINRA / Nasdaq TRF Carteret (DQ),2468094254,1430800357,4159011114,8057905725,106366883421.497191,64196104439.556726,145622645003.341877,316185632864.395794,17733063,5318671,20221716,43273450
2025-07-07,MIAX Pearl (H),34369964,59539923,81950871,175860758,1176629450.672800,3742369404.332199,2231880287.636200,7150879142.641199,321639,213745,420023,955407
2025-07-07,EDGA Equities (J),36421840,19004524,57911687,113338051,1400799676.909500,1325435261.537900,1455986719.648000,4182221658.095400,497286,141482,491024,1129792
2025-07-07,EDGX Equities (K),172731382,163217890,492772313,828721585,6779340686.273599,8418757647.326303,14114896586.003998,29312994919.603900,1757574,860635,3198167,5816376
2025-07-07,LTSE (L),185461,126498,165773,477732,10296743.395000,3335357.490000,9180499.805000,22812600.690000,1458,575,1266,3299
2025-07-07,NYSE Texas (M),15028423,13611839,24468630,53108892,875959797.978000,1511888917.349300,3275777679.058401,5663626394.385701,24410,9260,25106,58776
2025-07-07,NYSE (N),1154377917,98383430,131156158,1383917505,62682100827.017905,6249870142.574300,4727394647.690401,73659365617.282606,3784617,348311,1040692,5173620
2025-07-07,NYSE Arca (P),277112552,456854995,929261549,1663229096,11627114007.316696,34392138485.809902,29355153617.592416,75374406110.719014,2858896,2204503,6417314,11480713
2025-07-07,NASDAQ (Q),486120857,217480865,1609270064,2312871786,27548268332.807601,19548225313.200807,96669493237.997090,143765986884.005498,7353971,1425762,11728659,20508392
2025-07-07,Members Exchange (U),71233047,76050853,202768718,350052618,3061612992.637000,4569848996.254001,5958097490.981300,13589559479.872301,789476,357442,1109682,2256600
2025-07-07,Investors Exchange (V),197089196,82216165,203154024,482459385,10108090739.072802,4379510479.753000,9423388000.156602,23910989218.982404,2426155,400768,2101870,4928793
2025-07-07,NASDAQ PSX (X),7576448,5534264,10351637,23462349,468925704.301900,641449109.346600,545723330.499200,1656098144.147700,123558,30923,138519,293000
2025-07-07,BYX Equities (Y),42020798,26157884,53856111,122034793,1648621233.521800,1259586728.129800,1921531833.009198,4829739794.660798,513783,169613,529314,1212710
2025-07-07,BZX Equities (Z),190936032,134893537,258606679,584436248,9674098549.955900,11086286975.696699,12852790091.731313,33613175617.383912,2717222,732203,2763855,6213280
2025-07-03,NYSE American (A),4711841,15928968,6623118,27263927,252073365.755300,380583618.122900,266759001.592400,899415985.470600,48689,67678,51322,167689
2025-07-03,NASDAQ BX (B),9918666,6502954,16846256,33267876,741074731.900600,373625722.271400,851734071.990500,1966434526.162500,148813,49210,175566,373589
2025-07-03,NYSE National (C),14935774,9690934,17970630,42597338,543103371.397700,452114819.055000,566003175.681000,1561221366.133700,170064,60753,161646,392463
2025-07-03,FINRA / Nasdaq TRF Chicago (DB),7996410,4342444,17335330,29674184,399898740.024300,262651251.265800,1113107804.115600,1775657795.405700,51999,22133,99630,173762
2025-07-03,FINRA / NYSE TRF (DN),68530855,38075246,209878453,316484554,2125942041.525300,1483247396.595000,4243236397.047299,7852425835.167599,361543,116354,495583,973480
2025-07-03,FINRA / Nasdaq TRF Carteret (DQ),1660040712,893439375,3108744151,5662224238,66408330725.391324,42696017592.331482,100745356060.467914,209849704378.190720,10819535,3363567,12796354,26979456
2025-07-03,MIAX Pearl (H),23567840,31096183,65559947,120223970,849359783.837300,1754289199.364400,1625291616.089100,4228940599.290800,227254,143179,313658,684091
2025-07-03,EDGA Equities (J),19663225,13882709,50722536,84268470,800079701.224600,1053218690.665200,989396198.240800,2842694590.130600,260896,93593,319844,674333
2025-07-03,EDGX Equities (K),107293695,105806064,356170898,569270657,4341380227.405299,5853713095.152398,10216859580.420198,20411952902.977895,1030079,590773,2134196,3755048
2025-07-03,LTSE (L),117742,134350,353495,605587,6568731.630000,1280445.040000,8209432.817400,16058609.487400,1102,294,1183,2579
2025-07-03,NYSE Texas (M),12003563,8421033,20282820,40707416,1065360059.184900,1896650566.159599,3488719977.345000,6450730602.689499,16619,4789,17592,39000
2025-07-03,NYSE (N),682523681,58993459,93742239,835259379,38348710521.748604,3988251992.335400,3439009640.322000,45775972154.406004,2266350,212640,682659,3161649
2025-07-03,NYSE Arca (P),179331992,296008648,715628829,1190969469,7868152093.986500,22806681160.875886,19762993979.910799,50437827234.773185,1870943,1468680,4257062,7596685
2025-07-03,NASDAQ (Q),317138273,134942648,1073486921,1525567842,19006385574.876099,12299395043.078494,66259538804.461507,97565319422.416100,4759536,882739,7590478,13232753
2025-07-03,Members Exchange (U),48427316,46860912,185746000,281034228,2144783942.042400,2768741908.871299,4490304721.717099,9403830572.630798,544712,231170,808091,1583973
2025-07-03,Investors Exchange (V),123043693,50611413,150584101,324239207,6377201072.088200,2852038541.760300,7138347603.477603,16367587217.326103,1441909,252827,1340608,3035344
2025-07-03,NASDAQ PSX (X),4545804,3461566,7384704,15392074,374198403.150700,383549955.980100,478930265.359100,1236678624.489900,82793,19184,100983,202960
2025-07-03,BYX Equities (Y),25719860,16170065,43385731,85275656,1010586187.574900,949703850.647700,1238829427.831200,3199119466.053800,298227,103485,343147,744859
2025-07-03,BZX Equities (Z),118048043,87604243,187546588,393198874,6202867768.508999,6835099401.352603,9643917375.179410,22681884545.041012,1646646,458763,1798724,3904133
2025-07-02,NYSE American (A),7720672,22441019,7514244,37675935,365189476.092100,348557607.264700,339379672.314000,1053126755.670800,82918,72671,77377,232966
2025-07-02,NASDAQ BX (B),17120769,9817082,21367960,48305811,1270049999.854300,519801462.491900,1228389927.432600,3018241389.778800,253864,70953,259061,583878
2025-07-02,NYSE National (C),24891712,15533569,25269797,65695078,840101075.354000,787449288.106501,820100408.150400,2447650771.610901,281698,93513,249482,624693
2025-07-02,FINRA / Nasdaq TRF Chicago (DB),13618454,6463035,25555244,45636733,662183227.194900,288168197.338900,1804250688.039301,2754602112.573101,85996,25801,150814,262611
2025-07-02,FINRA / NYSE TRF (DN),91274119,51924805,183171581,326370505,3403340349.821600,1616125175.201800,5219434459.062500,10238899984.085900,527904,119966,617037,1264907
2025-07-02,FINRA / Nasdaq TRF Carteret (DQ),2757130776,1496650449,4342683039,8596464264,114612735125.481261,64262896531.495154,158419037260.164433,337294668917.140848,17849592,4508402,19461196,41819190
2025-07-02,MIAX Pearl (H),38061609,53954242,88137642,180153493,1368880413.578400,3257684428.344898,2516845223.264600,7143410065.187898,375633,214417,485846,1075896
2025-07-02,EDGA Equities (J),32402504,21759773,61385972,115548249,1426681473.962000,1612767612.790100,1652668883.515200,4692117970.267300,459673,136700,516444,1112817
2025-07-02,EDGX Equities (K),173030459,170701229,487913065,831644753,7695077287.971102,8051999136.865496,15589322997.658196,31336399422.494794,1782211,795525,3088337,5666073
2025-07-02,LTSE (L),184673,181756,298102,664531,9826672.245000,1777021.865000,10444083.906600,22047778.016600,1668,528,1629,3825
2025-07-02,NYSE Texas (M),13730105,20955391,16366474,51051970,1042305591.916100,2903538014.843501,2125636364.071700,6071479970.831301,25772,8876,26874,61522
2025-07-02,NYSE (N),1199752294,100142774,143144512,1443039580,63727181004.054005,5969025097.482900,5355029450.233501,75051235551.770406,3931676,324045,1069727,5325448
2025-07-02,NYSE Arca (P),275273359,451766824,833645543,1560685726,13000549625.181003,29758899553.715985,29281533859.586807,72040983038.483795,2972247,1886743,6162801,11021791
2025-07-02,NASDAQ (Q),551742346,213489497,1587642028,2352873871,31860219418.745502,17659702961.196707,99071324783.750411,148591247163.692620,7811049,1299629,11741658,20852336
2025-07-02,Members Exchange (U),77409437,82175010,214287303,373871750,3582836375.996301,4474687588.284102,6529756079.178902,14587280043.459305,854142,339705,1148650,2342497
2025-07-02,Investors Exchange (V),225127565,81349576,212915583,519392724,11819059514.894001,4443046391.603598,10617183978.097799,26879289884.595398,2604081,383000,2208565,5195646
2025-07-02,NASDAQ PSX (X),6644915,4669757,9639067,20953739,471009987.750900,503978873.759700,616937943.293800,1591926804.804400,129575,26128,147788,303491
2025-07-02,BYX Equities (Y),44966903,26209381,55981635,127157919,1786738258.264500,1341003878.288400,1907664412.791100,5035406549.344000,556656,153756,565563,1275975
2025-07-02,BZX Equities (Z),202470287,135303333,286546200,624319820,11043267364.776003,10231463091.825808,14709562186.375897,35984292642.977708,2892480,662577,2822915,6377972
2025-07-01,NYSE American (A),7224909,25984445,6902418,40111772,307258650.914000,420344982.863500,312696112.931200,1040299746.708700,72829,97717,70988,241534
2025-07-01,NASDAQ BX (B),16037005,12855003,20102486,48994494,1187953782.988600,626734171.741900,1412692739.606200,3227380694.336700,243910,90370,263632,597912
2025-07-01,NYSE National (C),23715258,15975954,27875439,67566651,861967292.435300,696442216.427500,877199443.722900,2435608952.585700,277028,98375,249767,625170
2025-07-01,FINRA / Nasdaq TRF Chicago (DB),14409882,6742079,29232896,50384857,713713550.609700,381560396.880900,2224303280.885600,3319577228.376200,92903,31254,185517,309674
2025-07-01,FINRA / NYSE TRF (DN),109616331,55476905,168944136,334037372,3995320576.516600,2290873817.647300,7062086584.500608,13348280978.664508,554836,125979,686772,1367587
2025-07-01,FINRA / Nasdaq TRF Carteret (DQ),3081698882,1620332691,4528708891,9230740464,126626879162.314103,76393058055.665085,184023153595.450761,387043090813.429949,19335903,5321094,21319488,45976485
2025-07-01,MIAX Pearl (H),45387908,65759698,89794619,200942225,1443726134.077500,3317589504.354400,2608567458.333501,7369883096.765401,421672,250263,507977,1179912
2025-07-01,EDGA Equities (J),35992680,22774653,56308160,115075493,1316449859.787200,1585874961.472400,1911219872.543000,4813544693.802600,460854,157407,541507,1159768
2025-07-01,EDGX Equities (K),206490162,203323004,475712748,885525914,8236258204.626801,9543155745.701899,18213216227.529704,35992630177.858404,1932881,1083385,3665514,6681780
2025-07-01,LTSE (L),380311,411868,572650,1364829,5651877.554000,6100759.770000,4478183.122000,16230820.446000,1186,725,1592,3503
2025-07-01,NYSE Texas (M),20013469,10112008,29635635,59761112,1235207232.890900,989544092.539900,4947630575.245798,7172381900.676598,31582,9460,29654,70696
2025-07-01,NYSE (N),1272559089,116524567,154101975,1543185631,69046862239.695590,7034361896.508200,6624774606.848796,82705998743.052586,4450426,404725,1172854,6028005
2025-07-01,NYSE Arca (P),350247507,528979315,853556755,1732783577,13291381628.363903,36501042248.612616,35744534101.581811,85536957978.558330,3300283,2696083,6950471,12946837
2025-07-01,NASDAQ (Q),589272629,252913198,1640121694,2482307521,34402320123.434907,22069372307.832601,112554198766.261219,169025891197.528727,8606313,1643837,13224924,23475074
2025-07-01,Members Exchange (U),91084374,97157696,208240976,396483046,3786291904.921300,5088323516.281800,7639544754.781701,16514160175.984801,926738,419587,1236744,2583069
2025-07-01,Investors Exchange (V),244131237,92965865,235090402,572187504,12554080287.995299,5213154511.428199,12382892116.298896,30150126915.722394,2767218,432865,2404516,5604599
2025-07-01,NASDAQ PSX (X),8368048,6107698,9079846,23555592,584679399.705300,677631220.188200,715707450.810700,1978018070.704200,154791,32294,153187,340272
2025-07-01,BYX Equities (Y),44013397,29263310,56634493,129911200,1783795043.895000,1415246636.208699,2266655200.679199,5465696880.782898,548968,176755,570875,1296598
2025-07-01,BZX Equities (Z),214775644,144570948,281044292,640390884,11756393062.465398,11668166924.754591,17849378416.934303,41273938404.154292,3113070,795320,3164290,7072680
2025-06-30,NYSE American (A),6480612,30869240,6704773,44054625,272813371.802500,408112610.917900,331644154.592400,1012570137.312800,65657,100461,68908,235026
2025-06-30,NASDAQ BX (B),15242301,10282601,19049666,44574568,1081774751.757600,556805054.568600,1207074761.692000,2845654568.018200,218314,76169,238024,532507
2025-06-30,NYSE National (C),24974518,15522100,24713289,65209907,811318744.140600,850186693.456600,837136962.586200,2498642400.183400,282591,98093,254084,634768
2025-06-30,FINRA / Nasdaq TRF Chicago (DB),11711852,8859396,23267830,43839078,590553502.248100,388531751.029200,1651029921.006100,2630115174.283400,86338,30380,146287,263005
2025-06-30,FINRA / NYSE TRF (DN),83888151,56617101,139710648,280215900,3126221265.843400,2892795679.097399,5777225543.624499,11796242488.565298,499484,118060,560766,1178310
2025-06-30,FINRA / Nasdaq TRF Carteret (DQ),2727430133,1567654721,4304245572,8599330426,120395463571.558866,72069555020.741743,171321225864.181005,363786244456.481614,17108179,5086270,19288263,41482712
2025-06-30,MIAX Pearl (H),35647834,52174288,80043640,167865762,1329071182.621600,4213808939.310800,2437752045.147900,7980632167.080300,354552,231950,444528,1031030
2025-06-30,EDGA Equities (J),32268570,19492525,49354069,101115164,1302561720.440400,1810307326.347600,1616667232.426300,4729536279.214300,421391,128882,473480,1023753
2025-06-30,EDGX Equities (K),170450011,165135854,472882092,808467957,7395572080.433999,8370579881.688500,15472168964.901700,31238320927.024199,1699807,879390,3054372,5633569
2025-06-30,LTSE (L),117618,124059,156685,398362,4612344.360000,3886929.730000,7563513.050000,16062787.140000,753,594,1161,2508
2025-06-30,NYSE Texas (M),24162597,16607073,42136801,82906471,1566099417.190800,3031770168.153600,4755748185.676199,9353617771.020599,30636,9433,26816,66885
2025-06-30,NYSE (N),1482031178,87174859,135076063,1704282100,83518109213.876113,5458985712.015501,5268433646.554700,94245528572.446314,3797906,307880,989226,5095012
2025-06-30,NYSE Arca (P),283919856,475252042,789229476,1548401374,13037172564.140599,36791148243.028987,31066779259.673904,80895100066.843490,3075077,2274923,5996721,11346721
2025-06-30,NASDAQ (Q),495423789,206929247,1741677919,2444030955,28497772984.989395,19136898993.747498,118245567971.376876,165880239950.113769,7201307,1320919,11289675,19811901
2025-06-30,Members Exchange (U),72837788,76433324,209132366,358403478,3181518106.356400,4629507235.182299,6462401756.629999,14273427098.168698,746844,330726,1066276,2143846
2025-06-30,Investors Exchange (V),205379530,86153952,198515647,490049129,10101829684.441501,4859110716.010400,10028917779.590699,24989858180.042600,2370677,402149,2097029,4869855
2025-06-30,NASDAQ PSX (X),7383666,4943321,9183908,21510895,479950707.280000,532766579.454100,627914750.693200,1640632037.427300,123178,26145,127557,276880
2025-06-30,BYX Equities (Y),47989928,27861871,53035447,128887246,1819819892.248500,1496559931.368000,2095088092.545599,5411467916.162099,556232,173693,548055,1277980
2025-06-30,BZX Equities (Z),191610694,130237606,226111654,547959954,10069027237.370602,11296785593.550000,14498186053.788492,35863998884.709094,2734408,695989,2697542,6127939
2025-06-27,NYSE American (A),7179234,164268767,7933322,179381323,361946604.976800,683155861.079200,353604803.976600,1398707270.032600,74119,74034,73133,221286
2025-06-27,NASDAQ BX (B),19243835,10008035,21926177,51178047,1344063760.816700,545803646.999600,1474280427.322300,3364147835.138600,249879,67154,264586,581619
2025-06-27,NYSE National (C),23556718,16122007,25463293,65142018,919874206.965900,847758214.670200,899560045.240500,2667192466.876600,273920,102723,240018,616661
2025-06-27,FINRA / Nasdaq TRF Chicago (DB),13515765,6689921,23905244,44110930,687913886.586200,344060264.351400,1753171915.226600,2785146066.164200,85903,26197,151692,263792
2025-06-27,FINRA / NYSE TRF (DN),96123264,63589940,167459284,327172488,4064871584.627800,2609855921.632900,10275300981.912194,16950028488.172894,515743,104417,579382,1199542
2025-06-27,FINRA / Nasdaq TRF Carteret (DQ),3861817379,1667049900,5650471723,11179339002,186643205541.957033,71235215733.532381,244694388319.495476,502572809594.984890,17493517,4412321,19851453,41757291
2025-06-27,MIAX Pearl (H),38153037,61223810,91820045,191196892,1553923379.845400,3892941822.547600,2609969913.805900,8056835116.198900,373021,228936,483358,1085315
2025-06-27,EDGA Equities (J),33230879,23008147,67372136,123611162,1461147718.142100,1712197570.829701,1858514858.695701,5031860147.667502,448940,141459,529340,1119739
2025-06-27,EDGX Equities (K),174988502,163493023,500625879,839107404,8186773952.428096,8583485518.221099,17405045809.844414,34175305280.493609,1742209,751995,3303431,5797635
2025-06-27,LTSE (L),258807,242595,266212,767614,11685214.995000,2033234.094600,10487102.373800,24205551.463400,963,648,1256,2867
2025-06-27,NYSE Texas (M),21566007,21637928,32021371,75225306,2695260800.348299,3803954754.302999,6885073398.006103,13384288952.657401,28543,9560,26988,65091
2025-06-27,NYSE (N),2945337956,92108383,137424499,3174870838,155096690276.877002,5369306622.653602,5591088727.625801,166057085627.156405,4095721,316469,1007813,5420003
2025-06-27,NYSE Arca (P),287759376,462360169,839947806,1590067351,14574993921.410505,35466880213.095536,35532633683.282317,85574507817.788358,3132793,1929132,6607722,11669647
2025-06-27,NASDAQ (Q),542085921,230890876,3807556999,4580533796,32643084032.498592,20939955654.483392,186652236706.337639,240235276393.319623,7743916,1391304,12382100,21517320
2025-06-27,Members Exchange (U),72636206,85354733,219709497,377700436,3517004263.443200,4998092360.169600,7419017200.935400,15934113824.548200,792364,353138,1147804,2293306
2025-06-27,Investors Exchange (V),207092643,79023165,206216287,492332095,11224810354.597801,4458827222.398498,10727603524.261901,26411241101.258200,2439029,374592,2106536,4920157
2025-06-27,NASDAQ PSX (X),8283944,5464078,9648210,23396232,587920429.003700,626329581.099100,766420965.340100,1980670975.442900,140519,27288,152946,320753
2025-06-27,BYX Equities (Y),45095566,28862666,58679346,132637578,2084884347.306800,1373284530.834300,2431920100.126300,5890088978.267400,558151,148351,566444,1272946
2025-06-27,BZX Equities (Z),201522706,141714456,247437946,590675108,11452608845.221500,12266319914.444398,17332748946.147900,41051677705.813798,2951879,726085,2928443,6606407
2025-06-26,NYSE American (A),6608522,19822895,7499876,33931293,341527402.173800,262814962.146900,346114838.045900,950457202.366600,68825,65820,73747,208392
2025-06-26,NASDAQ BX (B),17064021,8472470,22092836,47629327,1270344030.951600,454988320.955400,1379165423.587600,3104497775.494600,238752,58248,260657,557657
2025-06-26,NYSE National (C),22647015,14433151,25196678,62276844,851594447.395600,779111933.932000,882091680.686100,2512798062.013700,265470,89759,250522,605751
2025-06-26,FINRA / Nasdaq TRF Chicago (DB),11543212,4741633,22434330,38719175,568262384.514200,240420614.572100,1645575884.432700,2454258883.519000,78890,21477,143799,244166
2025-06-26,FINRA / NYSE TRF (DN),84796949,43268516,152335057,280400522,3461390397.057400,1655090689.259300,9054401399.522598,14170882485.839298,506341,92092,571502,1169935
2025-06-26,FINRA / Nasdaq TRF Carteret (DQ),2573342537,1297508486,4412039018,8282890041,111621926799.439708,59915367814.209102,158758097900.932518,330295392514.581328,16987317,3858298,19248525,40094140
2025-06-26,MIAX Pearl (H),40687263,45818681,89496209,176002153,1641681183.976400,3121384174.290200,2421166741.481100,7184232099.747700,392046,193293,487988,1073327
2025-06-26,EDGA Equities (J),32425849,18033943,60060154,110519946,1537142404.069500,1311412430.717599,1805082944.659300,4653637779.446399,470838,113243,518313,1102394
2025-06-26,EDGX Equities (K),167441592,130131563,481993361,779566516,7436717964.288505,6660670009.093003,16438205481.692400,30535593455.073908,1640679,601963,3067230,5309872
2025-06-26,LTSE (L),189195,190624,621163,1000982,6566776.750000,2899480.130000,4845959.731600,14312216.611600,763,427,1261,2451
2025-06-26,NYSE Texas (M),23299952,30388030,27523375,81211357,1247069013.243000,7018695484.813902,5068274658.087599,13334039156.144501,26199,8242,26313,60754
2025-06-26,NYSE (N),1152901421,71831034,133070993,1357803448,64586262631.045114,4417902391.382100,5016118132.112401,74020283154.539615,3702610,257081,966952,4926643
2025-06-26,NYSE Arca (P),270626743,379490519,899670938,1549788200,13091158572.285497,28169992714.888989,29355199186.870602,70616350474.045088,3011421,1585659,6149863,10746943
2025-06-26,NASDAQ (Q),490820474,188355707,1551394928,2230571109,29021096622.396294,16034954770.959993,95853417450.502189,140909468843.858476,7116010,1151945,11411381,19679336
2025-06-26,Members Exchange (U),71760278,64275380,220229730,356265388,3251320285.905501,3711557828.429801,6959658048.240296,13922536162.575598,754319,283824,1116275,2154418
2025-06-26,Investors Exchange (V),190552451,69673342,197276252,457502045,10557836996.220000,3861604998.626099,9934301878.511798,24353743873.357897,2377761,324747,2104177,4806685
2025-06-26,NASDAQ PSX (X),6953303,4573675,10290783,21817761,509974648.273200,459504921.829600,665684819.881700,1635164389.984500,129111,23728,149884,302723
2025-06-26,BYX Equities (Y),41905107,22635329,58881095,123421531,1754069045.070300,1224323347.358300,2130270218.129000,5108662610.557600,525453,129101,548380,1202934
2025-06-26,BZX Equities (Z),182915385,116765230,227024087,526704702,10150026971.282499,9230431957.845201,14893606535.627599,34274065464.755299,2695976,565375,2725633,5986984
2025-06-25,NYSE American (A),6635514,20818233,8295920,35749667,336200248.072200,254011977.175300,382716646.584100,972928871.831600,69753,64095,76718,210566
2025-06-25,NASDAQ BX (B),15232503,8433361,19328721,42994585,1085452488.915000,438885804.933600,1181445812.275900,2705784106.124500,226842,56897,233700,517439
2025-06-25,NYSE National (C),22057934,13343643,21373523,56775100,739020356.247600,694920487.535900,777534028.718600,2211474872.502100,259662,89131,225279,574072
2025-06-25,FINRA / Nasdaq TRF Chicago (DB),11421728,6021523,23823983,41267234,556416871.243000,278796826.954400,1854947276.636801,2690160974.834201,75297,23713,154307,253317
2025-06-25,FINRA / NYSE TRF (DN),78654737,44324577,138223979,261203293,3092147148.212400,1445825568.142800,5288825424.755499,9826798141.110699,485832,91249,547403,1124484
2025-06-25,FINRA / Nasdaq TRF Carteret (DQ),2520303459,1362458416,4492445753,8375207628,104534847715.547268,66472173003.846628,160645635349.348938,331652656068.742834,16783604,4020856,19083641,39888101
2025-06-25,MIAX Pearl (H),35137878,46638561,95143309,176919748,1211743529.751400,2579294620.099400,2428494517.825500,6219532667.676300,339522,189938,478988,1008448
2025-06-25,EDGA Equities (J),28885533,16959580,75642316,121487429,1085929313.671500,1290905474.064500,1721135551.578701,4097970339.314701,426736,117091,521196,1065023
2025-06-25,EDGX Equities (K),166392265,139860516,486835915,793088696,6693360012.836897,6890331240.674900,17736148914.062687,31319840167.574484,1647753,649128,3089603,5386484
2025-06-25,LTSE (L),148179,220370,888045,1256594,3741063.855000,2575020.078000,4334390.465200,10650474.398200,541,428,1369,2338
2025-06-25,NYSE Texas (M),23341171,21352518,23658487,68352176,1659319356.352999,4215356116.662199,4466688510.900300,10341363983.915498,28862,6991,28311,64164
2025-06-25,NYSE (N),1104972655,80535718,141693506,1327201879,59006357006.409415,4585349448.184098,5028475353.463098,68620181808.056611,3523516,275891,950157,4749564
2025-06-25,NYSE Arca (P),284057710,391710819,914859832,1590628361,13161233210.642893,28194906384.701690,30644465658.139787,72000605253.484370,3167099,1695080,6062980,10925159
2025-06-25,NASDAQ (Q),483442175,192919063,1439764126,2116125364,26783711977.312509,15547754629.870810,96593080677.298332,138924547284.481651,6925791,1172061,11082037,19179889
2025-06-25,Members Exchange (U),65962850,69023481,230193709,365180040,2988019546.353000,3887016182.965801,7059693076.082900,13934728805.401701,736682,297364,1111979,2146025
2025-06-25,Investors Exchange (V),180126068,70917607,177395277,428438952,9222450720.434500,3592466992.914602,8929231620.930499,21744149334.279601,2117166,332436,1856224,4305826
2025-06-25,NASDAQ PSX (X),6791385,3545854,8734040,19071279,409689269.189400,361189780.455600,626174144.697000,1397053194.342000,116875,21168,134903,272946
2025-06-25,BYX Equities (Y),39330817,21324465,54931998,115587280,1529749686.750900,1088175830.829800,1904449361.410300,4522374878.991000,483819,129784,504794,1118397
2025-06-25,BZX Equities (Z),179133453,111120369,217989891,508243713,9179197009.331201,9401121813.631998,14336971847.580307,32917290670.543506,2599482,597936,2672431,5869849
2025-06-24,NYSE American (A),6608799,28626574,7140671,42376044,311289661.787100,350965770.811300,398351513.846600,1060606946.445000,67868,70851,76042,214761
2025-06-24,NASDAQ BX (B),15868159,10217651,19998878,46084688,1163093100.413400,538941539.458800,1291309852.303100,2993344492.175300,240904,68262,247062,556228
2025-06-24,NYSE National (C),23096235,16746905,23799898,63643038,773450991.897100,831309541.441600,875537754.315200,2480298287.653900,273205,104447,243679,621331
2025-06-24,FINRA / Nasdaq TRF Chicago (DB),11946534,7624772,25216554,44787860,675635882.648400,320473119.403100,1825373529.392300,2821482531.443800,85310,26421,154702,266433
2025-06-24,FINRA / NYSE TRF (DN),80965192,59467809,153353578,293786579,3208079605.752400,1890215861.437900,6618667028.182097,11716962495.372397,474175,117709,558545,1150429
2025-06-24,FINRA / Nasdaq TRF Carteret (DQ),2649151755,1659997412,4360370926,8669520093,121364898301.947567,74297903915.609172,168812493462.200648,364475295679.757387,17473177,4607805,19114942,41195924
2025-06-24,MIAX Pearl (H),37297203,52086071,88742114,178125388,1423731398.384500,2753940986.950600,2515589631.227500,6693262016.562600,368777,204350,473336,1046463
2025-06-24,EDGA Equities (J),31489135,23718393,62866415,118073943,1253198218.878000,1575229957.927800,1774595118.817100,4603023295.622900,475227,131429,539987,1146643
2025-06-24,EDGX Equities (K),175837017,173681282,495875985,845394284,8416642857.203901,7945431974.914806,18044704259.776796,34406779091.895503,1757586,766188,3183338,5707112
2025-06-24,LTSE (L),77631,227947,448732,754310,3371003.060000,3555764.990000,4517629.213200,11444397.263200,699,426,1077,2202
2025-06-24,NYSE Texas (M),23906776,31827915,25344449,81079140,2063759044.452501,3125771692.334000,5284221389.587699,10473752126.374200,22340,9909,22907,55156
2025-06-24,NYSE (N),1241876062,91032038,142639430,1475547530,70589027154.313799,4788623891.074099,5432781857.345997,80810432902.733895,3744659,300990,1018045,5063694
2025-06-24,NYSE Arca (P),269529143,479499710,872299745,1621328598,14329479368.175395,32659096735.258312,28579421304.358098,75567997407.791805,3334187,1940041,6023246,11297474
2025-06-24,NASDAQ (Q),495066754,221233313,1602470432,2318770499,29463369863.238393,17443242203.316496,107946487792.663003,154853099859.217892,7214663,1334280,11130282,19679225
2025-06-24,Members Exchange (U),73129585,81032548,208054229,362216362,3556026042.972200,4235381179.316797,7027936333.025397,14819343555.314394,810774,340577,1127343,2278694
2025-06-24,Investors Exchange (V),185609478,84166886,192775043,462551407,9798997346.550999,4392728812.125399,9968402655.864799,24160128814.541197,2165490,370687,1945338,4481515
2025-06-24,NASDAQ PSX (X),5893173,4546081,8014444,18453698,390382104.885900,448046866.775600,620515256.954800,1458944228.616300,118743,25900,139774,284417
2025-06-24,BYX Equities (Y),41304911,27226937,56652834,125184682,1710961656.939200,1357618665.997600,2127906511.630200,5196486834.567000,532381,159951,546570,1238902
2025-06-24,BZX Equities (Z),197510982,135845412,223770334,557126728,10658096454.125302,10183022182.370701,14679479473.690505,35520598110.186508,2822741,667855,2739895,6230491
2025-06-23,NYSE American (A),7018366,43870806,7944164,58833336,360619699.457000,414317500.177400,372212300.368800,1147149500.003200,78835,121950,77425,278210
2025-06-23,NASDAQ BX (B),16696282,14201516,21727367,52625165,1230640356.485700,700068914.531400,1433697939.459100,3364407210.476200,249386,86336,265733,601455
2025-06-23,NYSE National (C),23101137,20317790,28439264,71858191,849174377.046000,861462111.966600,1003292421.323500,2713928910.336100,269148,123259,261605,654012
2025-06-23,FINRA / Nasdaq TRF Chicago (DB),13893832,8075111,27565763,49534706,869088712.166100,348080682.393800,2355768485.679299,3572937880.239199,107362,34612,172253,314227
2025-06-23,FINRA / NYSE TRF (DN),90329261,72419751,154742115,317491127,3955955643.007101,2307585456.478700,5981483312.230703,12245024411.716504,517519,123988,568784,1210291
2025-06-23,FINRA / Nasdaq TRF Carteret (DQ),2673536077,2009503765,4893702455,9576742297,123103057135.373330,70703838523.128877,171094015823.608356,364900911482.110563,18268435,5528965,19623810,43421210
2025-06-23,MIAX Pearl (H),34108340,74093139,101164797,209366276,1445487797.121200,3542059286.083201,2697843154.266600,7685390237.471001,351558,294914,448210,1094682
2025-06-23,EDGA Equities (J),32086213,29434181,69584929,131105323,1255002505.055300,1828679742.826899,1991422277.866801,5075104525.749000,460652,178008,554318,1192978
2025-06-23,EDGX Equities (K),179464857,241053537,557487466,978005860,9220608131.831804,10184158146.977599,19440462024.807895,38845228303.617298,1875768,1091345,3223375,6190488
2025-06-23,LTSE (L),77840,352297,452286,882423,3455515.200000,2244998.478600,3395316.959200,9095830.637800,614,622,950,2186
2025-06-23,NYSE Texas (M),23771303,20905020,23812508,68488831,2206899634.008499,2317318436.029500,3722678152.168900,8246896222.206899,27514,13384,22956,63854
2025-06-23,NYSE (N),1282670927,110433949,149224084,1542328960,71553241025.526699,5998400255.029101,5730368287.537600,83282009568.093400,4113736,399677,1051482,5564895
2025-06-23,NYSE Arca (P),278356763,661851966,988507353,1928716082,15290761613.077005,41443824471.746717,33776955195.493172,90511541280.316894,3592349,2904261,6359867,12856477
2025-06-23,NASDAQ (Q),522869987,305053578,1608491773,2436415338,30974716968.966989,23934593382.446699,111746025101.867716,166655335453.281404,7752246,1850546,11918859,21521651
2025-06-23,Members Exchange (U),72854430,122352015,241251832,436458277,3862628066.365401,5527997167.388201,7285914638.374308,16676539872.127910,836264,482428,1168260,2486952
2025-06-23,Investors Exchange (V),194796593,90977951,191823116,477597660,9846497030.846498,4597136581.718498,9518171664.049604,23961805276.614600,2247663,427513,1946371,4621547
2025-06-23,NASDAQ PSX (X),6136980,7059752,7617776,20814508,405081883.880000,878934389.427600,612494188.345900,1896510461.653500,119384,38542,132322,290248
2025-06-23,BYX Equities (Y),39865697,32398397,62255876,134519970,1657432978.974200,1443640408.866000,2168124590.250299,5269197978.090499,496446,188882,540476,1225804
2025-06-23,BZX Equities (Z),207062901,175525087,237172087,619760075,11365982259.329597,12524009469.922084,16277990884.689103,40167982613.940784,3013064,880980,2849484,6743528
2025-06-20,NYSE American (A),6864179,140453004,8206850,155524033,384306397.542600,764388383.402700,425191913.472000,1573886694.417300,85513,93589,89136,268238
2025-06-20,NASDAQ BX (B),12804803,10012386,16694439,39511628,982004858.509300,544249079.397700,1118993952.508600,2645247890.415600,186763,68810,206757,462330
2025-06-20,NYSE National (C),21879495,16291027,23041866,61212388,837621640.724800,691771492.955400,848200881.524800,2377594015.205000,284327,105478,250554,640359
2025-06-20,FINRA / Nasdaq TRF Chicago (DB),9828607,6285557,21246922,37361086,674814514.891400,256577253.171900,1691272871.666000,2622664639.729300,77954,24792,135638,238384
2025-06-20,FINRA / NYSE TRF (DN),80733937,51536441,145854749,278125127,3228142882.136100,1483204648.563600,7330390981.533701,12041738512.233401,446711,98229,497250,1042190
2025-06-20,FINRA / Nasdaq TRF Carteret (DQ),3009281753,1540114145,4657530265,9206926163,152638122323.675937,68249060765.999221,192268971214.431599,413156154304.106757,16718608,4470619,18269712,39458939
2025-06-20,MIAX Pearl (H),29492484,59905976,87768983,177167443,1248896599.138800,2756788445.098001,2337782893.862300,6343467938.099101,302122,223202,426609,951933
2025-06-20,EDGA Equities (J),27760989,26677299,58381350,112819638,1249794501.950900,1720530148.473599,1800603888.708000,4770928539.132499,435125,159324,504720,1099169
2025-06-20,EDGX Equities (K),152367008,192568066,516180851,861115925,8244907246.137299,8030442350.316503,16554547550.272204,32829897146.726006,1660508,891842,3016317,5568667
2025-06-20,LTSE (L),55971,220148,101037,377156,4134899.220000,2786449.310000,6544687.830100,13466036.360100,378,619,469,1466
2025-06-20,NYSE Texas (M),20827858,31697540,50741060,103266458,2276847367.377200,5399990651.623099,8545201404.994898,16222039423.995197,25661,11497,22823,59981
2025-06-20,NYSE (N),3073901290,81043883,125628710,3280573883,190525435918.303578,4472517518.891801,5310571551.069600,200308524988.264979,4026825,314417,997883,5339125
2025-06-20,NYSE Arca (P),239534973,520585948,907432649,1667553570,14273959173.473504,36576513984.456904,33643451859.214818,84493925017.145226,3131232,2242918,6150393,11524543
2025-06-20,NASDAQ (Q),478342288,240211996,2984313923,3702868207,29307972180.561597,20461383792.365700,202589999494.878846,252359355467.806143,7241350,1515857,11811315,20568522
2025-06-20,Members Exchange (U),69662039,94113824,219527840,383303703,3606280816.630599,3936136031.604401,7393755879.197099,14936172727.432099,837675,374025,1153206,2364906
2025-06-20,Investors Exchange (V),181155745,85965352,187539351,454660448,9521442376.049000,4089599184.689898,9138909427.373199,22749950988.112097,2143824,399211,1872125,4415160
2025-06-20,NASDAQ PSX (X),6525439,5185303,7160677,18871419,461500625.333700,612695809.807400,580072040.639500,1654268475.780600,113175,28044,121978,263197
2025-06-20,BYX Equities (Y),38059321,28485340,52126230,118670891,1577824359.267400,1216213699.310801,1896896866.582200,4690934925.160401,509347,165147,516392,1190886
2025-06-20,BZX Equities (Z),181747415,137367573,229788301,548903289,10751110432.678503,10502404950.850702,16443245067.011698,37696760450.540903,2740734,717397,2798824,6256955
2025-06-18,NYSE American (A),7059933,31117038,7772064,45949035,367191209.189300,277794521.358100,389171861.366400,1034157591.913800,81820,102319,87492,271631
2025-06-18,NASDAQ BX (B),12568717,10048427,17496651,40113795,927254449.552000,527743406.652700,1023133005.050700,2478130861.255400,190187,72300,210006,472493
2025-06-18,NYSE National (C),18551659,14865282,22492459,55909400,695067370.495600,690464417.164000,773451548.601000,2158983336.260600,241958,101378,229487,572823
2025-06-18,FINRA / Nasdaq TRF Chicago (DB),10530529,6941623,21815430,39287582,623288215.773100,309870037.123500,1579617628.074900,2512775880.971500,74461,22981,132727,230169
2025-06-18,FINRA / NYSE TRF (DN),86494200,66453204,125315718,278263122,3258964267.804600,2170235358.213800,5048425718.923799,10477625344.942199,485663,99136,511794,1096593
2025-06-18,FINRA / Nasdaq TRF Carteret (DQ),2523699640,1714841758,4113789681,8352331079,111661874028.764711,61571759580.303134,150709060238.178047,323942693847.245892,16299085,4152138,17793379,38244602
2025-06-18,MIAX Pearl (H),30926979,65593138,79889853,176409970,1126019395.826600,2871398753.736200,2229556371.106501,6226974520.669301,296910,242713,415619,955242
2025-06-18,EDGA Equities (J),25875638,27875139,52990573,106741350,1017080646.747200,1226159093.613100,1612246166.113300,3855485906.473600,413709,141960,478558,1034227
2025-06-18,EDGX Equities (K),148862236,192470949,519651919,860985104,7424905437.473599,7864807131.278901,14845114497.962597,30134827066.715097,1544174,827526,2859956,5231656
2025-06-18,LTSE (L),34486,680790,168969,884245,1693144.715000,3075429.111800,2183886.325500,6952460.152300,263,640,656,1559
2025-06-18,NYSE Texas (M),18416081,16634724,12928357,47979162,1039194351.567400,2766032083.963299,2026371130.780400,5831597566.311099,22118,12080,20700,54898
2025-06-18,NYSE (N),1168999234,85024083,120476680,1374499997,66346418843.561400,4329498551.593601,4804606728.840400,75480524123.995401,3804357,323047,936029,5063433
2025-06-18,NYSE Arca (P),222668437,571405227,849554019,1643627683,11693785490.378900,32499961933.708120,29047165227.544212,73240912651.631232,2755123,2230712,5677030,10662865
2025-06-18,NASDAQ (Q),459450496,247907260,1485153702,2192511458,27230884023.398888,20061426966.817588,94651083425.834613,141943394416.051089,7076341,1481383,11029701,19587425
2025-06-18,Members Exchange (U),66615800,107059874,210060909,383736583,3426196148.608000,4321676706.372798,5681438105.395601,13429310960.376399,791355,406830,1048282,2246467
2025-06-18,Investors Exchange (V),174672738,88319138,178404559,441396435,9325742353.265199,4216628236.901905,8552424940.105098,22094795530.272202,2143313,397890,1854302,4395505
2025-06-18,NASDAQ PSX (X),6095074,4626502,7167016,17888592,392029062.535000,616069924.958800,488596342.580800,1496695330.074600,106380,27164,116425,249969
2025-06-18,BYX Equities (Y),34387132,27036840,48516712,109940684,1479074684.492500,1113479470.323400,1738698131.824501,4331252286.640401,454033,150921,482461,1087415
2025-06-18,BZX Equities (Z),182517972,137407207,214950095,534875274,10341541703.685602,9933072393.295099,13568655531.968104,33843269628.948805,2768222,724377,2794428,6287027
2025-06-17,NYSE American (A),6820032,26479536,7430859,40730427,339411727.060400,322795121.482400,322344837.169700,984551685.712500,76759,86395,77081,240235
2025-06-17,NASDAQ BX (B),12715037,10039637,17565168,40319842,849024413.174200,532253810.722600,955307364.207100,2336585588.103900,194637,76535,212968,484140
2025-06-17,NYSE National (C),20509433,15451697,21590089,57551219,768898081.924900,669559240.692100,713437847.816300,2151895170.433300,283906,91197,238229,613332
2025-06-17,FINRA / Nasdaq TRF Chicago (DB),10196014,6840988,24317352,41354354,555333057.597500,341774428.831300,1657372742.573100,2554480229.001900,72333,26686,138208,237227
2025-06-17,FINRA / NYSE TRF (DN),81730208,57265759,147768489,286764456,3134272786.275100,1856362899.750100,5194031129.285902,10184666815.311102,500602,113389,543952,1157943
2025-06-17,FINRA / Nasdaq TRF Carteret (DQ),2406255025,1486635560,4582575115,8475465700,101225221177.951814,62330120939.159300,140486966660.330019,304042308777.441133,16395317,4311901,18616696,39323914
2025-06-17,MIAX Pearl (H),31489100,56204314,101002044,188695458,1062076250.415800,2888417971.901100,2076867920.853101,6027362143.170001,315088,225890,443199,984177
2025-06-17,EDGA Equities (J),29836007,21845696,62325561,114007264,1168002659.274100,1686494425.401400,1448290871.514600,4302787956.190100,450779,138124,489252,1078155
2025-06-17,EDGX Equities (K),144886977,180094553,524702726,849684256,6603472596.125700,8059939416.071011,14589247952.885798,29252659965.082509,1557142,839483,2984261,5380886
2025-06-17,LTSE (L),51906,231132,424544,707582,2406963.160000,2520354.030800,2289241.314100,7216558.504900,290,670,828,1788
2025-06-17,NYSE Texas (M),10129285,15834037,13771566,39734888,939116997.950700,1538772728.030300,2260713887.321500,4738603613.302500,24105,13447,25270,62822
2025-06-17,NYSE (N),1131989795,85481123,126772185,1344243103,61852504239.923906,4535632856.615800,4750085672.487001,71138222769.026707,3700053,331208,961195,4992456
2025-06-17,NYSE Arca (P),229644718,484227127,988825924,1702697769,11234339400.492601,34084786228.663794,28806976275.470578,74126101904.626973,2792195,2176175,6156855,11125225
2025-06-17,NASDAQ (Q),465384397,232514944,1504440557,2202339898,26113176776.203099,20301385507.540108,85844620263.178319,132259182546.921526,7081653,1472616,10942947,19497216
2025-06-17,Members Exchange (U),66242560,88064992,240507429,394814981,2972787370.330000,4387724453.971304,5637989993.444499,12998501817.745803,789282,388369,1124059,2301710
2025-06-17,Investors Exchange (V),182361470,83138022,192179624,457679116,9076440340.209002,4131146592.715000,8553511611.251997,21761098544.175999,2204554,387377,1959001,4550932
2025-06-17,NASDAQ PSX (X),5291892,4931681,7492042,17715615,369375001.660300,563842458.119800,438575813.328100,1371793273.108200,103394,28657,111101,243152
2025-06-17,BYX Equities (Y),38347977,24162363,55766078,118276418,1489871703.591000,1195680430.720700,1647472753.198400,4333024887.510100,498713,155419,517316,1171448
2025-06-17,BZX Equities (Z),179367033,139147871,224230974,542745878,9621954287.135502,11190304463.060304,13019285946.955793,33831544697.151599,2676338,752366,2643200,6071904
2025-06-16,NYSE American (A),7350298,32935526,8840283,49126107,391381928.711100,359413548.862700,401469813.842100,1152265291.415900,84515,96231,86410,267156
2025-06-16,NASDAQ BX (B),13740237,10912058,17781652,42433947,922035369.863800,544638859.020100,1032847281.445600,2499521510.329500,211176,70341,226863,508380
2025-06-16,NYSE National (C),21301567,15556912,22737266,59595745,719337910.242200,707741201.855200,734563908.786400,2161643020.883800,277397,89656,233450,600503
2025-06-16,FINRA / Nasdaq TRF Chicago (DB),10844761,6519615,23503684,40868060,631156422.977800,301045332.580700,1582923711.018100,2515125466.576600,81407,28269,139924,249600
2025-06-16,FINRA / NYSE TRF (DN),78107502,57652552,165245873,301005927,3183947890.004600,1606303656.804600,4952708183.842400,9742959730.651600,520597,143205,581235,1245037
2025-06-16,FINRA / Nasdaq TRF Carteret (DQ),2412774039,1603726276,5181897300,9198397615,106911067634.847378,65972165867.672051,141253049555.750064,314136283058.269493,17308344,4718086,19240465,41266895
2025-06-16,MIAX Pearl (H),35798407,56236958,91687106,183722471,1217383560.230600,2928364709.384700,2313647978.154901,6459396247.770201,345578,225303,452914,1023795
2025-06-16,EDGA Equities (J),31479499,22348083,55298753,109126335,1225254000.454100,1676074074.253600,1547609735.722801,4448937810.430501,472647,145531,468942,1087120
2025-06-16,EDGX Equities (K),165462020,202844846,607494003,975800869,7411506438.624800,8425285524.669104,15483812759.563190,31320604722.857094,1747327,1091658,3167092,6006077
2025-06-16,LTSE (L),43352,154574,80749,278675,1955648.325000,1931862.315000,6578363.950000,10465874.590000,299,522,488,1309
2025-06-16,NYSE Texas (M),11885101,17471446,15488580,44845127,831185255.434100,2360687245.760000,2637891379.295200,5829763880.489300,33968,12769,27936,74673
2025-06-16,NYSE (N),1151095480,84551636,124554187,1360201303,61109784861.529200,5657331092.088301,4821623456.708699,71588739410.326200,3879422,332341,943642,5155405
2025-06-16,NYSE Arca (P),242763466,514308943,1289783973,2046856382,12211194705.824501,34203562777.484517,28774845871.424694,75189603354.733712,2983155,2439781,6204788,11627724
2025-06-16,NASDAQ (Q),485256818,241545571,1499654565,2226456954,27722368213.179597,19874654466.026193,90856426193.187952,138453448872.393742,7455575,1547278,11318120,20320973
2025-06-16,Members Exchange (U),71680782,82750500,275253693,429684975,3424321769.513700,4191603956.417698,6346556236.387301,13962481962.318699,864427,375299,1123571,2363297
2025-06-16,Investors Exchange (V),185843185,89628705,184072654,459544544,9281820330.382401,4295134251.128900,8702757253.650300,22279711835.161601,2262877,409537,1962130,4634544
2025-06-16,NASDAQ PSX (X),5353957,4622947,6559256,16536160,377039146.312300,560706567.330800,480894830.786800,1418640544.429900,104023,27012,107340,238375
2025-06-16,BYX Equities (Y),41540566,26897946,53589371,122027883,1607957612.083500,1225224667.424800,1858674428.854099,4691856708.362399,541443,145839,523251,1210533
2025-06-16,BZX Equities (Z),203046655,146581002,326094668,675722325,10872982468.052001,10577244284.318802,13628444100.607911,35078670852.978714,2988196,741731,2822008,6551935
2025-06-13,NYSE American (A),6750880,29752405,7466476,43969761,308792616.489900,355047115.252700,287204257.415400,951043989.158000,66741,107719,63065,237525
2025-06-13,NASDAQ BX (B),14500219,11684534,17261483,43446236,994054098.242200,659564843.931000,1082617484.475600,2736236426.648800,214530,79321,214843,508694
2025-06-13,NYSE National (C),22991865,18043550,24244856,65280271,754895191.298900,783099375.353300,788514012.499000,2326508579.151200,268799,98302,222787,589888
2025-06-13,FINRA / Nasdaq TRF Chicago (DB),11853278,7351211,23300487,42504976,691747397.759800,353896754.339800,1739530725.379000,2785174877.478600,85280,32042,138076,255398
2025-06-13,FINRA / NYSE TRF (DN),79598920,69822998,158925944,308347862,3321157156.175500,2098148829.746800,5743114878.475701,11162420864.398001,511766,156450,557703,1225919
2025-06-13,FINRA / Nasdaq TRF Carteret (DQ),2480411728,1757534201,4675965478,8913911407,112212990050.015396,66913209012.929770,147107305915.775487,326233504978.720653,16785387,5065205,17942400,39792992
2025-06-13,MIAX Pearl (H),35221034,77183645,101787311,214191990,1233872890.773500,3387668362.692300,2578507772.386200,7200049025.852000,337171,275572,435397,1048140
2025-06-13,EDGA Equities (J),31293343,30608460,63160083,125061886,1218330907.586300,1933284854.046600,1777403185.235900,4929018946.868800,466591,177687,474499,1118777
2025-06-13,EDGX Equities (K),177924505,245478848,639222927,1062626280,8176651063.203702,10721163258.139194,16988565654.167396,35886379975.510292,1802005,1174994,3140425,6117424
2025-06-13,LTSE (L),91752,80754,296843,469349,2258239.185000,2202918.160000,2266993.075100,6728150.420100,302,427,585,1314
2025-06-13,NYSE Texas (M),15725350,27283653,20919722,63928725,1698923498.652400,2182446516.019000,3208593366.937500,7089963381.608900,38072,15120,32684,85876
2025-06-13,NYSE (N),1152628351,109621277,134935645,1397185273,61883438642.424396,5751003653.965300,5294819738.332701,72929262034.722397,4010333,402405,941386,5354124
2025-06-13,NYSE Arca (P),266798866,645449730,1182674304,2094922900,12971696607.405102,45284275300.478412,35106534805.554577,93362506713.438091,3067952,2916364,6149094,12133410
2025-06-13,NASDAQ (Q),535365365,308083506,1460790434,2304239305,30498681451.133903,26524688539.048893,88478039362.377578,145501409352.560374,7832536,1894762,11058796,20786094
2025-06-13,Members Exchange (U),78824035,116185099,266313860,461322994,3648324970.465800,5274675912.251600,6975165260.858001,15898166143.575401,891469,482286,1140011,2513766
2025-06-13,Investors Exchange (V),194952881,103973174,187841378,486767433,10066182919.139501,4971707662.670299,8796799685.673602,23834690267.483402,2215114,462310,1816639,4494063
2025-06-13,NASDAQ PSX (X),6521615,6326047,7603957,20451619,430418251.378300,1008442437.545400,532197965.165000,1971058654.088700,118940,34632,111226,264798
2025-06-13,BYX Equities (Y),41696606,30029478,55058895,126784979,1601113826.895600,1380727194.939600,1952667076.087200,4934508097.922400,501402,161485,468184,1131071
2025-06-13,BZX Equities (Z),214371039,172733565,299017678,686122282,11325038262.188198,12804059679.960698,15600961916.267198,39730059858.416094,2911764,891039,2760359,6563162
2025-06-12,NYSE American (A),6521598,25851877,7161218,39534693,293155034.062400,374370319.027500,254189451.644200,921714804.734100,63839,72687,60086,196612
2025-06-12,NASDAQ BX (B),13640367,8355300,20486148,42481815,874448730.613700,434925421.414400,906857194.192300,2216231346.220400,191504,59897,193549,444950
2025-06-12,NYSE National (C),19504169,12101151,21060169,52665489,654458752.368600,582527561.950600,685090205.964000,1922076520.283200,244828,72454,198403,515685
2025-06-12,FINRA / Nasdaq TRF Chicago (DB),10203002,4893589,25957579,41054170,600913616.115500,222855682.176000,1564897567.034100,2388666865.325600,75359,20863,127712,223934
2025-06-12,FINRA / NYSE TRF (DN),74579107,44239829,250022753,368841689,3321445828.599100,1824293964.627200,5019976730.138997,10165716523.365297,476723,105005,501327,1083055
2025-06-12,FINRA / Nasdaq TRF Carteret (DQ),2263045104,1261221310,8914371804,12438638218,101145352123.532547,52395459329.879230,133107049482.981406,286647860936.393183,15437117,3806833,16648375,35892325
2025-06-12,MIAX Pearl (H),30697963,48492077,148367596,227557636,1091107242.795400,2820579757.504601,2078442129.207398,5990129129.507399,303339,185271,401194,889804
2025-06-12,EDGA Equities (J),30084923,20832118,105175843,156092884,1235195460.385600,1516135923.099100,1411628588.361800,4162959971.846500,471297,132529,442319,1046145
2025-06-12,EDGX Equities (K),151248092,161060431,1486319213,1798627736,7180121559.033399,7601816260.318503,13651317066.985503,28433254886.337405,1598412,782290,2763276,5143978
2025-06-12,LTSE (L),39541,51783,96321,187645,1480200.645000,1399616.275200,2325292.989600,5205109.909800,270,396,480,1146
2025-06-12,NYSE Texas (M),25610585,22533098,12816722,60960405,1710911110.746001,1755725991.847600,2060975459.209800,5527612561.803401,34425,8729,30223,73377
2025-06-12,NYSE (N),1002184210,73506050,114321319,1190011579,54745995841.532009,3924995165.012800,4414474462.519601,63085465469.064410,3423746,269213,835467,4528426
2025-06-12,NYSE Arca (P),228656645,424439105,2774553382,3427649132,11466963803.120299,28980924174.025803,26605270538.544114,67053158515.690216,2670821,1905491,5349123,9925435
2025-06-12,NASDAQ (Q),452608466,205478567,1549434910,2207521943,25993358998.883698,16933625843.341009,75743211322.426573,118670196164.651280,6621939,1232788,9552076,17406803
2025-06-12,Members Exchange (U),63462622,71157494,561959728,696579844,3082875514.059200,4196682579.383799,5232271294.389703,12511829387.832702,746030,322390,993844,2062264
2025-06-12,Investors Exchange (V),168898080,69946738,255484553,494329371,8848328886.213399,3278754892.153800,7856685559.812297,19983769338.179496,2091131,320396,1774277,4185804
2025-06-12,NASDAQ PSX (X),5874778,4196192,10507214,20578184,418902305.186300,530136277.767200,436690419.817600,1385729002.771100,110485,23659,106105,240249
2025-06-12,BYX Equities (Y),38160640,21603781,90120668,149885089,1507558262.974800,1043636832.120700,1548766414.971300,4099961510.066800,478067,122070,446295,1046432
2025-06-12,BZX Equities (Z),178478904,127367998,694762144,1000609046,10036899252.929701,10261929274.515290,12246703325.549299,32545531852.994290,2569839,645630,2452647,5668116
2025-06-11,NYSE American (A),6434663,28252680,7522878,42210221,290004687.079900,365682562.568300,305338448.412500,961025698.060700,67781,86670,69922,224373
2025-06-11,NASDAQ BX (B),13732538,9751700,19055069,42539307,920311949.077800,502982851.497900,1027076921.133000,2450371721.708700,200110,65337,217915,483362
2025-06-11,NYSE National (C),21492677,13957349,23622930,59072956,743968866.704900,609195071.570400,759030108.008500,2112194046.283800,266002,81529,224757,572288
2025-06-11,FINRA / Nasdaq TRF Chicago (DB),11565192,6521162,29094852,47181206,579196707.193600,288516426.245000,1916551221.480200,2784264354.918800,77024,26429,159029,262482
2025-06-11,FINRA / NYSE TRF (DN),79474104,63352988,184076557,326903649,3198266899.355500,1408881824.765600,6513426249.989901,11120574974.111001,515336,127090,616114,1258540
2025-06-11,FINRA / Nasdaq TRF Carteret (DQ),2464851339,1886744943,6237110298,10588706580,107170202105.830818,74626375277.220606,158632374426.383707,340428951809.435131,16570476,4502791,19210596,40283863
2025-06-11,MIAX Pearl (H),35588258,67834739,113352354,216775351,1207489308.420700,2928843670.328200,2572909792.903200,6709242771.652100,333784,218816,473424,1026024
2025-06-11,EDGA Equities (J),29229438,36185385,82025599,147440422,1068677895.081800,1513538158.070100,1469309223.441300,4051525276.593200,424503,162971,446985,1034459
2025-06-11,EDGX Equities (K),166359331,218961664,822221305,1207542300,7498591498.572299,8308057637.632200,18048678208.495794,33855327344.700293,1745027,896160,3390950,6032137
2025-06-11,LTSE (L),64660,408586,291510,764756,3412917.830000,954284.813300,1154950.525900,5522153.169200,382,381,493,1256
2025-06-11,NYSE Texas (M),17222947,15512083,15013595,47748625,1264605000.881100,1597592983.274400,2147306220.909300,5009504205.064800,36886,11319,33114,81319
2025-06-11,NYSE (N),1077742567,81178674,134770223,1293691464,58275648796.385384,4231419580.825800,5084823017.745200,67591891394.956384,3863027,288313,984130,5135470
2025-06-11,NYSE Arca (P),245857076,624642385,1884651361,2755150822,12019849368.230902,34969578081.168002,35792371449.915907,82781798899.314811,3011380,2326090,6593989,11931459
2025-06-11,NASDAQ (Q),504721970,240563099,1591768036,2337053105,28307531993.826896,19312864298.141597,88372265801.427750,135992662093.396243,7569544,1412966,11649624,20632134
2025-06-11,Members Exchange (U),73799925,114332518,404658689,592791132,3316675838.229501,4379715105.547500,7475600502.083400,15171991445.860401,846749,387448,1218301,2452498
2025-06-11,Investors Exchange (V),193955004,85836892,198145639,477937535,9756992211.770901,3813070192.907699,9181837297.918802,22751899702.597402,2259997,352353,1943319,4555669
2025-06-11,NASDAQ PSX (X),7159668,4434171,9234866,20828705,459467088.251400,645753963.539800,575399953.875700,1680621005.666900,124840,28033,130598,283471
2025-06-11,BYX Equities (Y),39888443,27920417,62462641,130271501,1555917016.492700,1168943352.933700,1843317816.424100,4568178185.850500,487738,157084,489019,1133841
2025-06-11,BZX Equities (Z),195711741,140839626,300416527,636967894,10162317119.896797,11227686773.073396,15328541125.258496,36718545018.228689,2727563,720980,2827265,6275808
2025-06-10,NYSE American (A),6470469,23743603,8004608,38218680,338567983.051700,440641620.328500,311273753.955400,1090483357.335600,68538,71589,72392,212519
2025-06-10,NASDAQ BX (B),12565194,8747090,20715502,42027786,908724271.327200,463298026.693900,1133894765.310500,2505917063.331600,204870,60389,227896,493155
2025-06-10,NYSE National (C),20193673,13405013,24859210,58457896,748237411.566300,642255710.505300,747698392.310100,2138191514.381700,258271,77525,225453,561249
2025-06-10,FINRA / Nasdaq TRF Chicago (DB),10481043,5582942,30536645,46600630,525736638.809200,273690013.694900,1944592001.642801,2744018654.146901,73712,24940,160726,259378
2025-06-10,FINRA / NYSE TRF (DN),77501232,50173853,215946251,343621336,3140342491.741100,1728956520.913200,6569094343.400604,11438393356.054904,520992,117802,597496,1236290
2025-06-10,FINRA / Nasdaq TRF Carteret (DQ),2379549681,1389354422,6105812131,9874716234,106602537618.257271,59003115860.541719,162132494677.831448,327738148156.630438,16309317,3948700,19427925,39685942
2025-06-10,MIAX Pearl (H),31178593,46539440,122546207,200264240,1055491374.090600,2727128923.722501,2356687720.894099,6139308018.707200,300366,172541,454931,927838
2025-06-10,EDGA Equities (J),28132539,21807697,123355547,173295783,1047083829.618100,1281795052.822900,1435899946.339900,3764778828.780900,413697,121100,508044,1042841
2025-06-10,EDGX Equities (K),154164296,160245767,699493882,1013903945,7093922802.791201,7817191132.683097,17319089115.470792,32230203050.945090,1696589,731412,3474426,5902427
2025-06-10,LTSE (L),68980,71719,934222,1074921,1958754.293600,766643.930000,3654805.424500,6380203.648100,338,276,797,1411
2025-06-10,NYSE Texas (M),13063227,19488492,18071130,50622849,826192619.989400,2115522351.147500,2043007467.692100,4984722438.829000,32060,8968,31794,72822
2025-06-10,NYSE (N),1018947188,73371196,133752840,1226071224,56133061261.895301,3990729682.537199,4893676577.765002,65017467522.197502,3635566,263550,967086,4866202
2025-06-10,NYSE Arca (P),222550135,435604780,1609001617,2267156532,11050583451.729203,29379933475.380713,30787266465.111014,71217783392.220930,2753306,1806951,6667094,11227351
2025-06-10,NASDAQ (Q),462688175,196354656,1570435129,2229477960,26828359522.170097,16319234100.632687,90091921483.928039,133239515106.730823,7150777,1183264,11318019,19652060
2025-06-10,Members Exchange (U),68748882,77288946,285070926,431108754,3213018045.500700,4056875586.866299,6737033233.084401,14006926865.451400,815022,309793,1212307,2337122
2025-06-10,Investors Exchange (V),187137227,77368138,208615854,473121219,9686591493.663200,3659840138.139101,9189689087.270597,22536120719.072898,2283481,328300,2006271,4618052
2025-06-10,NASDAQ PSX (X),8066968,4586245,9871479,22524692,523045518.490800,518168652.642900,616968344.256200,1658182515.389900,131862,26932,138191,296985
2025-06-10,BYX Equities (Y),38831227,23079911,72806866,134718004,1566504714.406200,1097042535.182800,1909247409.440900,4572794659.029900,493928,142184,517431,1153543
2025-06-10,BZX Equities (Z),181759212,123901739,348811570,654472521,9674144898.288198,9182561972.889702,14036033147.408198,32892740018.586098,2617586,613501,2738127,5969214
2025-06-09,NYSE American (A),6234913,26499408,7632324,40366645,279273518.117300,276759486.967300,377651017.666100,933684022.750700,66042,85697,74157,225896
2025-06-09,NASDAQ BX (B),11982325,9727757,19573209,41283291,857677986.429300,451534225.621600,1170566619.326100,2479778831.377000,189003,64502,226853,480358
2025-06-09,NYSE National (C),20611900,14705477,26312833,61630210,673733168.998100,670334769.362300,772879201.311900,2116947139.672300,260934,84517,241793,587244
2025-06-09,FINRA / Nasdaq TRF Chicago (DB),10843697,6164192,26753037,43760926,507019607.662700,251124678.999100,1800491840.160700,2558636126.822500,77761,27892,158859,264512
2025-06-09,FINRA / NYSE TRF (DN),70234300,50405921,174655640,295295861,2682120787.479700,1351233883.404500,5184285176.866202,9217639847.750402,477027,118656,584575,1180258
2025-06-09,FINRA / Nasdaq TRF Carteret (DQ),2259013327,1485847465,5300090118,9044950910,98029347589.345114,54048831225.295736,156643859196.143304,308722038010.784154,16411205,4592833,20049793,41053831
2025-06-09,MIAX Pearl (H),30906403,49660082,104994994,185561479,1034420616.279800,2619433032.098799,2307373006.169301,5961226654.547900,298871,188248,448461,935580
2025-06-09,EDGA Equities (J),27844358,20128024,72934737,120907119,1061087818.700400,1241133717.625700,1420225218.056800,3722446754.382900,406593,125813,473177,1005583
2025-06-09,EDGX Equities (K),155734344,199732406,543324605,898791355,6801828361.158201,7463190952.501192,17563929189.281405,31828948502.940798,1696692,891898,3417478,6006068
2025-06-09,LTSE (L),32996,63452,133624,230072,1733674.535000,3632091.540000,3901644.786400,9267410.861400,355,325,602,1282
2025-06-09,NYSE Texas (M),11468072,14292623,17374745,43135440,1056387760.305300,1751431292.572000,2631862381.094900,5439681433.972200,28739,11009,33509,73257
2025-06-09,NYSE (N),1033909575,75437671,140993963,1250341209,56552659172.201485,3971118496.465700,5129855642.071500,65653633310.738685,3534670,267106,976430,4778206
2025-06-09,NYSE Arca (P),219232569,470391047,1169675385,1859299001,10509039766.456700,27279980902.937391,30516100027.392299,68305120696.786390,2683436,2043091,6222830,10949357
2025-06-09,NASDAQ (Q),432957579,208501327,1549403434,2190862340,24534863116.591584,14780858746.342298,92983677063.427204,132299398926.361086,6850193,1231894,11495280,19577367
2025-06-09,Members Exchange (U),67633652,80278776,242250404,390162832,2921032176.435599,3842917727.692501,6682145561.126801,13446095465.254901,737052,333162,1163976,2234190
2025-06-09,Investors Exchange (V),183999519,81073201,211478703,476551423,8920508008.969500,3610999980.529001,9299784214.313700,21831292203.812201,2219719,350290,2034371,4604380
2025-06-09,NASDAQ PSX (X),7507538,4584389,10265631,22357558,491969655.280300,447440018.097700,685547958.050400,1624957631.428400,135253,28688,150565,314506
2025-06-09,BYX Equities (Y),37535724,24954255,60348592,122838571,1453774638.860200,1151370322.804400,1881155119.916500,4486300081.581100,487368,145332,510691,1143391
2025-06-09,BZX Equities (Z),180002510,127461409,284375078,591838997,9191701876.521899,8960951467.044901,13799758396.183901,31952411739.750701,2575361,641363,2745410,5962134
2025-06-06,NYSE American (A),5334234,31241585,6200223,42776042,253892391.890200,259635508.213100,303683846.492200,817211746.595500,56944,70680,67112,194736
2025-06-06,NASDAQ BX (B),12219558,9489102,17066158,38774818,805979684.878100,480552779.046100,1179006106.532400,2465538570.456600,189987,63093,223563,476643
2025-06-06,NYSE National (C),18982337,15497313,22158796,56638446,658344888.396800,610223321.000800,796892416.800500,2065460626.198100,252450,84187,228726,565363
2025-06-06,FINRA / Nasdaq TRF Chicago (DB),9487934,5292415,22780114,37560463,444944955.171400,275376068.899000,1723939412.013900,2444260436.084300,63639,22377,145449,231465
2025-06-06,FINRA / NYSE TRF (DN),45700770,35698642,89523277,170922689,2217436483.389300,1497777109.917100,4581062009.524404,8296275602.830804,412703,113163,503102,1028968
2025-06-06,FINRA / Nasdaq TRF Carteret (DQ),2137181313,1447465946,3786667478,7371314737,87936677130.238010,50503834696.921950,147379936366.698320,285820448193.858280,14585106,4058673,17853430,36497209
2025-06-06,MIAX Pearl (H),28739082,54162698,78114827,161016607,934271403.340400,2382055250.759901,2355797221.985700,5672123876.086001,278475,185005,415955,879435
2025-06-06,EDGA Equities (J),26065701,22870056,40224958,89160715,941982252.300500,1228159943.385500,1521008276.141499,3691150471.827499,396988,127241,411733,935962
2025-06-06,EDGX Equities (K),139482583,176640217,473966829,790089629,6199038452.927700,7937420289.238696,18450846736.952414,32587305479.118810,1508214,784409,3241414,5534037
2025-06-06,LTSE (L),35081,70396,119970,225447,1896376.275000,5835410.190000,8291977.772800,16023764.237800,305,443,667,1415
2025-06-06,NYSE Texas (M),19381166,13748333,18245303,51374802,2131977550.114399,1593729994.230000,2620786664.771401,6346494209.115800,21753,9934,24377,56064
2025-06-06,NYSE (N),937833222,78484316,131848177,1148165715,50366274693.365799,4778297909.772997,5205571625.914599,60350144229.053395,3360621,276643,932677,4569941
2025-06-06,NYSE Arca (P),201422069,466201456,725112187,1392735712,9678403676.947299,28241679400.624288,30282923859.651604,68203006937.223191,2486806,1820175,5597847,9904828
2025-06-06,NASDAQ (Q),403817095,215929897,1374864225,1994611217,22432444754.355899,16961372581.801590,90558779786.190258,129952597122.347747,6314571,1275954,10999809,18590334
2025-06-06,Members Exchange (U),58523496,85640669,164998011,309162176,2495193104.415500,4158031399.728000,7136887846.415102,13790112350.558602,658168,324266,1066128,2048562
2025-06-06,Investors Exchange (V),178041469,80914919,181275631,440232019,8309017676.527999,3948596146.842699,8841021328.656099,21098635152.026797,2072027,340542,1890989,4303558
2025-06-06,NASDAQ PSX (X),6026729,5042749,7708883,18778361,443582169.866500,593228836.732400,564085402.961800,1600896409.560700,105077,33672,132006,270755
2025-06-06,BYX Equities (Y),35407081,25874345,46074387,107355813,1282327881.495900,1161990954.360900,1965626365.119399,4409945200.976199,456983,139018,499612,1095613
2025-06-06,BZX Equities (Z),165017980,138614749,265008973,568641702,8330242828.782300,10328876496.831696,15755218704.332000,34414338029.945996,2306460,651138,2665075,5622673
2025-06-05,NYSE American (A),5693748,29182668,6774890,41651306,263773877.377800,305818425.706500,381577338.223100,951169641.307400,59965,74828,70019,204812
2025-06-05,NASDAQ BX (B),15014434,12776290,21202580,48993304,904211340.822100,614244038.602200,1470433105.398300,2988888484.822600,209611,75531,245276,530418
2025-06-05,NYSE National (C),21933005,18629332,28612458,69174795,723899020.837500,686042189.843900,1126324819.747600,2536266030.429000,262750,96544,244618,603912
2025-06-05,FINRA / Nasdaq TRF Chicago (DB),11917916,6980756,32627816,51526488,502238378.567600,309984865.800600,2881867881.214800,3694091125.583000,72919,27264,195442,295625
2025-06-05,FINRA / NYSE TRF (DN),54182456,38458241,112385329,205026026,2381599710.813300,1655618516.531000,5909552372.200800,9946770599.545100,441872,103260,519917,1065049
2025-06-05,FINRA / Nasdaq TRF Carteret (DQ),2505865617,1612613898,4639518745,8757998260,96995564179.299393,64066500107.645929,196841483373.557353,357903547660.502675,15684030,4461626,20483473,40629129
2025-06-05,MIAX Pearl (H),34752482,71957117,100890971,207600570,999573629.473500,3197403053.045499,2985956334.885400,7182933017.404399,315871,219744,492146,1027761
2025-06-05,EDGA Equities (J),30314308,27936164,58052389,116302861,1039821465.014000,1567151067.793201,1981553785.699500,4588526318.506701,397751,138856,476977,1013584
2025-06-05,EDGX Equities (K),166043773,226590050,602018123,994651946,6784709099.191798,10000609985.067397,24222861778.539207,41008180862.798402,1696444,948165,4076569,6721178
2025-06-05,LTSE (L),69523,178098,371998,619619,2704683.550000,5564771.230000,6237635.161200,14507089.941200,435,472,1150,2057
2025-06-05,NYSE Texas (M),15332234,17560376,21618713,54511323,1299877977.169300,1399288013.925400,3758411740.122498,6457577731.217198,28993,11901,33698,74592
2025-06-05,NYSE (N),1062497794,93842476,143116790,1299457060,56023441179.201306,5416434463.343000,6057393630.779801,67497269273.324107,3828336,337883,1057287,5223506
2025-06-05,NYSE Arca (P),246221309,564429133,925555179,1736205621,10770971743.961201,40269249099.232108,41654340841.716383,92694561684.909692,2751821,2391716,7286044,12429581
2025-06-05,NASDAQ (Q),484513517,288617795,1606444832,2379576144,26397467707.561403,23085612522.690080,119192891227.195409,168675971457.446892,7107171,1620275,13224419,21951865
2025-06-05,Members Exchange (U),71179629,98348008,207008307,376535944,2855916749.772400,4541205066.921699,8528822957.168698,15925944773.862797,742257,365394,1264927,2372578
2025-06-05,Investors Exchange (V),208343117,100764826,218571122,527679065,9729884808.966500,4985765702.671499,11579632494.428399,26295283006.066398,2232312,394184,2060551,4687047
2025-06-05,NASDAQ PSX (X),6532338,6498352,10746284,23776974,400879579.500400,1124754494.656300,843636349.788000,2369270423.944700,115585,35394,155111,306090
2025-06-05,BYX Equities (Y),40393499,31557843,59481052,131432394,1510785289.486000,1453914565.360800,2491736964.916202,5456436819.763002,488428,164875,535529,1188832
2025-06-05,BZX Equities (Z),196879951,178844831,287501783,663226565,9439875115.789902,11480546378.173901,18631835407.707699,39552256901.671502,2565077,802305,3013481,6380863
2025-06-04,NYSE American (A),5779253,25714662,6275216,37769131,240687290.208600,270810675.012000,315316700.303600,826814665.524200,60772,69251,66929,196952
2025-06-04,NASDAQ BX (B),13637342,8911183,18122456,40670981,812870667.514500,466470999.388900,1179231311.888400,2458572978.791800,205323,61341,231787,498451
2025-06-04,NYSE National (C),21671343,13390052,22240495,57301890,644298208.684000,570015475.711700,868147315.497600,2082460999.893300,258637,73068,228836,560541
2025-06-04,FINRA / Nasdaq TRF Chicago (DB),9910832,5537178,22614200,38062210,454023900.496700,252211771.205700,1705281368.308200,2411517040.010600,66180,22622,143136,231938
2025-06-04,FINRA / NYSE TRF (DN),53336385,30043882,90168077,173548344,2426573793.322300,1313875516.989500,4089364767.592400,7829814077.904200,447451,92143,464375,1003969
2025-06-04,FINRA / Nasdaq TRF Carteret (DQ),2345698582,1356193479,4217880014,7919772075,90514887088.705391,52876373417.493009,147736466438.677545,291127726944.875945,15581157,3875038,17948174,37404369
2025-06-04,MIAX Pearl (H),32529011,50943981,77510605,160983597,921985472.259200,2478852225.428300,2240527350.908001,5641365048.595501,284596,171074,398829,854499
2025-06-04,EDGA Equities (J),30309692,19432179,51286384,101028255,1009312639.070600,1156784995.629200,1728147670.464401,3894245305.164201,401678,111932,431749,945359
2025-06-04,EDGX Equities (K),150240807,154595897,447520951,752357655,6244446938.354899,7013520888.171796,16424014922.990996,29681982749.517691,1531465,711457,3099201,5342123
2025-06-04,LTSE (L),96909,126001,529345,752255,3014821.240000,3818779.230000,4710946.666500,11544547.136500,469,643,989,2101
2025-06-04,NYSE Texas (M),12602635,15306875,20785016,48694526,1049450880.462800,2241375178.740601,3869255599.119101,7160081658.322502,28603,7586,30695,66884
2025-06-04,NYSE (N),1032161897,72421082,127090658,1231673637,54584659347.929402,3948926371.830500,5136719851.042599,63670305570.802501,3466239,248467,943440,4658146
2025-06-04,NYSE Arca (P),219818029,409732217,790972960,1420523206,10130356780.041994,26890323769.652299,28434585056.015198,65455265605.709491,2543346,1681013,5912627,10136986
2025-06-04,NASDAQ (Q),437607506,196424072,1353872392,1987903970,23195062590.178293,14809947694.788807,84778164992.599848,122783175277.566948,6539351,1151048,10819188,18509587
2025-06-04,Members Exchange (U),64053908,72823824,169555274,306433006,2640741347.128300,3741096954.739398,6337422875.486200,12719261177.353898,697247,289052,1037294,2023593
2025-06-04,Investors Exchange (V),186576245,74509277,181540616,442626138,8705353732.020701,3609811459.570502,9078838706.205697,21394003897.796900,2166186,319261,1920702,4406149
2025-06-04,NASDAQ PSX (X),5563546,3862481,6978097,16404124,354140123.549000,478926120.527900,569364948.972100,1402431193.049000,105961,23436,116572,245969
2025-06-04,BYX Equities (Y),39232764,23820469,51657642,114710875,1394837824.311200,1117881431.324000,1987547307.632899,4500266563.268099,480945,136929,521200,1139074
2025-06-04,BZX Equities (Z),175340239,118703033,227002990,521046262,8526688864.962706,9039642639.823703,13362287502.433188,30928619007.219597,2352359,579301,2492768,5424428
2025-06-03,NYSE American (A),6757444,24768585,7281640,38807669,268599603.025000,264636050.254300,355098299.047100,888333952.326400,69700,72476,76968,219144
2025-06-03,NASDAQ BX (B),13742095,9290338,17400970,40433403,889639256.789600,471579331.832600,1142180819.413000,2503399408.035200,197627,59236,221177,478040
2025-06-03,NYSE National (C),20288704,15011820,23522433,58822957,621230873.911000,754928745.122200,878606924.929500,2254766543.962700,249376,91748,231199,572323
2025-06-03,FINRA / Nasdaq TRF Chicago (DB),11390102,6031639,22556230,39977971,534715537.022300,272471304.946900,1684074399.337201,2491261241.306401,76509,26038,144452,246999
2025-06-03,FINRA / NYSE TRF (DN),53046357,33293344,89045594,175385295,2464915265.972900,1554043281.965800,3862865082.301201,7881823630.239901,469332,96382,485728,1051442
2025-06-03,FINRA / Nasdaq TRF Carteret (DQ),2492876191,1386690775,4362460345,8242027311,105193727803.980051,56678363637.300513,163394052224.042308,325266143665.322872,16334158,4169128,18656162,39159448
2025-06-03,MIAX Pearl (H),31308354,53515884,78235986,163060224,965562670.596300,2986019443.775198,2410381283.663001,6361963398.034499,284322,187192,424780,896294
2025-06-03,EDGA Equities (J),28193156,20104079,47948214,96245449,946447206.880100,1348927636.018000,1795361012.386299,4090735855.284399,409519,111367,436733,957619
2025-06-03,EDGX Equities (K),154645647,163782502,458069281,776497430,6852740961.984601,7974975011.716194,17016114910.278399,31843830883.979194,1622070,796899,3116280,5535249
2025-06-03,LTSE (L),79907,87387,143036,310330,3198446.275000,4691636.742300,2610581.513300,10500664.530600,315,554,650,1519
2025-06-03,NYSE Texas (M),10862995,12466825,17297987,40627807,866082313.990000,1570327739.710800,2741795067.297001,5178205120.997801,28383,8197,30926,67506
2025-06-03,NYSE (N),1093355179,79966435,134890882,1308212496,60120086918.011995,5258871586.608502,5823153917.832002,71202112422.452499,3738658,282212,1026472,5047342
2025-06-03,NYSE Arca (P),227986383,418595410,868775072,1515356865,10737008042.744702,26788268719.798212,29645233579.729781,67170510342.272695,2686937,1727261,6020588,10434786
2025-06-03,NASDAQ (Q),464404553,207436354,1447868568,2119709475,26069774207.300484,16528457123.668409,90567594777.422636,133165826108.391529,7061409,1232988,11478274,19772671
2025-06-03,Members Exchange (U),68109403,76888694,191554544,336552641,2886592113.032900,4122870234.535600,6682863629.931204,13692325977.499704,742131,300447,1115365,2157943
2025-06-03,Investors Exchange (V),200944789,76135614,197096309,474176712,9636505771.331501,3934009138.083400,9733518621.551399,23304033530.966300,2223396,332360,2007795,4563551
2025-06-03,NASDAQ PSX (X),6495720,4961081,7969053,19425854,411069598.114800,659829452.294300,558704951.472200,1629604001.881300,122824,30452,134216,287492
2025-06-03,BYX Equities (Y),40142881,24620803,50993995,115757679,1426709243.316200,1282831595.166700,1968029573.530598,4677570412.013498,475508,152527,530527,1158562
2025-06-03,BZX Equities (Z),191480869,126518696,254449488,572449053,9375590528.336098,9910960143.416695,14667069933.171501,33953620604.924294,2478287,622548,2636323,5737158
2025-06-02,NYSE American (A),6386697,27422451,7152897,40962045,263905290.764400,293684267.419500,334674241.776700,892263799.960600,69167,86248,78381,233796
2025-06-02,NASDAQ BX (B),12553014,11381183,17950230,41884427,774986227.556500,592786587.870700,1085687803.044800,2453460618.472000,201750,76269,227584,505603
2025-06-02,NYSE National (C),20447956,15144383,22211618,57803957,556909085.785700,701376528.099400,834668345.965200,2092953959.850300,247040,95106,224617,566763
2025-06-02,FINRA / Nasdaq TRF Chicago (DB),9552794,6556391,22616853,38726038,447867773.342400,311165479.662800,1614778787.686100,2373812040.691300,68617,27311,142859,238787
2025-06-02,FINRA / NYSE TRF (DN),44530423,14297482,38081446,96909351,2258175250.361000,923146347.827100,2340928968.961801,5522250567.149901,400271,83108,359118,842497
2025-06-02,FINRA / Nasdaq TRF Carteret (DQ),2365095950,1639107986,4243415989,8247619925,98117664013.462969,59395888626.339168,147158474422.373239,304672027062.175376,16625136,4611946,18840229,40077311
2025-06-02,MIAX Pearl (H),29476173,66116313,75969237,171561723,824338235.881000,2780188307.469101,2049699941.840800,5654226485.190901,270535,191517,400268,862320
2025-06-02,EDGA Equities (J),26191650,25307646,47290593,98789889,866312429.663000,1260671222.049900,1624611460.473600,3751595112.186500,388983,133897,426555,949435
2025-06-02,EDGX Equities (K),146283772,188834667,435590143,770708582,6031594943.824103,8173807463.105796,14584989499.523301,28790391906.453200,1470330,861935,2949995,5282260
2025-06-02,LTSE (L),47169,231398,258025,536592,2569672.495000,14678799.562000,3023840.585100,20272312.642100,358,579,704,1641
2025-06-02,NYSE Texas (M),19453921,13676233,16836786,49966940,1320089480.682100,1177440645.343000,2577730587.920499,5075260713.945599,19820,8882,24946,53648
2025-06-02,NYSE (N),1053425533,85864027,121803825,1261093385,55069803950.303799,4815126807.317100,5243569235.544399,65128499993.165298,3787649,305910,999763,5093322
2025-06-02,NYSE Arca (P),218794427,521642747,796246043,1536683217,10327233124.016296,32040456610.687192,29370984029.630692,71738673764.334180,2659938,2047106,5935358,10642402
2025-06-02,NASDAQ (Q),455141949,233791090,1412847602,2101780641,24449532870.340605,17951952051.338193,83978662293.797269,126380147215.476067,6904693,1413912,11290484,19609089
2025-06-02,Members Exchange (U),65763581,95703426,181111202,342578209,2749929739.912800,4453066294.820800,5946701340.344301,13149697375.077901,750811,364341,1089003,2204155
2025-06-02,Investors Exchange (V),202715700,91502341,195994408,490212449,9253442158.688499,4598826309.409899,9295111046.278699,23147379514.377097,2212288,384758,1983173,4580219
2025-06-02,NASDAQ PSX (X),5654640,4889190,7370333,17914163,362625504.944900,657430797.282700,531016879.981800,1551073182.209400,105202,28137,119757,253096
2025-06-02,BYX Equities (Y),39590506,31193857,50333696,121118059,1338924460.574300,1474530055.002700,1829900168.119200,4643354683.696200,478548,182612,521707,1182867
2025-06-02,BZX Equities (Z),177090780,140495084,225204731,542790595,8745245134.528599,10137247049.925599,13585182516.211790,32467674700.665988,2437955,678824,2575563,5692342
2025-05-30,NYSE American (A),5947339,28335287,6899597,41182223,272003899.406500,297787354.943700,394914324.982500,964705579.332700,66307,59195,75330,200832
2025-05-30,NASDAQ BX (B),15006977,11871756,18555444,45434177,1030169057.622300,651768582.191300,1253883150.333200,2935820790.146800,213076,66454,226578,506108
2025-05-30,NYSE National (C),23312057,16716112,23867095,63895264,817432163.555000,711557615.178100,879630302.851300,2408620081.584400,278786,83955,226440,589181
2025-05-30,FINRA / Nasdaq TRF Chicago (DB),10339106,7416304,23561871,41317281,464901254.254600,330175920.231200,1882918892.598400,2677996067.084200,63924,27173,136869,227966
2025-05-30,FINRA / NYSE TRF (DN),89387020,68782635,246378967,404548622,4063539002.706502,2211904770.229999,5798453336.342498,12073897109.278999,659585,205449,743956,1608990
2025-05-30,FINRA / Nasdaq TRF Carteret (DQ),2903770190,1740923841,4591044102,9235738133,138027793968.417923,60845912117.158968,199044958501.899373,397918664587.476264,15687033,4101576,17534315,37322924
2025-05-30,MIAX Pearl (H),31575224,81656457,86075359,199307040,1073200221.335800,3211468781.217900,2722330095.447800,7006999098.001500,301353,218124,433081,952558
2025-05-30,EDGA Equities (J),27394322,35522107,45684075,108600504,1058161073.464000,1508520824.779699,1565197316.618000,4131879214.861699,388016,148657,419803,956476
2025-05-30,EDGX Equities (K),162606650,232155745,488383359,883145754,6934206250.852196,10697788021.229705,20147475945.533096,37779470217.614997,1720063,948177,3232991,5901231
2025-05-30,LTSE (L),44727,555488,133786,734001,2806050.800000,13904200.489500,2859676.064900,19569927.354400,345,1169,571,2085
2025-05-30,NYSE Texas (M),12934679,16547981,30499296,59981956,1292955148.036500,2524001683.970000,5545038224.200300,9361995056.206800,22582,11691,24508,58781
2025-05-30,NYSE (N),2091086024,98086607,134087712,2323260343,137596124609.529581,4952898418.771901,6262819111.350999,148811842139.652481,4218720,314245,1017692,5550657
2025-05-30,NYSE Arca (P),242792898,657745137,887872096,1788410131,11510143698.332807,37801553940.639976,36054254623.597614,85365952262.570397,2856398,2179680,5984454,11020532
2025-05-30,NASDAQ (Q),499435255,263427217,2283198249,3046060721,28508028946.759693,21818325702.050096,166248550833.599990,216574905482.409779,7646212,1488172,12101471,21235855
2025-05-30,Members Exchange (U),67684043,111351927,199748500,378784470,2927758363.204200,4245072489.236702,7743502747.510996,14916333599.951898,804849,374927,1171049,2350825
2025-05-30,Investors Exchange (V),198420389,99201437,203556010,501177836,9527598174.566401,4903498857.062300,9967940007.033001,24399037038.661702,2187895,371066,1929598,4488559
2025-05-30,NASDAQ PSX (X),6213239,5382124,8463208,20058571,496160649.977300,849078962.323300,734464913.601100,2079704525.901700,117492,29529,120215,267236
2025-05-30,BYX Equities (Y),40671647,31230542,52714244,124616433,1717282317.285600,1405082100.262400,2126105541.138901,5248469958.686901,490425,151000,523306,1164731
2025-05-30,BZX Equities (Z),187563824,158419664,257415813,603399301,9748247963.890900,12575295431.405490,17320903508.684500,39644446903.980890,2578402,734330,2710061,6022793
2025-05-29,NYSE American (A),5268919,18238866,7805742,31313527,265448555.658200,312557272.888600,394569144.869900,972574973.416700,61521,56245,76968,194734
2025-05-29,NASDAQ BX (B),13658777,9547530,18502478,41708785,862144955.226600,505578056.206200,1104538207.087900,2472261218.520700,202214,60952,219548,482714
2025-05-29,NYSE National (C),18638587,11169542,21679243,51487372,563426991.716300,473413198.735900,673247050.073300,1710087240.525500,235697,64688,209923,510308
2025-05-29,FINRA / Nasdaq TRF Chicago (DB),9438934,5767939,23233678,38440551,495271654.994300,291796264.325200,1588069552.827600,2375137472.147100,66695,22004,133892,222591
2025-05-29,FINRA / NYSE TRF (DN),82557302,58369901,410286298,551213501,3842908598.227101,2315794833.110700,6175332810.647599,12334036241.985400,672700,190356,804050,1667106
2025-05-29,FINRA / Nasdaq TRF Carteret (DQ),2189038893,1290263041,5592152475,9071454409,98143910791.870885,51893546777.408397,152808835904.529623,302846293473.808905,15538196,3753448,17512712,36804356
2025-05-29,MIAX Pearl (H),26782193,68422106,112794233,207998532,887088638.811600,3200639719.580699,2371602120.833700,6459330479.225999,267445,190852,433086,891383
2025-05-29,EDGA Equities (J),26827253,22449061,69468722,118745036,1010681825.064900,1249149876.802800,1476849890.016302,3736681591.884002,396350,124051,448832,969233
2025-05-29,EDGX Equities (K),144296037,187033307,876469407,1207798751,6647729555.603101,8467054401.860398,18212396714.587495,33327180672.050994,1656574,784060,3311166,5751800
2025-05-29,LTSE (L),61928,67240,427792,556960,3317273.825000,2893190.200000,1656249.776400,7866713.801400,433,457,542,1432
2025-05-29,NYSE Texas (M),22786859,22118613,27590910,72496382,2836891945.890700,2422035783.691000,3439662120.325197,8698589849.906897,27227,9877,26050,63154
2025-05-29,NYSE (N),997657654,88353238,130059449,1216070341,55829687863.181905,4459100205.478602,6217573862.518699,66506361931.179206,3644184,282572,961263,4888019
2025-05-29,NYSE Arca (P),213669381,457792147,1489619166,2161080694,10825501838.709298,29945359800.518996,33618843058.784107,74389704698.012401,2701844,1876378,6049791,10628013
2025-05-29,NASDAQ (Q),444866223,215488609,1500988928,2161343760,25817750514.909690,18388939095.863205,90270519146.262636,134477208757.035531,7091465,1360166,11417213,19868844
2025-05-29,Members Exchange (U),61734310,85872741,357619180,505226231,2866288715.161100,3903412288.194698,7688685703.893500,14458386707.249298,776139,324537,1223178,2323854
2025-05-29,Investors Exchange (V),178654868,77190180,223800523,479645571,9103633582.258102,3843449758.129299,9240634653.708905,22187717994.096306,2097145,320845,1853354,4271344
2025-05-29,NASDAQ PSX (X),4773335,4374040,8505513,17652888,366609698.597800,705965559.391500,510727416.739800,1583302674.729100,101482,24409,103063,228954
2025-05-29,BYX Equities (Y),35671213,23048631,66126888,124846732,1417302316.821100,1162567189.039700,1948685417.964100,4528554923.824900,458609,139536,536542,1134687
2025-05-29,BZX Equities (Z),166252569,131794110,364344420,662391099,8813140570.538899,9161174338.867899,14503570931.017098,32477885840.423896,2403388,639508,2562856,5605752
2025-05-28,NYSE American (A),5282569,22456789,6150534,33889892,221385993.020300,297290229.601200,323155790.373300,841832012.994800,55732,71226,65962,192920
2025-05-28,NASDAQ BX (B),13900007,9588074,17848703,41336784,880331937.488700,488092179.785400,1055696730.593500,2424120847.867600,198442,62538,205505,466485
2025-05-28,NYSE National (C),20014699,10489599,19737509,50241807,604657182.599100,497413555.744500,623989043.892300,1726059782.235900,248204,68159,212625,528988
2025-05-28,FINRA / Nasdaq TRF Chicago (DB),9969020,4878465,19516311,34363796,455267956.599400,239801436.715700,1304441798.226700,1999511191.541800,67605,21129,119179,207913
2025-05-28,FINRA / NYSE TRF (DN),85082892,54751966,238921674,378756532,3399141936.137602,2154151011.511300,5620344475.501900,11173637423.150802,645909,191993,720690,1558592
2025-05-28,FINRA / Nasdaq TRF Carteret (DQ),2232662425,1283534192,4385721936,7901918553,91669803217.999769,52745811237.578994,143769541438.359687,288185155893.938450,15210302,3991935,16592818,35795055
2025-05-28,MIAX Pearl (H),29159658,50739154,89116016,169014828,824644682.858000,2504658483.983000,2159822750.467899,5489125917.308899,262094,176296,400663,839053
2025-05-28,EDGA Equities (J),28350972,21556074,70384275,120291321,961631735.462100,1291976025.666400,1453434812.477200,3707042573.605700,397612,129126,440086,966824
2025-05-28,EDGX Equities (K),163095378,171435417,566619090,901149885,6339689867.316197,8151979345.578103,17478769743.474794,31970438956.369094,1711561,790294,3098577,5600432
2025-05-28,LTSE (L),106560,71781,692692,871033,4137571.120000,3194978.590000,1981165.898500,9313715.608500,496,245,952,1693
2025-05-28,NYSE Texas (M),20067797,20403217,17438151,57909165,2432215709.232599,1702746687.795000,2732713625.217100,6867676022.244699,28360,9099,30173,67632
2025-05-28,NYSE (N),1011571610,79932171,127184101,1218687882,53986288748.729884,4377515765.871000,5741774762.126103,64105579276.726987,3524161,278941,962283,4765385
2025-05-28,NYSE Arca (P),231856686,400377085,1198424567,1830658338,10557671544.871695,27693963798.334326,30678342507.848691,68929977851.054712,2711591,1823420,5771020,10306031
2025-05-28,NASDAQ (Q),446120474,195712631,1405302866,2047135971,23805978932.529298,16174196598.779301,86111394641.425785,126091570172.734384,6797854,1267212,10667581,18732647
2025-05-28,Members Exchange (U),64396363,72627326,228082705,365106394,2591011365.189200,3930571387.890600,6373903727.959802,12895486481.039602,719573,328803,1074989,2123365
2025-05-28,Investors Exchange (V),179106472,65620287,170727369,415454128,8525301433.959800,3691327650.513400,8292634999.363296,20509264083.836496,2042851,295186,1766473,4104510
2025-05-28,NASDAQ PSX (X),5353960,4129353,6391540,15874853,324592532.887600,508160614.195900,442179290.808000,1274932437.891500,98721,26334,99924,224979
2025-05-28,BYX Equities (Y),37667917,23071904,55603894,116343715,1378431548.987300,1141607295.411000,1807793379.145199,4327832223.543499,460596,145530,493801,1099927
2025-05-28,BZX Equities (Z),173068955,117776613,218620794,509466362,8418225114.519100,9654164818.595004,12618395402.036506,30690785335.150610,2350027,612474,2335201,5297702
2025-05-27,NYSE American (A),5746655,25315139,7536318,38598112,236146624.381300,305492153.784200,330812421.043400,872451199.208900,64289,69805,75340,209434
2025-05-27,NASDAQ BX (B),15643090,10142541,19048993,44834624,1021310696.687000,551268298.773500,1200733064.399000,2773312059.859500,219599,65534,230406,515539
2025-05-27,NYSE National (C),22283274,11810985,25017812,59112071,682198775.044400,654552987.752600,825845686.327400,2162597449.124400,265487,69526,250149,585162
2025-05-27,FINRA / Nasdaq TRF Chicago (DB),10724003,5693011,23165462,39582476,488090681.596900,277541959.812300,1566503368.271001,2332136009.680201,76924,26596,152149,255669
2025-05-27,FINRA / NYSE TRF (DN),98991460,59475240,250455409,408922109,3929770990.563999,2347942332.123001,5967892738.119197,12245606060.806197,745222,244105,855289,1844616
2025-05-27,FINRA / Nasdaq TRF Carteret (DQ),2615759423,1332465121,4540606290,8488830834,107743940271.053770,57429277397.673400,154133753910.930212,319306971579.657382,16914554,4483768,18777370,40175692
2025-05-27,MIAX Pearl (H),35862909,55183044,105238013,196283966,1006766794.480100,2742022379.865803,2779498078.851501,6528287253.197404,299877,189956,480373,970206
2025-05-27,EDGA Equities (J),36351423,20485215,74176947,131013585,1142928390.628500,1589907595.440199,1564475416.204900,4297311402.273599,421402,129559,493087,1044048
2025-05-27,EDGX Equities (K),182453664,182727975,581764361,946946000,7229926548.112798,8923039056.403506,19840093169.824898,35993058774.341202,1653864,892397,3297380,5843641
2025-05-27,LTSE (L),287209,132073,637911,1057193,7680410.655000,3849043.920000,2988925.040400,14518379.615400,388,600,906,1894
2025-05-27,NYSE Texas (M),16328341,8925930,13071195,38325466,1062437507.778000,1125272329.354000,2415867761.608701,4603577598.740701,26598,10730,28294,65622
2025-05-27,NYSE (N),1151266743,81243815,143788528,1376299086,61607587648.528306,4723946919.649800,6505850573.255399,72837385141.433505,3690552,275312,992900,4958764
2025-05-27,NYSE Arca (P),266823574,428944197,1024637249,1720405020,11347198313.103598,28599132464.998387,31807437593.172920,71753768371.274905,2848086,1753002,6049394,10650482
2025-05-27,NASDAQ (Q),501738231,199954979,1560909397,2262602607,26045863887.289799,17182979483.903297,100399966951.474817,143628810322.667913,7128793,1301743,11609963,20040499
2025-05-27,Members Exchange (U),66726433,72875828,216067822,355670083,2786405420.795599,4428700659.778202,7059852938.038600,14274959018.612401,740321,335798,1157030,2233149
2025-05-27,Investors Exchange (V),204389274,69525697,197064226,470979197,9677994432.538701,3886331169.277601,9504187621.635204,23068513223.451506,2260499,330932,1998596,4590027
2025-05-27,NASDAQ PSX (X),7638912,3940878,7698812,19278602,371103856.361900,550037387.248600,475080689.700400,1396221933.310900,103878,24777,109320,237975
2025-05-27,BYX Equities (Y),43144319,25072587,60734523,128951429,1563986854.579100,1378709008.941800,2025726493.545199,4968422357.066099,506431,162058,537086,1205575
2025-05-27,BZX Equities (Z),199228517,128711300,273456276,601396093,9729664308.795199,10301423725.617404,15689708974.967892,35720797009.380495,2658111,648686,2775115,6081912
2025-05-23,NYSE American (A),5135878,22877529,6712077,34725484,219154830.495800,307800120.778700,335217486.531000,862172437.805500,56229,67809,64411,188449
2025-05-23,NASDAQ BX (B),13486385,11144220,20298762,44929367,846539397.860400,586409872.072300,1107645815.719500,2540595085.652200,193657,71793,194290,459740
2025-05-23,NYSE National (C),19081462,11466451,20346669,50894582,582934095.064400,489085298.638500,656876184.597800,1728895578.300700,234957,69195,203975,508127
2025-05-23,FINRA / Nasdaq TRF Chicago (DB),9986888,6195179,21608212,37790279,472007900.811900,305653726.457200,1413428493.594101,2191090120.863201,67837,25411,124366,217614
2025-05-23,FINRA / NYSE TRF (DN),86617583,57041675,278726730,422385988,3682038067.940398,2117904435.656698,4827110205.503101,10627052709.100197,649029,209126,707877,1566032
2025-05-23,FINRA / Nasdaq TRF Carteret (DQ),2217891133,1336629302,4528157505,8082677940,89692963745.954419,55908878750.556633,134696132692.172761,280297975188.683813,14787536,4134647,16446624,35368807
2025-05-23,MIAX Pearl (H),28428822,61452346,109926235,199807403,849498594.377500,2579462144.259401,2352092415.428800,5781053154.065701,266564,205264,433452,905280
2025-05-23,EDGA Equities (J),25786058,22906404,84948265,133640727,952358943.505500,1412920341.542800,1544339341.990100,3909618627.038400,351344,137951,444579,933874
2025-05-23,EDGX Equities (K),162876790,215505105,552424171,930806066,6708349199.310001,9103936347.006105,17004311253.604010,32816596799.920116,1697867,983811,2954668,5636346
2025-05-23,LTSE (L),102766,85747,516726,705239,4793323.150000,4159048.360000,6143181.803200,15095553.313200,544,482,1066,2092
2025-05-23,NYSE Texas (M),12592087,9676730,26977700,49246517,1043582809.181900,944810023.068400,4524176050.664004,6512568882.914304,20499,12473,23660,56632
2025-05-23,NYSE (N),1004517654,95059960,137192969,1236770583,52760571236.449301,4919254183.383601,5420984401.735798,63100809821.568700,3680064,339035,939501,4958600
2025-05-23,NYSE Arca (P),225245624,478697994,1173993423,1877937041,10441720633.718098,33287807379.564591,31939975740.279084,75669503753.561773,2680826,2243541,5683307,10607674
2025-05-23,NASDAQ (Q),450729498,249019874,1390707968,2090457340,24076576701.145598,19031466167.874405,85186932182.755252,128294975051.775255,6765052,1549176,10761879,19076107
2025-05-23,Members Exchange (U),61762676,85912478,259687999,407363153,2703699730.248500,4181870269.508599,6561519098.951700,13447089098.708799,700918,376661,1091461,2169040
2025-05-23,Investors Exchange (V),184018409,74388927,181097431,439504767,8519767973.366101,4041892922.409498,8611016095.123605,21172676990.899204,2072200,344174,1792189,4208563
2025-05-23,NASDAQ PSX (X),5149991,4708218,9576845,19435054,351527848.841900,689266237.608900,552312831.535900,1593106917.986700,102929,27471,107021,237421
2025-05-23,BYX Equities (Y),39163695,26554881,67567964,133286540,1341133410.526900,1219089087.117000,1904157552.691702,4464380050.335602,431050,150397,471988,1053435
2025-05-23,BZX Equities (Z),177819482,155192331,251956843,584968656,8473300178.070801,9924174676.912203,14440228579.784290,32837703434.767294,2397076,738901,2487342,5623319
2025-05-22,NYSE American (A),6148865,18119820,7440530,31709215,260786607.127800,261423392.186200,320172021.645000,842382020.959000,68705,64262,68531,201498
2025-05-22,NASDAQ BX (B),13749040,10356711,19488002,43593753,941049200.128200,578863989.147200,1134075916.712700,2653989105.988100,202800,68261,210111,481172
2025-05-22,NYSE National (C),20533399,11362893,23814774,55711066,661543355.851100,522042661.500200,684747427.668700,1868333445.020000,261268,73012,242067,576347
2025-05-22,FINRA / Nasdaq TRF Chicago (DB),11175297,5547110,22500681,39223088,537942104.069700,289970086.691000,1597865378.128600,2425777568.889300,73686,22502,136290,232478
2025-05-22,FINRA / NYSE TRF (DN),95175153,54622447,242765287,392562887,3812192564.707600,2179028414.577300,5874684298.625601,11865905277.910501,688443,209336,745439,1643218
2025-05-22,FINRA / Nasdaq TRF Carteret (DQ),2482948429,1264252010,4127862887,7875063326,101094987356.605373,54440516105.681107,145761358943.152799,301296862405.439279,16173064,3878519,17212758,37264341
2025-05-22,MIAX Pearl (H),35005511,60134277,100547055,195686843,1067869058.168800,2822876978.809799,2585739502.599899,6476485539.578498,313574,202949,461857,978380
2025-05-22,EDGA Equities (J),28239165,20887300,54853260,103979725,1000345436.473200,1285813266.594900,1539970448.802399,3826129151.870499,384611,129250,427131,940992
2025-05-22,EDGX Equities (K),181083247,197250158,542561102,920894507,7439497707.095403,8730609921.824201,17728856558.362497,33898964187.282101,1798073,897078,3090751,5785902
2025-05-22,LTSE (L),93832,176421,405154,675407,4983379.265000,4966245.217700,5135306.577500,15084931.060200,427,677,902,2006
2025-05-22,NYSE Texas (M),17380999,10593011,32129582,60103592,1320964043.755800,1165829985.774600,4204543196.027799,6691337225.558199,24805,9746,26564,61115
2025-05-22,NYSE (N),1068937786,79851934,151576211,1300365931,56505116130.788497,4498529207.997302,5868992517.578902,66872637856.364701,3805936,300036,1062253,5168225
2025-05-22,NYSE Arca (P),240294981,438073136,969091568,1647459685,11013802016.867501,28910159213.030391,32232248143.383229,72156209373.281121,2774430,1968677,5807127,10550234
2025-05-22,NASDAQ (Q),485893542,218396316,1489078484,2193368342,25847509707.825804,18395197275.167704,89409613571.261641,133652320554.255149,6920547,1419734,11396361,19736642
2025-05-22,Members Exchange (U),70277998,79315225,229972063,379565286,2853937579.421100,3983306746.493999,7170329021.572698,14007573347.487797,764192,338554,1142220,2244966
2025-05-22,Investors Exchange (V),202288679,69008209,198403256,469700144,9444578112.657100,4137039277.989202,9128044421.280899,22709661811.927201,2210549,337510,1921529,4469588
2025-05-22,NASDAQ PSX (X),5490149,4889875,9383863,19763887,330137968.133500,710581234.861600,472670596.263700,1513389799.258800,98468,26061,112431,236960
2025-05-22,BYX Equities (Y),41333527,24103415,60497745,125934687,1536042158.155400,1212599136.508200,1949541212.525198,4698182507.188798,480895,144683,501871,1127449
2025-05-22,BZX Equities (Z),203781916,137806162,283381015,624969093,9534770264.189401,11273985260.589503,15306918933.167403,36115674457.946307,2568370,701704,2695926,5966000
2025-05-21,NYSE American (A),6223093,21635866,7398326,35257285,349413325.778800,328644095.816600,418655039.503300,1096712461.098700,73853,78256,71754,223863
2025-05-21,NASDAQ BX (B),14959392,11260534,20420311,46640237,953892863.281100,601176756.767900,1123398439.908500,2678468059.957500,203685,76037,215779,495501
2025-05-21,NYSE National (C),21001055,12623738,26609970,60234763,725786383.120700,561697544.861900,838733828.301200,2126217756.283800,258162,73034,235610,566806
2025-05-21,FINRA / Nasdaq TRF Chicago (DB),11943273,6517185,27513773,45974231,563208638.462300,314945376.146800,2066922047.643900,2945076062.253000,76492,26888,152206,255586
2025-05-21,FINRA / NYSE TRF (DN),98310858,66248698,302438534,466998090,4060741954.500601,2571414572.262700,6398020894.550900,13030177421.314201,714604,233110,818945,1766659
2025-05-21,FINRA / Nasdaq TRF Carteret (DQ),2477100840,1447600527,5355310746,9280012113,103016489438.021824,70191605715.024769,168705384289.511515,341913479442.558108,15870216,4635888,18256346,38762450
2025-05-21,MIAX Pearl (H),34547896,71090868,132259762,237898526,1030362127.304800,3440722168.623798,3070113200.731601,7541197496.660199,306699,259552,498286,1064537
2025-05-21,EDGA Equities (J),27953733,20986692,73711404,122651829,1066607094.059200,1413797825.994000,1661543650.155799,4141948570.208999,369521,149467,452121,971109
2025-05-21,EDGX Equities (K),188520449,214134440,856256280,1258911169,8076603621.627300,10692272464.645004,20786201645.419707,39555077731.692011,1734968,1056761,3300391,6092120
2025-05-21,LTSE (L),107122,94615,299995,501732,3699208.327800,5618110.780000,2668050.457800,11985369.565600,428,460,834,1722
2025-05-21,NYSE Texas (M),18886916,10925829,19810042,49622787,2554703836.390600,1201296954.502100,1813348397.569400,5569349188.462100,27804,10196,30762,68762
2025-05-21,NYSE (N),1164285027,92606213,144584899,1401476139,64020680855.510503,5690548796.196399,5938451905.447701,75649681557.154603,3931983,376391,1037627,5346001
2025-05-21,NYSE Arca (P),252211460,500963876,1681959679,2435135015,12387150904.646897,36377973057.372806,36423628400.839910,85188752362.859613,2901707,2538203,6336280,11776190
2025-05-21,NASDAQ (Q),507537738,268049755,1721492547,2497080040,28077650370.533501,23787228198.650795,107185285000.134479,159050163569.318775,7418961,1889924,12381519,21690404
2025-05-21,Members Exchange (U),72464437,94893612,385110086,552468135,3124135102.933601,4841911358.130802,7966298767.447995,15932345228.512398,774845,422884,1191332,2389061
2025-05-21,Investors Exchange (V),192683339,85413130,212838740,490935209,9659396075.235802,5276563272.481099,9946945545.567706,24882904893.284607,2252912,407096,1994979,4654987
2025-05-21,NASDAQ PSX (X),5590535,5575860,8251510,19417905,369674962.794200,866390375.810600,557196519.937300,1793261858.542100,103604,32858,110843,247305
2025-05-21,BYX Equities (Y),42452634,25910516,68762967,137126117,1633894790.118700,1267294607.628800,2168709853.503600,5069899251.251100,506153,154862,521056,1182071
2025-05-21,BZX Equities (Z),200484805,165301027,401906510,767692342,10050296701.503599,13190154748.991002,17004539841.510892,40244991292.005493,2807931,883838,2916131,6607900
2025-05-20,NYSE American (A),5283058,21655632,7235570,34174260,266349261.818800,277446336.856700,317360583.887600,861156182.563100,63436,81384,66126,210946
2025-05-20,NASDAQ BX (B),11846586,10003110,18525266,40374962,924197800.805900,583425689.665100,1088185740.313500,2595809230.784500,184269,62701,190197,437167
2025-05-20,NYSE National (C),18868509,9319863,21667560,49855932,761083666.047300,414239655.388200,730419399.501600,1905742720.937100,243819,54425,202008,500252
2025-05-20,FINRA / Nasdaq TRF Chicago (DB),9881818,4798894,23244863,37925575,529091264.788300,229415945.102100,1561092485.909800,2319599695.800200,67972,20786,121953,210711
2025-05-20,FINRA / NYSE TRF (DN),78310485,49125081,245096730,372532296,3633678682.510701,1944508629.859599,5702590815.971403,11280778128.341703,631594,182885,712437,1526916
2025-05-20,FINRA / Nasdaq TRF Carteret (DQ),2085555172,1537794782,4597928806,8221278760,95498746778.315289,81635214947.077275,142378234033.833812,319512195759.226376,13754218,3893611,15719577,33367406
2025-05-20,MIAX Pearl (H),27187998,47966812,115615893,190770703,884566251.929200,2027832843.633600,2113224748.195901,5025623843.758701,244312,154790,388727,787829
2025-05-20,EDGA Equities (J),28388272,17278914,74727347,120394533,1044635229.351000,1035667203.842700,1182150566.447100,3262452999.640800,373771,102781,415239,891791
2025-05-20,EDGX Equities (K),151228015,152222563,667468658,970919236,6795306134.118596,7782784161.047198,15780446075.800000,30358536370.965794,1472944,749220,2762743,4984907
2025-05-20,LTSE (L),39926,35129,785465,860520,1274720.650000,2727413.255000,2170387.787500,6172521.692500,268,350,1100,1718
2025-05-20,NYSE Texas (M),31128523,11731403,29942849,72802775,1862906400.051500,1177690424.099400,4008041884.543000,7048638708.693900,21529,8494,24475,54498
2025-05-20,NYSE (N),987702176,70402175,128532194,1186636545,54581685937.301296,4514374577.119500,5043961474.043401,64140021988.464197,3600865,260485,921165,4782515
2025-05-20,NYSE Arca (P),221708713,383114842,1198470772,1803294327,10542101036.677394,26459392319.609519,25936863163.890900,62938356520.177813,2521031,1799267,5351266,9671564
2025-05-20,NASDAQ (Q),410392544,176960375,1443395140,2030748059,23105860357.962997,15195908298.636296,78531025291.491285,116832793948.090578,6241512,1187961,10425330,17854803
2025-05-20,Members Exchange (U),61850452,70429399,291232815,423512666,2639254309.696400,3765749908.571601,6303339152.473698,12708343370.741699,647556,296596,991362,1935514
2025-05-20,Investors Exchange (V),168355604,63603603,180693468,412652675,8943521605.881100,3671754892.975099,8095171895.058301,20710448393.914500,2161690,320200,1873993,4355883
2025-05-20,NASDAQ PSX (X),4841591,3730141,7521559,16093291,326799838.453100,539272880.954500,411835667.221900,1277908386.629500,95131,21227,104162,220520
2025-05-20,BYX Equities (Y),35841571,23523525,64830196,124195292,1579478799.934500,1283906157.085500,1740818304.103700,4604203261.123700,490776,149582,493177,1133535
2025-05-20,BZX Equities (Z),170276224,113781331,269244989,553302544,9169203883.011503,9105999742.111798,11977030536.000004,30252234161.123305,2478930,605897,2465625,5550452
2025-05-19,NYSE American (A),4790994,15744855,16405756,36941605,229227985.423400,232165251.800000,257762844.540000,719156081.763400,57662,54398,63646,175706
2025-05-19,NASDAQ BX (B),10563981,8372413,31991746,50928140,785327585.109300,519165493.335600,895216038.692300,2199709117.137200,167535,74300,179146,420981
2025-05-19,NYSE National (C),15447178,7625054,32650746,55722978,615032148.556800,353583667.697600,591845271.656900,1560461087.911300,217970,48532,196033,462535
2025-05-19,FINRA / Nasdaq TRF Chicago (DB),9128515,4800790,29490283,43419588,598088790.881900,367637343.057200,1416946835.364800,2382672969.303900,75462,23491,125611,224564
2025-05-19,FINRA / NYSE TRF (DN),74341092,46530903,405918765,526790760,3697919540.415099,1993651775.719800,5795680893.999805,11487252210.134704,645958,187171,751508,1584637
2025-05-19,FINRA / Nasdaq TRF Carteret (DQ),1940623639,1064129141,6041580737,9046333517,98363073365.926910,53922558083.466729,140406018951.103540,292691650400.497179,15215543,3784552,16972626,35972721
2025-05-19,MIAX Pearl (H),25251893,41823267,149822707,216897867,936778275.798000,1870760176.095200,2169026098.847301,4976564550.740501,249209,146721,392416,788346
2025-05-19,EDGA Equities (J),23812176,17992524,108393327,150198027,1015324969.561300,1174425710.169699,1276330949.730700,3466081629.461699,326168,101171,388628,815967
2025-05-19,EDGX Equities (K),132655268,151149908,1257213248,1541018424,6726526129.189698,7510048310.216003,15935853904.657988,30172428344.063689,1356567,778318,2936288,5071173
2025-05-19,LTSE (L),114581,97932,538310,750823,5315087.845000,3776801.410000,2654811.627300,11746700.882300,359,486,832,1677
2025-05-19,NYSE Texas (M),20122802,22039704,27953187,70115693,1934283455.865300,5405783142.556001,4181244334.762202,11521310933.183503,19948,7215,20645,47808
2025-05-19,NYSE (N),949899112,61198727,119705722,1130803561,56002545308.789793,4287592995.724000,4370057678.311100,64660195982.824893,3451197,244681,844896,4540774
2025-05-19,NYSE Arca (P),188393615,356666012,2542187194,3087246821,10635216225.040600,26136940474.939210,25608535926.668684,62380692626.648494,2334688,1721108,5530593,9586389
2025-05-19,NASDAQ (Q),385794375,178758637,1717294812,2281847824,23419664555.792195,15496216295.179495,80605493904.201661,119521374755.173351,6140880,1198735,10067848,17407463
2025-05-19,Members Exchange (U),59118759,60288491,498017006,617424256,3002427991.642699,3291672349.486400,5574653230.014400,11868753571.143499,683040,275929,1040121,1999090
2025-05-19,Investors Exchange (V),156738989,54901802,196638794,408279585,8725632123.757402,3200732474.366000,7725663162.309297,19652027760.432699,2019551,279844,1775704,4075099
2025-05-19,NASDAQ PSX (X),4729333,3523171,9462383,17714887,331500301.096700,536422798.593600,441233545.061700,1309156644.752000,92285,21679,99473,213437
2025-05-19,BYX Equities (Y),31268609,21057656,108342371,160668636,1313843960.936900,1053716939.364900,1643389940.493500,4010950840.795300,412683,123524,449275,985482
2025-05-19,BZX Equities (Z),151497233,108081650,359677411,619256294,8689498095.497902,8333980203.397602,11895051347.512605,28918529646.408109,2255398,561839,2329227,5146464
2025-05-16,NYSE American (A),5867998,44039924,7079298,56987220,241739655.685300,295720430.309300,293526993.851700,830987079.846300,61711,63777,66095,191583
2025-05-16,NASDAQ BX (B),11822994,8181362,18435500,38439856,861594878.877400,442459705.640400,1006304129.549100,2310358714.066900,183052,67055,199054,449161
2025-05-16,NYSE National (C),18773576,9219205,22452199,50444980,637708054.825100,379806729.871600,684493610.181400,1702008394.878100,244712,54533,204655,503900
2025-05-16,FINRA / Nasdaq TRF Chicago (DB),10151555,4387317,25302514,39841386,676643059.800400,303136204.988600,1479540855.115800,2459320119.904800,77310,19883,127736,224929
2025-05-16,FINRA / NYSE TRF (DN),80440488,47798774,288144829,416384091,3733040486.334701,2209363325.005901,5874733074.701698,11817136886.042300,660833,178177,756663,1595673
2025-05-16,FINRA / Nasdaq TRF Carteret (DQ),2216003764,1127636942,5355372952,8699013658,107133855120.652301,60098844783.318769,158495569660.187626,325728269564.158696,16262720,3600786,17929391,37792897
2025-05-16,MIAX Pearl (H),31018433,41659767,139440052,212118252,1120613640.880700,1734800929.760401,2162550990.567400,5017965561.208501,290220,136817,436327,863364
2025-05-16,EDGA Equities (J),24131269,14823052,87491709,126446030,961355491.457700,1067092818.290700,1264742894.320400,3293191204.068800,358268,92347,423148,873763
2025-05-16,EDGX Equities (K),155436064,132227948,704655787,992319799,7662829645.699201,6953845238.958897,16873887774.306696,31490562658.964794,1503856,626832,3055894,5186582
2025-05-16,LTSE (L),140087,50194,1168098,1358379,5171099.875000,4703719.650000,3008016.871600,12882836.396600,345,385,1244,1974
2025-05-16,NYSE Texas (M),26618618,15953427,38946784,81518829,2258688703.336401,2642519063.100500,6273729931.369600,11174937697.806501,17656,6531,21549,45736
2025-05-16,NYSE (N),1217386452,55322217,125181269,1397889938,76598407321.925397,4042198564.675900,4940204763.658802,85580810650.260099,3664525,224493,945338,4834356
2025-05-16,NYSE Arca (P),229309033,346039033,1456948372,2032296438,12216480700.641600,24781187169.813924,29020186609.806518,66017854480.262042,2721230,1599157,6073028,10393415
2025-05-16,NASDAQ (Q),437561175,169083038,1768432309,2375076522,25646864535.899400,14222741613.146694,109887293016.155008,149756899165.201102,6568474,1111249,10948879,18628602
2025-05-16,Members Exchange (U),63248679,53518081,364531975,481298735,3126873438.405201,3456174963.511500,6697433367.489900,13280481769.406601,733743,257157,1145622,2136522
2025-05-16,Investors Exchange (V),174507717,59694542,198129886,432332145,9242651727.996302,3295935658.836600,8504763172.901804,21043350559.734706,2117261,292872,1899926,4310059
2025-05-16,NASDAQ PSX (X),5009871,3558553,7523790,16092214,356130357.645800,480460982.123900,467370436.615400,1303961776.385100,93568,19910,106898,220376
2025-05-16,BYX Equities (Y),36248798,21198724,68348026,125795548,1585400968.729900,1018297912.702100,1758406487.383300,4362105368.815300,463782,120496,498997,1083275
2025-05-16,BZX Equities (Z),181773580,111467681,297005299,590246560,10569933497.559499,8860102559.196204,15015787489.773194,34445823546.528897,2638845,570481,2766050,5975376
2025-05-15,NYSE American (A),5545874,17594104,6484906,29624884,312535603.639000,230307289.697600,334181716.091500,877024609.428100,65957,62344,66805,195106
2025-05-15,NASDAQ BX (B),14149270,8515033,22134263,44798566,1203762614.906500,478211593.231900,1148166596.179500,2830140804.317900,227447,102089,217287,546823
2025-05-15,NYSE National (C),18701820,8433997,22024411,49160228,790209409.286700,379807632.504600,733459449.017300,1903476490.808600,246470,53937,211560,511967
2025-05-15,FINRA / Nasdaq TRF Chicago (DB),11059089,4927729,27207041,43193859,861678490.516900,331295457.630100,1665290946.482000,2858264894.629000,85277,20909,138526,244712
2025-05-15,FINRA / NYSE TRF (DN),91565598,54993336,266022493,412581427,4797938169.051700,2435492168.623200,6269339345.172501,13502769682.847401,726519,194684,814400,1735603
2025-05-15,FINRA / Nasdaq TRF Carteret (DQ),2348184219,1124255021,5210337388,8682776628,122558698842.641100,55085719588.546028,154009310811.950339,331653729243.137467,17346706,3662643,18540425,39549774
2025-05-15,MIAX Pearl (H),31988045,47815936,135637375,215441356,1285678105.607700,2306262891.584600,2568755521.091500,6160696518.283800,318174,149601,499634,967409
2025-05-15,EDGA Equities (J),30478400,16841993,103551349,150871742,1196608990.962700,1070395233.956400,1516686939.007900,3783691163.927000,385098,110002,493127,988227
2025-05-15,EDGX Equities (K),159073726,161485297,757194812,1077753835,8950831203.800599,7638179932.508800,17901665061.830002,34490676198.139401,1638061,792041,3160721,5590823
2025-05-15,LTSE (L),441919,51885,997335,1491139,14141820.991300,3652721.430000,21655737.757000,39450280.178300,1791,356,2783,4930
2025-05-15,NYSE Texas (M),14423118,17269808,26529226,58222152,1041262915.319500,3621631069.607302,2774845223.883600,7437739208.810402,21741,7343,22579,51663
2025-05-15,NYSE (N),1090140163,66346970,125974998,1282462131,64683472209.895300,3823010370.304799,5267063049.641299,73773545629.841398,4046424,252796,959898,5259118
2025-05-15,NYSE Arca (P),248802279,402331917,1640220305,2291354501,14514676871.680103,27917537280.033410,31063880584.040299,73496094735.753812,2935869,1826067,6404345,11166281
2025-05-15,NASDAQ (Q),490249971,201936973,1662056597,2354243541,31761854019.627595,17839107226.493398,96240961925.978558,145841923172.099551,7347314,1400923,11603941,20352178
2025-05-15,Members Exchange (U),64859787,62789063,375936487,503585337,3637989467.407001,3462565271.462600,6949684050.619902,14050238789.489503,784098,292012,1237211,2313321
2025-05-15,Investors Exchange (V),205501712,77402782,218393613,501298107,11767820053.864799,4112000733.541200,9475430291.889404,25355251079.295403,2397811,347379,2061849,4807039
2025-05-15,NASDAQ PSX (X),6224407,3824896,7877120,17926423,477528356.834600,595724087.525200,590727331.704900,1663979776.064700,114026,23705,112124,249855
2025-05-15,BYX Equities (Y),40728160,22443785,73282469,136454414,2021611269.420900,1144723909.959900,2008029073.948801,5174364253.329601,531062,138357,538895,1208314
2025-05-15,BZX Equities (Z),193998159,121799847,288054522,603852528,11789988743.328399,9627968360.411198,15501776017.753706,36919733121.493303,2773107,658648,2795026,6226781
2025-05-14,NYSE American (A),6337660,20545083,7487352,34370095,300271902.918300,277587782.813900,330426510.696600,908286196.428800,72563,65217,75254,213034
2025-05-14,NASDAQ BX (B),14938334,10264596,23607017,48809947,1044067396.724200,543191888.852200,1237216730.965900,2824476016.542300,232933,83381,247564,563878
2025-05-14,NYSE National (C),21733014,11448291,26758212,59939517,742230111.413000,522448429.685900,736527524.911100,2001206066.010000,278668,70657,254353,603678
2025-05-14,FINRA / Nasdaq TRF Chicago (DB),10405213,5320247,30064628,45790088,539426165.328800,328164903.859900,1842206444.813200,2709797514.001900,76266,24268,158644,259178
2025-05-14,FINRA / NYSE TRF (DN),92448020,57551769,330630107,480629896,4221006659.832101,2509355282.609800,7060084582.563299,13790446525.005200,745839,203205,887877,1836921
2025-05-14,FINRA / Nasdaq TRF Carteret (DQ),2483736232,1282203780,6098548209,9864488221,117567072119.260991,61776514780.291804,172643737968.892031,351987324868.444826,18404447,4011691,21042281,43458419
2025-05-14,MIAX Pearl (H),34339590,55932486,151497694,241769770,1187925976.001600,2556172196.472100,2781607724.033900,6525705896.507600,335526,170395,552957,1058878
2025-05-14,EDGA Equities (J),27646208,20819052,117835382,166300642,1057387726.824600,1102108248.160500,1520775080.940100,3680271055.925200,397888,112164,536779,1046831
2025-05-14,EDGX Equities (K),171228375,170367135,741308224,1082903734,8139388469.327205,7797713011.369699,20899697871.846297,36836799352.543201,1717663,775117,3603657,6096437
2025-05-14,LTSE (L),503465,67614,1072527,1643606,18400393.040000,3637016.635000,9333747.543800,31371157.218800,1737,521,2539,4797
2025-05-14,NYSE Texas (M),14903234,13948405,26576799,55428438,1193614663.879400,1491309298.864200,3985956097.740298,6670880060.483898,29302,8346,40862,78510
2025-05-14,NYSE (N),1157501049,70697862,142657940,1370856851,66734344500.255398,4109621112.037200,5715455750.979501,76559421363.272099,4224431,266843,1096848,5588122
2025-05-14,NYSE Arca (P),249072714,439567388,1753263252,2441903354,12827826046.029502,29934191736.229499,34280647644.953500,77042665427.212501,3050674,1972486,7186276,12209436
2025-05-14,NASDAQ (Q),501922400,221709477,1809844648,2533476525,29183271145.767506,17596770859.057102,103192492134.843756,149972534139.668364,7513708,1364906,12700807,21579421
2025-05-14,Members Exchange (U),74893104,68906031,377676225,521475360,3501502432.840100,3401981849.766300,7258522578.161200,14162006860.767600,856899,308584,1350932,2516415
2025-05-14,Investors Exchange (V),214841829,85544182,251582872,551968883,11215891772.798601,4364705663.704898,10575890764.293303,26156488200.796802,2476068,375632,2262378,5114078
2025-05-14,NASDAQ PSX (X),6771875,4998661,8556993,20327529,470869358.259300,773074120.051000,559924459.264600,1803867937.574900,128746,27949,127053,283748
2025-05-14,BYX Equities (Y),41934507,25546369,89830404,157311280,1855904127.302300,1231467608.006800,2241767927.855001,5329139663.164101,557824,155209,635179,1348212
2025-05-14,BZX Equities (Z),209323666,143175921,350657983,703157570,11336419792.706801,9737874217.679907,16291991701.897601,37366285712.284309,2912846,704516,3141166,6758528
2025-05-13,NYSE American (A),7049248,19010552,7601937,33661737,344598079.737400,278894695.666800,372056549.911700,995549325.315900,80693,68710,78147,227550
2025-05-13,NASDAQ BX (B),17968588,11929244,23166846,53064678,1274437036.606200,596060401.640800,1394529971.002500,3265027409.249500,267025,86144,276875,630044
2025-05-13,NYSE National (C),22580820,13084324,24184422,59849566,773486580.521600,568825454.367500,782001041.664600,2124313076.553700,285921,77523,249899,613343
2025-05-13,FINRA / Nasdaq TRF Chicago (DB),11703281,6973600,27810022,46486903,653589388.025700,450328457.884400,2150861271.813001,3254779117.723101,87584,28666,175668,291918
2025-05-13,FINRA / NYSE TRF (DN),103571887,70926588,255437913,429936388,4755868454.754798,3393010854.244501,7680787081.755599,15829666390.754898,774903,229610,889908,1894421
2025-05-13,FINRA / Nasdaq TRF Carteret (DQ),2588656771,1497470864,4551703724,8637831359,124626497646.081801,69115138912.676793,190127782659.878941,383869419218.637535,19367501,4592754,21635922,45596177
2025-05-13,MIAX Pearl (H),37159562,53997462,103757602,194914626,1290130929.543500,2051892049.549200,3140311622.958501,6482334602.051201,356000,167075,533773,1056848
2025-05-13,EDGA Equities (J),30635485,24510351,59515674,114661510,1213121396.238300,1339334205.072100,1712175536.039700,4264631137.350100,432378,129927,475980,1038285
2025-05-13,EDGX Equities (K),185703783,192480859,660973604,1039158246,9076863997.772101,8466511968.363203,22854591199.774695,40397967165.909999,1842488,853142,3964592,6660222
2025-05-13,LTSE (L),1204477,425313,911490,2541280,38946727.115000,3516596.144800,21518465.064500,63981788.324300,2405,534,2264,5203
2025-05-13,NYSE Texas (M),23223485,21706476,32701301,77631262,1790759307.523000,4543303325.705100,5192311223.988697,11526373857.216797,26751,8178,33820,68749
2025-05-13,NYSE (N),1201049863,78685653,153592636,1433328152,67413706534.164500,4399048883.885000,6764146405.624103,78576901823.673603,4440133,283662,1214720,5938515
2025-05-13,NYSE Arca (P),258059430,472907572,1065140287,1796107289,14000109984.421493,30067603781.767310,35433578647.967200,79501292414.156003,3296732,2061207,7284321,12642260
2025-05-13,NASDAQ (Q),540935213,219805350,1749008917,2509749480,32299852649.830098,16082839216.603792,111118817823.935137,159501509690.369027,8107176,1366819,13391184,22865179
2025-05-13,Members Exchange (U),81686695,84233034,252600859,418520588,3773484918.729900,4290648468.988801,8420472896.892298,16484606284.610999,890071,356481,1358678,2605230
2025-05-13,Investors Exchange (V),230765361,90253672,225167852,546186885,11904796746.604001,4586589783.948600,11321811523.981200,27813198054.533801,2611077,399097,2296954,5307128
2025-05-13,NASDAQ PSX (X),7869735,4648558,9050622,21568915,542754554.053900,656539130.627100,608628418.423400,1807922103.104400,148077,28375,141265,317717
2025-05-13,BYX Equities (Y),47183097,28763802,63413477,139360376,2098370009.701300,1250124379.134000,2427589559.365100,5776083948.200400,603551,164636,629495,1397682
2025-05-13,BZX Equities (Z),229486793,144178338,300363319,674028450,12676199873.093802,10241570730.594198,18176125744.590192,41093896348.278192,3236306,737144,3397986,7371436
2025-05-12,NYSE American (A),7618580,27469064,8178112,43265756,352178625.225300,315241990.575200,350018349.087000,1017438964.887500,80981,76149,78600,235730
2025-05-12,NASDAQ BX (B),18061576,12446302,24643113,55150991,1272838014.472500,729931102.018800,1427696625.120799,3430465741.612099,267930,89530,270186,627646
2025-05-12,NYSE National (C),24580589,13881151,29731722,68193462,832169097.253200,843611235.036801,842106400.513600,2517886732.803601,298197,82062,274597,654856
2025-05-12,FINRA / Nasdaq TRF Chicago (DB),12824238,7571320,30476736,50872294,638659769.958300,528253340.667500,2061525681.102400,3228438791.728200,95475,35492,190548,321515
2025-05-12,FINRA / NYSE TRF (DN),105385232,79570639,320747211,505703082,4986612502.770002,3460876469.778596,8191064313.064000,16638553285.612598,857596,285341,1026235,2169172
2025-05-12,FINRA / Nasdaq TRF Carteret (DQ),2694314681,1714765355,5317082138,9726162174,128178617414.730105,82967015390.778266,176834806526.522963,387980439332.031334,20638880,5118192,22694279,48451351
2025-05-12,MIAX Pearl (H),38610212,53216654,130584233,222411099,1417036267.839600,2119021296.080400,2684902602.678899,6220960166.598899,369523,154584,564319,1088426
2025-05-12,EDGA Equities (J),32981837,26372076,81108190,140462103,1286960976.190900,1335993893.068200,1594055328.702600,4217010197.961700,426506,141101,508307,1075914
2025-05-12,EDGX Equities (K),203087185,232126754,713977988,1149191927,9397820218.372796,9534714443.141499,21623132953.145088,40555667614.659383,2035055,1070822,4179755,7285632
2025-05-12,LTSE (L),1290263,339386,1358938,2988587,22721840.320000,9363730.655000,15042032.197300,47127603.172300,3029,668,3048,6745
2025-05-12,NYSE Texas (M),16643093,18101192,17431779,52176064,1286024748.575100,3763001221.428701,2526447083.974199,7575473053.978000,31975,9721,34850,76546
2025-05-12,NYSE (N),1329128104,75673955,145498788,1550300847,74393224470.587315,4129999338.700899,6277881704.952000,84801105514.240214,4952929,279917,1217557,6450403
2025-05-12,NYSE Arca (P),298513015,558651285,1353211128,2210375428,15313383074.561194,35172999748.568892,33759655264.666430,84246038087.796516,3602455,2410826,7784001,13797282
2025-05-12,NASDAQ (Q),623747705,251059267,1946292214,2821099186,36470881788.807592,18042247865.066198,116467357162.170174,170980486816.043964,9117842,1530613,13987438,24635893
2025-05-12,Members Exchange (U),86173356,86683353,281483950,454340659,3858155560.435200,3725716697.062799,7563309565.374805,15147181822.872804,956225,352344,1363231,2671800
2025-05-12,Investors Exchange (V),272215727,95641485,250988393,618845605,13143095646.197800,4849630690.899299,11930144218.848598,29922870555.945697,2817953,442837,2432800,5693590
2025-05-12,NASDAQ PSX (X),7287537,4687866,7902647,19878050,523535908.987900,486526945.816400,562879913.079900,1572942767.884200,135706,26896,128931,291533
2025-05-12,BYX Equities (Y),50516274,31049924,76531367,158097565,2065749916.663100,1712373222.613200,2346939331.801101,6125062471.077401,609849,182984,654752,1447585
2025-05-12,BZX Equities (Z),257419466,164580834,323639368,745639668,14172777648.634099,10197012596.423599,18254760548.587386,42624550793.645084,3616035,818257,3628623,8062915
2025-05-09,NYSE American (A),4911288,27269189,6040751,38221228,210377352.069200,203337134.509200,265337827.360100,679052313.938500,57190,73614,62988,193792
2025-05-09,NASDAQ BX (B),12122196,8599781,17666235,38388212,788440889.768300,394808872.849600,951887787.635000,2135137550.252900,188244,65477,209134,462855
2025-05-09,NYSE National (C),19226806,13061793,22803854,55092453,525028613.018100,1306744167.059399,561687047.710000,2393459827.787499,230656,63989,222610,517255
2025-05-09,FINRA / Nasdaq TRF Chicago (DB),9029165,5429517,25719059,40177741,385718846.346100,300090829.669300,1705634454.781400,2391444130.796800,60131,20964,144817,225912
2025-05-09,FINRA / NYSE TRF (DN),77023381,67381182,234425280,378829843,3112214676.182399,2292589897.577700,5369147069.354498,10773951643.114597,619778,189187,756486,1565451
2025-05-09,FINRA / Nasdaq TRF Carteret (DQ),2210123214,1347779187,4409706187,7967608588,88795052176.565480,46299381932.445508,135217936836.017817,270312370945.028805,15677850,3687729,18445445,37811024
2025-05-09,MIAX Pearl (H),27777800,44752372,93405265,165935437,792748935.755900,1159700918.300700,1821273147.885900,3773723001.942500,269953,130876,450389,851218
2025-05-09,EDGA Equities (J),26198293,21808609,55586994,103593896,919266583.895600,726970185.172200,1103398469.787000,2749635238.854800,337158,102624,398649,838431
2025-05-09,EDGX Equities (K),147644116,158874789,644640888,951159793,5590376682.186003,5256219465.239002,15127443354.031598,25974039501.456603,1377258,669137,2969913,5016308
2025-05-09,LTSE (L),1390699,226478,425222,2042399,17382326.520600,8356178.909600,8088541.521400,33827046.951600,2437,745,1972,5154
2025-05-09,NYSE Texas (M),13323659,17599569,23420958,54344186,1059083712.523700,2236105613.147200,2105442060.988999,5400631386.659899,28099,9330,33890,71319
2025-05-09,NYSE (N),1016347005,52376781,114478075,1183201861,50504431969.934098,2248068148.527400,3955541011.330400,56708041129.791898,3684847,182947,968431,4836225
2025-05-09,NYSE Arca (P),212763628,405220311,1134346426,1752330365,8824377691.750798,18409314488.467316,21146660505.684996,48380352685.903110,2462565,1567659,5796227,9826451
2025-05-09,NASDAQ (Q),443042629,166337895,1500698649,2110079173,21548827773.457806,10040773117.763097,71446438542.467435,103036039433.688338,6441846,983296,10905036,18330178
2025-05-09,Members Exchange (U),60581720,71279540,257844563,389705823,2315853478.071400,2159773074.509101,4889150616.500501,9364777169.081002,665637,256389,1061303,1983329
2025-05-09,Investors Exchange (V),204911466,67720139,214792490,487424095,8647528227.687597,2990030705.451299,8147486910.102698,19785045843.241594,2181593,288784,2033882,4504259
2025-05-09,NASDAQ PSX (X),3803770,3024450,6659807,13488027,221248247.266600,334828675.763800,344241826.856800,900318749.887200,74900,19699,94610,189209
2025-05-09,BYX Equities (Y),39066980,22118963,62331987,123517930,1404521526.813200,772279012.543400,1585740300.177200,3762540839.533800,467937,118403,521688,1108028
2025-05-09,BZX Equities (Z),190687353,112154239,283968286,586809878,8402229962.216094,6014299859.427698,11881092274.849704,26297622096.493496,2475037,533772,2710949,5719758
2025-05-08,NYSE American (A),6381150,22364096,7029901,35775147,234714149.680100,233820593.290000,301575839.369100,770110582.339200,60784,76435,69682,206901
2025-05-08,NASDAQ BX (B),14873648,10129006,19222310,44224964,1017837950.578100,508388881.103600,1081700126.470200,2607926958.151900,232407,87924,232776,553107
2025-05-08,NYSE National (C),22738307,10862823,23875119,57476249,668989547.107600,393341208.667600,683204400.381600,1745535156.156800,260343,64609,240575,565527
2025-05-08,FINRA / Nasdaq TRF Chicago (DB),11613358,7120139,24995028,43728525,515081450.083700,504203120.980100,1728602709.105201,2747887280.169001,72194,28803,154103,255100
2025-05-08,FINRA / NYSE TRF (DN),95237013,60314730,235042732,390594475,4036672430.262199,2754516895.555600,6267802130.549503,13058991456.367302,733783,212598,848508,1794889
2025-05-08,FINRA / Nasdaq TRF Carteret (DQ),2651246711,1351516813,4186869051,8189632575,107909186495.996496,63038878306.252072,156628406421.073631,327576471223.322199,18413388,4122317,20158400,42694105
2025-05-08,MIAX Pearl (H),38833540,47725800,90243439,176802779,1119311386.516800,1640831555.954800,2260863589.388700,5021006531.860300,342340,153777,464270,960387
2025-05-08,EDGA Equities (J),35912274,18758903,52784610,107455787,1324058619.457100,995309204.905100,1547233739.805800,3866601564.168000,435544,121548,448335,1005427
2025-05-08,EDGX Equities (K),186538580,177495051,598799047,962832678,7206605904.163398,7133158727.031298,17631686114.617490,31971450745.812186,1733814,816583,3291632,5842029
2025-05-08,LTSE (L),1268416,181996,620677,2071089,27847827.730000,25187181.161800,13406569.560700,66441578.452500,2464,823,2746,6033
2025-05-08,NYSE Texas (M),19072189,16139904,17119785,52331878,737698681.859300,2403194574.004200,2693635525.385700,5834528781.249200,30473,16548,32215,79236
2025-05-08,NYSE (N),1238585562,65111596,119477020,1423174178,64515516855.147889,3327128411.409999,4919557315.215600,72762202581.773488,4385521,240333,1107479,5733333
2025-05-08,NYSE Arca (P),265964650,437261151,987001097,1690226898,11350259188.965100,27856194542.514098,28023126408.054794,67229580139.533992,3062674,1917649,6392489,11372812
2025-05-08,NASDAQ (Q),543565972,211870612,1617605922,2373042506,27507324990.929788,13916478978.090094,93008715775.955114,134432519744.974996,7714165,1285335,12487185,21486685
2025-05-08,Members Exchange (U),77063088,70373803,227840723,375277614,3070040445.401499,3093429087.100999,6601674623.616200,12765144156.118698,831142,298127,1189303,2318572
2025-05-08,Investors Exchange (V),240336500,80447504,233145307,553929311,10601208671.957200,4263646863.597501,10620860724.924303,25485716260.479004,2569631,379198,2319384,5268213
2025-05-08,NASDAQ PSX (X),6025545,3839884,7305822,17171251,351687615.129600,505786287.017000,433727302.671000,1291201204.817600,101384,25636,109493,236513
2025-05-08,BYX Equities (Y),48766602,22074839,56249539,127090980,1780148599.782000,978518028.264700,1958801070.970199,4717467699.016899,546659,143117,555972,1245748
2025-05-08,BZX Equities (Z),238901115,140800049,274397820,654098984,10755645136.733800,8297049587.310699,14849435120.453506,33902129844.498005,3011603,688867,3184282,6884752
2025-05-07,NYSE American (A),5903568,23746732,6973933,36624233,257057523.980900,248814637.478500,307740008.043700,813612169.503100,63945,85420,66037,215402
2025-05-07,NASDAQ BX (B),15299999,8431376,20627091,44358466,1032828221.009300,470310353.804400,1311535540.162500,2814674114.976200,236443,78135,256215,570793
2025-05-07,NYSE National (C),19701927,10755507,22982771,53440205,643953599.006200,373021755.865000,688600900.119100,1705576254.990300,246425,61932,216513,524870
2025-05-07,FINRA / Nasdaq TRF Chicago (DB),8547053,5893091,22851782,37291926,425821882.499300,406175572.456000,1665224846.285700,2497222301.241000,61346,23946,140503,225795
2025-05-07,FINRA / NYSE TRF (DN),78426470,49417375,212298822,340142667,3537939580.089800,1991075986.173699,5158991773.074899,10688007339.338398,673186,181665,739804,1594655
2025-05-07,FINRA / Nasdaq TRF Carteret (DQ),2308846021,1215194043,3935433767,7459473831,99993443688.307306,53198923829.916935,145851459097.265111,299043826615.489352,17078799,3799322,18554837,39432958
2025-05-07,MIAX Pearl (H),29512335,46707576,85934539,162154450,941424761.277000,1516866505.703900,2079723690.170600,4538014957.151500,285840,143569,412852,842261
2025-05-07,EDGA Equities (J),29875003,16252821,57880089,104007913,1193392784.394800,825608453.710500,1420496997.563100,3439498235.668400,375779,103608,393660,873047
2025-05-07,EDGX Equities (K),147736569,157359178,501033456,806129203,6459460583.413701,6220015310.520001,15382006230.003595,28061482123.937297,1556780,819041,2957291,5333112
2025-05-07,LTSE (L),1270873,204477,832612,2307962,30138565.048400,18484454.101500,20856085.369300,69479104.519200,2967,1011,3091,7069
2025-05-07,NYSE Texas (M),14502303,14245960,24447032,53195295,1208080913.697200,1564708428.499700,3505589705.916100,6278379048.113000,27078,13722,26098,66898
2025-05-07,NYSE (N),1145764928,58366819,121549107,1325680854,60097622101.982795,2827382411.219000,4894895504.793699,67819900017.995494,4332783,227347,1085383,5645513
2025-05-07,NYSE Arca (P),225301127,416109639,969019188,1610429954,11176808640.382700,23686028359.463207,26968007085.223703,61830844085.069610,2830526,1886825,5985876,10703227
2025-05-07,NASDAQ (Q),501879149,201531850,1575065015,2278476014,26297370244.765499,12986764861.660404,92374377392.073898,131658512498.499801,7403155,1217601,11940240,20560996
2025-05-07,Members Exchange (U),67116719,67932390,229021789,364070898,2819420402.034100,2593569739.697300,5754523979.798803,11167514121.530203,774702,280299,1093272,2148273
2025-05-07,Investors Exchange (V),211496398,73246150,211134939,495877487,9892295009.567000,3554613349.411099,10017786592.098898,23464694951.076997,2400256,327145,2161987,4889388
2025-05-07,NASDAQ PSX (X),6164217,3990499,10407838,20562554,351051370.618000,565457035.088900,477741624.910300,1394250030.617200,99234,25729,112286,237249
2025-05-07,BYX Equities (Y),40231968,18965229,58482538,117679735,1586437539.216000,916461158.937300,2037462157.067000,4540360855.220300,509536,122933,552699,1185168
2025-05-07,BZX Equities (Z),201191345,128525197,258636391,588352933,10021248016.209200,7296370859.653297,13693615064.481503,31011233940.344000,2836816,641395,2930901,6409112
2025-05-06,NYSE American (A),5291951,25433821,5746856,36472628,243645429.282800,242708354.252200,268551990.795800,754905774.330800,63194,80366,65219,208779
2025-05-06,NASDAQ BX (B),13837815,9193066,17690643,40721524,840909817.144900,418316863.111000,941818837.206100,2201045517.462000,202796,81376,212373,496545
2025-05-06,NYSE National (C),18326963,10130550,18508167,46965680,557397049.139600,348262840.922600,582586846.930600,1488246736.992800,230386,64383,209116,503885
2025-05-06,FINRA / Nasdaq TRF Chicago (DB),9680093,6147484,19084142,34911719,449891523.409700,308543426.225600,1385002404.360600,2143437353.995900,67850,23944,115139,206933
2025-05-06,FINRA / NYSE TRF (DN),74757572,58277140,184467897,317502609,3580745294.390399,2284063177.606702,4555977968.606099,10420786440.603200,668134,185113,698987,1552234
2025-05-06,FINRA / Nasdaq TRF Carteret (DQ),2278462268,1340096062,3576355354,7194913684,98267914417.726490,55938813656.942987,127630237257.097993,281836965331.767470,16592004,3942618,17168130,37702752
2025-05-06,MIAX Pearl (H),29711538,44158542,80874341,154744421,986790040.131200,1331531623.785000,1700513900.353700,4018835564.269900,283862,134641,390464,808967
2025-05-06,EDGA Equities (J),31190828,16850176,49627582,97668586,1273429172.120200,890665871.094600,1193511368.338200,3357606411.553000,390797,103439,384605,878841
2025-05-06,EDGX Equities (K),139090131,167199115,457164585,763453831,5853382862.736800,6296801970.254400,13754859406.400192,25905044239.391392,1418849,776543,2859382,5054774
2025-05-06,LTSE (L),491489,70009,838963,1400461,12990812.200000,4524284.485100,18083206.677500,35598303.362600,1661,508,2856,5025
2025-05-06,NYSE Texas (M),12939458,19732910,20159623,52831991,768311123.406800,1971030280.915000,2181380359.705099,4920721764.026899,22156,11275,21198,54629
2025-05-06,NYSE (N),1076644572,58201731,99282846,1234129149,57674728327.656003,2643298741.862400,3658013969.168300,63976041038.686703,3935942,204683,893167,5033792
2025-05-06,NYSE Arca (P),204179767,414420830,797967289,1416567886,9855781397.025402,23177397352.257803,21168247215.626899,54201425964.910104,2518812,1762976,5330478,9612266
2025-05-06,NASDAQ (Q),447372426,188660609,1357827997,1993861032,23425865767.827401,11594606229.743600,74590743551.073336,109611215548.644337,6620476,1107483,10566886,18294845
2025-05-06,Members Exchange (U),62187010,70666105,174577167,307430282,2605825999.645700,2659054676.419100,4681180504.109299,9946061180.174099,696115,285012,940473,1921600
2025-05-06,Investors Exchange (V),198263654,73992128,177974397,450230179,9147732467.213600,3576223364.794801,7857178522.006699,20581134354.015100,2279790,325357,2009272,4614419
2025-05-06,NASDAQ PSX (X),5349234,4653347,6334550,16337131,334447673.864300,487751000.225900,396087454.379300,1218286128.469500,94545,27054,102830,224429
2025-05-06,BYX Equities (Y),37684662,21014676,50525128,109224466,1490090695.275400,881585510.540900,1785152318.888501,4156828524.704801,473626,121389,510419,1105434
2025-05-06,BZX Equities (Z),182643394,112680207,208823081,504146682,9166381190.998800,6653731776.937703,10918196078.409101,26738309046.345604,2566415,575912,2542153,5684480
2025-05-05,NYSE American (A),5535738,20040334,5810610,31386682,236283322.393900,223455683.502100,252478204.795400,712217210.691400,57555,92335,59547,209437
2025-05-05,NASDAQ BX (B),14637458,8251419,16618602,39507479,860864006.033500,463601821.820200,964072132.272000,2288537960.125700,200195,76937,197325,474457
2025-05-05,NYSE National (C),17608955,8175992,17517347,43302294,579659675.382300,314774259.973000,490217779.523900,1384651714.879200,220284,50673,181443,452400
2025-05-05,FINRA / Nasdaq TRF Chicago (DB),8117411,5182839,18949035,32249285,425065139.174500,238265994.549600,1441273693.535000,2104604827.259100,61536,25218,125585,212339
2025-05-05,FINRA / NYSE TRF (DN),67819612,49416692,190540358,307776662,3127317560.922001,1916169291.384799,4283929796.136601,9327416648.443401,642267,202812,652192,1497271
2025-05-05,FINRA / Nasdaq TRF Carteret (DQ),2087028862,1340203767,3708070002,7135302631,93870929482.040827,57308730467.344770,128751556570.782409,279931216520.168006,15864785,4540770,16352067,36757622
2025-05-05,MIAX Pearl (H),25987089,40265335,77468049,143720473,817850754.579800,1169197407.227700,1498374006.504300,3485422168.311800,243976,142993,347214,734183
2025-05-05,EDGA Equities (J),25729446,14771216,54571677,95072339,1080001421.907600,742650665.474300,941187936.644500,2763840024.026400,329022,105466,344955,779443
2025-05-05,EDGX Equities (K),128504382,144165155,493222392,765891929,5828441222.342300,5096115418.965396,13056232357.912300,23980788999.219996,1303084,788311,2532402,4623797
2025-05-05,LTSE (L),456201,71652,1181569,1709422,16085396.279000,10334160.830000,20272691.619500,46692248.728500,2016,455,2920,5391
2025-05-05,NYSE Texas (M),14686422,10940068,16139309,41765799,891798658.477700,1454895971.241700,2512838249.743500,4859532879.462900,22324,10038,19104,51466
2025-05-05,NYSE (N),1012271683,47592241,93773299,1153637223,54775398742.534305,2191966954.594900,3639958624.201799,60607324321.331004,3632254,194209,814423,4640886
2025-05-05,NYSE Arca (P),198214962,375724724,822557379,1396497065,10009007416.107203,20047066425.894101,20416499255.567394,50472573097.568698,2335047,1781637,4884761,9001445
2025-05-05,NASDAQ (Q),407008763,155222951,1259226711,1821458425,21920826636.556509,9475213771.413400,74096151450.816965,105492191858.786874,6038753,965420,9367692,16371865
2025-05-05,Members Exchange (U),53804377,58773689,194161110,306739176,2497045468.279201,2202178061.535500,5020400478.979207,9719624008.793908,629311,254894,890506,1774711
2025-05-05,Investors Exchange (V),165909623,64763304,159529922,390202849,8445642610.566299,3347456785.520500,7733030591.405004,19526129987.491803,2141660,288425,1826524,4256609
2025-05-05,NASDAQ PSX (X),5565249,3873321,5898813,15337383,394421107.533600,354332766.914200,386022153.161300,1134776027.609100,92645,21846,92772,207263
2025-05-05,BYX Equities (Y),35364707,18662026,46649329,100676062,1421840287.285100,908379295.068700,1516178506.791900,3846398089.145700,429127,115420,427050,971597
2025-05-05,BZX Equities (Z),168280808,100843972,185741106,454865886,9065807143.345901,5630780972.081600,10299713461.117103,24996301576.544604,2379262,515599,2240127,5134988
2025-05-02,NYSE American (A),8675280,19994051,9450350,38119681,378596452.769200,235323968.137200,424623780.073700,1038544200.980100,90850,59122,92840,242812
2025-05-02,NASDAQ BX (B),16051122,10247273,20243649,46542044,1148510413.034100,522286844.009800,1267010939.508700,2937808196.552600,249292,70492,245377,565161
2025-05-02,NYSE National (C),22682578,10544751,21920692,55148021,787603101.955200,391447324.093500,764601912.967500,1943652339.016200,273648,59299,232609,565556
2025-05-02,FINRA / Nasdaq TRF Chicago (DB),8929662,5792510,23186199,37908371,485932172.825800,319954883.454800,1879094865.496400,2684981921.777000,67426,24157,142526,234109
2025-05-02,FINRA / NYSE TRF (DN),84155301,62612220,250351440,397118961,3686654462.428201,2588824395.825700,6499451008.137603,12774929866.391504,723092,209617,777892,1710601
2025-05-02,FINRA / Nasdaq TRF Carteret (DQ),2253747818,1442850641,4015787043,7712385502,101976018067.882792,59483196068.957448,153446738626.276260,314905952763.116500,17451552,4214412,18505196,40171160
2025-05-02,MIAX Pearl (H),29261497,51275269,90591962,171128728,957340134.744300,1613614022.230800,2183632188.922900,4754586345.898000,279534,154731,417668,851933
2025-05-02,EDGA Equities (J),27240953,24138024,59361890,110740867,1086642422.220600,1094304304.443400,1436209328.287500,3617156054.951500,407426,121355,409548,938329
2025-05-02,EDGX Equities (K),155498601,180547209,621206990,957252800,6974840917.296898,7062172979.865098,17471499127.097800,31508513024.259796,1546746,776728,2866642,5190116
2025-05-02,LTSE (L),498127,146697,694100,1338924,13992829.252300,3719188.123900,16399149.870600,34111167.246800,1808,507,3134,5449
2025-05-02,NYSE Texas (M),14943864,21071358,22498331,58513553,1201392446.180200,3179911913.334002,3290803681.496200,7672108041.010402,31643,13897,31854,77394
2025-05-02,NYSE (N),1080648739,64169933,116185624,1261004296,59182160145.673121,3083423441.459300,4983587999.940600,67249171587.073021,4256132,223831,973208,5453171
2025-05-02,NYSE Arca (P),226536031,458822346,988727120,1674085497,11727491128.464200,26381094213.790902,27148168377.548190,65256753719.803292,2844334,1794326,5531957,10170617
2025-05-02,NASDAQ (Q),492221965,211710819,1497280439,2201213223,27676652741.715012,13995217139.266396,90510355241.402876,132182225122.384284,7290574,1186198,11301693,19778465
2025-05-02,Members Exchange (U),66446826,78525739,248937911,393910476,2927836154.016300,3155154886.310600,6220782818.228598,12303773858.555498,720299,301959,1059029,2081287
2025-05-02,Investors Exchange (V),189523833,80156694,188608745,458289272,10112762721.429400,4023278347.324200,9864316775.711500,24000357844.465100,2362514,356968,2078489,4797971
2025-05-02,NASDAQ PSX (X),6604559,4841145,7881225,19326929,412583505.333000,534838167.742300,560839618.369000,1508261291.444300,120715,27755,122450,270920
2025-05-02,BYX Equities (Y),36907405,27038301,55716310,119662016,1716254820.760000,1149342597.806600,1929433654.101399,4795031072.667999,491421,130953,515940,1138314
2025-05-02,BZX Equities (Z),197287998,132561745,261588174,591437917,10939964310.766300,7848868748.272200,15910654510.360199,34699487569.398699,2833102,636188,2852806,6322096
2025-05-01,NYSE American (A),7056349,18106037,7013808,32176194,319189354.581500,222492431.446600,356822445.363100,898504231.391200,73124,52478,69653,195255
2025-05-01,NASDAQ BX (B),19014709,10703242,19620947,49338898,1210170695.073700,561114763.440900,1401162418.197300,3172447876.711900,269737,78861,242548,591146
2025-05-01,NYSE National (C),22621694,10523074,20500866,53645634,771921304.903500,390171667.103700,751981246.381600,1914074218.388800,265338,65837,220487,551662
2025-05-01,FINRA / Nasdaq TRF Chicago (DB),8320997,6744849,23681748,38747594,438326876.995100,381966559.210400,1790310207.785300,2610603643.990800,59444,25082,139298,223824
2025-05-01,FINRA / NYSE TRF (DN),75281725,56368637,232678004,364328366,3575566911.861201,2693627526.240000,5667232965.874099,11936427403.975300,668288,191257,727966,1587511
2025-05-01,FINRA / Nasdaq TRF Carteret (DQ),2334427713,1393243762,4333045588,8060717063,107234974840.987760,65858420711.939831,158799495299.482004,331892890852.409595,17427166,3965704,18134482,39527352
2025-05-01,MIAX Pearl (H),26289205,44134215,88199886,158623306,835280269.841000,1431351237.308400,2211819443.773200,4478450950.922600,264634,147590,397289,809513
2025-05-01,EDGA Equities (J),25590488,16975747,53092641,95658876,1039621767.329200,993103949.109200,1360699606.267700,3393425322.706100,372956,99889,379543,852388
2025-05-01,EDGX Equities (K),144221859,172872894,603497568,920592321,6654775963.267401,7226912126.047301,17010168893.819711,30891856983.134413,1499444,803612,2822167,5125223
2025-05-01,LTSE (L),396974,109899,892542,1399415,17495898.830000,12243570.195000,13758060.082200,43497529.107200,2359,790,2583,5732
2025-05-01,NYSE Texas (M),9634133,20495258,18677280,48806671,866529504.050700,2249758053.052000,2998360066.169300,6114647623.272000,35495,15317,31902,82714
2025-05-01,NYSE (N),1124412502,64893754,103808222,1293114478,61323233756.415003,3060297045.904701,4947784395.568102,69331315197.887806,4418817,233521,961470,5613808
2025-05-01,NYSE Arca (P),226180986,414333697,1000582674,1641097357,11992352585.520807,26849862982.528007,28444314842.583205,67286530410.632019,2874058,1798308,5640213,10312579
2025-05-01,NASDAQ (Q),504454985,213513004,1428266829,2146234818,28916020675.976498,14285614562.902092,94270756649.571669,137472391888.450259,7570607,1260247,11112253,19943107
2025-05-01,Members Exchange (U),67623328,73636031,269300689,410560048,2926669622.610000,3073675724.096701,5963777010.906002,11964122357.612703,760096,310539,1023930,2094565
2025-05-01,Investors Exchange (V),189927006,71285912,187868005,449080923,10286497837.573602,3619409825.645299,10126238597.090798,24032146260.309699,2380222,322879,1993769,4696870
2025-05-01,NASDAQ PSX (X),6590352,4787933,7233678,18611963,463756308.918400,597748156.332300,585855208.630500,1647359673.881200,131587,30428,114791,276806
2025-05-01,BYX Equities (Y),37199667,22756544,52690208,112646419,1798713321.793300,1020515239.952600,2030015873.811900,4849244435.557800,498940,130929,489680,1119549
2025-05-01,BZX Equities (Z),189769404,132769180,275725164,598263748,10546100591.412400,8056231462.453204,15155856934.088206,33758188987.953810,2792786,679675,2740591,6213052
2025-04-30,NYSE American (A),7472732,19271609,8927566,35671907,346002339.034800,237511866.470900,352922392.353600,936436597.859300,81401,58593,78405,218399
2025-04-30,NASDAQ BX (B),17774744,12319181,21290934,51384859,1266197737.543400,610911607.530000,1385357593.816900,3262466938.890300,268500,98641,251943,619084
2025-04-30,NYSE National (C),25634549,12186007,23142802,60963358,747696990.903300,444322511.864300,672097918.156400,1864117420.924000,276918,71536,225846,574300
2025-04-30,FINRA / Nasdaq TRF Chicago (DB),8184189,6970700,23157284,38312173,352066746.512600,375375011.309700,1662676183.346400,2390117941.168700,58120,24516,126678,209314
2025-04-30,FINRA / NYSE TRF (DN),76717891,58540021,228893176,364151088,3406696664.476501,3011725522.020502,5296012425.264098,11714434611.761101,671545,179992,684004,1535541
2025-04-30,FINRA / Nasdaq TRF Carteret (DQ),2464909205,1481256290,4332378128,8278543623,103824875145.491127,76278111355.299615,154507203848.435007,334610190349.225749,16500184,3757576,16977849,37235609
2025-04-30,MIAX Pearl (H),26389420,55624223,90139436,172153079,763399470.066100,3333469052.012700,1968343957.330400,6065212479.409200,241507,163140,365137,769784
2025-04-30,EDGA Equities (J),29165399,20941377,54814224,104921000,1116935199.995900,1192190856.431300,1456459360.723000,3765585417.150200,374193,118365,358506,851064
2025-04-30,EDGX Equities (K),134307168,176327490,620882341,931516999,5471107522.743899,7948309224.967598,16041295631.072007,29460712378.783504,1312505,824486,2732292,4869283
2025-04-30,LTSE (L),230908,139345,910280,1280533,13242852.510000,7689151.381200,12350698.937500,33282702.828700,1541,643,2846,5030
2025-04-30,NYSE Texas (M),19836976,27433145,16896178,64166299,1499636749.879200,1871037720.737100,2161493766.512400,5532168237.128700,25007,14383,30447,69837
2025-04-30,NYSE (N),1512309426,66218406,105948413,1684476245,85104784194.378698,3560658346.715701,4382478693.131200,93047921234.225599,4392111,254153,911195,5557459
2025-04-30,NYSE Arca (P),228559485,483167601,975901637,1687628723,10816384995.343596,33873133082.209475,29507801351.243219,74197319428.796290,2726228,1995358,5508693,10230279
2025-04-30,NASDAQ (Q),494570874,233906713,1656575692,2385053279,25633484223.957897,16439221702.550698,106801070046.545748,148873775973.054343,7054111,1366014,10940296,19360421
2025-04-30,Members Exchange (U),65633586,89753228,270429734,425816548,2473457715.863500,3873239024.841700,6102586143.767800,12449282884.473000,700140,353038,1007099,2060277
2025-04-30,Investors Exchange (V),200578136,86699753,187568340,474846229,9315459999.507701,4355453528.133902,9028404582.587302,22699318110.228905,2391895,352750,1986284,4730929
2025-04-30,NASDAQ PSX (X),6394756,5292241,8889692,20576689,431243875.722800,758526560.268900,517463454.459200,1707233890.450900,107902,30621,109037,247560
2025-04-30,BYX Equities (Y),46887697,26351901,60708343,133947941,1795080985.537100,1203803775.109500,2061070100.704200,5059954861.350800,555555,146689,538893,1241137
2025-04-30,BZX Equities (Z),191469969,147557184,260782875,599810028,9303953632.518801,9567689680.846696,13284323001.763596,32155966315.129093,2616585,719335,2543928,5879848
2025-04-29,NYSE American (A),6109801,13017391,11750557,30877749,236256604.345000,138682632.993500,232437014.627400,607376251.965900,59057,43393,58189,160639
2025-04-29,NASDAQ BX (B),17379214,8506964,20719625,46605803,1139238271.891700,417889224.179100,1085768773.871700,2642896269.942500,251779,69352,227749,548880
2025-04-29,NYSE National (C),20147032,9040161,18325328,47512521,592339617.747900,316574287.531100,542200919.903800,1451114825.182800,242271,52685,186296,481252
2025-04-29,FINRA / Nasdaq TRF Chicago (DB),8512142,4847031,27296856,40656029,377538103.114500,217310337.194800,1490952184.089501,2085800624.398801,57352,17537,111055,185944
2025-04-29,FINRA / NYSE TRF (DN),75580090,45487684,486049548,607117322,3002504964.130600,1934348806.003900,4301175735.609599,9238029505.744099,646292,158400,668981,1473673
2025-04-29,FINRA / Nasdaq TRF Carteret (DQ),2318273407,1172904631,6797709419,10288887457,94347872661.932808,54037751878.171317,126405446967.290106,274791071507.394231,15630537,3235907,15328989,34195433
2025-04-29,MIAX Pearl (H),24434414,40723907,158576989,223735310,728492962.214200,1215143556.396900,1608840763.547100,3552477282.158200,234550,111838,340468,686856
2025-04-29,EDGA Equities (J),30420987,14548267,91101333,136070587,1043324912.004200,715755305.274600,1068171698.672400,2827251915.951200,402654,82953,352112,837719
2025-04-29,EDGX Equities (K),141249954,129720219,958304164,1229274337,5514655526.088500,5215509925.030101,12186657112.805102,22916822563.923703,1292847,622842,2282043,4197732
2025-04-29,LTSE (L),261668,102351,1101346,1465365,11776708.938400,12912835.050000,34628335.591100,59317879.579500,1477,662,3277,5416
2025-04-29,NYSE Texas (M),14761763,16383074,19608095,50752932,999430676.488600,1886542342.056300,1876396913.112501,4762369931.657401,21612,8553,25521,55686
2025-04-29,NYSE (N),1048327387,50268257,94215753,1192811397,52953531050.999804,2299940198.097200,3552879235.693700,58806350484.790704,3806483,179435,777630,4763548
2025-04-29,NYSE Arca (P),232140440,330264453,2118904972,2681309865,9950427256.069907,20138764760.735002,19897908377.633903,49987100394.438812,2580963,1383319,4537458,8501740
2025-04-29,NASDAQ (Q),464529741,166990908,1469510170,2101030819,22674963044.475699,10843534605.437402,70563471498.106962,104081969148.020063,6521408,1001582,9440470,16963460
2025-04-29,Members Exchange (U),65269583,68276169,494245751,627791503,2491024868.549900,2615159844.856201,4736084211.583999,9842268924.990100,677602,253809,904242,1835653
2025-04-29,Investors Exchange (V),183757683,65440125,222982879,472180687,8704318518.740598,3273641868.141500,7540140757.785999,19518101144.668097,2234817,289790,1817380,4341987
2025-04-29,NASDAQ PSX (X),5407722,3087262,15131391,23626375,309414992.581700,404580522.002300,329148049.766300,1043143564.350300,84442,19181,82289,185912
2025-04-29,BYX Equities (Y),41323277,18673666,86907192,146904135,1647814583.854300,765952553.472700,1536424519.105400,3950191656.432400,527923,106981,479511,1114415
2025-04-29,BZX Equities (Z),183301539,99975054,311226296,594502889,8576279811.363298,5911226411.641498,9949992638.876306,24437498861.881102,2441627,501146,2223638,5166411
2025-04-28,NYSE American (A),5686135,15384571,11731903,32802609,282738764.269100,165493422.590300,367254998.415600,815487185.275000,63318,47464,72677,183459
2025-04-28,NASDAQ BX (B),13876216,8151994,18770117,40798327,945700306.435400,436535213.347800,992751922.820200,2374987442.603400,212314,61239,199813,473366
2025-04-28,NYSE National (C),16323358,10058428,18535922,44917708,551719102.367100,315152205.040000,582522804.042600,1449394111.449700,224260,50948,186507,461715
2025-04-28,FINRA / Nasdaq TRF Chicago (DB),7817760,5995254,27715075,41528089,340257366.146000,277870783.416800,1741106435.910500,2359234585.473300,55334,22866,135998,214198
2025-04-28,FINRA / NYSE TRF (DN),70258237,53490959,403479383,527228579,2836072486.332401,2183796824.189300,5058130853.139899,10078000163.661600,635305,179839,730255,1545399
2025-04-28,FINRA / Nasdaq TRF Carteret (DQ),2056670981,1285771138,5646765679,8989207798,89492350523.986423,57116106032.561269,140942929105.281721,287551385661.829413,15109759,3664510,16422628,35196897
2025-04-28,MIAX Pearl (H),21549317,41946334,130336336,193831987,613752583.568200,1575072225.296400,1767005513.296100,3955830322.160700,211536,119825,344555,675916
2025-04-28,EDGA Equities (J),23634579,15175507,91811730,130621816,872368289.029100,779906038.892100,1237051716.697601,2889326044.618801,338852,84494,330084,753430
2025-04-28,EDGX Equities (K),118277700,146771183,644948180,909997063,4682803887.631298,5624823966.881300,14145720924.040694,24453348778.553292,1167199,648374,2478366,4293939
2025-04-28,LTSE (L),558512,96512,1341854,1996878,23896075.475000,10061949.581800,7747184.242900,41705209.299700,2099,494,2136,4729
2025-04-28,NYSE Texas (M),18226193,14648476,15057595,47932264,1306025436.622700,1418898734.241000,2283055636.571901,5007979807.435601,16803,8656,23143,48602
2025-04-28,NYSE (N),978620077,53765191,98813640,1131198908,51025355811.272107,2348131103.382100,3668673030.754099,57042159945.408306,3645791,184604,805702,4636097
2025-04-28,NYSE Arca (P),191501481,370691840,1391017838,1953211159,8488891513.061698,20869802524.902797,21400818505.475502,50759512543.439997,2295294,1523154,4787925,8606373
2025-04-28,NASDAQ (Q),399623865,168917000,1415161517,1983702382,20946449917.828300,10197813599.139202,75363492505.508547,106507756022.476049,6133269,1006810,9690206,16830285
2025-04-28,Members Exchange (U),58268124,67470972,370864229,496603325,2278553114.358900,2970033211.919001,4991523794.457199,10240110120.735100,632773,263744,908281,1804798
2025-04-28,Investors Exchange (V),161346992,67225535,216020075,444592602,8102071584.823101,3083251533.118900,7712574412.671700,18897897530.613701,2053257,284519,1765667,4103443
2025-04-28,NASDAQ PSX (X),3315108,3056981,8708851,15080940,204429078.427900,382212971.696900,293273269.799300,879915319.924100,65562,20465,74377,160404
2025-04-28,BYX Equities (Y),33872548,18767533,75456629,128096710,1433178862.992300,783200385.430000,1560616980.063900,3776996228.486200,448114,100840,450524,999478
2025-04-28,BZX Equities (Z),148492670,109472204,281872163,539837037,7487875571.742201,6167816845.601100,10816193410.419998,24471885827.763299,2240002,528811,2244653,5013466
2025-04-25,NYSE American (A),5625692,16182355,6994254,28802301,288773910.399600,168985537.583200,331879957.998000,789639405.980800,61567,48450,63615,173632
2025-04-25,NASDAQ BX (B),11843011,10073284,17169296,39085591,868101983.463700,529550371.328900,1097034606.395300,2494686961.187900,182916,80889,196058,459863
2025-04-25,NYSE National (C),17025234,10123810,20134281,47283325,627195209.741000,337636765.628600,627321400.721400,1592153376.091000,222515,57542,202849,482906
2025-04-25,FINRA / Nasdaq TRF Chicago (DB),7693044,6610613,24236781,38540438,385431489.753700,262021021.135300,1886450685.885300,2533903196.774300,57028,22265,144706,223999
2025-04-25,FINRA / NYSE TRF (DN),130622306,74488446,274728715,479839467,7075079421.479001,3507652163.845501,10024237793.751301,20606969379.075803,1630050,257679,1570029,3457758
2025-04-25,FINRA / Nasdaq TRF Carteret (DQ),1902030903,1251289946,3586349810,6739670659,80731291699.916491,54667957695.420945,138690378505.121763,274089627900.459199,13381569,3654765,15069789,32106123
2025-04-25,MIAX Pearl (H),25865788,46110691,86146642,158123121,725840502.568800,1399072151.400500,2148655380.761900,4273568034.731200,241655,128621,392707,762983
2025-04-25,EDGA Equities (J),23643313,18760481,47631572,90035366,892309981.602600,988348623.112400,1284918114.954300,3165576719.669300,325802,101419,333432,760653
2025-04-25,EDGX Equities (K),127895196,181345703,535703038,844943937,5331823280.921799,6719567509.399395,16436324746.151704,28487715536.472898,1238937,772794,2625602,4637333
2025-04-25,LTSE (L),329455,172121,835204,1336780,8399788.790000,23403738.243000,7561195.951800,39364722.984800,1390,676,1526,3592
2025-04-25,NYSE Texas (M),16655978,18696808,17791317,53144103,1291390908.095200,3098822355.122799,2261022628.802500,6651235892.020499,18625,9311,24005,51941
2025-04-25,NYSE (N),957288657,55022402,98544829,1110855888,52562179756.101510,2640653497.014199,3935367209.976099,59138200463.091808,3852863,192401,872720,4917984
2025-04-25,NYSE Arca (P),208608246,428386336,885991762,1522986344,9704710511.190398,23861208225.110394,25092675875.892588,58658594612.193380,2543627,1770986,5056655,9371268
2025-04-25,NASDAQ (Q),426231895,204903634,1326003110,1957138639,23815828883.003496,12763563997.457799,83262290631.430231,119841683511.891526,6490042,1132296,10211780,17834118
2025-04-25,Members Exchange (U),58061177,72783946,212909315,343754438,2412144329.626600,3021331528.771199,5750138172.613299,11183614031.011098,636514,279673,943901,1860088
2025-04-25,Investors Exchange (V),164674486,69980477,163706961,398361924,8451615104.730902,3495516616.507899,8596325768.330901,20543457489.569702,2110120,309251,1834329,4253700
2025-04-25,NASDAQ PSX (X),5408258,4031875,8819584,18259717,309975656.004400,516017374.534200,459345717.814300,1285338748.352900,89688,24612,102730,217030
2025-04-25,BYX Equities (Y),35520682,21003590,51987369,108511641,1401892040.018500,860014755.355900,1735561430.498200,3997468225.872600,454493,112004,465658,1032155
2025-04-25,BZX Equities (Z),156770620,129964993,221927052,508662665,8603176150.669100,7429117200.034402,13485518673.652099,29517812024.355601,2390423,612187,2398415,5401025
2025-04-24,NYSE American (A),7829677,18970728,8132192,34932597,352906582.762500,200327070.258200,402257078.465500,955490731.486200,77339,54158,73175,204672
2025-04-24,NASDAQ BX (B),13931721,10866601,17578349,42376671,1031991845.603100,547051513.250900,1019810771.012400,2598854129.866400,207399,89446,191151,487996
2025-04-24,NYSE National (C),22001548,13004861,19591808,54598217,712476497.089900,421697994.320900,630398658.984800,1764573150.395600,264266,63296,210481,538043
2025-04-24,FINRA / Nasdaq TRF Chicago (DB),17010433,9330274,30056832,56397539,1014169794.895200,442772361.123200,1943046190.977700,3399988346.996100,137635,35914,198981,372530
2025-04-24,FINRA / NYSE TRF (DN),71704271,58620857,238079449,368404577,3169870916.515700,2379651716.860299,5295409989.374401,10844932622.750400,636773,183506,698337,1518616
2025-04-24,FINRA / Nasdaq TRF Carteret (DQ),2191626439,1288548348,3764436641,7244611428,101152884896.773882,62026767730.509014,136493051354.510749,299672703981.793645,15673663,3755818,16264179,35693660
2025-04-24,MIAX Pearl (H),25493480,42870609,86142828,154506917,798792164.777000,1725803261.288400,1862238233.501399,4386833659.566799,246678,129416,384101,760195
2025-04-24,EDGA Equities (J),26719484,18350916,55542794,100613194,1144935198.122300,901225861.040900,1347591558.382100,3393752617.545300,371083,102097,367913,841093
2025-04-24,EDGX Equities (K),133645100,181366563,510961294,825972957,6114753004.629299,6965955406.469696,14583610490.031901,27664318901.130896,1332387,825022,2626628,4784037
2025-04-24,LTSE (L),287485,89702,903937,1281124,13259328.950000,5143781.570000,19382117.515900,37785228.035900,1823,458,2340,4621
2025-04-24,NYSE Texas (M),10884831,16384553,19892373,47161757,1005532900.453100,1754547518.093400,2721769820.259800,5481850238.806300,26679,11984,31388,70051
2025-04-24,NYSE (N),1095985620,58787644,98939118,1253712382,60063261895.664806,2787541606.494100,4068470382.087901,66919273884.246807,4056080,189261,883792,5129133
2025-04-24,NYSE Arca (P),211540951,426030381,894227717,1531799049,11009787726.325098,25966091808.092584,24343279086.536612,61319158620.954294,2648533,1761194,5209123,9618850
2025-04-24,NASDAQ (Q),465113553,202746650,1441718147,2109578350,26276409113.610503,13081973940.636783,86968213239.689533,126326596293.936819,6864718,1170892,10386374,18421984
2025-04-24,Members Exchange (U),64021439,69788419,234532685,368342543,2770473724.271400,3238687810.512800,5455027885.597400,11464189420.381600,710112,295283,999241,2004636
2025-04-24,Investors Exchange (V),185545808,73902925,178729058,438177791,9919199734.984901,3682334875.151100,8500337447.547702,22101872057.683703,2308224,321826,1933464,4563514
2025-04-24,NASDAQ PSX (X),5534466,4003517,7550055,17088038,340047983.258300,521250777.759600,401049385.466600,1262348146.484500,93728,25413,98649,217790
2025-04-24,BYX Equities (Y),42591250,25158042,57077958,124827250,1665534337.673300,933140742.953400,1754235468.568600,4352910549.195300,498672,123341,481013,1103026
2025-04-24,BZX Equities (Z),174637234,124090057,222631232,521358523,9793277265.202601,7971355251.765101,12455494976.718202,30220127493.685904,2583649,616895,2517931,5718475
2025-04-23,NYSE American (A),7426997,23802914,7584626,38814537,337356478.552500,289353094.812700,360208766.377800,986918339.743000,77604,68398,73705,219707
2025-04-23,NASDAQ BX (B),16755684,15603961,24274126,56633771,1252845216.786300,798590805.622800,1394774545.704800,3446210568.113900,257037,109383,249897,616317
2025-04-23,NYSE National (C),22605340,19992962,25283639,67881941,855553153.038800,619314574.169800,832697414.267600,2307565141.476200,274233,88487,237861,600581
2025-04-23,FINRA / Nasdaq TRF Chicago (DB),604877208,263241576,777894324,1646013108,28970588202.606194,11499464432.066502,31702046805.866615,72172099440.539311,4839131,757519,4275475,9872125
2025-04-23,FINRA / NYSE TRF (DN),730682738,484898136,1302875304,2518456178,25843188040.449695,18998394603.884301,39554472623.330684,84396055267.664680,5012702,1394082,5005537,11412321
2025-04-23,FINRA / Nasdaq TRF Carteret (DQ),1178311525,863958087,2404395856,4446665468,54065320134.721996,44756911827.857507,83916050286.034659,182738282248.614162,8045141,2463992,9524992,20034125
2025-04-23,MIAX Pearl (H),28650812,61913664,89161671,179726147,908805695.632900,2828812817.321400,2368551903.357399,6106170416.311699,290704,216194,440656,947554
2025-04-23,EDGA Equities (J),31919420,26728951,70164498,128812869,1355495126.296500,1458924251.544600,1770555991.922700,4584975369.763800,421476,157279,448212,1026967
2025-04-23,EDGX Equities (K),155913653,241897981,570540184,968351818,6777070634.026901,11266381523.081007,17274560307.069310,35318012464.177218,1567633,1109632,3176472,5853737
2025-04-23,LTSE (L),1597885,125672,789769,2513326,30707980.397100,17206390.337000,11782738.794300,59697109.528400,2780,670,2629,6079
2025-04-23,NYSE Texas (M),20882505,18374639,19048113,58305257,1790192260.387800,2906882148.498401,2963765780.667500,7660840189.553701,31802,18234,33411,83447
2025-04-23,NYSE (N),1231370840,87673229,125765661,1444809730,66245374809.465887,4687874223.298299,4917659706.011000,75850908738.775186,4961653,312875,1073402,6347930
2025-04-23,NYSE Arca (P),268252305,620731014,1130558981,2019542300,13390936820.787503,39566609990.448904,30116168751.530011,83073715562.766418,3228183,2633473,6252703,12114359
2025-04-23,NASDAQ (Q),573281059,326658768,1621629709,2521569536,31440936934.368906,22672958478.910505,95562426580.199604,149676321993.479015,8315951,1891662,12246173,22453786
2025-04-23,Members Exchange (U),70742168,89543340,236656852,396942360,3055552882.922600,4619893804.929699,5837997874.842401,13513444562.694700,831322,428998,1103742,2364062
2025-04-23,Investors Exchange (V),213914806,106658026,206174416,526747248,10977987225.638200,5352112580.075601,9952545579.586997,26282645385.300798,2570325,482239,2161924,5214488
2025-04-23,NASDAQ PSX (X),7327166,7418255,10275902,25021323,451882933.094300,1139166003.158500,666890280.243900,2257939216.496700,121602,46752,128223,296577
2025-04-23,BYX Equities (Y),44228333,34940238,60094179,139262750,1792236133.228600,1442156326.624000,2052096776.548800,5286489236.401400,552316,172050,528770,1253136
2025-04-23,BZX Equities (Z),220107254,200486901,260660497,681254652,11792047272.484802,13610521317.389892,15376322289.038406,40778890878.913100,3241172,1032300,3082382,7355854
2025-04-22,NYSE American (A),5773451,23362009,5974427,35109887,283945901.874600,246450079.316100,323841951.236100,854237932.426800,65787,65377,60960,192124
2025-04-22,NASDAQ BX (B),12799662,13939587,18981895,45721144,969081020.541000,583424029.913000,1124496143.272700,2677001193.726700,205479,88206,211618,505303
2025-04-22,NYSE National (C),18768068,14888186,20009296,53665550,593362512.537800,465299161.324400,621138937.691900,1679800611.554100,233151,70922,196283,500356
2025-04-22,FINRA / Nasdaq TRF Chicago (DB),7590139,6811159,20329906,34731204,374636690.602200,388186178.651400,1578784815.233400,2341607684.487000,59580,25996,130445,216021
2025-04-22,FINRA / NYSE TRF (DN),74341142,69439430,190837626,334618198,3651327157.948300,3498425340.223301,5679346281.110503,12829098779.282104,630369,214179,694288,1538836
2025-04-22,FINRA / Nasdaq TRF Carteret (DQ),2244314791,2006578892,3639723606,7890617289,100973423431.893209,81104577150.487293,141687354568.917924,323765355151.298426,15711678,4218982,16302478,36233138
2025-04-22,MIAX Pearl (H),26564029,55934905,71080498,153579432,832099191.810100,1904535593.982500,2049942802.923399,4786577588.715999,278564,167000,413877,859441
2025-04-22,EDGA Equities (J),25308109,24445387,41367309,91120805,972799304.656700,1334611929.846100,1234492866.973200,3541904101.476000,338843,127454,339705,806002
2025-04-22,EDGX Equities (K),120363673,194387812,429104392,743855877,5296652310.787100,8321170110.472295,13904063213.561804,27521885634.821199,1231527,932745,2642415,4806687
2025-04-22,LTSE (L),241451,73168,802658,1117277,10358541.114000,4629109.230000,8264802.537800,23252452.881800,1828,514,2229,4571
2025-04-22,NYSE Texas (M),12217289,14568738,18770952,45556979,854645579.079000,1227727762.655600,2970713222.915100,5053086564.649700,18937,21927,26664,67528
2025-04-22,NYSE (N),1084278930,69532832,97893736,1251705498,57103321800.435499,3376800382.360599,3818630726.769600,64298752909.565698,4192590,234801,828574,5255965
2025-04-22,NYSE Arca (P),203418539,520780419,751979260,1476178218,10240308156.552102,33416345123.773413,24826721062.672098,68483374342.997613,2584772,2145600,5320845,10051217
2025-04-22,NASDAQ (Q),455718156,246451857,1375092331,2077262344,24574964426.226907,17188935881.322700,79891553473.172093,121655453780.721700,6898036,1483765,10351797,18733598
2025-04-22,Members Exchange (U),55220166,82755729,177003184,314979079,2284769946.261900,3871386619.617599,4903774348.677697,11059930914.557196,630031,338202,891917,1860150
2025-04-22,Investors Exchange (V),186676208,98276817,175706921,460659946,9335336318.352602,4807682771.593699,8748080594.038202,22891099683.984503,2268523,404095,1918592,4591210
2025-04-22,NASDAQ PSX (X),5981993,6223003,7317868,19522864,352968878.200300,728285065.601200,439647081.712500,1520901025.514000,105590,33263,102166,241019
2025-04-22,BYX Equities (Y),38246832,29941002,50131181,118319015,1568862318.223200,1265545900.035500,1766464936.052200,4600873154.310900,512245,144379,512348,1168972
2025-04-22,BZX Equities (Z),175191847,169117173,219896857,564205877,9281910763.759602,9810725161.479601,12533686297.558106,31626322222.797309,2719123,785644,2757761,6262528
2025-04-21,NYSE American (A),4702269,19857692,4635698,29195659,228263173.258700,241136105.089900,231518565.807000,700917844.155600,50908,56786,47812,155506
2025-04-21,NASDAQ BX (B),12759895,13881519,16337067,42978481,908102671.033100,583675663.753000,992990717.114100,2484769051.900200,190717,95040,191983,477740
2025-04-21,NYSE National (C),14745176,13886227,16726926,45358329,498785519.986800,399875208.652500,505993485.866200,1404654214.505500,197727,65344,174696,437767
2025-04-21,FINRA / Nasdaq TRF Chicago (DB),6874442,5594237,17440942,29909621,364824133.211600,343655953.659700,1268861447.921200,1977341534.792500,59444,30282,140178,229904
2025-04-21,FINRA / NYSE TRF (DN),69253189,66475863,207423381,343152433,3038954629.116101,3199966136.962798,5658703608.198399,11897624374.277298,619876,221367,709719,1550962
2025-04-21,FINRA / Nasdaq TRF Carteret (DQ),2005050733,1508949811,3452947155,6966947699,92743321832.788745,70670853910.651189,128181634400.168259,291595810143.608193,15247794,5001882,16871063,37120739
2025-04-21,MIAX Pearl (H),20411541,49765198,67239135,137415874,621724934.709400,1632270959.403000,1591499941.130700,3845495835.243100,237457,148948,369744,756149
2025-04-21,EDGA Equities (J),20653637,20934079,36624163,78211879,827919870.132900,1026657337.582800,1005209150.138600,2859786357.854300,303709,119706,308168,731583
2025-04-21,EDGX Equities (K),109397960,175943083,398355489,683696532,4824223553.877699,7637550975.237806,11070154745.306007,23531929274.421512,1206917,972828,2497537,4677282
2025-04-21,LTSE (L),254877,223723,483403,962003,33805523.486100,6580744.515500,8781359.556600,49167627.558200,1571,855,1702,4128
2025-04-21,NYSE Texas (M),15567549,10389946,15746378,41703873,1175433914.348900,1020426363.229000,2425052740.788699,4620913018.366599,14690,17418,19571,51679
2025-04-21,NYSE (N),1031272661,67658525,86909400,1185840586,53359915104.742201,3305871256.147100,3427515222.050700,60093301582.940001,3908593,231290,763155,4903038
2025-04-21,NYSE Arca (P),178092790,458236498,711051772,1347381060,9162045313.601296,28743204657.345110,20062446180.988811,57967696151.935217,2371276,2087205,5092991,9551472
2025-04-21,NASDAQ (Q),387166170,214415246,1290633146,1892214562,21644907726.528703,14281662363.893603,73335392218.436237,109261962308.858543,6330378,1340930,9623680,17294988
2025-04-21,Members Exchange (U),52054984,75478453,152606601,280140038,2236565807.857900,3345889883.821101,4460595146.605500,10043050838.284501,611567,333238,877710,1822515
2025-04-21,Investors Exchange (V),164541401,78907959,165829128,409278488,8538158099.977298,3994393585.211700,7539243453.233101,20071795138.422099,2130042,362935,1745814,4238791
2025-04-21,NASDAQ PSX (X),5251056,6392515,6216933,17860504,346846495.565200,641299449.532700,392546147.707100,1380692092.805000,99688,33654,93796,227138
2025-04-21,BYX Equities (Y),32178321,27157980,43230632,102566933,1457956484.469600,997862499.611001,1483352577.163900,3939171561.244501,458575,140305,445702,1044582
2025-04-21,BZX Equities (Z),153854738,141608427,187310761,482773926,8505874002.664700,8184193705.476696,10177285824.846602,26867353532.987998,2599232,727303,2388726,5715261
2025-04-17,NYSE American (A),5004214,19153270,4695147,28852631,241264215.213000,218674981.267100,235061372.464600,695000568.944700,54442,61383,49042,164867
2025-04-17,NASDAQ BX (B),13298759,11433234,13558114,38290107,937656233.679600,546014089.956900,912856946.079900,2396527269.716400,190903,85229,168415,444547
2025-04-17,NYSE National (C),19932766,11922739,16091186,47946691,568337754.562300,387053839.912900,499185462.052700,1454577056.527900,213784,58886,159105,431775
2025-04-17,FINRA / Nasdaq TRF Chicago (DB),7033187,5269184,16682439,28984810,413976483.061100,304152893.791400,1221162406.413400,1939291783.265900,62096,21534,108364,191994
2025-04-17,FINRA / NYSE TRF (DN),72732913,66829085,229955186,369517184,3634463707.887101,4111236146.688599,5623564247.214698,13369264101.790398,647845,195897,669753,1513495
2025-04-17,FINRA / Nasdaq TRF Carteret (DQ),2103441526,1314400242,3440375991,6858217759,95361109191.028590,64548819816.936087,117068941905.762440,276978870913.727117,14654555,3731407,14504500,32890462
2025-04-17,MIAX Pearl (H),21679111,48677855,72407787,142764753,740680782.163700,1928616644.964500,1618510062.304400,4287807489.432600,229548,165055,355676,750279
2025-04-17,EDGA Equities (J),26865277,19286363,40034133,86185773,1010945927.774000,1017592152.811300,1092652215.499900,3121190296.085200,330713,121270,307489,759472
2025-04-17,EDGX Equities (K),119810126,173799160,503745507,797354793,5925231007.184399,7195832336.665004,11359571179.772799,24480634523.622202,1262403,855627,2246918,4364948
2025-04-17,LTSE (L),814586,139716,661657,1615959,12126673.905200,8625488.105000,10201743.625900,30953905.636100,3354,795,2345,6494
2025-04-17,NYSE Texas (M),27146427,36253050,31274426,94673903,2489039842.337000,5257387412.571600,5259782192.222002,13006209447.130602,18739,14733,23158,56630
2025-04-17,NYSE (N),1209773006,66122894,86054688,1361950588,68377990277.979484,3146608454.305800,3589988494.062700,75114587226.347984,4239738,247990,783680,5271408
2025-04-17,NYSE Arca (P),205747319,455795662,803167066,1464710047,11595664044.183203,27640014827.521612,21368245167.886601,60603924039.591416,2626952,2056585,4694742,9378279
2025-04-17,NASDAQ (Q),467912247,226199691,1377416027,2071527965,26921794104.270291,15491854183.917990,78243498014.276237,120657146302.464518,7047614,1483465,9832232,18363311
2025-04-17,Members Exchange (U),60695639,73125561,201210921,335032121,2754511394.825000,3275191495.336702,4641042496.700402,10670745386.862104,702000,354460,844261,1900721
2025-04-17,Investors Exchange (V),187750972,72511189,159433227,419695388,9963484220.787095,3676797399.062300,8000933368.279403,21641214988.128798,2226716,364100,1768389,4359205
2025-04-17,NASDAQ PSX (X),6263805,4753376,7476557,18493738,441197999.941700,657779335.498100,458961059.733500,1557938395.173300,108231,31709,96347,236287
2025-04-17,BYX Equities (Y),35461047,22518053,42278205,100257305,1478506582.098000,964140787.581100,1420344869.631400,3862992239.310500,468784,136690,426140,1031614
2025-04-17,BZX Equities (Z),174866088,142545680,210276859,527688627,9628970226.372199,8510393832.196102,10366494411.680700,28505858470.249001,2624280,782697,2286114,5693091
2025-04-16,NYSE American (A),6237608,22202366,7150723,35590697,295986837.212300,264790754.405800,399613623.658100,960391215.276200,67492,77317,69359,214168
2025-04-16,NASDAQ BX (B),15833291,13445441,18539072,47817804,1256141553.888800,593001475.802500,1354878961.864800,3204021991.556100,244358,104019,224680,573057
2025-04-16,NYSE National (C),17623146,14485952,19299527,51408625,545413534.440700,466789165.524200,674244398.257200,1686447098.222100,228666,75706,195329,499701
2025-04-16,FINRA / Nasdaq TRF Chicago (DB),7028369,7420009,19072758,33521136,311289262.103600,406707082.777100,1560914796.603500,2278911141.484200,55806,29555,132972,218333
2025-04-16,FINRA / NYSE TRF (DN),70747611,76737652,266384274,413869537,2918118458.561601,3308610808.816800,5690920429.640200,11917649697.018601,648298,238671,767403,1654372
2025-04-16,FINRA / Nasdaq TRF Carteret (DQ),2166391967,1627868756,3934076369,7728337092,88963700917.273288,76865140949.242418,141559179556.569739,307388021423.085445,15419251,4712795,17380977,37513023
2025-04-16,MIAX Pearl (H),26137288,57683925,87431186,171252399,817882772.359800,2183025901.999900,2079254487.383700,5080163161.743400,263348,191112,400523,854983
2025-04-16,EDGA Equities (J),26315706,21667899,52731815,100715420,925356478.617800,1169735985.524300,1595012996.923300,3690105461.065400,349560,135991,376893,862444
2025-04-16,EDGX Equities (K),120997504,210608688,510929659,842535851,5068418922.252400,8415877497.771301,15396102631.757102,28880399051.780803,1248928,1146756,2787957,5183641
2025-04-16,LTSE (L),689041,158309,921811,1769161,30778537.753700,15051713.455000,47364438.883000,93194690.091700,2705,998,3823,7526
2025-04-16,NYSE Texas (M),15500183,23935406,27192911,66628500,1105936232.365600,3965436828.766900,3580928441.002301,8652301502.134801,26404,18135,34547,79086
2025-04-16,NYSE (N),1086877071,70332012,97737633,1254946716,55132847509.166891,3518893533.475199,4583598383.928700,63235339426.570790,4141735,260735,842261,5244731
2025-04-16,NYSE Arca (P),202149557,540310038,901230042,1643689637,9641143329.246399,31709648816.684622,24981235264.840599,66332027410.771620,2515698,2589722,5192913,10298333
2025-04-16,NASDAQ (Q),464437803,262299677,1519291348,2246028828,24203655564.861609,17795701389.138401,92123721983.964381,134123078937.964391,6936022,1698130,11008238,19642390
2025-04-16,Members Exchange (U),63257296,93008423,231409444,387675163,2603421338.404600,4022261246.864601,5983900260.384998,12609582845.654199,747499,424867,1037831,2210197
2025-04-16,Investors Exchange (V),181482472,94063593,192002771,467548836,8939085467.648800,4780935953.529101,9675445026.102299,23395466447.280200,2218533,420988,1984935,4624456
2025-04-16,NASDAQ PSX (X),7491275,5804785,9039163,22335223,483997268.295900,741177387.031200,618822714.349200,1843997369.676300,129344,36813,119085,285242
2025-04-16,BYX Equities (Y),58491866,30837768,76552990,165882624,2348681213.980200,1131251508.451000,2902185136.788001,6382117859.219201,747778,171789,726479,1646046
2025-04-16,BZX Equities (Z),174842721,163739982,235435416,574018119,8637746445.106299,10063589244.865097,13477768026.733699,32179103716.705095,2640108,890166,2632346,6162620
2025-04-15,NYSE American (A),5579686,16970712,6222359,28772757,259293088.185900,191253505.377400,307733521.145100,758280114.708400,61620,57946,63006,182572
2025-04-15,NASDAQ BX (B),13070534,13486391,15995193,42552118,741688091.580400,532615430.975600,1008540975.164500,2282844497.720500,177661,80047,180734,438442
2025-04-15,NYSE National (C),16171571,11207207,18774932,46153710,524829197.976500,373354838.712700,547055069.567700,1445239106.256900,219828,57090,181587,458505
2025-04-15,FINRA / Nasdaq TRF Chicago (DB),6998161,6037914,18376014,31412089,320983690.040200,255899261.550000,1376966609.187800,1953849560.778000,48609,20990,110712,180311
2025-04-15,FINRA / NYSE TRF (DN),70128797,62223641,272730198,405082636,3153928665.093100,3031981182.134300,5162785148.745894,11348694995.973294,636340,201434,746297,1584071
2025-04-15,FINRA / Nasdaq TRF Carteret (DQ),2062305589,1268444015,3889845078,7220594682,88047277081.217681,54845867657.129110,122549581960.196072,265442726698.542863,14026666,3825998,14937622,32790286
2025-04-15,MIAX Pearl (H),23000081,47663400,79936095,150599576,628513829.109900,1883275201.949999,1631281111.809900,4143070142.869799,228463,150089,341746,720298
2025-04-15,EDGA Equities (J),29142227,18830602,47463772,95436601,1049195911.511400,996470345.524600,1339720369.779900,3385386626.815900,392802,111935,371481,876218
2025-04-15,EDGX Equities (K),112716466,166523077,520663184,799902727,4539897160.270301,6662251692.869001,11881661951.289088,23083810804.428390,1130506,789520,2320670,4240696
2025-04-15,LTSE (L),385368,206204,397810,989382,12931883.317400,14517133.765400,6894767.456500,34343784.539300,1944,1024,2072,5040
2025-04-15,NYSE Texas (M),13619570,33371303,15547414,62538287,1259176700.440500,4318474701.006502,2640250227.101900,8217901628.548902,21087,17462,27778,66327
2025-04-15,NYSE (N),1015615098,56086165,84263685,1155964948,49945291744.987702,2726083028.534700,3140571022.991400,55811945796.513802,3747138,204025,733631,4684794
2025-04-15,NYSE Arca (P),178905790,424805793,922725264,1526436847,8315147904.417498,24961582832.548506,19745635543.689188,53022366280.655192,2246585,1961631,4652370,8860586
2025-04-15,NASDAQ (Q),421619152,207499075,1312310571,1941428798,20912982362.943796,13217759050.409893,64903023741.512181,99033765154.865870,6424075,1331489,9524220,17279784
2025-04-15,Members Exchange (U),57122747,68881694,249133520,375137961,2262477769.285100,3073251906.605599,4931131857.734499,10266861533.625198,655854,325236,899676,1880766
2025-04-15,Investors Exchange (V),167033676,71213654,173054257,411301587,8063198004.342500,3481345977.818699,7553823456.203800,19098367438.364999,2081624,333672,1775459,4190755
2025-04-15,NASDAQ PSX (X),4918225,4556138,5978562,15452925,300856919.868700,575441952.063600,369912032.698300,1246210904.630600,92962,27691,87998,208651
2025-04-15,BYX Equities (Y),57855712,25085869,74347931,157289512,2128331662.405300,888597027.270700,2336580745.682098,5353509435.358098,721372,133369,679972,1534713
2025-04-15,BZX Equities (Z),159232648,134109120,220230800,513572568,7731744615.016798,7654825650.767101,9993221762.215693,25379792027.999592,2519936,707848,2330171,5557955
2025-04-14,NYSE American (A),7215738,20476226,12213196,39905160,311114545.424800,246509674.438400,352807581.972200,910431801.835400,78634,67649,75761,222044
2025-04-14,NASDAQ BX (B),13534892,15919055,19546709,49000656,816248293.453200,708056644.058300,1044010656.244400,2568315593.755900,181139,93525,191313,465977
2025-04-14,NYSE National (C),19009808,15068330,21600099,55678237,594288705.148600,485973528.632900,563201021.171700,1643463254.953200,228330,74593,198454,501377
2025-04-14,FINRA / Nasdaq TRF Chicago (DB),8475994,9095237,24987204,42558435,364187689.310600,387256788.628300,1768948661.873000,2520393139.811900,65241,32332,151655,249228
2025-04-14,FINRA / NYSE TRF (DN),84765129,72844582,331742686,489352397,3475945931.713799,2982303351.654101,6021450890.353702,12479700173.721602,765137,238478,894505,1898120
2025-04-14,FINRA / Nasdaq TRF Carteret (DQ),2350441623,1508209669,4723837357,8582488649,96505493561.532272,65935074046.983111,142878965162.006118,305319532770.521501,15923633,4503513,17008724,37435870
2025-04-14,MIAX Pearl (H),29423855,55016249,114108757,198548861,824010713.740400,1985579202.936600,1950706833.678701,4760296750.355701,286236,196990,403618,886844
2025-04-14,EDGA Equities (J),35997430,26297098,69489573,131784101,1305858514.177700,1371025249.965800,1890858937.180100,4567742701.323600,449723,156074,447376,1053173
2025-04-14,EDGX Equities (K),139297648,218666728,734653813,1092618189,5428333719.437002,8649954998.580206,14788869782.605606,28867158500.622814,1349056,1057556,2731907,5138519
2025-04-14,LTSE (L),549873,167653,1419291,2136817,20591360.243800,3532863.203200,14475981.455700,38600204.902700,2719,886,5579,9184
2025-04-14,NYSE Texas (M),13494868,27736421,16498475,57729764,946910449.894400,2686823462.510300,2572414329.230399,6206148241.635099,33861,17169,34722,85752
2025-04-14,NYSE (N),1168121095,69541974,96526369,1334189438,57824061088.819402,3527446200.074800,3701614309.889599,65053121598.783801,4391594,265279,849675,5506548
2025-04-14,NYSE Arca (P),217075251,559254352,1377892227,2154221830,9887820045.010904,32084332996.841313,24117291561.059602,66089444602.911819,2703621,2628931,5380482,10713034
2025-04-14,NASDAQ (Q),496301888,269375598,1548998092,2314675578,24610413619.958697,17838901310.710201,81518985428.786575,123968300359.455473,7417599,1763205,11085880,20266684
2025-04-14,Members Exchange (U),66278681,88361869,310314612,464955162,2548864704.249300,3933926789.309499,5449851645.507899,11932643139.066698,762278,403293,1022813,2188384
2025-04-14,Investors Exchange (V),199032106,88849203,220711434,508592743,9610608217.390599,4273585252.387000,9596880425.385100,23481073895.162699,2395816,407619,2001471,4804906
2025-04-14,NASDAQ PSX (X),6640178,7203373,9492797,23336348,415226188.102800,963558770.422100,582115302.476800,1960900261.001700,133548,43055,125619,302222
2025-04-14,BYX Equities (Y),61403938,32822146,86039077,180265161,2322508740.919300,1209837475.419400,2597831690.716002,6130177907.054702,736125,180818,716628,1633571
2025-04-14,BZX Equities (Z),191370514,172894597,269891346,634156457,9194378907.550700,10636068937.808604,12101640093.182304,31932087938.541608,2875035,939042,2664851,6478928
2025-04-11,NYSE American (A),11527669,22721307,17460724,51709700,625932537.231100,331148013.247600,661056770.694900,1618137321.173600,119685,84560,103998,308243
2025-04-11,NASDAQ BX (B),17381067,18809700,21558984,57749751,1084470942.740200,886147442.316700,1336156660.868600,3306775045.925500,232872,129583,230243,592698
2025-04-11,NYSE National (C),23302937,21660286,24322610,69285833,846899016.718200,726657408.480900,810899443.864600,2384455869.063700,278756,112727,228838,620321
2025-04-11,FINRA / Nasdaq TRF Chicago (DB),8448512,7502464,21087227,37038203,364268420.190400,381546936.296400,1708784641.762101,2454599998.248901,61034,31384,132472,224890
2025-04-11,FINRA / NYSE TRF (DN),88501105,92886036,261776045,443163186,4039904856.024902,4031987499.163200,7305431056.258496,15377323411.446598,821729,283176,864232,1969137
2025-04-11,FINRA / Nasdaq TRF Carteret (DQ),2551599422,1814763549,4400036953,8766399924,109533893490.148083,87942949354.871910,155560097009.577689,353036939854.597682,17436577,4994126,17423886,39854589
2025-04-11,MIAX Pearl (H),35699660,85387881,107354676,228442217,1050479736.593700,3473950791.474098,2628528859.366200,7152959387.433998,344966,301202,480980,1127148
2025-04-11,EDGA Equities (J),37312312,32563212,74885147,144760671,1378193173.626100,1861784399.655600,2309055938.834501,5549033512.116201,462375,204501,473452,1140328
2025-04-11,EDGX Equities (K),164214031,269032545,710492922,1143739498,6631980711.469000,11736531678.225796,17303832076.628101,35672344466.322897,1607481,1417150,3012284,6036915
2025-04-11,LTSE (L),267744,58772,349377,675893,5366832.480000,2138889.269300,19648008.228300,27153729.977600,957,511,2462,3930
2025-04-11,NYSE Texas (M),14248929,26632295,21051697,61932921,940542677.884900,4440203450.442701,2448775882.396100,7829522010.723701,35704,17270,34436,87410
2025-04-11,NYSE (N),1248827282,99231803,122391038,1470450123,62746595121.165613,4951390045.000300,5160750952.235301,72858736118.401214,5272221,374299,1064710,6711230
2025-04-11,NYSE Arca (P),260048285,748116599,1200923535,2209088419,12243305352.306001,44351353148.056300,29592156793.258820,86186815293.621121,3216705,3470346,5829994,12517045
2025-04-11,NASDAQ (Q),605202793,392497280,1770220479,2767920552,30620521442.740084,26504840460.563996,100927315905.884309,158052677809.188389,9009748,2582485,13069722,24661955
2025-04-11,Members Exchange (U),72000666,117553619,312229509,501783794,3043108968.827500,5402270790.521502,7051568651.789400,15496948411.138402,870729,574218,1157614,2602561
2025-04-11,Investors Exchange (V),237423571,128887169,239527044,605837784,11549890858.646000,6480732504.038700,11507133719.529004,29537757082.213704,2829432,566801,2378947,5775180
2025-04-11,NASDAQ PSX (X),8819257,11074077,12333275,32226609,492732656.783900,1380217840.636800,744818995.921700,2617769493.342400,158574,66984,155779,381337
2025-04-11,BYX Equities (Y),70161583,39353951,87331627,196847161,2737154972.314400,1554016303.586100,3306999100.194900,7598170376.095400,834785,221471,806730,1862986
2025-04-11,BZX Equities (Z),230884969,230890813,334332358,796108140,11263357873.821204,14614614612.681504,16632291086.191395,42510263572.694103,3441200,1334355,3247087,8022642
2025-04-10,NYSE American (A),13006690,21967377,18218488,53192555,653517931.523000,543021597.705100,835273778.073500,2031813307.301600,125290,89388,120385,335063
2025-04-10,NASDAQ BX (B),22216268,29913480,29690119,81819867,1385418777.935900,1322885202.653500,2233386123.715400,4941690104.304800,297813,142098,317709,757620
2025-04-10,NYSE National (C),25894143,28834753,29692829,84421725,996894163.832300,838510384.541900,1251578297.804000,3086982846.178200,300702,123694,280849,705245
2025-04-10,FINRA / Nasdaq TRF Chicago (DB),11479898,10264532,28898610,50643040,543415379.323100,585916874.571200,2339344126.757200,3468676380.651500,77660,42214,179625,299499
2025-04-10,FINRA / NYSE TRF (DN),107261960,109514007,348988583,565764550,4701904347.014403,6130382204.197501,10214003119.853298,21046289671.065202,902205,342336,1003665,2248206
2025-04-10,FINRA / Nasdaq TRF Carteret (DQ),2843259300,2109030052,5442600159,10394889511,124785563644.290580,104167288746.031600,198207702313.428251,427160554703.750431,20713118,6179644,21549834,48442596
2025-04-10,MIAX Pearl (H),40197757,108211498,137214444,285623699,1188204681.259500,5216366915.400001,3524021196.430801,9928592793.090302,403416,430114,587219,1420749
2025-04-10,EDGA Equities (J),42834409,43440885,87107977,173383271,1652715514.338300,2575595967.068298,3441973223.551698,7670284704.958296,517921,263255,620231,1401407
2025-04-10,EDGX Equities (K),201569627,340339791,862330728,1404240146,8436499400.241696,16976160915.534100,22807697257.066986,48220357572.842782,2017433,1953575,3928555,7899563
2025-04-10,LTSE (L),271876,44873,270349,587098,7881045.425000,2243335.000000,12677188.670600,22801569.095600,969,300,1803,3072
2025-04-10,NYSE Texas (M),14203641,21991508,19560405,55755554,943192834.118800,3086203746.660401,3294636025.212900,7324032605.992101,53611,22505,56933,133049
2025-04-10,NYSE (N),1539849422,118020782,157450079,1815320283,76710640086.574098,7514356414.533598,8020168747.259199,92245165248.366895,6828105,538313,1523972,8890390
2025-04-10,NYSE Arca (P),336819696,936255778,1703645615,2976721089,16420303618.963507,62029374070.781517,43671979897.278855,122121657587.023879,4119047,4999394,8040593,17159034
2025-04-10,NASDAQ (Q),771362376,521643767,2221239081,3514245224,40338440559.311816,39796038274.918314,135259392116.040003,215393870950.270133,11317634,3664580,17134072,32116286
2025-04-10,Members Exchange (U),90080618,147689878,427786791,665557287,3852080606.071799,7466625121.515607,8997816384.398899,20316522111.986305,1090429,738820,1508906,3338155
2025-04-10,Investors Exchange (V),294522809,166580279,288219991,749323079,14251148728.322299,8909739265.031997,15316272049.799995,38477160043.154291,3299037,747096,2812507,6858640
2025-04-10,NASDAQ PSX (X),10791260,15931343,17249139,43971742,683170792.808500,2479627537.529500,1392339524.291600,4555137854.629600,209883,95443,215622,520948
2025-04-10,BYX Equities (Y),91162698,53261580,108685694,253109972,3656158822.811100,2299418942.221700,4614256127.103999,10569833892.136799,1055686,277896,1009971,2343553
2025-04-10,BZX Equities (Z),299423160,314584923,446972942,1060981025,14835546756.815202,23526360369.997309,22420953769.851092,60782860896.663603,4461808,2020057,4299206,10781071
2025-04-09,NYSE American (A),18232547,30758085,20065656,69056288,820129934.025200,725774314.087900,1090360397.929400,2636264646.042500,160821,116545,153772,431138
2025-04-09,NASDAQ BX (B),33959902,38503076,42957388,115420366,2521372689.926300,2098358921.370899,3279506048.426001,7899237659.723200,466173,218978,451207,1136358
2025-04-09,NYSE National (C),40146174,37434651,42176354,119757179,1576737738.164100,1335633864.668200,1907257186.307600,4819628789.139900,428513,182594,411144,1022251
2025-04-09,FINRA / Nasdaq TRF Chicago (DB),15881924,13973020,35773401,65628345,673547170.524200,797403268.077000,3131292825.175300,4602243263.776500,103107,52708,232277,388092
2025-04-09,FINRA / NYSE TRF (DN),154595647,150428449,376926470,681950566,6775356708.452502,8919816745.730094,11471503042.438597,27166676496.621193,1166704,454194,1355906,2976804
2025-04-09,FINRA / Nasdaq TRF Carteret (DQ),3944974812,2690280661,5852433628,12487689101,174526471810.770571,149172612379.002957,260771103529.241104,584470187719.014632,26336672,7571853,27469428,61377953
2025-04-09,MIAX Pearl (H),58092429,141760768,151287678,351140875,1704985711.857900,6891255304.703998,5064683467.216901,13660924483.778799,505986,560716,809487,1876189
2025-04-09,EDGA Equities (J),67654480,66354132,119373654,253382266,2587064656.027400,4047597287.343799,4566959867.448101,11201621810.819300,727694,391063,830501,1949258
2025-04-09,EDGX Equities (K),319008959,519161691,871886823,1710057473,12522238938.977799,27558269176.634718,33646484484.617491,73726992600.230008,2808343,2944766,5354847,11107956
2025-04-09,LTSE (L),213760,67614,307548,588922,7799303.815000,2362925.130000,14420693.383000,24582922.328000,1236,435,1915,3586
2025-04-09,NYSE Texas (M),27091165,22919866,34265944,84276975,1807617596.110801,2159174071.694300,2064065462.541599,6030857130.346700,81835,35797,61405,179037
2025-04-09,NYSE (N),2105972605,172631201,217183448,2495787254,102749596970.645594,11301212649.123899,11084499610.048500,125135309229.817993,9000583,774327,1949901,11724811
2025-04-09,NYSE Arca (P),504316754,1476084606,1612122984,3592524344,23366362912.204602,101900753603.596284,65712335317.529885,190979451833.330771,5498805,7179556,11053543,23731904
2025-04-09,NASDAQ (Q),1156173377,817783290,3221670407,5195627074,58755191759.193404,63266103500.425683,211006082623.686076,333027377883.305163,15067263,5325584,22918597,43311444
2025-04-09,Members Exchange (U),140312680,193796940,419757575,753867195,6189490317.880701,11399579406.908199,13629694070.956096,31218763795.744996,1552708,1114406,2132162,4799276
2025-04-09,Investors Exchange (V),418044036,250393247,390529995,1058967278,19941642849.560203,12885997397.136602,20671065965.991602,53498706212.688407,4110083,1047872,3540561,8698516
2025-04-09,NASDAQ PSX (X),21728346,27247875,29575552,78551773,1277608111.942300,4086732531.677300,2131452148.377100,7495792791.996700,336295,175650,340945,852890
2025-04-09,BYX Equities (Y),123126981,73722986,143472806,340322773,5320069137.572900,3611222604.928201,6520215585.845199,15451507328.346300,1334514,405123,1282628,3022265
2025-04-09,BZX Equities (Z),459906888,509172037,552918101,1521997026,21753257891.380703,34733098054.789628,34300933379.798115,90787289325.968446,5863502,2942893,5930195,14736590
2025-04-08,NYSE American (A),12726291,27435326,13468238,53629855,597884957.743200,533725683.601800,785354278.053200,1916964919.398200,124603,96146,119762,340511
2025-04-08,NASDAQ BX (B),21534798,25697951,30387691,77620440,1539386970.062500,1311066297.623100,1936891908.071100,4787345175.756700,308713,141471,305306,755490
2025-04-08,NYSE National (C),31360578,30257832,32322683,93941093,1193391097.944200,974731875.498600,1275383760.085401,3443506733.528201,357539,137918,307789,803246
2025-04-08,FINRA / Nasdaq TRF Chicago (DB),12673953,11149804,29936740,53760497,537583293.498100,677654579.232300,2271464350.434501,3486702223.164901,90918,46997,198105,336020
2025-04-08,FINRA / NYSE TRF (DN),121946080,119404412,283318802,524669294,4759460045.967899,5415532608.657498,7854147495.972199,18029140150.597596,1001367,376529,1094850,2472746
2025-04-08,FINRA / Nasdaq TRF Carteret (DQ),3311719402,2312370369,4773928393,10398018164,141167802185.516815,116080819644.492159,204180410915.761784,461429032745.770758,23232691,6536268,23735716,53504675
2025-04-08,MIAX Pearl (H),46319429,99526169,116613411,262459009,1274183332.819500,4187550654.117501,3261840011.799699,8723573998.736700,429377,376692,631212,1437281
2025-04-08,EDGA Equities (J),51614723,44473873,94465121,190553717,1925179409.818000,3172917772.274899,3466887445.965499,8564984628.058398,621410,269364,687818,1578592
2025-04-08,EDGX Equities (K),235091955,392876704,687761485,1315730144,8941497231.569701,18264400830.154205,24235121508.416198,51441019570.140104,2197289,2016724,4286421,8500434
2025-04-08,LTSE (L),379801,63719,270429,713949,7298945.095000,2091639.378800,7061617.470000,16452201.943800,1155,334,1364,2853
2025-04-08,NYSE Texas (M),16160030,18814869,22185999,57160898,1054273580.783800,2019172083.804900,2241723962.324300,5315169626.913000,55238,28283,53293,136814
2025-04-08,NYSE (N),1667362228,120728739,162488953,1950579920,78970803448.002102,7442513581.628601,7542970391.525697,93956287421.156400,7090055,500263,1454719,9045037
2025-04-08,NYSE Arca (P),366433768,1031970558,1149259915,2547664241,16929869418.864694,67257788516.812013,45175930210.015612,129363588145.692319,4323510,4805779,8426033,17555322
2025-04-08,NASDAQ (Q),793723981,526062580,2262040792,3581827353,39646210590.728690,40335796736.890401,135663941740.161777,215645949067.780868,11287571,3373985,17385011,32046567
2025-04-08,Members Exchange (U),103551959,134066286,302183041,539801286,4366721034.731201,7292182581.545402,8935398889.861301,20594302506.137904,1186368,672219,1578879,3437466
2025-04-08,Investors Exchange (V),319842468,167688644,292518558,780049670,14478625377.322496,9249658885.158200,15244522727.228502,38972806989.709198,3367925,744379,2919527,7031831
2025-04-08,NASDAQ PSX (X),10896070,15680943,17463367,44040380,670263806.087400,1943885621.955998,1198881057.194000,3813030485.237398,201624,94951,210509,507084
2025-04-08,BYX Equities (Y),96622420,52088817,112634958,261346195,3666909068.062500,2563917662.323699,4800117581.205901,11030944311.592100,1098929,305738,1075641,2480308
2025-04-08,BZX Equities (Z),317146920,341141538,371701153,1029989611,14767047157.344499,21810161358.599892,22194063749.264401,58771272265.208792,4563650,1876939,4381466,10822055
2025-04-07,NYSE American (A),11110781,31367918,12030660,54509359,652071842.832300,601719159.583900,748636068.744600,2002427071.160800,122718,110286,107262,340266
2025-04-07,NASDAQ BX (B),27161990,39768154,41261438,108191582,1934300678.123700,2205480635.857699,2925514303.063199,7065295617.044598,382493,210986,411288,1004767
2025-04-07,NYSE National (C),33396713,39309692,43072723,115779128,1482588275.037200,1274874719.884000,1806587723.412600,4564050718.333800,397978,190102,397428,985508
2025-04-07,FINRA / Nasdaq TRF Chicago (DB),12480452,10291692,30273519,53045663,599153432.510300,662237411.302200,2538612382.726300,3800003226.538800,104180,54967,229759,388906
2025-04-07,FINRA / NYSE TRF (DN),125372405,136625655,296814253,558812313,5433886789.528602,7619652047.430896,9869714956.079599,22923253793.039097,1046501,505506,1266989,2818996
2025-04-07,FINRA / Nasdaq TRF Carteret (DQ),3500137531,3134346110,5260340659,11894824300,160223805777.378678,172722355756.242567,237328568784.341499,570274730317.962744,25693091,8655233,27205626,61553950
2025-04-07,MIAX Pearl (H),44747910,139229860,139173265,323151035,1242395986.812200,6779345901.352300,5170866411.268501,13192608299.433001,407969,522331,673222,1603522
2025-04-07,EDGA Equities (J),53435979,60219936,106029407,219685322,2130476995.172000,3644774933.102600,3947126132.135999,9722378060.410599,651039,368058,788087,1807184
2025-04-07,EDGX Equities (K),295040051,512239480,817060850,1624340381,11537993634.594601,27877996150.594811,31979515800.814574,71395505586.003986,2850440,2849542,5464200,11164182
2025-04-07,LTSE (L),199368,126982,412446,738796,6075273.080000,10593022.400000,12505528.130300,29173823.610300,859,243,1669,2771
2025-04-07,NYSE Texas (M),21795599,30662607,30274689,82732895,1397436114.158600,3018505237.939001,1737524191.847800,6153465543.945401,63157,34231,55295,152683
2025-04-07,NYSE (N),2064664315,198062857,201330493,2464057665,98909739990.780608,13939122077.606097,10464337749.504500,123313199817.891205,8919413,884340,1812414,11616167
2025-04-07,NYSE Arca (P),473141732,1573897792,1437931465,3484970989,21589403897.286999,105979686251.665509,66081189856.165841,193650280005.118349,5357009,7444533,10986588,23788130
2025-04-07,NASDAQ (Q),1078289068,873752836,3006282277,4958324181,53654339305.960008,67339844445.255832,182847160545.088747,303841344296.304587,14663744,5393928,22921874,42979546
2025-04-07,Members Exchange (U),127593454,197814260,354400851,679808565,5381746407.661700,12044010335.346996,11411416216.508601,28837172959.517297,1466501,1039415,1910414,4416330
2025-04-07,Investors Exchange (V),382728187,217853476,358116540,958698203,18234360326.353802,11467121144.067305,19000851872.311906,48702333342.733013,4011158,1033891,3441492,8486541
2025-04-07,NASDAQ PSX (X),16341134,26346747,24692469,67380350,1017648524.473000,3436193566.703699,1944275536.593700,6398117627.770399,288833,170012,312024,770869
2025-04-07,BYX Equities (Y),101132370,73228905,131584248,305945523,4262736666.985800,3944231175.434399,5898896499.482901,14105864341.903100,1144545,432906,1183153,2760604
2025-04-07,BZX Equities (Z),418566993,514656722,476075813,1409299528,19485232055.686707,33553102885.696589,30418401664.351876,83456736605.735172,5736144,2758357,5616173,14110674
2025-04-04,NYSE American (A),12033504,35197349,12213949,59444802,751530579.079400,852120093.898100,794773038.828000,2398423711.805500,136787,112124,112697,361608
2025-04-04,NASDAQ BX (B),28261910,31070452,34710623,94042985,1994942958.778700,1654683313.833201,2288807870.148500,5938434142.760401,409796,190833,363638,964267
2025-04-04,NYSE National (C),37149124,32873533,39835626,109858283,1510462782.324600,1097902621.399300,1511314215.583200,4119679619.307100,432814,162555,369639,965008
2025-04-04,FINRA / Nasdaq TRF Chicago (DB),15600615,10719239,28493606,54813460,675621483.622200,683004362.100300,2117325353.028600,3475951198.751100,117787,55885,210667,384339
2025-04-04,FINRA / NYSE TRF (DN),136300256,134617499,267951596,538869351,5761334165.879598,7547651905.646903,9529618225.317601,22838604296.844102,1044937,462537,1156714,2664188
2025-04-04,FINRA / Nasdaq TRF Carteret (DQ),3777546157,2852584579,4882109271,11512240007,176215000105.111652,163707209604.781944,229245001866.580926,569167211576.474522,28840920,8671239,28307976,65820135
2025-04-04,MIAX Pearl (H),54207755,119426965,119980129,293614849,1617596909.101500,6388949666.907801,4375297407.678099,12381843983.687400,489369,459661,674977,1624007
2025-04-04,EDGA Equities (J),48883543,56603451,79311665,184798659,2035399208.197000,3733866604.193399,3243612253.850000,9012878066.240399,619851,322717,626966,1569534
2025-04-04,EDGX Equities (K),284774058,423459889,696401369,1404635316,12156728247.091698,22519150332.694727,28670298375.704607,63346176955.491032,2910457,2239228,4777649,9927334
2025-04-04,LTSE (L),145649,133921,245875,525445,5523729.215000,2365714.545900,11249777.635200,19139221.396100,863,404,1168,2435
2025-04-04,NYSE Texas (M),24626217,37547511,29425395,91599123,1207120095.477200,4075279992.511300,3568158488.274001,8850558576.262501,53463,33626,46798,133887
2025-04-04,NYSE (N),1931598424,173408944,176457344,2281464712,97925552963.854405,11933183905.976395,9421857930.633201,119280594800.464001,8588130,682203,1574488,10844821
2025-04-04,NYSE Arca (P),455654094,1276230747,1128283246,2860168087,22630731526.678582,83900420623.983380,52878093847.773524,159409245998.435486,5396774,5838364,9369010,20604148
2025-04-04,NASDAQ (Q),1077493387,675323262,2567017995,4319834644,58842026670.465974,48962141828.308785,166103472174.713667,273907640673.488426,15187777,3965885,20943543,40097205
2025-04-04,Members Exchange (U),127838452,173268119,274020287,575126858,5775696645.333597,10039831036.830996,10518762386.827601,26334290068.992194,1467770,872891,1732372,4073033
2025-04-04,Investors Exchange (V),406131152,204887973,342095296,953114421,20802708182.735501,11140728435.760807,19169148818.940392,51112585437.436700,4381447,890283,3469629,8741359
2025-04-04,NASDAQ PSX (X),14954120,20399833,17228327,52582280,922009682.250100,2282721350.646601,1364263543.334800,4568994576.231501,262279,102352,240181,604812
2025-04-04,BYX Equities (Y),91967115,62297247,98288584,252552946,4144991188.576100,3076253509.005801,4574968614.875702,11796213312.457603,1133795,361533,1008525,2503853
2025-04-04,BZX Equities (Z),413363024,396333172,434264449,1243960645,21275909568.399296,26791963038.683406,28718891912.617399,76786764519.700101,5824071,2111518,5187911,13123500
2025-04-03,NYSE American (A),9897516,22036546,10699253,42633315,588336364.818300,532084197.345100,639952260.034900,1760372822.198300,112996,75010,97043,285049
2025-04-03,NASDAQ BX (B),20934660,18560221,24215969,63710850,1587042115.663200,973055364.534999,1748333583.765300,4308431063.963499,320856,135674,288749,745279
2025-04-03,NYSE National (C),30731157,18616311,27438049,76785517,1196325585.740500,661856733.842500,1040196544.194600,2898378863.777600,353450,101685,278815,733950
2025-04-03,FINRA / Nasdaq TRF Chicago (DB),11925140,9788421,25316277,47029838,586289091.586900,577122985.393000,2050768340.494200,3214180417.474100,101859,45507,195360,342726
2025-04-03,FINRA / NYSE TRF (DN),120487530,89898647,253414640,463800817,5330186609.823599,5900772539.950401,7503627172.777102,18734586322.551102,983219,333328,1001941,2318488
2025-04-03,FINRA / Nasdaq TRF Carteret (DQ),3218004884,1910258775,4495189810,9623453469,151145048307.258538,110306697252.442647,190472639199.609484,451924384759.310669,24868642,6719849,24240377,55828868
2025-04-03,MIAX Pearl (H),40829550,73789981,92684324,207303855,1315602419.121400,3124636841.478501,2837893815.885599,7278133076.485500,376060,263993,515835,1155888
2025-04-03,EDGA Equities (J),47697926,33574296,66835290,148107512,1875240417.152500,2286496670.115399,2448902280.056100,6610639367.323999,576592,192355,557087,1326034
2025-04-03,EDGX Equities (K),218895245,249447889,585877444,1054220578,9887152482.759001,12802630022.474698,19772692566.041088,42462475071.274787,2176092,1369218,3537238,7082548
2025-04-03,LTSE (L),1565829,229059,1089814,2884702,64894924.339700,24368770.565000,90426394.142800,179690089.047500,5518,997,5555,12070
2025-04-03,NYSE Texas (M),21440334,18695920,18877644,59013898,1270853075.940700,2462432336.983100,2214324774.791601,5947610187.715401,44653,25194,42882,112729
2025-04-03,NYSE (N),1543501796,100242252,137868957,1781613005,80468330324.531900,6753767216.016700,7033974048.595200,94256071589.143800,6256136,398305,1193327,7847768
2025-04-03,NYSE Arca (P),349027651,716875479,979644450,2045547580,17995790455.238404,51421981069.359410,34635169566.633206,104052941091.231020,4090362,3404966,6936633,14431961
2025-04-03,NASDAQ (Q),794927078,374700814,1961095502,3130723394,43994768837.932208,27075762289.248191,127307387504.064444,198377918631.244843,11072331,2231375,15138843,28442549
2025-04-03,Members Exchange (U),98622855,112459858,262057811,473140524,4441694713.204700,6136067863.680004,7743503289.098496,18321265865.983200,1112336,534745,1358309,3005390
2025-04-03,Investors Exchange (V),330653538,125643914,269438192,725735644,17162030995.138699,7396703534.665794,14965461557.233202,39524196087.037695,3590750,556663,2735288,6882701
2025-04-03,NASDAQ PSX (X),9415392,9767951,11927486,31110829,603392366.409100,1075388219.822000,794246642.270400,2473027228.501500,177729,52156,155177,385062
2025-04-03,BYX Equities (Y),90450503,40797220,87988585,219236308,3905890361.495200,1979196192.578201,4017166012.114399,9902252566.187800,1067504,233806,941132,2242442
2025-04-03,BZX Equities (Z),318084891,233322390,338161301,889568582,16650106060.528203,15812023070.315195,20446339483.605800,52908468614.449198,4477771,1255846,3895272,9628889
2025-04-02,NYSE American (A),5181598,17409301,8985385,31576284,299793905.707900,264789726.564000,350986545.244100,915570177.516000,61055,53066,60161,174282
2025-04-02,NASDAQ BX (B),11083774,12504326,19552195,43140295,872330874.739400,689864965.137000,1209636974.264400,2771832814.140800,179682,78627,210584,468893
2025-04-02,NYSE National (C),18095464,11064560,19502339,48662363,608897036.793600,383696782.311900,656651354.284200,1649245173.389700,221812,61513,197701,481026
2025-04-02,FINRA / Nasdaq TRF Chicago (DB),6701906,5650977,21186983,33539866,301947521.207700,309363969.021600,1716925086.836500,2328236577.065800,49920,21475,130965,202360
2025-04-02,FINRA / NYSE TRF (DN),76457206,66213739,288614480,431285425,3165428985.923100,2989696609.711400,5523818071.078700,11678943666.713200,625047,185181,768759,1578987
2025-04-02,FINRA / Nasdaq TRF Carteret (DQ),2096245232,1241506971,4670311384,8008063587,91491749954.341989,57686271037.750263,143706040414.740598,292884061406.832850,15955596,3760974,17877343,37593913
2025-04-02,MIAX Pearl (H),24475865,47403354,99788649,171667868,784176464.175000,1634434068.147300,2063144146.616800,4481754678.939100,237944,140076,409165,787185
2025-04-02,EDGA Equities (J),24852671,22783169,69133967,116769807,880119247.766900,1384885268.358900,1494281029.462000,3759285545.587800,326455,115127,404213,845795
2025-04-02,EDGX Equities (K),116749324,173138341,775191535,1065079200,4882373248.848699,8423805685.747806,16930681306.857901,30236860241.454406,1147007,836487,2987111,4970605
2025-04-02,LTSE (L),1507081,196272,1509188,3212541,22890233.405100,21445916.190000,16209937.071200,60546086.666300,2808,721,3814,7343
2025-04-02,NYSE Texas (M),12772135,15842889,16941423,45556447,894244168.095500,1617129368.176700,1908280643.805000,4419654180.077200,25011,17238,36296,78545
2025-04-02,NYSE (N),990848073,58922832,117041971,1166812876,55014279713.156995,3100370984.959101,4210953510.072301,62325604208.188397,3663653,212112,836965,4712730
2025-04-02,NYSE Arca (P),181407840,437651023,1265605240,1884664103,9256372451.837900,30198065723.971009,28305694695.381299,67760132871.190208,2305287,1958539,5578072,9841898
2025-04-02,NASDAQ (Q),393056800,220465704,1556250756,2169773260,21905820072.635295,16979006101.379190,83476112739.657865,122360938913.672350,5986523,1303854,10606253,17896630
2025-04-02,Members Exchange (U),54863220,72298856,326393621,453555697,2344141859.888900,3626141836.887701,5305828288.724501,11276111985.501102,629030,297254,1036524,1962808
2025-04-02,Investors Exchange (V),175008557,66233727,192751618,433993902,9174641180.742098,3666359585.741200,9074899769.309801,21915900535.793099,2114082,306279,1921164,4341525
2025-04-02,NASDAQ PSX (X),6051633,5831511,10413496,22296640,420399961.654100,878414884.673200,701232163.039600,2000047009.366900,103461,31991,133662,269114
2025-04-02,BYX Equities (Y),32190917,23424692,65272446,120888055,1636259590.354100,1126515532.172800,2227427971.878600,4990203094.405500,485969,133521,540108,1159598
2025-04-02,BZX Equities (Z),152921784,142470827,259656801,555049412,7857777924.161104,9529975251.684098,12499162105.039806,29886915280.885008,2273193,716690,2499705,5489588
2025-04-01,NYSE American (A),3804954,19943494,5583357,29331805,188789360.485100,314106362.520300,253492269.541300,756387992.546700,47194,64041,49244,160479
2025-04-01,NASDAQ BX (B),13316197,11463359,18617465,43397021,826157644.334100,572607443.934800,991334237.763800,2390099326.032700,180654,87090,206648,474392
2025-04-01,NYSE National (C),16729886,11519813,21221942,49471641,545022017.745900,448102528.023600,603172763.008100,1596297308.777600,214840,93110,197549,505499
2025-04-01,FINRA / Nasdaq TRF Chicago (DB),7262475,5987843,20706265,33956583,328824148.843900,322403086.585900,1533186175.520800,2184413410.950600,55088,24510,129553,209151
2025-04-01,FINRA / NYSE TRF (DN),77237877,62727710,204416106,344381693,3230514290.215100,3433603967.246098,5008216399.109201,11672334656.570399,627236,176801,724009,1528046
2025-04-01,FINRA / Nasdaq TRF Carteret (DQ),2164149268,1385142485,3920142186,7469433939,94345918728.818198,62837927775.492272,137827112676.006650,295010959180.317120,16396488,4281124,18504304,39181916
2025-04-01,MIAX Pearl (H),26614960,55304216,84072689,165991865,800083510.689100,1879556977.641500,1994480063.685201,4674120552.015801,243047,149268,387656,779971
2025-04-01,EDGA Equities (J),32472190,27132559,57675106,117279855,1166652150.428000,1625348127.119501,1523675182.130999,4315675459.678500,428312,124833,450504,1003649
2025-04-01,EDGX Equities (K),117521021,161814856,525388331,804724208,4910867473.890500,7293120158.754304,13108405548.565595,25312393181.210399,1160201,693319,2468803,4322323
2025-04-01,LTSE (L),2268876,180714,1042926,3492516,79487162.662700,6130113.095000,19033249.682800,104650525.440500,4815,501,3963,9279
2025-04-01,NYSE Texas (M),14183468,12402161,16206864,42792493,958163462.513300,1030187407.881000,2118889416.349199,4107240286.743499,23442,17180,29552,70174
2025-04-01,NYSE (N),1015094852,62945921,101570459,1179611232,55210665592.429809,3403637004.722700,4243138560.443200,62857441157.595709,3773349,227023,808203,4808575
2025-04-01,NYSE Arca (P),185510157,424783543,898072729,1508366429,9061432178.870703,25452961391.032001,22444045748.852499,56958439318.755203,2312639,1742950,5039655,9095244
2025-04-01,NASDAQ (Q),415433382,227475388,1479996485,2122905255,22584430298.700306,15085070545.994500,80242470661.799797,117911971506.494603,6305514,1262608,10375160,17943282
2025-04-01,Members Exchange (U),55991579,74322141,234550579,364864299,2391879749.225400,3397542341.698800,5557569965.867702,11346992056.791902,647694,282223,997245,1927162
2025-04-01,Investors Exchange (V),179062111,77623287,188375749,445061147,9298709211.446401,4051727368.824800,9337357832.858197,22687794413.129398,2203373,344816,2067750,4615939
2025-04-01,NASDAQ PSX (X),5787511,6450084,9373056,21610651,307487633.962500,568861055.954100,553190321.986200,1429539011.902800,97052,32592,116681,246325
2025-04-01,BYX Equities (Y),35622502,24461787,54492139,114576428,1658096879.188800,1149605525.082300,2068356973.307700,4876059377.578800,499847,148501,541911,1190259
2025-04-01,BZX Equities (Z),162713336,145311784,240363895,548389015,7990237652.437498,8655812943.246293,11935537220.180208,28581587815.863999,2351108,679006,2472625,5502739
2025-03-31,NYSE American (A),5673425,40688414,8108580,54470419,303982427.488000,422852654.895600,402319980.888900,1129155063.272500,67364,61771,68387,197522
2025-03-31,NASDAQ BX (B),14273711,11464040,18588189,44325940,915133725.021800,640355956.729400,1202725095.951800,2758214777.703000,191042,94821,216859,502722
2025-03-31,NYSE National (C),18981338,11674699,18506482,49162519,612906800.411900,479969690.194900,625858212.644400,1718734703.251200,221578,64256,190768,476602
2025-03-31,FINRA / Nasdaq TRF Chicago (DB),8231020,5984309,19538072,33753401,358819878.138400,369736335.789400,1559303423.527800,2287859637.455600,68129,29728,152676,250533
2025-03-31,FINRA / NYSE TRF (DN),83552009,54122652,200573563,338248224,3753065214.222900,2717928247.797701,6563660326.935497,13034653788.956098,695714,195779,786308,1677801
2025-03-31,FINRA / Nasdaq TRF Carteret (DQ),2365334782,1405870114,3825796609,7597001505,114291724013.342776,80351896617.996186,157998580289.318981,352642200920.657943,17095858,4295376,18737979,40129213
2025-03-31,MIAX Pearl (H),28870315,49222437,83339561,161432313,1079579882.143100,2079726767.906599,2412377747.897701,5571684397.947400,260623,146185,395139,801947
2025-03-31,EDGA Equities (J),33610769,25896411,60469234,119976414,1298724655.906200,1998366302.846800,1880673307.060199,5177764265.813199,434777,130857,469071,1034705
2025-03-31,EDGX Equities (K),139725069,174785996,523918413,838429478,5912148497.348400,9020306152.214501,15695732447.879704,30628187097.442605,1396592,804780,2850272,5051644
2025-03-31,LTSE (L),947666,307251,595220,1850137,25349318.220000,19563874.610000,33401860.014500,78315052.844500,2616,1235,2715,6566
2025-03-31,NYSE Texas (M),14064975,12930018,23839488,50834481,1115561157.841300,2789695132.416800,2104816561.402900,6010072851.661000,24527,15757,29754,70038
2025-03-31,NYSE (N),1456110601,70728699,114230545,1641069845,84838459738.028805,3839131403.923999,4948631420.809200,93626222562.762004,4157139,245043,885015,5287197
2025-03-31,NYSE Arca (P),207219316,486771401,861546362,1555537079,10554333643.153101,33735506564.559824,26275601583.393910,70565441791.106835,2517516,1964024,5303577,9785117
2025-03-31,NASDAQ (Q),447815633,244320034,1824464424,2516600091,25243178433.775599,18070149579.104001,111968947283.818242,155282275296.697842,6873358,1392966,11299775,19566099
2025-03-31,Members Exchange (U),65229761,69997266,245365178,380592205,2829180593.421300,3817640778.379899,5966469610.908197,12613290982.709396,730698,316458,1089027,2136183
2025-03-31,Investors Exchange (V),201652871,79955734,207509555,489118160,10706607006.156601,4720949591.008999,11095068385.010600,26522624982.176200,2386206,376134,2210091,4972431
2025-03-31,NASDAQ PSX (X),5069897,5517429,8088898,18676224,322662959.087400,535142793.290100,545716703.119700,1403522455.497200,84021,32703,102664,219388
2025-03-31,BYX Equities (Y),40771225,24165597,57348800,122285622,1976673168.921400,1214933458.596300,2451838440.908400,5643445068.426100,536721,150415,549353,1236489
2025-03-31,BZX Equities (Z),190970033,159639813,263286700,613896546,9806171141.640196,11026045328.336201,14567324931.764505,35399541401.740902,2738090,786310,2877577,6401977
2025-03-28,NYSE American (A),5793680,19771833,7695854,33261367,298471704.735100,334949667.873300,378839975.228000,1012261347.836400,70319,58122,65473,193914
2025-03-28,NASDAQ BX (B),11988999,9611702,15008326,36609027,844417494.540200,513559214.145600,1019960630.049000,2377937338.734800,173449,64602,186991,425042
2025-03-28,NYSE National (C),19593483,11003821,17803846,48401150,602918660.819400,415630195.403100,622708917.448800,1641257773.671300,225274,61723,189732,476729
2025-03-28,FINRA / Nasdaq TRF Chicago (DB),8116733,6368518,19162753,33648004,373926419.751300,293549888.134600,1520438295.670000,2187914603.555900,61314,26744,139841,227899
2025-03-28,FINRA / NYSE TRF (DN),94835014,61597620,195126900,351559534,3405820986.050901,3247927415.101501,6168068898.934998,12821817300.087400,645877,199193,740184,1585254
2025-03-28,FINRA / Nasdaq TRF Carteret (DQ),2091429966,1331054568,3495761862,6918246396,89332925805.737020,65165042817.826596,138978042501.600223,293476011125.163839,16096232,4175933,17383234,37655399
2025-03-28,MIAX Pearl (H),27061904,49125675,80586130,156773709,787711307.303400,2294937957.155300,1963152660.959702,5045801925.418402,238096,142542,369449,750087
2025-03-28,EDGA Equities (J),29139081,22810169,59515478,111464728,1024276245.735500,1675422276.217400,1393562026.057800,4093260548.010700,364794,117881,379164,861839
2025-03-28,EDGX Equities (K),130028484,164850057,444295260,739173801,4911981275.209300,8071843886.999098,14533866575.306899,27517691737.515297,1194148,812449,2481940,4488537
2025-03-28,LTSE (L),396193,233957,1354796,1984946,17408265.650000,14414724.555000,28915620.156200,60738610.361200,1923,980,3313,6216
2025-03-28,NYSE Texas (M),16753350,13320681,19569983,49644014,917458345.168500,1211254302.176400,2534463725.605000,4663176372.949900,18703,19105,27598,65406
2025-03-28,NYSE (N),1053925331,65580358,96098672,1215604361,55959365530.879900,3544497629.415400,4538060885.785001,64041924046.080301,3602486,230428,738288,4571202
2025-03-28,NYSE Arca (P),188164161,462501941,765728241,1416394343,8824204394.231699,30196114954.351487,23590531748.476205,62610851097.059391,2231781,1830741,4662364,8724886
2025-03-28,NASDAQ (Q),422494624,227796224,1459777079,2110067927,21920531946.496205,15752577949.928501,87557687662.577688,125230797559.002394,6206165,1273348,10033054,17512567
2025-03-28,Members Exchange (U),57999559,68451222,239121635,365572416,2338006294.525900,3544318871.918401,5138128813.771602,11020453980.215903,643315,301055,954182,1898552
2025-03-28,Investors Exchange (V),186327805,74938265,186928699,448194769,9122451544.698201,4116334206.811600,9420842786.233102,22659628537.742903,2240113,339971,1962062,4542146
2025-03-28,NASDAQ PSX (X),5255406,6120733,6815101,18191240,288682452.368800,617637941.042700,427332960.445300,1333653353.856800,77778,30963,80076,188817
2025-03-28,BYX Equities (Y),36630487,23287039,47929760,107847286,1520970203.998200,1094355985.430000,1846044145.382999,4461370334.811199,486861,137627,467723,1092211
2025-03-28,BZX Equities (Z),177257895,148752802,222053949,548064646,8213732448.717100,9613244526.108502,13638703761.282296,31465680736.107898,2424848,721816,2464825,5611489
2025-03-27,NYSE American (A),4641286,18515703,5698691,28855680,207617794.237000,230330981.186600,282909835.382400,720858610.806000,50456,55980,48493,154929
2025-03-27,NASDAQ BX (B),13215269,9161241,17540272,39916782,874134272.001800,406084726.123400,906998193.731400,2187217191.856600,182427,57582,172504,412513
2025-03-27,NYSE National (C),18148289,9295543,17854749,45298581,516581421.925500,338225865.241800,536319708.229900,1391126995.397200,205154,50417,167768,423339
2025-03-27,FINRA / Nasdaq TRF Chicago (DB),7420528,5456814,19548514,32425856,332418988.600700,258774118.011900,1628537755.952500,2219730862.565100,53746,19200,129120,202066
2025-03-27,FINRA / NYSE TRF (DN),74941479,49883478,214329671,339154628,3016959024.721800,2640500985.633598,5454629205.408507,11112089215.763905,575874,148853,662626,1387353
2025-03-27,FINRA / Nasdaq TRF Carteret (DQ),2105940086,1149802761,3966702521,7222445368,91487756509.428695,48775707147.794884,136238424986.918763,276501888644.142342,15365243,3267284,16259249,34891776
2025-03-27,MIAX Pearl (H),24088827,43162428,95796666,163047921,800461687.833700,1492765257.257700,1976949483.408099,4270176428.499499,218141,118677,367047,703865
2025-03-27,EDGA Equities (J),28201170,19732371,71456451,119389992,1037574203.402700,1257440936.308700,1262413568.840700,3557428708.552100,358543,96535,368035,823113
2025-03-27,EDGX Equities (K),130096108,143289030,604964341,878349479,5000798870.345101,6305213066.003494,14011657003.285390,25317668939.633985,1145899,655206,2475213,4276318
2025-03-27,LTSE (L),484772,221765,1337491,2044028,23243500.440000,16456494.919800,120411774.486200,160111769.846000,2284,689,3681,6654
2025-03-27,NYSE Texas (M),17162588,9068703,11873393,38104684,1882801969.298200,1075941246.131400,1526860197.734500,4485603413.164100,22682,14706,23696,61084
2025-03-27,NYSE (N),987494563,56200758,99425417,1143120738,53674149843.588602,2710098212.835700,4239449117.292999,60623697173.717301,3564971,191639,752166,4508776
2025-03-27,NYSE Arca (P),193137163,337945441,1012319356,1543401960,8689774521.402003,21028825345.233107,21312593551.407292,51031193418.042402,2171582,1410545,4639496,8221623
2025-03-27,NASDAQ (Q),410858717,184833669,1346699348,1942391734,21226069338.224697,11769912092.027991,77338196507.249456,110334177937.502144,6000082,1004782,9434146,16439010
2025-03-27,Members Exchange (U),53712073,57781670,249130372,360624115,2219765025.268600,2703811838.019499,4444295040.307299,9367871903.595398,603426,229686,882135,1715247
2025-03-27,Investors Exchange (V),186129611,64241555,177820289,428191455,9288286270.403600,3324787128.500399,8825970627.626199,21439044026.530198,2164082,295601,1842930,4302613
2025-03-27,NASDAQ PSX (X),5892949,4638131,6958518,17489598,281769731.719800,433369348.043100,360775374.396900,1075914454.159800,73127,23232,79630,175989
2025-03-27,BYX Equities (Y),36082698,19767578,56016350,111866626,1490891978.275600,836795843.227600,1671880045.053700,3999567866.556900,463618,115174,452131,1030923
2025-03-27,BZX Equities (Z),165416275,118316367,245015501,528748143,7732664334.721901,6954002249.869701,11656858807.619000,26343525392.210602,2255592,555894,2293344,5104830
2025-03-26,NYSE American (A),4683936,15551284,5744510,25979730,245510466.855000,235944316.145600,285504242.469100,766959025.469700,58626,51362,52895,162883
2025-03-26,NASDAQ BX (B),11609094,8667019,20393275,40669388,870940611.121600,463630289.317500,1002795470.727800,2337366371.166900,181519,68778,189886,440183
2025-03-26,NYSE National (C),14570353,7908269,16241993,38720615,475331961.021900,302275528.836600,517710747.930700,1295318237.789200,193393,50052,168103,411548
2025-03-26,FINRA / Nasdaq TRF Chicago (DB),8263442,5014673,22048453,35326568,384949165.253800,210626100.586900,1615178288.393500,2210753554.234200,61290,20213,135315,216818
2025-03-26,FINRA / NYSE TRF (DN),79220164,64410217,253421209,397051590,3538252876.992800,3318416393.593501,5835996306.747198,12692665577.333499,595161,164926,710760,1470847
2025-03-26,FINRA / Nasdaq TRF Carteret (DQ),1991369395,1107122505,4634194197,7732686097,91364586698.097458,52109295978.072469,141124512641.813934,284598395317.983861,15482288,3470580,17225904,36178772
2025-03-26,MIAX Pearl (H),24063531,42833258,117255741,184152530,765406553.051300,1760326434.822999,1911949837.790801,4437682825.665100,219441,120939,393139,733519
2025-03-26,EDGA Equities (J),26629772,19721080,85667226,132018078,1034188764.614100,1224864407.402200,1370297723.329700,3629350895.346000,362084,99326,405713,867123
2025-03-26,EDGX Equities (K),120937608,142858077,703589912,967385597,5174154397.695899,6224712381.726696,14526895207.631497,25925761987.054092,1171766,652443,2733603,4557812
2025-03-26,LTSE (L),1842471,269217,3700632,5812320,59116704.675000,8090982.446500,123367384.085700,190575071.207200,7406,866,7284,15556
2025-03-26,NYSE Texas (M),15121367,14101289,11413303,40635959,2039075658.935200,1460245040.514001,1184660876.958001,4683981576.407202,23335,15831,26467,65633
2025-03-26,NYSE (N),980635039,59313413,103678481,1143626933,54706619676.687303,2670577493.101900,4545918328.839799,61923115498.629002,3485655,189968,757839,4433462
2025-03-26,NYSE Arca (P),179624710,342290455,1218542337,1740457502,8936669782.325197,21557156056.576300,22680069155.909711,53173894994.811208,2283428,1473613,5033772,8790813
2025-03-26,NASDAQ (Q),381701242,183295869,1427251529,1992248640,21221593073.530393,12112531504.997107,82296989252.489524,115631113831.017024,5974410,1038968,9762917,16776295
2025-03-26,Members Exchange (U),52169937,58679304,288650505,399499746,2246948465.446400,2559146873.553201,4874825074.420001,9680920413.419602,623815,229893,950541,1804249
2025-03-26,Investors Exchange (V),172221389,60118059,187267441,419606889,8995227337.456901,3191255026.897801,9226471744.119500,21412954108.474202,2112095,295337,1901428,4308860
2025-03-26,NASDAQ PSX (X),3627925,4882441,8453421,16963787,232715281.205500,407133623.891000,384211791.118900,1024060696.215400,60122,24975,80495,165592
2025-03-26,BYX Equities (Y),32357801,18786171,66941314,118085286,1498083516.749800,845439684.381400,1683308825.742800,4026832026.874000,478318,113987,479181,1071486
2025-03-26,BZX Equities (Z),150808434,123647438,246774292,521230164,7813668732.274601,7246766491.245200,12349749936.604394,27410185160.124195,2283771,586147,2376374,5246292
2025-03-25,NYSE American (A),4302342,18328517,5330659,27961518,189300128.797300,213732251.185000,248880173.741500,651912553.723800,51833,53217,49917,154967
2025-03-25,NASDAQ BX (B),13783233,7264606,15500715,36548554,902851921.998500,377384361.645800,916945579.641300,2197181863.285600,188524,72569,183283,444376
2025-03-25,NYSE National (C),16328702,7463134,14798960,38590796,544968955.973000,259762686.286200,467908692.827800,1272640335.087000,229251,48090,175724,453065
2025-03-25,FINRA / Nasdaq TRF Chicago (DB),7385391,3928876,17611206,28925473,326590490.439800,203770179.600800,1358075278.914200,1888435948.954800,57744,17391,121940,197075
2025-03-25,FINRA / NYSE TRF (DN),74294609,46319077,185992287,306605973,2955910895.759400,2004323631.231500,5847741185.496600,10807975712.487500,559123,145921,671126,1376170
2025-03-25,FINRA / Nasdaq TRF Carteret (DQ),2097880551,1070656476,3155358809,6323895836,90643560554.436656,52329526954.553882,129917135390.502064,272890222899.492602,15220251,3276473,16202111,34698835
2025-03-25,MIAX Pearl (H),28886870,32005528,72042205,132934603,816200725.924400,1199316213.256800,1703482294.166700,3718999233.347900,234120,98884,359120,692124
2025-03-25,EDGA Equities (J),28233409,15293212,49054456,92581077,962867003.299500,977899820.868200,1133794480.035100,3074561304.202800,348116,83636,359976,791728
2025-03-25,EDGX Equities (K),126757333,115285415,450877758,692920506,5176709084.336899,5075372653.349599,13827103436.183991,24079185173.870489,1169313,568710,2563241,4301264
2025-03-25,LTSE (L),2372878,161118,2105653,4639649,55670967.439400,7528048.888200,47408000.586400,110607016.914000,6716,544,6715,13975
2025-03-25,NYSE Texas (M),17845799,17550610,17348189,52744598,1245129097.326000,1547100930.829400,1946199086.993100,4738429115.148500,28834,13958,33332,76124
2025-03-25,NYSE (N),1151961863,45569129,95225795,1292756787,63021807154.530513,2201965712.828999,3828605435.925300,69052378303.284812,3500035,167708,721921,4389664
2025-03-25,NYSE Arca (P),188385871,301951825,699358289,1189695985,8625900332.809195,19170587315.271803,19402228345.005406,47198715993.086404,2232038,1223593,4691188,8146819
2025-03-25,NASDAQ (Q),375160469,152428992,1334213087,1861802548,20097737140.799100,9639473440.193593,76566059939.393181,106303270520.385874,5779406,881884,8980151,15641441
2025-03-25,Members Exchange (U),54085991,48196237,152414656,254696884,2171408665.587800,2222166272.814699,4174329481.175900,8567904419.578399,608594,197646,818983,1625223
2025-03-25,Investors Exchange (V),164227878,53575847,157764533,375568258,8663923947.609001,2718648768.498700,8154354764.621202,19536927480.728903,2118616,277972,1790056,4186644
2025-03-25,NASDAQ PSX (X),3412194,3817868,5919402,13149464,199173154.601200,329459091.096400,362022484.862400,890654730.560000,56659,22516,78691,157866
2025-03-25,BYX Equities (Y),35760278,16130837,45136923,97028038,1508075095.274300,705137183.427100,1606387650.681500,3819599929.382900,509212,105190,486899,1101301
2025-03-25,BZX Equities (Z),148981718,102599000,192569000,444149718,7574435366.420997,5943676950.516502,10596755788.188399,24114868105.125898,2308791,504372,2248141,5061304
2025-03-24,NYSE American (A),3946294,18124937,5221410,27292641,194372029.363900,228950372.666100,226513012.471400,649835414.501400,48858,55723,45273,149854
2025-03-24,NASDAQ BX (B),12876653,8684687,15290551,36851891,883983464.703000,431818360.893800,969975885.735800,2285777711.332600,184244,81891,178429,444564
2025-03-24,NYSE National (C),17207893,9229265,18222355,44659513,567090759.830100,330284892.015300,536816925.000900,1434192576.846300,221394,56863,185715,463972
2025-03-24,FINRA / Nasdaq TRF Chicago (DB),7788508,4580279,19921219,32290006,366235026.906200,239921445.370500,1591605962.650700,2197762434.927400,62392,21468,141803,225663
2025-03-24,FINRA / NYSE TRF (DN),80878860,52853038,192099600,325831498,3302059492.701899,3438813298.681101,5508383556.382897,12249256347.765897,630398,176479,767578,1574455
2025-03-24,FINRA / Nasdaq TRF Carteret (DQ),2129392377,1156552754,3395040947,6680986078,98346635668.513245,73705923450.287480,153033563355.465730,325086122474.266455,16272654,3778912,17934668,37986234
2025-03-24,MIAX Pearl (H),27074986,35379246,66168039,128622271,819547524.567000,1551303175.529200,1912956635.663300,4283807335.759500,228368,109521,354923,692812
2025-03-24,EDGA Equities (J),26546012,16896855,40427794,83870661,937782229.508600,1106752038.835600,1209011170.335700,3253545438.679900,336798,94486,346576,777860
2025-03-24,EDGX Equities (K),127090732,138251740,420088735,685431207,5442165962.463298,6491564959.743101,15266204888.512517,27199935810.718916,1158345,696484,2489624,4344453
2025-03-24,LTSE (L),2131116,237156,1655359,4023631,44720610.220000,36226557.431900,39245656.984200,120192824.636100,6090,1093,5747,12930
2025-03-24,NYSE Texas (M),12939315,11223528,16288226,40451069,1125874915.004600,1319555402.749400,2025075157.910900,4470505475.664900,36087,14492,37668,88247
2025-03-24,NYSE (N),1157548365,45542166,88390633,1291481164,65557093128.621100,2578910811.328899,4105162676.344300,72241166616.294299,3529882,173214,712895,4415991
2025-03-24,NYSE Arca (P),186195916,353685062,640577348,1180458326,9636719899.960402,23973596249.330594,23055984018.400100,56666300167.691096,2267996,1475199,4746384,8489579
2025-03-24,NASDAQ (Q),387072622,182002296,1493437798,2062512716,21356620285.897802,12822594232.456204,94226285331.728321,128405499850.082327,6032500,1039422,9800445,16872367
2025-03-24,Members Exchange (U),54404787,53534776,152801653,260741216,2550149251.918000,2557917768.928100,4808600518.887703,9916667539.733803,614055,225872,853270,1693197
2025-03-24,Investors Exchange (V),169999618,71294062,166558224,407851904,9112816825.412801,3550776185.549600,9101690316.500100,21765283327.462501,2216952,330814,1906743,4454509
2025-03-24,NASDAQ PSX (X),3926088,4365063,6365629,14656780,238092077.289400,390282641.638800,445543441.937800,1073918160.866000,60902,24073,88716,173691
2025-03-24,BYX Equities (Y),33807843,18571885,46923179,99302907,1510009445.876400,868160535.544700,1841802409.317100,4219972390.738200,502707,135603,506114,1144424
2025-03-24,BZX Equities (Z),152182108,127891606,215375697,495449411,8144326529.795201,7609898149.010403,12436476871.929198,28190701550.734802,2372295,593400,2426660,5392355
2025-03-21,NYSE American (A),4938040,71152227,5583407,81673674,256553278.800300,494471084.856900,297623378.676500,1048647742.333700,53988,73903,48843,176734
2025-03-21,NASDAQ BX (B),14691619,7772591,13426160,35890370,1018349421.039200,428644761.674200,926284437.480700,2373278620.194100,189747,74248,166496,430491
2025-03-21,NYSE National (C),20315186,9338612,17819820,47473618,690207669.422300,361676926.432000,582496316.244100,1634380912.098400,244437,55743,188191,488371
2025-03-21,FINRA / Nasdaq TRF Chicago (DB),7565896,4899819,16387091,28852806,366842568.283300,270904250.654600,1329749783.972200,1967496602.910100,55387,21556,111793,188736
2025-03-21,FINRA / NYSE TRF (DN),82092531,58506504,170014001,310613036,3566367823.917300,3425603523.797502,5713198168.630404,12705169516.345206,644729,180210,663633,1488572
2025-03-21,FINRA / Nasdaq TRF Carteret (DQ),3433265270,1189619686,3622913133,8245798089,166523066709.949109,69603191385.642562,173382100617.404675,409508358712.996346,16467843,3713338,15928879,36110060
2025-03-21,MIAX Pearl (H),37492105,46231018,68565111,152288234,1342038699.963800,2421414464.662700,2021703045.457900,5785156210.084400,306329,143857,351192,801378
2025-03-21,EDGA Equities (J),30337667,20729281,46487023,97553971,1136145637.074000,1593776229.656600,1262524429.409700,3992446296.140300,374668,114466,348932,838066
2025-03-21,EDGX Equities (K),154749451,149987831,361707756,666445038,6441128644.097600,6926296579.281897,13532268412.910800,26899693636.290297,1372322,790450,2040801,4203573
2025-03-21,LTSE (L),1976357,206090,2000357,4182804,54636506.190000,11979767.505000,117921081.212700,184537354.907700,7228,544,6509,14281
2025-03-21,NYSE Texas (M),19791376,21900659,35104932,76796967,1664972625.293200,2304286799.929500,4757162293.445601,8726421718.668301,23354,17142,30858,71354
2025-03-21,NYSE (N),4555278876,53205458,92448853,4700933187,256165823494.644986,2814263379.591901,4165637631.073101,263145724505.309988,4048794,202855,737116,4988765
2025-03-21,NYSE Arca (P),251415638,399948421,595231893,1246595952,11865898219.928002,28553442503.164422,21600387099.843496,62019727822.935920,2695452,1828249,4054887,8578588
2025-03-21,NASDAQ (Q),498040445,207704324,3479313660,4185058429,26622656959.790506,14223010581.752008,205700104646.727467,246545772188.269981,6909138,1190414,9664987,17764539
2025-03-21,Members Exchange (U),72632768,59399588,154989744,287022100,3118213508.581000,2784659299.052501,4973193529.338601,10876066336.972102,793094,276492,894283,1963869
2025-03-21,Investors Exchange (V),204634168,63420186,169212132,437266486,10716552029.513002,3608667754.952499,8755901733.109502,23081121517.575003,2411023,318441,1917914,4647378
2025-03-21,NASDAQ PSX (X),6463687,4505445,7086673,18055805,392253496.591400,450858027.484900,414987566.796700,1258099090.873000,80317,30058,85578,195953
2025-03-21,BYX Equities (Y),41212550,19880375,48396696,109489621,1830805483.230700,936715495.460100,1746808822.293800,4514329800.984600,528346,137694,492813,1158853
2025-03-21,BZX Equities (Z),198135702,131599998,208767223,538502923,10251566198.567201,8457898917.340400,13172893737.985401,31882358853.893002,2688780,688934,2380454,5758168
2025-03-20,NYSE American (A),4310797,16912439,4803523,26026759,206502714.284000,209998408.788500,241764027.308100,658265150.380600,48177,53447,45203,146827
2025-03-20,NASDAQ BX (B),11188010,8972764,13976995,34137769,823398045.849700,463477149.117000,856958883.427600,2143834078.394300,165964,63739,173276,402979
2025-03-20,NYSE National (C),16563296,8524356,16442653,41530305,533894321.960900,321275477.518400,519385847.627900,1374555647.107200,196987,51825,194664,443476
2025-03-20,FINRA / Nasdaq TRF Chicago (DB),7308395,4091572,16842141,28242108,331307414.811100,230559333.844000,1390513042.586100,1952379791.241200,52826,18683,111518,183027
2025-03-20,FINRA / NYSE TRF (DN),76951858,53742302,144975559,275669719,3061127643.372199,2690183725.712000,4537443492.478802,10288754861.563001,607450,162361,650138,1419949
2025-03-20,FINRA / Nasdaq TRF Carteret (DQ),2119332249,1098638634,3026928567,6244899450,91718781613.119212,56795286393.906340,125839276295.619363,274353344302.644915,15757693,3356281,15810799,34924773
2025-03-20,MIAX Pearl (H),33330726,38752882,64579584,136663192,1033059739.215700,1497592662.795700,1842104540.412999,4372756942.424399,261761,126905,353734,742400
2025-03-20,EDGA Equities (J),29278095,18155353,37563875,84997323,960391783.300500,1079828709.446900,1211101768.014400,3251322260.761800,340109,94395,334221,768725
2025-03-20,EDGX Equities (K),136979101,145336056,359233685,641548842,5597639042.373201,6856766069.863903,13547903537.145604,26002308649.382708,1232381,683198,2175496,4091075
2025-03-20,LTSE (L),4601773,143274,4719032,9464079,71271773.060000,19010256.774300,138395917.981200,228677947.815500,9392,747,13456,23595
2025-03-20,NYSE Texas (M),12128465,19039722,29912464,61080651,816988703.552600,3238443735.661800,3560777029.255700,7616209468.470100,23077,14141,28709,65927
2025-03-20,NYSE (N),1195097771,47506706,87722220,1330326697,69641054045.932195,2654311821.602000,4034030274.631000,76329396142.165195,3656145,194856,710037,4561038
2025-03-20,NYSE Arca (P),218811285,376195947,538092452,1133099684,10175268899.782304,25309541380.647003,21031469394.367188,56516279674.796495,2416144,1572547,4126743,8115434
2025-03-20,NASDAQ (Q),424374106,191760633,1326261943,1942396682,23178621987.676203,13553564586.578802,87488867190.779845,124221053765.034850,6363911,1110458,9239936,16714305
2025-03-20,Members Exchange (U),62594079,54254394,139854369,256702842,2582129295.024000,2621851133.425601,4552887221.057803,9756867649.507404,695138,255083,846939,1797160
2025-03-20,Investors Exchange (V),184494745,64905611,152871699,402272055,9596976064.158401,3408180583.850300,8164268178.024698,21169424826.033399,2226124,305019,1791419,4322562
2025-03-20,NASDAQ PSX (X),5576989,3947243,6369649,15893881,305792093.670100,380902791.179000,343065296.673500,1029760181.522600,78008,24181,80558,182747
2025-03-20,BYX Equities (Y),34049084,19033045,41091326,94173455,1542867734.147800,880198723.554200,1569905364.573199,3992971822.275199,458012,123048,469930,1050990
2025-03-20,BZX Equities (Z),167624952,125535653,194184713,487345318,8712046016.170402,7576719229.457898,11740923114.665508,28029688360.293808,2490065,625709,2315880,5431654
2025-03-19,NYSE American (A),3946489,16592655,5535453,26074597,181717623.039600,235109921.778000,246709556.671400,663537101.489000,43944,53829,47611,145384
2025-03-19,NASDAQ BX (B),11023193,9660209,14644737,35328139,749685313.778200,529729721.266400,836235722.280400,2115650757.325000,170163,72871,166837,409871
2025-03-19,NYSE National (C),17099696,11622582,17299539,46021817,564336396.610600,435923148.253300,481054090.007500,1481313634.871400,211767,59039,177228,448034
2025-03-19,FINRA / Nasdaq TRF Chicago (DB),7543485,4823587,18073619,30440691,341116282.543100,280776919.763800,1488268425.169300,2110161627.476200,54576,20634,123593,198803
2025-03-19,FINRA / NYSE TRF (DN),82269897,55870029,153300443,291440369,3510847239.686900,2735755010.180299,5135073179.996602,11381675429.863801,590680,160682,653866,1405228
2025-03-19,FINRA / Nasdaq TRF Carteret (DQ),2177926654,1248168769,3176230068,6602325491,97894669283.965686,72861032215.231277,138488087193.912735,309243788693.109698,15875525,3429454,16222705,35527684
2025-03-19,MIAX Pearl (H),28727431,44670870,64967142,138365443,880361871.858800,1662191329.482700,1984015791.751000,4526568993.092500,259115,133692,368174,760981
2025-03-19,EDGA Equities (J),26457155,20749159,40086459,87292773,992842268.098200,1173420977.232900,1274192950.389700,3440456195.720800,335728,98669,355732,790129
2025-03-19,EDGX Equities (K),131453918,149991870,355682634,637128422,5672320966.453600,7211892354.659804,14371857766.458304,27256071087.571708,1260755,719550,2279553,4259858
2025-03-19,LTSE (L),2484559,194506,3036476,5715541,53000907.265000,10184448.814600,104922396.854500,168107752.934100,6257,1071,8105,15433
2025-03-19,NYSE Texas (M),9908879,16864778,14679592,41453249,686327561.474000,2302316089.172099,1857166209.116900,4845809859.762999,19387,16887,23798,60072
2025-03-19,NYSE (N),1167095619,62357424,100686457,1330139500,66716477954.254805,3528658039.742900,4404741071.995301,74649877065.993006,3937467,226073,773737,4937277
2025-03-19,NYSE Arca (P),200493921,392710723,546981296,1140185940,9924383944.926199,27668585653.050308,21607950560.051894,59200920158.028401,2399219,1647100,4298236,8344555
2025-03-19,NASDAQ (Q),423365892,219676979,1440652706,2083695577,23373715822.862201,15138353544.629000,93648238305.085898,132160307672.577099,6693076,1188897,9855600,17737573
2025-03-19,Members Exchange (U),58999250,67679600,145988939,272667789,2407522511.766900,3175422193.450399,4941231509.280002,10524176214.497301,690995,277865,916791,1885651
2025-03-19,Investors Exchange (V),182769028,69615368,165629621,418014017,9681865280.298699,3858317630.923300,8832882325.810999,22373065237.032998,2321761,322608,1878559,4522928
2025-03-19,NASDAQ PSX (X),5097562,5532695,6573467,17203724,270902995.546900,475280139.636100,344269845.652400,1090452980.835400,75941,31163,86353,193457
2025-03-19,BYX Equities (Y),34029876,20987470,43601206,98618552,1464066662.889100,1011303305.053400,1622149177.116500,4097519145.059000,472602,134767,472627,1079996
2025-03-19,BZX Equities (Z),171675579,141231352,210276270,523183201,9108361773.334898,8692150205.374302,12978689324.326598,30779201303.035798,2681863,687424,2605317,5974604
2025-03-18,NYSE American (A),4047422,18588080,5183771,27819273,169759469.130300,199024624.950600,208024240.677200,576808334.758100,44311,55088,46307,145706
2025-03-18,NASDAQ BX (B),13077253,8890562,17000849,38968664,855685515.105900,460956717.194800,916927793.232100,2233570025.532800,180729,64014,176240,420983
2025-03-18,NYSE National (C),16710211,9877639,17923710,44511560,519216642.970500,361206941.248100,487410354.960600,1367833939.179200,213228,58557,184748,456533
2025-03-18,FINRA / Nasdaq TRF Chicago (DB),8167697,4927778,18832877,31928352,330270790.053600,270393235.695200,1493303716.465500,2093967742.214300,54934,22859,130294,208087
2025-03-18,FINRA / NYSE TRF (DN),81438745,49890367,157630858,288959970,3178906412.947901,3243116346.400602,5880881022.039304,12302903781.387807,672085,160037,712933,1545055
2025-03-18,FINRA / Nasdaq TRF Carteret (DQ),2209969037,1160419705,3271575221,6641963963,95466387474.288620,70080539869.703243,137478895604.336092,303025822948.327955,15983630,3584589,16748333,36316552
2025-03-18,MIAX Pearl (H),32338578,44230166,66666485,143235229,782279820.538900,1539155590.059400,1804507582.510600,4125942993.108900,247093,125130,370507,742730
2025-03-18,EDGA Equities (J),28009034,19096933,49326110,96432077,1013376029.858600,1059963476.630000,1231578682.420900,3304918188.909500,344641,99032,374185,817858
2025-03-18,EDGX Equities (K),140875349,129704214,368130478,638710041,5094120510.018901,6111064872.318804,13590578023.645596,24795763405.983301,1238004,694424,2370548,4302976
2025-03-18,LTSE (L),1970582,392267,2143960,4506809,45543286.527000,104400115.375000,37798368.707000,187741770.609000,5821,1770,6508,14099
2025-03-18,NYSE Texas (M),12337888,11060935,18812661,42211484,746485825.047200,1427519121.595000,2206040139.868300,4380045086.510500,21518,14665,29145,65328
2025-03-18,NYSE (N),1059617351,54160863,91452407,1205230621,56405654064.419288,2788739978.100799,4072802550.414300,63267196592.934387,3771821,199095,731893,4702809
2025-03-18,NYSE Arca (P),226184219,363619604,593358999,1183162822,9280106423.027998,23766245769.568994,20956239289.098193,54002591481.695185,2470246,1644235,4547519,8662000
2025-03-18,NASDAQ (Q),439580367,202506561,1347901722,1989988650,22840656881.294400,13441748030.795092,79634870031.955592,115917274944.045084,6587208,1145472,10094110,17826790
2025-03-18,Members Exchange (U),60073471,54286290,141547603,255907364,2285643594.722000,2526405090.549300,4172210530.945403,8984259216.216703,676373,249900,872995,1799268
2025-03-18,Investors Exchange (V),192667388,68149944,166952950,427770282,9721180582.645902,3514623499.972400,9037743634.696303,22273547717.314605,2382747,319568,1925543,4627858
2025-03-18,NASDAQ PSX (X),4921073,4574693,6229125,15724891,296887814.244000,438549365.109300,386878694.979200,1122315874.332500,77031,28281,85276,190588
2025-03-18,BYX Equities (Y),36517656,18339202,47509624,102366482,1584680930.263200,836520684.771800,1663175976.055800,4084377591.090800,490583,144394,481590,1116567
2025-03-18,BZX Equities (Z),172475809,130348177,204416619,507240605,8402943355.677799,7373819296.249903,11935206834.433604,27711969486.361306,2616100,658930,2550674,5825704
2025-03-17,NYSE American (A),4906097,21123090,4924360,30953547,193433760.678100,225527416.793000,225432236.535900,644393414.007000,55782,62031,51751,169564
2025-03-17,NASDAQ BX (B),13391738,8984925,14472337,36849000,853001794.585700,516943997.863200,956931962.756200,2326877755.205100,189389,68495,179393,437277
2025-03-17,NYSE National (C),20239364,9810160,18415592,48465116,580715869.710700,396547329.611800,621054549.441400,1598317748.763900,257450,61284,214003,532737
2025-03-17,FINRA / Nasdaq TRF Chicago (DB),9215615,4820605,18563041,32599261,402773777.178900,235491909.548500,1426917504.885400,2065183191.612800,66094,21861,136372,224327
2025-03-17,FINRA / NYSE TRF (DN),88257984,52448023,145443474,286149481,3326604669.260699,2662555171.382300,4926478106.916803,10915637947.559802,683780,179856,713325,1576961
2025-03-17,FINRA / Nasdaq TRF Carteret (DQ),2448387484,1250491726,3113098949,6811978159,103247555089.443553,62658790190.518347,144121308327.793707,310027653607.755607,17516497,4022086,17828010,39366593
2025-03-17,MIAX Pearl (H),34070372,45998803,64599224,144668399,900991393.395200,1576363286.882900,1815899375.463200,4293254055.741300,275950,136586,362107,774643
2025-03-17,EDGA Equities (J),29145890,19441536,40550305,89137731,1004909050.335300,960652847.841200,1286051115.456800,3251613013.633300,360687,101068,386290,848045
2025-03-17,EDGX Equities (K),158701940,140077399,375860076,674639415,5688373909.017700,6272244830.395695,13702808971.403797,25663427710.817192,1356676,664179,2408971,4429826
2025-03-17,LTSE (L),3506005,168005,1760050,5434060,55156036.330000,4846048.732200,103511854.072700,163513939.134900,7288,769,6143,14200
2025-03-17,NYSE Texas (M),10803191,11381095,12189986,34374272,554686844.059600,1591295069.513300,1566815615.529600,3712797529.102500,29973,17236,32140,79349
2025-03-17,NYSE (N),1102847478,54661074,88367871,1245876423,58911307697.693400,2914648216.152000,3962861088.457001,65788817002.302401,3991021,207291,748707,4947019
2025-03-17,NYSE Arca (P),250167249,393956547,598640649,1242764445,10048337931.810999,25273276616.028790,22170846386.045986,57492460933.885775,2695062,1654462,4648948,8998472
2025-03-17,NASDAQ (Q),439493071,205366965,1372584448,2017444484,23644559064.280905,13458230373.219698,86820357136.210259,123923146573.710862,6791122,1141385,10593164,18525671
2025-03-17,Members Exchange (U),67114123,58732582,134124569,259971274,2583400274.151000,2608449353.061799,4610733332.623701,9802582959.836500,737657,257223,891764,1886644
2025-03-17,Investors Exchange (V),200360262,71207383,174338359,445906004,10146605841.573498,3826400893.856500,9501752724.987899,23474759460.417897,2419592,325990,2016151,4761733
2025-03-17,NASDAQ PSX (X),5929123,4964692,7175462,18069277,388010287.722200,481028716.411200,478192179.959800,1347231184.093200,96826,31395,100397,228618
2025-03-17,BYX Equities (Y),40509349,20461914,44328444,105299707,1721766689.049300,959730994.017400,1715892008.391600,4397389691.458300,580768,142720,527949,1251437
2025-03-17,BZX Equities (Z),179758614,130081233,202744039,512583886,9292309291.262701,7720168443.749798,12609346875.619008,29621824610.631507,2737877,654867,2586396,5979140
2025-03-14,NYSE American (A),4940942,16115966,5324261,26381169,224503090.006500,202632371.590200,276326090.850200,703461552.446900,54587,49957,53014,157558
2025-03-14,NASDAQ BX (B),12216194,9405596,15707740,37329530,834513908.978600,484389833.037000,982261255.668600,2301164997.684200,180670,68227,179154,428051
2025-03-14,NYSE National (C),18979328,11102903,20674136,50756367,589001624.783200,398372135.441500,607890835.232100,1595264595.456800,230116,60842,200894,491852
2025-03-14,FINRA / Nasdaq TRF Chicago (DB),8614386,5866873,18499940,32981199,353342830.271100,296684625.793100,1414804623.867200,2064832079.931400,61423,23018,131105,215546
2025-03-14,FINRA / NYSE TRF (DN),84604787,54971792,187745380,327321959,3580531668.939601,2480582875.561599,5507435135.678900,11568549680.180100,694406,168967,728758,1592131
2025-03-14,FINRA / Nasdaq TRF Carteret (DQ),2295939483,1337129602,3577855102,7210924187,99365310012.116321,68205061773.591187,139954178267.343949,307524550053.051457,16900227,3796467,17327886,38024580
2025-03-14,MIAX Pearl (H),37617081,44973694,82440309,165031084,970584337.414400,1574504022.455100,2014431857.665299,4559520217.534799,289691,127202,381602,798495
2025-03-14,EDGA Equities (J),30770544,19664435,56734381,107169360,1173430410.222800,1093750269.508100,1289289848.369100,3556470528.100000,385635,100088,398218,883941
2025-03-14,EDGX Equities (K),152406184,145839791,398776654,697022629,5632692256.553199,7473544184.947102,14670832432.585497,27777068874.085798,1288214,765967,2240132,4294313
2025-03-14,LTSE (L),3083121,121911,2646752,5851784,66359430.005000,27119316.799900,63726247.478600,157204994.283500,9654,931,6915,17500
2025-03-14,NYSE Texas (M),10765800,14673198,18800471,44239469,720502940.993300,2708038240.689702,3020210125.608499,6448751307.291501,27283,18719,29095,75097
2025-03-14,NYSE (N),1101139243,57274596,95349280,1253763119,58899044455.967611,3146269122.864100,4579979620.860602,66625293199.692313,3938737,213307,815166,4967210
2025-03-14,NYSE Arca (P),233037161,417888908,747995896,1398921965,10128519872.926204,29292091106.732417,22656705838.830702,62077316818.489323,2555159,1735848,4522507,8813514
2025-03-14,NASDAQ (Q),447972790,222529276,1423775876,2094277942,23352013870.533911,15327716128.365902,87715760809.314179,126395490808.213992,6684832,1206989,10265508,18157329
2025-03-14,Members Exchange (U),61882297,58970174,206249473,327101944,2378289708.149900,2796676152.762899,4715882713.101600,9890848574.014399,683919,256842,921525,1862286
2025-03-14,Investors Exchange (V),205763503,72252653,186021593,464037749,10874598632.125999,4034765692.003900,9980303219.876098,24889667544.005997,2496213,335749,2105403,4937365
2025-03-14,NASDAQ PSX (X),4651456,4823534,6310519,15785509,260245334.673400,462917871.000200,423083078.464500,1146246284.138100,66724,28301,84831,179856
2025-03-14,BYX Equities (Y),41119992,22079216,50373724,113572932,1731924574.479200,984138898.328600,1824939779.466799,4541003252.274599,535161,129686,500933,1165780
2025-03-14,BZX Equities (Z),187744775,144533988,220820385,553099148,9187599383.482800,8627479535.757599,13203862179.355299,31018941098.595698,2715417,688761,2540699,5944877
2025-03-13,NYSE American (A),6494218,19477792,6408180,32380190,302950571.673100,236537683.545300,288210576.133600,827698831.352000,77405,58889,66213,202507
2025-03-13,NASDAQ BX (B),14761984,10406972,16472859,41641815,899727711.677800,573301339.540800,959017599.975500,2432046651.194100,197155,67917,184369,449441
2025-03-13,NYSE National (C),19336135,11492865,20511120,51340120,655929111.793600,426938415.598100,620885724.533400,1703753251.925100,246506,66362,201659,514527
2025-03-13,FINRA / Nasdaq TRF Chicago (DB),9276698,6122354,20670807,36069859,419805449.228000,310305876.575400,1645131697.199599,2375243023.002999,62134,24881,143652,230667
2025-03-13,FINRA / NYSE TRF (DN),79733356,54027826,175033683,308794865,3248248195.180099,3277261562.627602,5621482917.498998,12146992675.306699,595325,174365,771787,1541477
2025-03-13,FINRA / Nasdaq TRF Carteret (DQ),2364022892,1481394944,3523581708,7368999544,103281907032.433012,92924185687.496915,151162578875.945204,347368671595.875131,16867654,3942154,17958376,38768184
2025-03-13,MIAX Pearl (H),33698585,45512589,73558986,152770160,954024753.050500,1842637639.203300,2031765531.166800,4828427923.420600,289643,149635,397945,837223
2025-03-13,EDGA Equities (J),32525727,23632171,55089493,111247391,1251156300.440000,1371817038.768100,1407527799.394700,4030501138.602800,432942,127266,437465,997673
2025-03-13,EDGX Equities (K),150264205,165699485,451756450,767720140,5983101191.996602,8173775687.849100,15398792384.708204,29555669264.553906,1407381,915930,2663828,4987139
2025-03-13,LTSE (L),1927036,310770,4293917,6531723,31728353.005000,20828584.702800,108986931.699700,161543869.407500,6256,1268,11362,18886
2025-03-13,NYSE Texas (M),26311972,15067267,15587268,56966507,1473480417.909899,1790515908.682700,1766707692.842900,5030704019.435499,30882,23437,36317,90636
2025-03-13,NYSE (N),1127293082,59863061,99631150,1286787293,59439470352.658598,3436394013.018601,4649205993.615998,67525070359.293197,4338197,243746,832368,5414311
2025-03-13,NYSE Arca (P),235831212,448602684,741421315,1425855211,11177059288.097697,32113829981.850184,24483361585.786791,67774250855.734672,2817374,2128527,5074728,10020629
2025-03-13,NASDAQ (Q),489820023,262593826,1440041731,2192455580,26745098974.463097,17890816209.480597,86786728443.880672,131422643627.824366,7514387,1481000,11084769,20080156
2025-03-13,Members Exchange (U),66413720,70013070,174018412,310445202,2740492606.740401,3408441010.007299,4957632917.381001,11106566534.128701,764127,325559,975948,2065634
2025-03-13,Investors Exchange (V),204066139,80506433,189667864,474240436,10816540135.959900,4335767633.726699,9976641566.923401,25128949336.610000,2453365,363175,2096652,4913192
2025-03-13,NASDAQ PSX (X),4689220,5996904,6093139,16779263,275892689.507700,661771416.490700,407257858.755600,1344921964.754000,76830,31386,89293,197509
2025-03-13,BYX Equities (Y),42242143,24499906,50197732,116939781,1781183885.043400,1171360848.893700,1874794070.281600,4827338804.218700,566540,137154,519925,1223619
2025-03-13,BZX Equities (Z),198837811,166575506,241560648,606973965,10132516314.194596,10042648583.004595,13546369857.943403,33721534755.142594,3018996,843373,2822334,6684703
2025-03-12,NYSE American (A),8228028,20038395,7679259,35945682,400173365.122800,307225759.707300,407737948.571500,1115137073.401600,88189,65635,74553,228377
2025-03-12,NASDAQ BX (B),13745640,11133428,16949490,41828558,999702954.113800,586552373.908400,1077676728.088400,2663932056.110600,216995,84296,201679,502970
2025-03-12,NYSE National (C),19419260,13176380,20881670,53477310,658605610.071800,512053464.864300,618581787.881200,1789240862.817300,251707,69533,210248,531488
2025-03-12,FINRA / Nasdaq TRF Chicago (DB),9123824,5496261,20804003,35424088,431933357.039000,292876265.776800,1671820551.010300,2396630173.826100,64521,23527,139062,227110
2025-03-12,FINRA / NYSE TRF (DN),87137135,65057144,192850877,345045156,3461790211.809501,4626367244.061598,5972154555.571000,14060312011.442099,658584,180386,763445,1602415
2025-03-12,FINRA / Nasdaq TRF Carteret (DQ),2453648542,1588740757,3841579874,7883969173,108626971918.727407,75870024704.019565,163130859031.206326,347627855653.953298,18197151,3953380,19181765,41332296
2025-03-12,MIAX Pearl (H),37704399,54553640,83034797,175292836,1023819042.768400,2196432443.678900,2244794904.568601,5465046391.015901,313262,165422,441398,920082
2025-03-12,EDGA Equities (J),31461322,27540326,54637356,113639004,1269109432.963400,1926725333.779301,1613569432.402301,4809404199.145002,414661,139730,434952,989343
2025-03-12,EDGX Equities (K),155587592,187011016,473481333,816079941,6262662686.478999,9047859661.958794,16103579681.996106,31414102030.433899,1473829,975523,2824579,5273931
2025-03-12,LTSE (L),1777607,192314,3813206,5783127,35257871.706200,9383633.990000,76084646.858600,120726152.554800,4864,989,10492,16345
2025-03-12,NYSE Texas (M),13029892,15074356,17842893,45947141,1102822227.176400,1361733345.945100,2505133540.260000,4969689113.381500,38013,23593,42488,104094
2025-03-12,NYSE (N),1221389869,60356299,114527118,1396273286,64480242435.865695,3588738483.414999,5633628285.256598,73702609204.537292,4696416,240919,984706,5922041
2025-03-12,NYSE Arca (P),240074995,498512942,825872278,1564460215,11623933586.835301,32176440795.687195,28144818220.513993,71945192603.036489,2914157,2176413,5496236,10586806
2025-03-12,NASDAQ (Q),518243968,269946638,1628626406,2416817012,28148388403.766293,19223137896.090093,97795370547.128479,145166896846.984865,7911797,1530030,12298248,21740075
2025-03-12,Members Exchange (U),65023221,75350926,202826087,343200234,2611122478.266700,3438586682.405101,5559942092.867302,11609651253.539103,802707,327207,1082640,2212554
2025-03-12,Investors Exchange (V),213955411,87165045,211485141,512605597,11500916071.781500,4685134970.900301,11169200974.032897,27355252016.714698,2673459,391258,2348026,5412743
2025-03-12,NASDAQ PSX (X),5003044,6244926,7248041,18496011,297320735.116000,742301186.192300,486234621.402700,1525856542.711000,85920,33959,104882,224761
2025-03-12,BYX Equities (Y),41579920,23757158,55973297,121310375,1865042216.623500,1146464055.283500,2054928437.968501,5066434709.875501,585151,132090,555129,1272370
2025-03-12,BZX Equities (Z),206787751,170948263,260291777,638027791,10833575054.569998,10367112913.367601,15560381162.555411,36761069130.493010,3255188,853349,3170592,7279129
2025-03-11,NYSE American (A),9552973,17527945,9274405,36355323,500713189.929800,370873534.514800,492635219.301200,1364221943.745800,105106,69232,87352,261690
2025-03-11,NASDAQ BX (B),18756738,15909762,23591131,58257631,1312214652.851200,766946600.505400,1376690646.222700,3455851899.579300,253677,89361,231739,574777
2025-03-11,NYSE National (C),25027004,16187591,27162032,68376627,759418089.822800,581202310.614700,776921106.865800,2117541507.303300,294827,79611,242872,617310
2025-03-11,FINRA / Nasdaq TRF Chicago (DB),9181171,6479629,22534651,38195451,463046822.328800,361401987.356900,1721496962.979599,2545945772.665299,70209,29358,150764,250331
2025-03-11,FINRA / NYSE TRF (DN),105389581,77321125,235552112,418262818,4266577513.944799,4092056605.291102,6437437130.882004,14796071250.117905,751568,219453,806133,1777154
2025-03-11,FINRA / Nasdaq TRF Carteret (DQ),2878211296,1696553125,4481246125,9056010546,130357752208.507165,87474471532.458771,177676172403.846235,395508396144.812171,20446624,4776487,20763673,45986784
2025-03-11,MIAX Pearl (H),38801626,57759015,96735535,193296176,1025817796.914400,2573506757.463800,2324433330.758400,5923757885.136600,315877,189242,457878,962997
2025-03-11,EDGA Equities (J),32381457,30900719,79044101,142326277,1313305758.744000,2051714576.419099,1864100377.402700,5229120712.565799,401757,173682,490222,1065661
2025-03-11,EDGX Equities (K),184832052,208819133,547263465,940914650,7504149227.134398,10578202244.803596,18695205925.833816,36777557397.771810,1734115,1095838,3194901,6024854
2025-03-11,LTSE (L),5293471,456749,4588739,10338959,80868146.660600,13519880.470000,92562746.194000,186950773.324600,10379,1209,11338,22926
2025-03-11,NYSE Texas (M),14449092,22570048,25916507,62935647,1163905217.472600,4734541779.922800,3084968996.412100,8983415993.807500,49391,26218,53258,128867
2025-03-11,NYSE (N),1398595623,73109804,124881291,1596586718,74915207037.911103,4842546630.229598,6059649329.797298,85817402997.937999,5661658,293927,1103140,7058725
2025-03-11,NYSE Arca (P),292153443,596835268,1013035277,1902023988,13947013579.029908,41225385383.692990,35606980497.965133,90779379460.688031,3391118,2754220,6394401,12539739
2025-03-11,NASDAQ (Q),637986580,329596519,1805612977,2773196076,34893127514.835093,23716629493.365196,112861722822.608637,171471479830.808926,9374266,1866593,14064835,25305694
2025-03-11,Members Exchange (U),80352165,86490040,231751954,398594159,3417656771.946400,4407626858.001398,6186764012.256200,14012047642.203998,956777,389546,1221766,2568089
2025-03-11,Investors Exchange (V),278132680,108842411,248832560,635807651,14961997827.271801,5972582204.310799,13438457439.896297,34373037471.478897,3126544,470698,2545702,6142944
2025-03-11,NASDAQ PSX (X),7525346,9384059,12290837,29200242,445236773.485300,1174799354.032600,691476807.484500,2311512935.002400,111156,50364,130583,292103
2025-03-11,BYX Equities (Y),53481059,31401579,76283904,161166542,2436037600.720200,1561751814.689698,2768041808.227399,6765831223.637297,691081,165593,669476,1526150
2025-03-11,BZX Equities (Z),261795662,215906750,316999707,794702119,13661615200.515001,13411270693.019392,18420009976.774903,45492895870.309296,3823715,1095413,3608958,8528086
2025-03-10,NYSE American (A),9304981,22979548,10244229,42528758,542196174.323600,443361035.178300,489161949.930100,1474719159.432000,108228,81152,91869,281249
2025-03-10,NASDAQ BX (B),18677893,16953603,21881792,57513288,1465738999.807100,821841106.964400,1525832227.403301,3813412334.174801,275984,98105,247951,622040
2025-03-10,NYSE National (C),22105575,16117661,22639879,60863115,994771490.680200,567173577.714700,851336142.586500,2413281210.981400,278401,81507,234530,594438
2025-03-10,FINRA / Nasdaq TRF Chicago (DB),11265394,7363285,24303866,42932545,550164940.760200,385341500.840400,1984674317.582800,2920180759.183400,86483,36566,187034,310083
2025-03-10,FINRA / NYSE TRF (DN),110416220,77136833,183343348,370896401,4994689008.636402,5105156619.373899,7509882724.216902,17609728352.227203,894521,275815,985223,2155559
2025-03-10,FINRA / Nasdaq TRF Carteret (DQ),2857455258,1727778323,4092801532,8678035113,140729149311.976949,91495992454.924252,194138996640.243628,426364138407.144829,21889315,5859188,23937077,51685580
2025-03-10,MIAX Pearl (H),40579154,62654289,88485459,191718902,1353426817.278700,2636518315.920000,2730922706.049100,6720867839.247800,344929,222476,509638,1077043
2025-03-10,EDGA Equities (J),36141090,33195865,65567490,134904445,1551719568.542100,2360522170.925300,2102268498.434100,6014510237.901500,424731,171330,491198,1087259
2025-03-10,EDGX Equities (K),190732327,215203107,526808960,932744394,8673188895.930400,10510771753.235494,21907223802.866607,41091184452.032501,1853853,1221560,3737310,6812723
2025-03-10,LTSE (L),4486589,429644,5118604,10034837,102334470.195000,31345982.450600,110711911.187200,244392363.832800,11188,1489,14932,27609
2025-03-10,NYSE Texas (M),16247312,10516562,19016336,45780210,1229443467.594200,1254011228.228200,3132925185.977401,5616379881.799801,48955,28337,59783,137075
2025-03-10,NYSE (N),1462218610,76592515,132820599,1671631724,80653525757.331004,4880798495.200801,7336514416.954499,92870838669.486304,5742716,328211,1198706,7269633
2025-03-10,NYSE Arca (P),301868908,629403209,867858704,1799130821,16088831652.579800,40456320209.458808,36663922756.470796,93209074618.509404,3654599,2998569,6924097,13577265
2025-03-10,NASDAQ (Q),666079883,338097926,1907273146,2911450955,39407388050.488295,23606365880.974884,128081345079.708037,191095099011.171216,9745132,1993754,15050066,26788952
2025-03-10,Members Exchange (U),85673769,87769173,202938068,376381010,3830928314.643600,4277860690.103100,6787396885.268498,14896185890.015198,997432,422798,1285201,2705431
2025-03-10,Investors Exchange (V),312939110,107499152,280922581,701360843,18188777354.576103,6185086071.555000,16419408898.482900,40793272324.614003,3560921,512148,2973626,7046695
2025-03-10,NASDAQ PSX (X),9534539,8757045,12135283,30426867,609332559.832400,948271021.769700,811620433.648300,2369224015.250400,137280,49993,153521,340794
2025-03-10,BYX Equities (Y),55943875,34578304,70848222,161370401,2755090318.234300,1451217833.054700,2952465365.078700,7158773516.367700,751816,187688,700549,1640053
2025-03-10,BZX Equities (Z),275423649,215906069,305233750,796563468,15278305128.476699,13041108955.293703,20343176656.191406,48662590739.961808,4093402,1123668,3898968,9116038
2025-03-07,NYSE American (A),5292911,16691536,5861129,27845576,307506301.583100,334563404.483700,277090697.942500,919160404.009300,63684,67425,53723,184832
2025-03-07,NASDAQ BX (B),16191251,12005689,19112454,47309394,1263919215.016600,665608414.261300,1224630269.592200,3154157898.870100,237066,81526,210011,528603
2025-03-07,NYSE National (C),19849580,11685144,20088032,51622756,1057593696.348400,440900457.872200,900290589.129100,2398784743.349700,241004,63560,202458,507022
2025-03-07,FINRA / Nasdaq TRF Chicago (DB),9472079,6934280,23221605,39627964,508957787.300400,387855946.481700,2002803300.238400,2899617034.020500,73532,27700,163728,264960
2025-03-07,FINRA / NYSE TRF (DN),92783034,65451145,182607844,340842023,4553649126.653300,4842055020.195002,6749405617.850899,16145109764.699201,734292,200554,790899,1725745
2025-03-07,FINRA / Nasdaq TRF Carteret (DQ),2689856748,1375060258,3893410589,7958327595,133050362876.323494,68819188744.520288,169351064788.360628,371220616409.204410,19764920,4344320,20109453,44218693
2025-03-07,MIAX Pearl (H),37954693,60335708,94312375,192602776,1253686988.182800,2490409243.851000,2437280650.675799,6181376882.709599,310544,185700,490223,986467
2025-03-07,EDGA Equities (J),30941466,26822758,63699653,121463877,1359175414.876000,1822672301.150900,1828027041.851200,5009874757.878100,384930,139614,458349,982893
2025-03-07,EDGX Equities (K),171047248,181605015,529018190,881670453,7836802378.595801,9461175805.560200,18742727716.622012,36040705900.778013,1634439,1000077,3137868,5772384
2025-03-07,LTSE (L),3503464,911189,5832009,10246662,77673935.515000,176664408.455000,183356287.488100,437694631.458100,9385,2973,14970,27328
2025-03-07,NYSE Texas (M),19837169,15076105,21989372,56902646,1622749505.849101,1972307431.913601,3564072890.259301,7159129828.022003,44767,26269,44832,115868
2025-03-07,NYSE (N),1258834364,68810320,118195279,1445839963,69894112160.471097,4278437083.016500,6063254733.931499,80235803977.419096,5163015,261088,1028944,6453047
2025-03-07,NYSE Arca (P),263803923,514420778,887716756,1665941457,14135627239.503491,35536919834.522381,30691400562.016616,80363947636.042488,3193425,2437074,5887486,11517985
2025-03-07,NASDAQ (Q),586806963,292529068,1639938577,2519274608,35174080079.147800,21550288912.185313,101553507658.107278,158277876649.440391,8717420,1667559,12775295,23160274
2025-03-07,Members Exchange (U),74675386,75510868,221303116,371489370,3356627773.130800,3842583671.061500,5980069422.484703,13179280866.677003,858421,344819,1188802,2392042
2025-03-07,Investors Exchange (V),260543077,89499109,236877472,586919658,15259250537.805302,5134339621.842402,13281600219.932300,33675190379.580004,3002389,422286,2462036,5886711
2025-03-07,NASDAQ PSX (X),6949228,7313143,11323067,25585438,476033625.136500,1023246220.883200,666917376.370400,2166197222.390100,104868,39691,121467,266026
2025-03-07,BYX Equities (Y),47859878,26909827,64795922,139565627,2499004445.051000,1312814650.834300,2441483917.477800,6253303013.363100,650797,155182,615431,1421410
2025-03-07,BZX Equities (Z),243884200,190906451,276628931,711419582,13840423412.776702,12124800195.388705,18035053728.647395,44000277336.812802,3567740,942150,3302282,7812172
2025-03-06,NYSE American (A),6396572,20077697,7964427,34438696,319446880.762100,298100246.343500,360378163.043800,977925290.149400,71717,67529,67641,206887
2025-03-06,NASDAQ BX (B),12392649,13379716,18428590,44200955,961229745.143200,691193040.075100,1143479233.992400,2795902019.210700,199272,94600,209914,503786
2025-03-06,NYSE National (C),14156588,12676704,18524385,45357677,565669897.835900,478732487.633200,654852096.016100,1699254481.485200,182447,68597,183394,434438
2025-03-06,FINRA / Nasdaq TRF Chicago (DB),8501760,6513235,21241086,36256081,432558704.993900,358333424.369500,1773742434.233500,2564634563.596900,68863,28734,153392,250989
2025-03-06,FINRA / NYSE TRF (DN),86329607,63698162,187113429,337141198,4028749130.698600,3218335162.628801,6306304009.423298,13553388302.750699,722832,224181,822182,1769195
2025-03-06,FINRA / Nasdaq TRF Carteret (DQ),2396052109,1448848985,3729611228,7574512322,110980593659.548971,72736521181.843165,162644766896.792690,346361881738.184826,17735093,4677633,19630679,42043405
2025-03-06,MIAX Pearl (H),30886916,54494405,81503125,166884446,955450408.185200,2215199134.845300,2165226970.379201,5335876513.409701,271602,192345,448072,912019
2025-03-06,EDGA Equities (J),31613801,29888826,55607712,117110339,1375278009.742600,1804653755.213400,1744542332.785900,4924474097.741900,396934,156343,435948,989225
2025-03-06,EDGX Equities (K),150198758,186947656,479503445,816649859,6467523586.408399,9122770802.778799,18124729615.028206,33715024004.215404,1447722,1095841,3079314,5622877
2025-03-06,LTSE (L),4775389,1658910,5751877,12186176,147880387.685000,423158508.128800,257241443.547700,828280339.361500,17413,5954,18931,42298
2025-03-06,NYSE Texas (M),15966431,14559925,23072376,53598732,990173784.074200,1256880849.714000,3089100538.856099,5336155172.644299,45414,24049,46218,115681
2025-03-06,NYSE (N),1205457650,67087008,105376402,1377921060,66312896898.499096,4196590066.706801,5066863025.435100,75576349990.640997,4798885,266794,910620,5976299
2025-03-06,NYSE Arca (P),239893805,545891854,802229597,1588015256,12180088655.373500,35438297588.171608,28402917933.863011,76021304177.408119,2956374,2599741,5634710,11190825
2025-03-06,NASDAQ (Q),516999496,294108564,1650912067,2462020127,28729781270.612097,20644181784.275302,104815545725.550577,154189508780.437976,7755245,1748212,12941466,22444923
2025-03-06,Members Exchange (U),59778096,82590298,191683542,334051936,2620865252.408600,3681671617.595599,5542817366.387700,11845354236.391899,723448,359309,1066644,2149401
2025-03-06,Investors Exchange (V),232143764,97411617,219408380,548963761,12722299121.645098,5486781466.707599,12480878799.044602,30689959387.397299,2726321,490412,2390988,5607721
2025-03-06,NASDAQ PSX (X),6139620,8052356,8374704,22566680,451271701.248900,912521215.880100,642870712.420300,2006663629.549300,98154,41708,118892,258754
2025-03-06,BYX Equities (Y),42067064,30620641,56682257,129369962,1838007377.788000,1423516270.915900,2186293201.042500,5447816849.746400,562958,173354,563889,1300201
2025-03-06,BZX Equities (Z),196028750,187286332,259482840,642797922,10616649671.041396,11676154951.379897,16033665784.759206,38326470407.180499,2990367,969751,3099738,7059856
2025-03-05,NYSE American (A),6177519,19455548,5203114,30836181,277601780.223000,321180916.902600,274267986.008000,873050683.133600,63013,68740,54150,185903
2025-03-05,NASDAQ BX (B),12431854,13518567,16829958,42780379,873703009.435800,712057209.289700,964969643.860500,2550729862.586000,183316,96011,180696,460023
2025-03-05,NYSE National (C),17893528,11553085,16766928,46213541,557984044.667100,461370570.480200,568460114.895000,1587814730.042300,188689,62579,166338,417606
2025-03-05,FINRA / Nasdaq TRF Chicago (DB),7980093,5409461,18214079,31603633,378738432.350900,299117545.757500,1462455623.355401,2140311601.463801,62323,25517,129528,217368
2025-03-05,FINRA / NYSE TRF (DN),86757134,59822870,174578105,321158109,3687015532.839798,3179678907.286998,6362647525.183400,13229341965.310196,682808,197512,709699,1590019
2025-03-05,FINRA / Nasdaq TRF Carteret (DQ),2476650625,1381211510,3495088578,7352950713,113626488814.905259,67021340553.097352,157333481711.724476,337981311079.727087,17311241,4246480,17621909,39179630
2025-03-05,MIAX Pearl (H),32526737,63733689,72856127,169116553,965832431.154500,2565008911.776601,2136645279.079400,5667486622.010501,270807,188160,414122,873089
2025-03-05,EDGA Equities (J),32810320,30299104,46159611,109269035,1193865020.973900,1964146995.845399,1645512364.695900,4803524381.515199,361890,156834,392820,911544
2025-03-05,EDGX Equities (K),149369063,186962637,405465427,741797127,6124811584.444200,9143655648.758302,16645153060.171098,31913620293.373600,1367689,983402,2646122,4997213
2025-03-05,LTSE (L),4309932,803290,5104602,10217824,143939287.195000,77237325.858000,304731222.962200,525907836.015200,16228,3250,17715,37193
2025-03-05,NYSE Texas (M),16442282,20011064,21198982,57652328,1030489032.079500,3204268315.645900,2427927074.249400,6662684421.974800,41371,25831,41188,108390
2025-03-05,NYSE (N),1266540102,69695555,95494299,1431729956,66180185124.268298,4053130617.572901,4649157749.022701,74882473490.863900,4473953,261406,830275,5565634
2025-03-05,NYSE Arca (P),233617645,573791708,632936614,1440345967,11238510879.221599,36264753803.975630,25337984260.709684,72841248943.906913,2718418,2433788,4822619,9974825
2025-03-05,NASDAQ (Q),505917767,311731787,1566828101,2384477655,26789632540.370406,20460270349.865905,95401081490.739511,142650984380.975822,7327626,1685294,11670468,20683388
2025-03-05,Members Exchange (U),57594656,81230496,146054483,284879635,2335856363.336200,3834548918.417001,4782691241.178902,10953096522.932103,654160,339257,901736,1895153
2025-03-05,Investors Exchange (V),238297928,96208682,202453624,536960234,11847727284.214500,5131776435.375199,10683711801.739502,27663215521.329201,2620328,452454,2190687,5263469
2025-03-05,NASDAQ PSX (X),4727476,7587974,10364912,22680362,293979200.643500,962471072.326001,499489470.091000,1755939743.060501,74179,41237,94524,209940
2025-03-05,BYX Equities (Y),41281985,28106725,51797259,121185969,1730242526.667500,1391323627.140300,2039689940.212500,5161256094.020300,537883,163933,532816,1234632
2025-03-05,BZX Equities (Z),193158992,199281064,244006533,636446589,9667246044.433200,11740143079.850395,14258435693.470395,35665824817.753990,2840065,942606,2829915,6612586
2025-03-04,NYSE American (A),7831015,21091021,8091379,37013415,374258851.141200,414002686.461800,398766471.704600,1187028009.307600,86297,75958,77084,239339
2025-03-04,NASDAQ BX (B),17212580,17034358,23339603,57586541,1289914364.719300,886118594.356800,1452577887.748100,3628610846.824200,245665,123958,249615,619238
2025-03-04,NYSE National (C),22838163,19227186,27183192,69248541,823683558.540000,735868685.880500,946862928.853700,2506415173.274200,258202,96409,255342,609953
2025-03-04,FINRA / Nasdaq TRF Chicago (DB),9514604,6796850,23576145,39887599,551208645.669200,447432587.001000,1965395690.378000,2964036923.048200,86314,34762,180472,301548
2025-03-04,FINRA / NYSE TRF (DN),102378629,73836631,190719333,366934593,4962275824.732500,5357320517.361701,7305533098.829205,17625129440.923406,877476,261677,918877,2058030
2025-03-04,FINRA / Nasdaq TRF Carteret (DQ),2837865946,1722573965,3990478379,8550918290,135927422737.119934,96279641093.465793,185976106469.407872,418183170299.993599,21661937,5513816,22364624,49540377
2025-03-04,MIAX Pearl (H),40201568,65544684,88264802,194011054,1242702693.168300,3788328819.782601,2878511439.621199,7909542952.572100,339174,224603,528223,1092000
2025-03-04,EDGA Equities (J),36751037,33019105,56959174,126729316,1541138843.065400,2308922269.918901,2166650370.962100,6016711483.946401,439361,181643,502657,1123661
2025-03-04,EDGX Equities (K),185742036,218044805,531197438,934984279,8337763304.551198,11408605918.014018,21775498102.133493,41521867324.698709,1815018,1279767,3551351,6646136
2025-03-04,LTSE (L),6044197,863430,7329520,14237147,229876831.180000,121257175.364000,662546977.128500,1013680983.672500,20801,3906,26065,50772
2025-03-04,NYSE Texas (M),12761228,19301158,19397330,51459716,1026176679.961900,3277011082.734801,2965507359.022499,7268695121.719200,42619,31566,49832,124017
2025-03-04,NYSE (N),1382666135,84450002,126136280,1593252417,77870300273.761904,5242416318.192800,6555975493.026302,89668692084.981006,5518816,330748,1128458,6978022
2025-03-04,NYSE Arca (P),286712230,640081026,837996080,1764789336,14883914925.956900,42632188147.614621,36779293110.604299,94295396184.175820,3465425,3001408,6753390,13220223
2025-03-04,NASDAQ (Q),637053018,353222790,1898206457,2888482265,36393437917.405105,25943097196.169215,120775540613.536301,183112075727.110621,9216301,2057920,14530394,25804615
2025-03-04,Members Exchange (U),73651415,92203265,191563908,357418588,3304630418.608800,4679431602.525602,6561284492.016199,14545346513.150601,870411,421546,1213189,2505146
2025-03-04,Investors Exchange (V),275127860,119126152,253115814,647369826,15646968253.004700,7238382694.830203,14480081847.313300,37365432795.148203,3233710,548003,2773416,6555129
2025-03-04,NASDAQ PSX (X),6787700,8824814,8845003,24457517,433470963.015800,1113735653.075801,659852260.072800,2207058876.164401,103187,49772,122183,275142
2025-03-04,BYX Equities (Y),50093454,35550806,65490854,151135114,2426903321.108000,1707063750.002600,2799381505.488900,6933348576.599500,676322,209999,694338,1580659
2025-03-04,BZX Equities (Z),258883168,231793937,324923267,815600372,14102366058.365095,14580897314.669098,20577726495.575500,49260989868.609693,3814222,1204811,3801108,8820141
2025-03-03,NYSE American (A),7436795,21630112,7492619,36559526,320697868.321100,384793768.916700,336617728.515700,1042109365.753500,82403,77003,72538,231944
2025-03-03,NASDAQ BX (B),15321837,17139200,21143184,53604221,996032168.094200,892583301.515900,1318111263.762300,3206726733.372400,219192,135635,240606,595433
2025-03-03,NYSE National (C),19619347,18501214,22436847,60557408,753158230.491500,728189147.861900,835784728.853500,2317132107.206900,244803,127373,249671,621847
2025-03-03,FINRA / Nasdaq TRF Chicago (DB),10306299,6744968,24731099,41782366,472451313.371800,344837487.465300,2052728039.437400,2870016840.274500,78278,31966,187374,297618
2025-03-03,FINRA / NYSE TRF (DN),103708044,65385640,195581497,364675181,4156972427.063600,3239829737.817401,6738377586.815203,14135179751.696204,758203,244282,867771,1870256
2025-03-03,FINRA / Nasdaq TRF Carteret (DQ),2592887468,1497551050,4017311757,8107750275,114391411170.574716,72427784873.372018,176228922739.327515,363048118783.274249,18719124,5219329,21634568,45573021
2025-03-03,MIAX Pearl (H),36572835,62670395,85222612,184465842,986445101.301400,2580496434.455000,2473921514.215000,6040863049.971400,280304,186051,481785,948140
2025-03-03,EDGA Equities (J),30115935,30553738,54237307,114906980,1118398236.894900,1909671817.124700,1658460101.709400,4686530155.729000,372838,150757,432065,955660
2025-03-03,EDGX Equities (K),189128302,204391191,516556928,910076421,7467817589.959497,9807206626.293099,19984286644.389698,37259310860.642294,1676537,1176317,3502706,6355560
2025-03-03,LTSE (L),5626914,604137,6501297,12732348,180789547.150300,149035020.339600,365553067.204400,695377634.694300,17283,3821,20938,42042
2025-03-03,NYSE Texas (M),13457089,15399913,12610888,41467890,826837235.171400,2282579496.512999,1654529787.808999,4763946519.493398,31505,28438,43051,102994
2025-03-03,NYSE (N),1312154934,78733471,115455040,1506343445,70434976405.224308,4416851618.091100,5515795377.549299,80367623400.864707,4873626,289905,1022246,6185777
2025-03-03,NYSE Arca (P),256256237,603273007,766588179,1626117423,11407286577.075496,37986416657.564477,28708564462.825807,78102267697.465780,2912213,2536397,6178191,11626801
2025-03-03,NASDAQ (Q),536052755,318484470,1767785806,2622323031,29011777280.814602,20610354109.495209,107666780442.138689,157288911832.448500,8066023,1691546,13396482,23154051
2025-03-03,Members Exchange (U),66293378,82652523,194555501,343501402,2671781943.269000,3708447194.201901,5728082365.750400,12108311503.221301,737409,346658,1179729,2263796
2025-03-03,Investors Exchange (V),233998087,105188613,233505187,572691887,12413941664.061601,6024246055.867701,12486201134.650402,30924388854.579704,2782863,524429,2564528,5871820
2025-03-03,NASDAQ PSX (X),7033987,8786288,9004414,24824689,411154676.449000,1003310618.025700,565844091.524000,1980309385.998700,96481,43996,109712,250189
2025-03-03,BYX Equities (Y),46810245,34717567,61547928,143075740,1990833366.774200,1618520052.275600,2403281956.886900,6012635375.936700,627079,224430,665840,1517349
2025-03-03,BZX Equities (Z),221115424,208917379,276715593,706748396,11311326691.836598,12171727744.574896,15946559600.366701,39429614036.778195,3306870,983894,3352991,7643755
2025-02-28,NYSE American (A),5022826,22260966,5992863,33276655,236667593.167500,346356324.062900,341446644.443000,924470561.673400,55810,61959,54290,172059
2025-02-28,NASDAQ BX (B),12716659,12993117,17966662,43676438,889747369.405100,680739326.712300,1224799450.900500,2795286147.017900,188258,105424,210571,504253
2025-02-28,NYSE National (C),21181173,13851771,21832001,56864945,734970449.115700,537694167.585100,765406344.822700,2038070961.523500,230710,70914,207794,509418
2025-02-28,FINRA / Nasdaq TRF Chicago (DB),8928682,5193757,19827721,33950160,398454919.487900,264877775.469400,1545344920.087200,2208677615.044500,62301,24951,143479,230731
2025-02-28,FINRA / NYSE TRF (DN),85984864,60956095,180657588,327598547,3653584847.085101,3782171087.093900,7150471016.857598,14586226951.036599,690447,202915,779525,1672887
2025-02-28,FINRA / Nasdaq TRF Carteret (DQ),3091477121,1410505025,4027196956,8529179102,133305689338.992216,76678738112.839868,176992214549.072385,386976642000.904469,17461975,4457685,19598767,41518427
2025-02-28,MIAX Pearl (H),37684821,57123411,80094317,174902549,1143825703.329700,2867508211.572100,2534385768.824800,6545719683.726600,283834,171086,441770,896690
2025-02-28,EDGA Equities (J),32186724,25790544,50995219,108972487,1275131671.111500,1875081833.600400,1883962541.688300,5034176046.400200,343622,126549,400762,870933
2025-02-28,EDGX Equities (K),173078546,172632966,451208730,796920242,7043774769.693801,8300363940.368301,17991285192.755906,33335423902.818008,1509587,913707,3076817,5500111
2025-02-28,LTSE (L),5988343,613571,5831178,12433092,141005551.925000,76933017.555000,348362146.964800,566300716.444800,13670,2477,18317,34464
2025-02-28,NYSE Texas (M),10746620,15170631,32613652,58530903,1028929299.875500,2134454485.317600,4313358767.727601,7476742552.920701,27467,30016,39240,96723
2025-02-28,NYSE (N),1854674026,71344870,108012622,2034031518,111260644733.944701,4107937625.623301,4977936724.430699,120346519083.998701,4266669,252953,916032,5435654
2025-02-28,NYSE Arca (P),233577001,523400563,659091328,1416068892,11053890110.709399,35579009827.197487,28263467889.220203,74896367827.127089,2622354,2132277,5506248,10260879
2025-02-28,NASDAQ (Q),508445242,263257556,2149918079,2921620877,27376753949.160683,18949342199.020506,137765139725.841992,184091235874.023181,7225857,1455796,12342747,21024400
2025-02-28,Members Exchange (U),63395025,71322617,159138783,293856425,2663334256.297000,3390303215.530000,5470272795.581800,11523910267.408800,709154,301267,1027940,2038361
2025-02-28,Investors Exchange (V),228999696,89349467,210322439,528671602,11841801213.417101,5112739794.827398,11909001639.260802,28863542647.505301,2599399,417952,2291714,5309065
2025-02-28,NASDAQ PSX (X),6572671,8030260,10332766,24935697,430034981.279000,865876155.912200,693056306.737800,1988967443.929000,87962,42788,118447,249197
2025-02-28,BYX Equities (Y),48486267,28486036,55070538,132042841,1987029252.940400,1410373064.189800,2367932721.370300,5765335038.500500,577566,155961,587165,1320692
2025-02-28,BZX Equities (Z),216514928,170776497,271346981,658638406,10870180815.841601,10962464935.695296,16678451751.543609,38511097503.080506,2939753,809839,3107826,6857418
2025-02-27,NYSE American (A),5284253,19290608,6842805,31417666,257789881.736600,345410880.592100,379143193.519600,982343955.848300,62907,66318,63007,192232
2025-02-27,NASDAQ BX (B),13094237,13449338,19727596,46271171,892568272.571200,715570578.277200,1188333561.993700,2796472412.842100,196046,79466,208827,484339
2025-02-27,NYSE National (C),19532166,14865630,23675422,58073218,636794151.911900,520636278.186500,766390583.357200,1923821013.455600,225050,73101,227123,525274
2025-02-27,FINRA / Nasdaq TRF Chicago (DB),10257652,4963838,22027640,37249130,494306877.138700,252684436.330100,1769059761.857600,2516051075.326400,73347,25223,168455,267025
2025-02-27,FINRA / NYSE TRF (DN),85750883,57510382,183928907,327190172,3769493565.132200,3986457421.406599,6892110675.092703,14648061661.631502,688252,200856,826897,1716005
2025-02-27,FINRA / Nasdaq TRF Carteret (DQ),2427673635,1563137236,3853225187,7844036058,103395505382.831105,85030002928.001982,171402304672.223496,359827812983.056583,17249296,4253190,20188588,41691074
2025-02-27,MIAX Pearl (H),35530726,57474132,84455022,177459880,1025790320.140600,2484204156.504200,2583700129.368601,6093694606.013401,280647,169220,474968,924835
2025-02-27,EDGA Equities (J),29768054,24660380,51288050,105716484,1150652645.323200,1727239952.128799,1926741893.543901,4804634490.995900,337167,127238,421812,886217
2025-02-27,EDGX Equities (K),169093973,182446153,497378144,848918270,7125110338.310798,8788886369.016203,20357587805.385103,36271584512.712104,1528063,1053111,3454166,6035340
2025-02-27,LTSE (L),5335256,853400,5161883,11350539,181774455.887600,79882539.500500,301647390.125600,563304385.513700,15250,3228,16838,35316
2025-02-27,NYSE Texas (M),14591928,11402624,21584685,47579237,1197879602.533100,875647983.435500,3048842011.501801,5122369597.470401,28481,22692,33097,84270
2025-02-27,NYSE (N),1098600951,63715467,108170646,1270487064,58766921825.018399,3771913778.595799,5170455876.744399,67709291480.358597,4204982,245245,946712,5396939
2025-02-27,NYSE Arca (P),222365920,466520193,662098937,1350985050,10917551606.969298,30018988819.580599,28653956842.994997,69590497269.544894,2541342,2111365,5635368,10288075
2025-02-27,NASDAQ (Q),496279519,245352278,1659076105,2400707902,27254244020.148100,17369746856.186893,102407031232.547840,147031022108.882833,7080088,1349750,12403317,20833155
2025-02-27,Members Exchange (U),56762595,71339111,167584685,295686391,2513424874.572400,3371074469.437700,5759272510.936103,11643771854.946203,661240,294870,1058947,2015057
2025-02-27,Investors Exchange (V),211152060,79142608,220347921,510642589,11490446676.905102,4610411138.781400,12157882055.654097,28258739871.340599,2485287,378703,2342596,5206586
2025-02-27,NASDAQ PSX (X),5344761,8324650,10585797,24255208,324554169.253800,818599376.863300,664150387.674800,1807303933.791900,79242,42368,116149,237759
2025-02-27,BYX Equities (Y),43949084,27020828,60381437,131351349,1815620096.611600,1272495593.512200,2437142074.426300,5525257764.550100,566028,152743,606598,1325369
2025-02-27,BZX Equities (Z),201767902,163819542,275374061,640961505,10627340976.317097,10256302459.906002,16120089229.720097,37003732665.943196,2885930,818644,3124989,6829563
2025-02-26,NYSE American (A),6864062,19593764,7744052,34201878,371775778.859300,296624951.314700,413877290.578400,1082278020.752400,81540,67291,76119,224950
2025-02-26,NASDAQ BX (B),12663300,11200850,18276556,42140706,949819373.390200,531205077.459700,1126487645.073300,2607512095.923200,196370,81698,204140,482208
2025-02-26,NYSE National (C),16141796,12130774,21183739,49456309,616302673.749600,431835737.012200,688865240.235100,1737003650.996900,198072,66306,201856,466234
2025-02-26,FINRA / Nasdaq TRF Chicago (DB),9296185,4354742,19080874,32731801,417841194.877000,220758395.698200,1529654332.029300,2168253922.604500,68059,22581,152567,243207
2025-02-26,FINRA / NYSE TRF (DN),87493183,49472423,173898225,310863831,4087331807.485001,2271214803.835900,6444912936.295302,12803459547.616203,677474,176134,784958,1638566
2025-02-26,FINRA / Nasdaq TRF Carteret (DQ),2347445944,1191982362,3559578952,7099007258,105313566809.420380,49399689740.528390,157661802691.915571,312375059241.864341,16992495,3784571,18949274,39726340
2025-02-26,MIAX Pearl (H),35755165,47537884,75016167,158309216,1028117718.451600,1664593836.731300,2144881027.466800,4837592582.649700,265338,146243,403026,814607
2025-02-26,EDGA Equities (J),27672072,22865305,43896919,94434296,1016910474.197200,1481509986.528200,1544308827.609999,4042729288.335399,306004,107427,362977,776408
2025-02-26,EDGX Equities (K),156494823,153997777,454610551,765103151,6923859052.171399,6471931643.649797,19030473554.131492,32426264249.952688,1424681,830685,3155454,5410820
2025-02-26,LTSE (L),3884620,634157,3938448,8457225,132145105.845000,55984328.809000,167125731.387100,355255166.041100,11975,2362,13232,27569
2025-02-26,NYSE Texas (M),15147129,13640903,31445470,60233502,1522983313.055200,1663843378.811200,4792171696.471701,7978998388.338101,28076,21461,39091,88628
2025-02-26,NYSE (N),1052787830,61024424,96352988,1210165242,57742824462.147298,2886992272.606500,4305751982.214899,64935568716.968697,3866781,222739,818891,4908411
2025-02-26,NYSE Arca (P),218104683,418536878,625600411,1262241972,11360816084.768600,24509532563.787214,26782127507.434198,62652476155.990012,2491292,1809812,5197907,9499011
2025-02-26,NASDAQ (Q),461611984,218888005,1484535731,2165035720,25919831833.285900,13163190895.946208,92327739229.817896,131410761959.050004,6625784,1214002,11270252,19110038
2025-02-26,Members Exchange (U),55368133,59820783,148644016,263832932,2578656670.328500,2595401796.827900,5269632097.148299,10443690564.304699,663618,257228,976937,1897783
2025-02-26,Investors Exchange (V),201134255,69990299,200756080,471880634,11293486016.936103,3717389449.707500,11190296759.056497,26201172225.700100,2391047,344592,2186730,4922369
2025-02-26,NASDAQ PSX (X),6090355,6596904,9648408,22335667,425843771.962200,582765739.719200,624191932.480000,1632801444.161400,87960,36299,125309,249568
2025-02-26,BYX Equities (Y),38845285,23940306,53918230,116703821,1713742019.688300,1068866911.559800,2055392140.043300,4838001071.291400,498312,136500,533604,1168416
2025-02-26,BZX Equities (Z),191705346,141855899,247191303,580752548,10360582810.168295,7968857577.192502,14572532884.670397,32901973272.031194,2747414,715852,2805122,6268388
2025-02-25,NYSE American (A),7015019,21334853,7969887,36319759,431889429.327500,329971381.144200,476958603.401700,1238819413.873400,83108,71277,76597,230982
2025-02-25,NASDAQ BX (B),14531463,11968471,19679434,46179368,1166045786.029100,649341338.595000,1345183734.582500,3160570859.206600,221476,104667,233512,559655
2025-02-25,NYSE National (C),19025666,13363974,25293223,57682863,686326656.366000,478805847.142200,778662993.368300,1943795496.876500,239656,75455,246318,561429
2025-02-25,FINRA / Nasdaq TRF Chicago (DB),9724146,5116649,21636507,36477302,518475103.286600,274715176.962300,1696134390.710300,2489324670.959200,79885,27217,177521,284623
2025-02-25,FINRA / NYSE TRF (DN),92862912,67897311,204187201,364947424,4632012911.913599,5276880110.038393,7528361201.915898,17437254223.867890,772189,215881,912196,1900266
2025-02-25,FINRA / Nasdaq TRF Carteret (DQ),2679983601,1388513791,4004044131,8072541523,133093783362.146600,63473286249.356113,185138312321.496970,381705381932.999683,19081453,4675301,21888370,45645124
2025-02-25,MIAX Pearl (H),33986835,51069471,86680529,171736835,1101353850.166900,1873541944.309600,2423663912.233200,5398559706.709700,281612,169090,454724,905426
2025-02-25,EDGA Equities (J),31688343,24208638,49653206,105550187,1320852883.672100,1565734242.272100,1849841980.110300,4736429106.054500,375245,134883,447350,957478
2025-02-25,EDGX Equities (K),166004190,181395030,515970067,863369287,7818008500.497900,7944770579.537798,21018699036.794404,36781478116.830102,1600838,1066300,3780120,6447258
2025-02-25,LTSE (L),4212838,987839,4047260,9247937,174455570.079200,71697793.393300,238448518.121300,484601881.593800,15966,3473,16478,35917
2025-02-25,NYSE Texas (M),16395411,22165079,21804668,60365158,1298460962.510500,2186933501.537900,3533849148.339801,7019243612.388201,32305,29392,35888,97585
2025-02-25,NYSE (N),1141078106,68138218,110780500,1319996824,66446288625.739697,3307669801.125400,5082842833.203300,74836801260.068397,4406182,256287,950533,5613002
2025-02-25,NYSE Arca (P),234420205,477398935,707671825,1419490965,12310592031.270205,28674647867.697817,29102280504.987116,70087520403.955138,2776562,2273559,5992435,11042556
2025-02-25,NASDAQ (Q),507876902,252835544,1709374567,2470087013,31126915857.448704,15489147153.019305,108969536540.049698,155585599550.517707,7713791,1465580,13402045,22581416
2025-02-25,Members Exchange (U),68185943,67720849,164696603,300603395,3003594494.848900,2895676438.380799,5711248449.214300,11610519382.443999,754090,295862,1068501,2118453
2025-02-25,Investors Exchange (V),223126954,80938706,223516370,527582030,13325596284.551300,4519297910.382300,13745604715.850402,31590498910.784002,2679910,405816,2462148,5547874
2025-02-25,NASDAQ PSX (X),6691681,7126615,12451083,26269379,520281253.169300,601665362.096500,775115146.201100,1897061761.466900,104707,40148,152517,297372
2025-02-25,BYX Equities (Y),45668578,26756239,59865695,132290512,2335406559.789100,1236911195.755000,2455867875.943001,6028185631.487101,620561,173494,618689,1412744
2025-02-25,BZX Equities (Z),207765350,165308780,271551682,644625812,11944089474.627702,9461844546.399100,16964334405.566700,38370268426.593502,3145100,860426,3243397,7248923
2025-02-24,NYSE American (A),6623529,22870550,7377914,36871993,445129764.162900,274373296.327900,469606956.316000,1189110016.806800,81259,83520,73576,238355
2025-02-24,NASDAQ BX (B),12556606,12158057,17364063,42078726,952965486.405400,615796290.754500,1194790332.873900,2763552110.033800,195582,107791,212396,515769
2025-02-24,NYSE National (C),15073370,11576473,17939182,44589025,541187341.795700,441029710.161100,551544391.954700,1533761443.911500,192676,65630,193128,451434
2025-02-24,FINRA / Nasdaq TRF Chicago (DB),10165778,5131506,19975566,35272850,560791597.660700,247314817.600800,1449941187.974300,2258047603.235800,85599,28865,157872,272336
2025-02-24,FINRA / NYSE TRF (DN),87436398,63777911,182513582,333727891,4332827298.397300,2920909548.340100,5720438774.299098,12974175621.036498,712425,212605,808910,1733940
2025-02-24,FINRA / Nasdaq TRF Carteret (DQ),2490060133,1373606619,3709353044,7573019796,125632321640.044636,59152446651.806676,163570087559.723283,348354855851.574595,18282533,4764244,19980284,43027061
2025-02-24,MIAX Pearl (H),34056182,51928980,78692055,164677217,1095644448.360200,1846769240.450400,2068577233.229999,5010990922.040599,280807,177972,405857,864636
2025-02-24,EDGA Equities (J),27309125,23825381,45291808,96426314,1125135193.074800,1507750780.429000,1502047561.114000,4134933534.617800,349079,130660,399691,879430
2025-02-24,EDGX Equities (K),163374005,165058987,511497761,839930753,7779022568.649799,6885643987.638890,18363136265.879408,33027802822.168097,1541257,997895,3399339,5938491
2025-02-24,LTSE (L),3749406,1020265,5152638,9922309,118536354.965000,175154499.455700,259153371.188700,552844225.609400,12598,4010,16801,33409
2025-02-24,NYSE Texas (M),23612908,11052933,26840238,61506079,1592332674.754000,1201384663.285200,4091174497.784601,6884891835.823801,33465,21919,38652,94036
2025-02-24,NYSE (N),1105885326,62852876,98024219,1266762421,64950732900.595402,3039646921.915501,4253253838.603299,72243633661.114202,4085401,235623,850314,5171338
2025-02-24,NYSE Arca (P),212889077,477334249,667991633,1358214959,11471436072.724203,26950629728.259800,24179950149.281499,62602015950.265502,2609547,2146269,5476275,10232091
2025-02-24,NASDAQ (Q),460913910,214151525,1596645644,2271711079,28366444746.418798,13834267248.852804,101816083008.920839,144016795004.192441,7123922,1237569,11929198,20290689
2025-02-24,Members Exchange (U),57986403,72141430,162671476,292799309,2662203643.053400,2540012843.155700,4599928537.227101,9802145023.436201,672885,287703,952064,1912652
2025-02-24,Investors Exchange (V),204813739,71745695,196596219,473155653,11719800254.030700,3893994894.713900,10880862586.186697,26494657734.931297,2445498,360795,2162256,4968549
2025-02-24,NASDAQ PSX (X),5572778,6452601,10167990,22193369,374187633.767300,548403680.733700,633511214.924900,1556102529.425900,85935,36786,129389,252110
2025-02-24,BYX Equities (Y),35733272,23895562,51701821,111330655,1766522628.244500,1050508058.448600,1991886341.903700,4808917028.596800,539455,155566,562808,1257829
2025-02-24,BZX Equities (Z),188008547,140609926,242544143,571162616,11164624345.748101,8436240557.173403,14081767813.935696,33682632716.857200,2919549,763373,2876343,6559265
2025-02-21,NYSE American (A),6204065,33155834,7689978,47049877,348069860.892300,350508469.016100,387364449.411500,1085942779.319900,67198,79858,65818,212874
2025-02-21,NASDAQ BX (B),14120000,12297808,17816677,44234485,1041139460.581900,615100697.412300,1171905583.050500,2828145741.044700,205118,86048,209368,500534
2025-02-21,NYSE National (C),17722622,12589080,18557388,48869090,669656083.662400,503465622.360300,700598859.772700,1873720565.795400,202534,73842,204307,480683
2025-02-21,FINRA / Nasdaq TRF Chicago (DB),13381801,5319947,22943985,41645733,650942971.507700,272076486.164200,1540129194.930000,2463148652.601900,99334,28985,168856,297175
2025-02-21,FINRA / NYSE TRF (DN),95551088,77227142,231039714,403817944,4811840742.627300,3803780946.243101,7392844363.200697,16008466052.071098,733616,221263,843453,1798332
2025-02-21,FINRA / Nasdaq TRF Carteret (DQ),2510889130,1495915112,4244317937,8251122179,127837774607.827417,69813670212.615464,171259224920.866142,368910669741.309023,18397330,4724227,20354808,43476365
2025-02-21,MIAX Pearl (H),42126529,60616015,103303265,206045809,1324092176.423100,2272498226.134100,2610212373.580600,6206802776.137800,323388,189907,467417,980712
2025-02-21,EDGA Equities (J),30436944,26859545,53260807,110557296,1156970543.638700,1693403822.963301,1460838109.147500,4311212475.749501,354883,134813,388552,878248
2025-02-21,EDGX Equities (K),193916777,177374457,589804077,961095311,9298592818.020202,7690325226.205602,20272017484.365405,37260935528.591209,1726761,959377,3422586,6108724
2025-02-21,LTSE (L),4898576,1618852,4204914,10722342,192726511.109200,234476383.113000,179647108.981600,606850003.203800,15125,5064,15047,35236
2025-02-21,NYSE Texas (M),28622555,26082698,47914724,102619977,3291347110.976600,6398609687.150598,9321130739.073504,19011087537.200702,31196,31431,37148,99775
2025-02-21,NYSE (N),1288226850,64358572,108337438,1460922860,74818903190.249897,3464995053.969300,5138481599.693501,83422379843.912698,4246931,247620,897779,5392330
2025-02-21,NYSE Arca (P),246066730,524139614,789586522,1559792866,13351887507.258599,29590900371.719404,24563063699.070900,67505851578.048903,2875967,2103935,5483867,10463769
2025-02-21,NASDAQ (Q),497778814,228880556,1689242092,2415901462,29974714439.429203,15625706387.628505,106296984542.458715,151897405369.516423,7347983,1338023,11909641,20595647
2025-02-21,Members Exchange (U),64924635,86915279,211359051,363198965,3232941824.080200,3284809759.925201,5590761139.373899,12108512723.379300,729758,319433,1004486,2053677
2025-02-21,Investors Exchange (V),226731792,82669896,212360606,521762294,12524496296.469502,4589501893.250299,12060869920.216700,29174868109.936501,2539763,406570,2258938,5205271
2025-02-21,NASDAQ PSX (X),7321080,8228643,10929516,26479239,463891088.801100,623475372.312300,584175905.757400,1671542366.870800,105897,45218,128398,279513
2025-02-21,BYX Equities (Y),41011879,29428588,57600723,128041190,1953708660.180200,1225049714.158000,1978799374.471100,5157557748.809300,550767,166797,551924,1269488
2025-02-21,BZX Equities (Z),220755524,153345000,281242341,655342865,12633414222.172896,9918325689.305801,16603510747.295894,39155250658.774591,3209350,834991,3089603,7133944
2025-02-20,NYSE American (A),6030980,18953734,6891956,31876670,314338018.345300,209039022.385100,291731958.912800,815108999.643200,71137,62010,62633,195780
2025-02-20,NASDAQ BX (B),12948865,8935832,16542430,38427127,1060759892.693000,463260141.621800,1132736746.884600,2656756781.199400,219693,67122,213821,500636
2025-02-20,NYSE National (C),15732144,9218497,15797887,40748528,593350611.692900,347819233.478200,533482703.330900,1474652548.502000,205799,62908,210168,478875
2025-02-20,FINRA / Nasdaq TRF Chicago (DB),10498978,3889428,20272845,34661251,636720676.610100,196977425.350600,1379346654.985800,2213044756.946500,89125,19679,153878,262682
2025-02-20,FINRA / NYSE TRF (DN),88038280,47594187,209710680,345343147,4073742987.466401,2070793493.754800,5777210816.507100,11921747297.728301,665090,157421,769870,1592381
2025-02-20,FINRA / Nasdaq TRF Carteret (DQ),2261367253,1102735973,3754876607,7118979833,110646066055.819420,48859073244.799611,141902442575.801138,301407581876.420169,17718306,3661087,19215568,40594961
2025-02-20,MIAX Pearl (H),32744918,41863191,83998657,158606766,1135112976.536100,1639317304.530200,2040211882.523500,4814642163.589800,272794,128483,387296,788573
2025-02-20,EDGA Equities (J),26808374,18529133,46942680,92280187,1179735617.990100,1117461013.936100,1309187198.820000,3606383830.746200,337036,95487,358172,790695
2025-02-20,EDGX Equities (K),175307597,123235036,513136954,811679587,8759283305.246802,5370329319.186800,18045996127.391900,32175608751.825502,1595760,647307,3178719,5421786
2025-02-20,LTSE (L),4644679,1160403,7811888,13616970,132786448.331000,44558641.889200,301134657.934500,478479748.154700,11228,2129,18191,31548
2025-02-20,NYSE Texas (M),15848916,14067388,21457735,51374039,1204378263.278200,2887719964.866500,3955361951.563699,8047460179.708399,28703,21350,35012,85065
2025-02-20,NYSE (N),1050005070,48642784,92165182,1190813036,60946219238.298997,2373565926.572001,4260474668.415698,67580259833.286696,3921178,177359,826097,4924634
2025-02-20,NYSE Arca (P),228596807,362942832,713686712,1305226351,12664892723.467500,21168808617.730299,21126356794.787803,54960058135.985602,2723591,1504867,5128517,9356975
2025-02-20,NASDAQ (Q),465718411,174138075,1393073111,2032929597,28286523617.733301,11315611097.897501,84781844259.113335,124383978974.744137,6956230,1018455,10843748,18818433
2025-02-20,Members Exchange (U),59891420,56154657,193679192,309725269,3064018398.900300,2269247748.309301,4654971563.870300,9988237711.079901,694231,212714,906465,1813410
2025-02-20,Investors Exchange (V),197002283,59562006,183272659,439836948,11580989259.107001,3339558087.374900,9962483844.641794,24883031191.123695,2401105,317492,2041048,4759645
2025-02-20,NASDAQ PSX (X),7166993,5480366,9796064,22443423,455544893.212600,403716205.750800,579512898.407700,1438773997.371100,107485,31052,120815,259352
2025-02-20,BYX Equities (Y),37915311,20510842,51798491,110224644,1922657802.205900,951870439.295300,1924208903.297400,4798737144.798600,561137,130746,543106,1234989
2025-02-20,BZX Equities (Z),185617134,110772657,227199773,523589564,10776610568.100005,6853949232.607501,12570903598.251906,30201463398.959412,2781359,577543,2636936,5995838
2025-02-19,NYSE American (A),6341410,17167643,7394606,30903659,337201907.007600,220049236.916600,310559958.348300,867811102.272500,71065,54723,62719,188507
2025-02-19,NASDAQ BX (B),12801780,8203216,17176465,38181461,985514092.493300,418304842.519000,1154271967.368700,2558090902.381000,190877,93803,218965,503645
2025-02-19,NYSE National (C),16265873,8360596,16871905,41498374,596482972.575300,319316481.798300,587020288.833200,1502819743.206800,214573,59932,239296,513801
2025-02-19,FINRA / Nasdaq TRF Chicago (DB),9599906,3258154,21018499,33876559,491954664.823600,161374142.759900,1451406285.997100,2104735093.580600,75545,19996,151035,246576
2025-02-19,FINRA / NYSE TRF (DN),84827673,47481830,249230531,381540034,3661038296.547400,3689955662.070798,5489200930.501601,12840194889.119799,625336,152148,755195,1532679
2025-02-19,FINRA / Nasdaq TRF Carteret (DQ),2194772847,982173372,4273079786,7450026005,106418407199.242507,45771678700.366309,154930284206.908752,307120370106.517568,16753279,3414047,18832565,38999891
2025-02-19,MIAX Pearl (H),32991729,34999149,96643829,164634707,1020723081.273300,1238451574.381100,1975568062.629700,4234742718.284100,270683,118391,417361,806435
2025-02-19,EDGA Equities (J),27451343,17824962,56348009,101624314,1017470969.554800,989195189.239900,1392258357.529601,3398924516.324301,323781,97004,390058,810843
2025-02-19,EDGX Equities (K),159968176,121197158,579812834,860978168,7075265037.990299,4915981742.348798,19186214558.020889,31177461338.359986,1409391,662711,3169844,5241946
2025-02-19,LTSE (L),5066813,697940,5819197,11583950,155070548.180000,48372418.815100,191133721.170700,394576688.165800,13840,2297,14218,30355
2025-02-19,NYSE Texas (M),15239727,10658878,20177607,46076212,1279243928.473700,2106338007.794099,2977056316.681700,6362638252.949499,28734,19537,34388,82659
2025-02-19,NYSE (N),1034122367,42759397,92951058,1169832822,59046480734.321403,2039975920.044400,4178613060.644299,65265069715.010102,3633143,172698,782789,4588630
2025-02-19,NYSE Arca (P),203714452,303798163,814705574,1322218189,10360755361.683596,17819192389.240995,19447277720.083300,47627225471.007891,2377914,1378937,4893241,8650092
2025-02-19,NASDAQ (Q),426880869,155112828,1463757260,2045750957,24698172725.394989,9789004295.078794,84017679707.265687,118504856727.739470,6457022,929154,10523236,17909412
2025-02-19,Members Exchange (U),56974614,47483246,229577162,334035022,2615548705.429700,2020354107.138800,4513076420.176799,9148979232.745299,620625,203743,922020,1746388
2025-02-19,Investors Exchange (V),180833796,51336623,181843748,414014167,10346012663.982798,2806425902.923199,9775761074.951298,22928199641.857295,2221109,307166,1971302,4499577
2025-02-19,NASDAQ PSX (X),7144849,5545120,10371314,23061283,429866755.169400,369960471.695900,545804503.745000,1345631730.610300,100386,31190,119014,250590
2025-02-19,BYX Equities (Y),36583104,19212921,57672609,113468634,1674065708.657700,808062256.326500,1909139233.005300,4391267197.989500,508867,130040,548410,1187317
2025-02-19,BZX Equities (Z),173230215,101828196,253143904,528202315,9335942122.694101,6025354348.320702,12715064653.322094,28076361124.336897,2539001,523460,2597836,5660297
2025-02-18,NYSE American (A),7623605,21259836,9130951,38014392,399049723.781000,234877888.115800,370323170.308800,1004250782.205600,86132,59461,83129,228722
2025-02-18,NASDAQ BX (B),12487284,8659312,17371404,38518000,1024724945.512900,431530673.767900,1111642227.640300,2567897846.921100,202272,80175,212124,494571
2025-02-18,NYSE National (C),17407761,9320250,17880348,44608359,615353797.514300,362426326.741800,551104076.666200,1528884200.922300,218203,61975,219837,500015
2025-02-18,FINRA / Nasdaq TRF Chicago (DB),9123900,3842840,22509363,35476103,466098984.089100,197711868.301700,1351599642.297200,2015410494.688000,84831,23541,163716,272088
2025-02-18,FINRA / NYSE TRF (DN),80589659,49885049,255714749,386189457,3661375160.065600,2442395926.330501,6214616116.263200,12318387202.659301,666276,183436,874255,1723967
2025-02-18,FINRA / Nasdaq TRF Carteret (DQ),2271999750,1086078620,4514273414,7872351784,118897773372.824391,51941674503.807590,160687801276.643514,331527249153.275495,17550743,4156022,20512863,42219628
2025-02-18,MIAX Pearl (H),29285513,35563814,92069117,156918444,804777804.953300,1234401078.101400,1830708807.426899,3869887690.481599,215995,113135,392027,721157
2025-02-18,EDGA Equities (J),24103401,17097713,52796239,93997353,968418569.937400,942910810.323400,1318583258.205800,3229912638.466600,300295,98159,378398,776852
2025-02-18,EDGX Equities (K),163308932,122835963,654935124,941080019,7251970536.215800,5393971197.294600,18987869396.060192,31633811129.570592,1500253,745103,3426939,5672295
2025-02-18,LTSE (L),4842331,709273,5859492,11411096,124900640.802800,36937309.286500,260470712.530900,422308662.620200,11991,2038,15360,29389
2025-02-18,NYSE Texas (M),12361605,10530826,17945897,40838328,1098568486.754300,1042363860.542900,2836516903.621400,4977449250.918600,35543,23147,48417,107107
2025-02-18,NYSE (N),1088425629,43308267,91438829,1223172725,65122733840.895502,2082322371.891801,4097133303.999104,71302189516.786407,3714108,169254,788280,4671642
2025-02-18,NYSE Arca (P),207045157,321034222,909796502,1437875881,10978454512.242498,19311073932.385911,20462637616.116305,50752166060.744714,2529559,1478650,5304763,9312972
2025-02-18,NASDAQ (Q),426312361,158497442,1602041989,2186851792,25833749279.902393,9791851095.522505,93799416910.883819,129425017286.308717,6563344,955906,11181109,18700359
2025-02-18,Members Exchange (U),56298141,51007046,236013169,343318356,2662515735.149400,2210150331.513900,4885664806.103498,9758330872.766798,630458,219571,996720,1846749
2025-02-18,Investors Exchange (V),191624854,58850582,197099442,447574878,11246539996.454101,3157699313.915600,10661770122.715200,25066009433.084901,2311667,320870,2111126,4743663
2025-02-18,NASDAQ PSX (X),5600791,5808212,8458555,19867558,334748851.712400,373135861.143800,436086445.266500,1143971158.122700,83187,33908,108301,225396
2025-02-18,BYX Equities (Y),37358375,19600995,56776705,113736075,1828151208.803400,864846809.021900,1832918553.195499,4525916571.020799,539147,130965,533764,1203876
2025-02-18,BZX Equities (Z),173885833,104586243,266862887,545334963,9919234051.348198,6261111633.275900,13483690126.117995,29664035810.742093,2636146,579521,2753641,5969308
2025-02-14,NYSE American (A),5262330,17973867,6627667,29863864,263366556.570400,223381467.317400,277913211.580200,764661235.468000,59755,64578,56024,180357
2025-02-14,NASDAQ BX (B),12214637,8677577,16588807,37481021,964791900.804300,403846163.715200,1070332083.586900,2438970148.106400,187859,75561,200557,463977
2025-02-14,NYSE National (C),14673414,8817878,16767707,40258999,535798583.827500,321390080.279200,533231610.951000,1390420275.057700,184487,54614,192758,431859
2025-02-14,FINRA / Nasdaq TRF Chicago (DB),8896945,4348692,22089955,35335592,524770193.039300,191386719.586600,1463120097.486100,2179277010.112000,74451,22502,161116,258069
2025-02-14,FINRA / NYSE TRF (DN),88406430,49760694,229781660,367948784,4450155497.358901,2039397110.493700,6774069687.725494,13263622295.578095,659954,160941,800374,1621269
2025-02-14,FINRA / Nasdaq TRF Carteret (DQ),2069274091,984957843,4060280923,7114512857,104146406285.415167,42374211287.129688,144045179439.361212,290565797011.906067,15825075,3511783,18704277,38041135
2025-02-14,MIAX Pearl (H),27782395,39149121,94437514,161369030,779309802.737200,1358392569.064500,1811169255.398400,3948871627.200100,211436,115645,386159,713240
2025-02-14,EDGA Equities (J),23632066,17393319,50998673,92024058,915230957.679700,946194185.167600,1099895816.168000,2961320959.015300,282770,92448,336706,711924
2025-02-14,EDGX Equities (K),156144706,125795975,608510486,890451167,7201237042.280698,5182946571.001998,19395435269.870395,31779618883.153091,1368645,690318,3194996,5253959
2025-02-14,LTSE (L),3993559,645502,5397513,10036574,94188250.450000,142642014.507100,152882799.275500,389713064.232600,9407,2091,15009,26507
2025-02-14,NYSE Texas (M),8631474,9772090,14291311,32694875,747057716.514700,1602146320.284800,2440619078.589400,4789823115.388900,32833,23287,39760,95880
2025-02-14,NYSE (N),988268530,45948236,86012965,1120229731,58083374311.173814,2252146897.426400,3853157812.643099,64188679021.243313,3483810,176466,723650,4383926
2025-02-14,NYSE Arca (P),192565916,337584237,828546788,1358696941,10462285277.076802,18490056535.486998,19776210354.029397,48728552166.593197,2257347,1405275,4833996,8496618
2025-02-14,NASDAQ (Q),409986965,170154505,1463370455,2043511925,24965432367.260102,10189850719.634803,84049726763.808932,119205009850.703837,6186263,978111,10344240,17508614
2025-02-14,Members Exchange (U),53591017,50263026,234583987,338438030,2551607804.010500,2214677771.390300,4889606915.386298,9655892490.787098,584705,230022,942734,1757461
2025-02-14,Investors Exchange (V),176002916,58543381,185207210,419753507,10702322982.421900,2968588631.636999,9855995993.920502,23526907607.979401,2155878,305315,1937249,4398442
2025-02-14,NASDAQ PSX (X),4745173,5630154,9274807,19650134,294064368.174600,345145184.470100,457751818.479500,1096961371.124200,76108,34376,109408,219892
2025-02-14,BYX Equities (Y),35307961,21355444,59355701,116019106,1647091265.375900,903666407.453600,1890833348.194000,4441591021.023500,484402,133776,506270,1124448
2025-02-14,BZX Equities (Z),165783959,103249072,258147493,527180524,9609908906.430598,5959034003.510603,13690646490.138499,29259589400.079700,2448998,547132,2560749,5556879
2025-02-13,NYSE American (A),5160809,18297536,6516726,29975071,246745684.367100,254373007.690500,295855137.223200,796973829.280800,57316,61977,57016,176309
2025-02-13,NASDAQ BX (B),13273534,9060968,17860176,40194678,1011996381.273600,482298250.484500,1093503434.037000,2587798065.795100,202767,73239,206499,482505
2025-02-13,NYSE National (C),14669932,9568626,18455640,42694198,565465343.604400,394720373.976900,597618164.660800,1557803882.242100,194528,68578,216047,479153
2025-02-13,FINRA / Nasdaq TRF Chicago (DB),9617009,3392330,22935732,35945071,590562083.212500,193441233.582800,1671329333.930200,2455332650.725500,77283,19548,162190,259021
2025-02-13,FINRA / NYSE TRF (DN),88315306,58401854,247647829,394364989,4054837485.734001,3051927851.400998,6452603876.938199,13559369214.073198,707657,167166,822152,1696975
2025-02-13,FINRA / Nasdaq TRF Carteret (DQ),2273528162,1032810360,4302607191,7608945713,108572015661.618046,47316442722.351483,153401897849.257002,309290356233.226531,16726356,3402410,19016971,39145737
2025-02-13,MIAX Pearl (H),31801584,45234750,102619756,179656090,875816486.478900,1742585685.766300,2097467316.971999,4715869489.217199,240147,143521,423619,807287
2025-02-13,EDGA Equities (J),25310280,17545220,59011897,101867397,1011495291.037500,1092564684.121500,1417124244.476300,3521184219.635300,314777,107180,384768,806725
2025-02-13,EDGX Equities (K),169888402,129805738,608396456,908090596,7441193107.110900,6167649567.036394,20472539933.585487,34081382607.732781,1471318,681817,3224314,5377449
2025-02-13,LTSE (L),7598580,948783,7164806,15712169,172023291.122000,78586032.437600,266181361.199400,516790684.759000,15476,2636,17756,35868
2025-02-13,NYSE Texas (M),10567019,13017346,22475438,46059803,970697801.458300,1875853569.920000,2560454496.799600,5407005868.177900,33590,21302,43449,98341
2025-02-13,NYSE (N),1068815164,46954012,88001681,1203770857,60575559936.765701,2586160587.157700,4014390453.637801,67176110977.561202,3751854,189627,734795,4676276
2025-02-13,NYSE Arca (P),215590721,346348199,868076245,1430015165,10728143880.856001,23331889417.547813,22364824088.253691,56424857386.657505,2500076,1582160,5086275,9168511
2025-02-13,NASDAQ (Q),439079258,179222360,1549341901,2167643519,25529449808.801302,12849257951.726899,94182511549.002625,132561219309.530826,6524583,1074078,10729073,18327734
2025-02-13,Members Exchange (U),60463666,55877790,245611141,361952597,2538748584.741700,2659078016.157800,5191468887.704502,10389295488.604002,628501,257668,1015024,1901193
2025-02-13,Investors Exchange (V),191702814,61262743,196629103,449594660,11035823162.483599,3302286126.796200,10368291340.017101,24706400629.296900,2284964,330425,2015884,4631273
2025-02-13,NASDAQ PSX (X),5357647,6773816,7993491,20124954,303956112.961800,518751926.737500,484771213.351900,1307479253.051200,81545,39293,110930,231768
2025-02-13,BYX Equities (Y),36949687,21328918,60069706,118348311,1696064904.678100,1004121351.863700,1884439144.570500,4584625401.112300,507162,139337,525308,1171807
2025-02-13,BZX Equities (Z),182381211,110970901,239734337,533086449,10007196105.774996,7312683381.998799,14208512246.039300,31528391733.813095,2662954,605204,2700004,5968162
2025-02-12,NYSE American (A),4722219,19133328,5974534,29830081,221062893.870700,247240595.581700,310211554.468600,778515043.921000,53030,59916,48987,161933
2025-02-12,NASDAQ BX (B),13297679,9353979,17629924,40281582,950590069.352300,486258487.044500,974854054.591800,2411702610.988600,193434,77129,194486,465049
2025-02-12,NYSE National (C),16654756,9945190,16234720,42834666,576664629.402400,396574710.691500,522169933.279900,1495409273.373800,201800,58375,196321,456496
2025-02-12,FINRA / Nasdaq TRF Chicago (DB),8740276,3666841,20635953,33043070,450891262.244700,184944892.920000,1463000572.958900,2098836728.123600,67911,18699,144784,231394
2025-02-12,FINRA / NYSE TRF (DN),93187829,51662392,219910524,364760745,4225779790.563201,2283975423.965101,4961050983.096201,11470806197.624503,671887,160307,753269,1585463
2025-02-12,FINRA / Nasdaq TRF Carteret (DQ),2221483651,1088205553,4024875103,7334564307,104943017680.475210,50933086297.148317,141663931934.502679,297540035912.126206,16366372,3542721,18024815,37933908
2025-02-12,MIAX Pearl (H),30878882,44255533,94744267,169878682,812314189.792800,1621096897.933400,1674333426.905200,4107744514.631400,223324,136105,359596,719025
2025-02-12,EDGA Equities (J),26957878,20525148,55641513,103124539,983399572.408700,1212169518.938300,1295411530.355900,3490980621.702900,300319,110856,364601,775776
2025-02-12,EDGX Equities (K),156206987,139959983,639157545,935324515,6828908939.812900,6575669816.382505,18920634485.262199,32325213241.457604,1363927,745701,3189910,5299538
2025-02-12,LTSE (L),6439146,824612,7396761,14660519,202565690.680000,66692596.750000,224171270.251200,493429557.681200,16727,2523,16993,36243
2025-02-12,NYSE Texas (M),15662349,20777408,17650345,54090102,1302620180.078500,5791430477.235200,2507622375.104900,9601673032.418600,42604,24016,39778,106398
2025-02-12,NYSE (N),1050810505,48798255,85413949,1185022709,61500554651.109412,2639615217.343000,3330001692.586401,67470171561.038813,3564088,191350,652609,4408047
2025-02-12,NYSE Arca (P),208745091,372489919,894031060,1475266070,10661318211.452103,24196710773.266894,21134923199.374911,55992952184.093908,2409016,1631614,4940837,8981467
2025-02-12,NASDAQ (Q),426131307,197255415,1466368250,2089754972,24613146893.750307,13285542293.688995,82451219477.689217,120349908665.128519,6290868,1126308,10215696,17632872
2025-02-12,Members Exchange (U),57397076,59402522,241299774,358099372,2688743925.709100,2862406948.243600,4806025327.089202,10357176201.041902,639992,269254,982400,1891646
2025-02-12,Investors Exchange (V),196507360,66647260,190246491,453401111,11063165437.350299,3741085749.773701,9182611517.000797,23986862704.124797,2253213,343544,1950315,4547072
2025-02-12,NASDAQ PSX (X),5369541,6546448,7620643,19536632,277351982.768200,583940872.785900,397166916.279600,1258459771.833700,75027,37269,92011,204307
2025-02-12,BYX Equities (Y),40966448,21444278,62553820,124964546,1784150446.579800,1018592471.959700,1851307656.972600,4654050575.512100,519166,130183,522493,1171842
2025-02-12,BZX Equities (Z),175907331,122343256,229257282,527507869,9606752573.662100,7854125319.063902,12384313868.652404,29845191761.378406,2541955,658773,2486929,5687657
2025-02-11,NYSE American (A),4102985,18482696,6236720,28822401,218143691.714500,185665104.986800,236303244.700700,640112041.402000,48091,56066,48946,153103
2025-02-11,NASDAQ BX (B),12931433,7187208,19852126,39970767,877497358.712200,367891260.666400,852286261.548500,2097674880.927100,186091,65155,190915,442161
2025-02-11,NYSE National (C),13875744,7454445,16893473,38223662,551925438.231700,277275533.703600,458840241.515100,1288041213.450400,184294,55400,190832,430526
2025-02-11,FINRA / Nasdaq TRF Chicago (DB),8656649,3177457,22775931,34610037,466799564.306100,155229399.007300,1415674990.669700,2037703953.983100,72189,16694,148008,236891
2025-02-11,FINRA / NYSE TRF (DN),78452124,51468094,327810899,457731117,3343813642.490999,2717533079.613800,5555736537.218400,11617083259.323199,616306,150362,738723,1505391
2025-02-11,FINRA / Nasdaq TRF Carteret (DQ),2108957116,948541241,4802977930,7860476287,101141449143.960523,43301426347.868496,145017575110.537682,289460450602.366701,16127492,3367943,18160796,37656231
2025-02-11,MIAX Pearl (H),30234104,33397434,120775389,184406927,868082853.130000,1095501866.725200,1670666764.115300,3634251483.970500,223503,105116,371929,700548
2025-02-11,EDGA Equities (J),22761941,13823166,67380674,103965781,875757207.026800,801816183.001400,1068601573.193000,2746174963.221200,288864,85535,333142,707541
2025-02-11,EDGX Equities (K),152524880,110245707,746160066,1008930653,6445490415.897601,4914947244.948401,17073187851.250196,28433625512.096198,1344115,624097,3125699,5093911
2025-02-11,LTSE (L),8619102,707765,7093329,16420196,240732952.673000,47747539.988300,206670148.762800,495150641.424100,19610,1900,19294,40804
2025-02-11,NYSE Texas (M),9926261,11647368,22644649,44218278,793483616.551700,1687540032.047000,3523710365.943401,6004734014.542101,32765,18454,37266,88485
2025-02-11,NYSE (N),950956402,37659773,82998857,1071615032,54065078731.099595,1767829936.827500,3374476957.227000,59207385625.154095,3409224,150135,675566,4234925
2025-02-11,NYSE Arca (P),202182773,274783746,1112590925,1589557444,10403731050.055897,17114877073.129805,17978967065.263106,45497575188.448808,2331940,1257877,4701139,8290956
2025-02-11,NASDAQ (Q),396034924,146773988,1412806761,1955615673,23218458234.771792,9366429376.544803,73835670668.216222,106420558279.532817,6013048,875301,9672546,16560895
2025-02-11,Members Exchange (U),55641956,43657074,329858621,429157651,2449873473.781401,1962158745.117400,4269808043.208697,8681840262.107498,588939,197615,928026,1714580
2025-02-11,Investors Exchange (V),173213084,49118448,188801313,411132845,10217826099.969898,2670455305.550200,8385717119.958302,21273998525.478400,2156392,276012,1860685,4293089
2025-02-11,NASDAQ PSX (X),4305456,4379802,7466099,16151357,249804654.065400,291241668.676800,353102626.519100,894148949.261300,73455,27230,89470,190155
2025-02-11,BYX Equities (Y),37125573,16646408,78687055,132459036,1608582279.029500,751695237.622300,1634005316.583401,3994282833.235201,497164,111041,502375,1110580
2025-02-11,BZX Equities (Z),164646710,90095038,247767065,502508813,9104268366.408601,5553440072.965299,10974307077.120905,25632015516.494805,2430357,515061,2351493,5296911
2025-02-10,NYSE American (A),4260642,19411742,6121477,29793861,228687747.175100,230140272.058200,229734212.663500,688562231.896800,52158,64412,49310,165880
2025-02-10,NASDAQ BX (B),11403674,8764688,19903723,40072085,883212351.802500,455540227.366400,968018468.237900,2306771047.406800,192277,71082,200208,463567
2025-02-10,NYSE National (C),13252192,9258291,14257558,36768041,504411444.042300,342047216.406600,477437326.993400,1323895987.442300,189702,59525,192158,441385
2025-02-10,FINRA / Nasdaq TRF Chicago (DB),8360522,3083907,20451785,31896214,440659720.307100,151425464.103000,1183022609.683800,1775107794.093900,74717,18285,140941,233943
2025-02-10,FINRA / NYSE TRF (DN),79379036,44507579,245559698,369446313,3368089732.921201,2132119419.870700,5688965543.264102,11189174696.056003,606196,161534,678634,1446364
2025-02-10,FINRA / Nasdaq TRF Carteret (DQ),2138639999,1047397332,5060061538,8246098869,101983976195.516766,45537181701.873610,144522891815.313537,292044049712.703913,16287988,3601954,18457177,38347119
2025-02-10,MIAX Pearl (H),29614185,33595247,126733007,189942439,790481016.139100,1228304258.034800,1695096799.298400,3713882073.472300,217900,111860,358265,688025
2025-02-10,EDGA Equities (J),24130464,16732071,66209548,107072083,977184739.357400,960119413.237100,1114410861.131700,3051715013.726200,303859,94943,335993,734795
2025-02-10,EDGX Equities (K),157476496,118996803,691040979,967514278,6654927772.632998,5094417117.111804,17183048521.506602,28932393411.251404,1364581,661805,3006449,5032835
2025-02-10,LTSE (L),6102272,1288074,8893719,16284065,207036731.531600,27229475.940600,308583572.786600,542849780.258800,17116,1912,22374,41402
2025-02-10,NYSE Texas (M),11165088,11087676,12246244,34499008,849661719.234700,2116082232.386101,1520122590.532500,4485866542.153301,39149,22297,42934,104380
2025-02-10,NYSE (N),1038861655,46052255,88543383,1173457293,60031034671.881701,2088717624.919300,3555170757.323499,65674923054.124500,3465098,169057,697353,4331508
2025-02-10,NYSE Arca (P),191119618,311161999,1114919101,1617200718,9591269310.966203,17923799009.742107,17876611313.083310,45391679633.791620,2254255,1313076,4645123,8212454
2025-02-10,NASDAQ (Q),391894461,155315511,1437314138,1984524110,22707140146.146206,9705008927.731803,80657252538.014210,113069401611.892219,5937009,913287,9759200,16609496
2025-02-10,Members Exchange (U),53612170,45721293,333910203,433243666,2397054984.769700,2018968371.368500,4199987466.566002,8616010822.704202,580292,206041,910586,1696919
2025-02-10,Investors Exchange (V),166522641,49890096,203891511,420304248,9916169158.509799,2618013088.579900,8775643293.877998,21309825540.967697,2149278,290784,1933447,4373509
2025-02-10,NASDAQ PSX (X),4313042,5265057,7537000,17115099,261439906.713500,356362914.631700,379700501.765900,997503323.111100,69277,33183,91264,193724
2025-02-10,BYX Equities (Y),32568782,19214818,82731022,134514622,1483092049.796500,823725511.018900,1703775117.469400,4010592678.284800,480208,121588,508674,1110470
2025-02-10,BZX Equities (Z),171860771,96187914,295264374,563313059,9010502346.405798,5795861760.761599,11109741512.556199,25916105619.723596,2431291,515489,2405093,5351873
2025-02-07,NYSE American (A),4904695,20030410,5959368,30894473,252255094.256200,291297797.349900,306082929.523700,849635821.129800,56515,69206,51700,177421
2025-02-07,NASDAQ BX (B),13865290,11773296,16833847,42472433,1010126636.561500,642887738.692000,1078145598.917400,2731159974.170900,210152,91209,191046,492407
2025-02-07,NYSE National (C),16521111,11852968,15646210,44020289,593454695.383700,457907521.555900,589080477.849100,1640442694.788700,195131,69660,190761,455552
2025-02-07,FINRA / Nasdaq TRF Chicago (DB),10164799,4380689,19493180,34038668,518503214.209500,228978773.355500,1502426372.991400,2249908360.556400,78395,21420,147670,247485
2025-02-07,FINRA / NYSE TRF (DN),88224716,53592883,186921473,328739072,3739806766.231799,4652965341.745701,6215423780.518297,14608195888.495797,649413,165725,696808,1511946
2025-02-07,FINRA / Nasdaq TRF Carteret (DQ),2279675155,1108286834,3927325785,7315287774,104185149553.102011,51651194367.491121,152095977523.601143,307932321444.194275,16479627,3793492,18453452,38726571
2025-02-07,MIAX Pearl (H),31971336,57548044,90674613,180193993,890798026.605600,2083881010.503901,1921776384.561901,4896455421.671402,240853,171926,378963,791742
2025-02-07,EDGA Equities (J),24821875,23368874,46224220,94414969,890986636.184500,1262092400.155600,1171261147.605300,3324340183.945400,281704,121398,325930,729032
2025-02-07,EDGX Equities (K),186031450,164875437,609165973,960072860,7647528093.817800,8127985172.319198,20854367715.832995,36629880981.969993,1537620,842167,3159159,5538946
2025-02-07,LTSE (L),7838624,1844265,8632340,18315229,259853337.672800,278194897.959600,296013539.383500,834061775.015900,22109,4955,22928,49992
2025-02-07,NYSE Texas (M),12655745,13871092,23079756,49606593,993237200.219100,1334731571.562000,4137923010.530001,6465891782.311101,41057,24414,43757,109228
2025-02-07,NYSE (N),1015205022,59730404,83752855,1158688281,55650108220.057296,3480450728.881099,4083344255.078599,63213903204.016994,3888506,229985,768844,4887335
2025-02-07,NYSE Arca (P),216395976,424443887,822493322,1463333185,10525577832.885304,27075522197.399208,21917367611.747678,59518467642.032190,2506540,1997111,4755646,9259297
2025-02-07,NASDAQ (Q),454144270,238698185,1417406907,2110249362,25846933123.739507,16441410344.359405,87779527077.682815,130067870545.781727,6682213,1375313,10946896,19004422
2025-02-07,Members Exchange (U),59773446,67719283,263919566,391412295,2581012207.547900,3596652236.124600,5193585765.936201,11371250209.608701,620398,295658,966065,1882121
2025-02-07,Investors Exchange (V),193480204,70966761,178643476,443090441,11062427286.850301,3680961401.851799,10348973699.422295,25092362388.124395,2278698,362614,2004038,4645350
2025-02-07,NASDAQ PSX (X),4855541,7953289,8473287,21282117,291156536.007100,823508474.298700,496808981.510400,1611473991.816200,77570,43768,101242,222580
2025-02-07,BYX Equities (Y),41866526,25048870,59123208,126038604,1697621171.140700,1216656265.037400,1804204145.480200,4718481581.658300,503611,154808,501710,1160129
2025-02-07,BZX Equities (Z),208380574,153236678,253791395,615408647,10642772248.705701,9804761908.551193,15052127916.017994,35499662073.274888,2720288,813021,2685045,6218354
2025-02-06,NYSE American (A),4524829,18074569,5217265,27816663,225217627.510200,223966416.704500,229815968.280200,679000012.494900,52976,64321,44588,161885
2025-02-06,NASDAQ BX (B),13756333,8797905,15326258,37880496,1101366735.600700,477610860.136600,1003770434.541000,2582748030.278300,213232,69715,186907,469854
2025-02-06,NYSE National (C),15856373,8365878,13467658,37689909,552170371.386800,340943209.351200,434677995.294900,1327791576.032900,194779,53191,203996,451966
2025-02-06,FINRA / Nasdaq TRF Chicago (DB),8709010,3594227,17474161,29777398,468680720.714200,188534644.895500,1300177812.669400,1957393178.279100,70533,17782,135445,223760
2025-02-06,FINRA / NYSE TRF (DN),77514688,42736790,171876085,292127563,3439238954.993401,2369747903.090199,5011191714.397401,10820178572.481001,641115,161306,689674,1492095
2025-02-06,FINRA / Nasdaq TRF Carteret (DQ),2309892907,1034369628,3468176738,6812439273,109882767841.778606,47386167985.449368,142610343863.181661,299879279690.409635,16754225,3383255,17810752,37948232
2025-02-06,MIAX Pearl (H),33080843,38615425,71942637,143638905,859260523.974900,1381376474.633600,1709987724.199000,3950624722.807500,230550,119802,339866,690218
2025-02-06,EDGA Equities (J),25949510,16161379,32284115,74395004,945193373.825000,964441928.128000,1058544918.998400,2968180220.951400,263473,79166,272424,615063
2025-02-06,EDGX Equities (K),183575686,125350720,490172873,799099279,7574735491.139997,5357457663.356002,19208239711.542195,32140432866.038194,1514675,639864,3040959,5195498
2025-02-06,LTSE (L),16380109,1114861,12406348,29901318,360141769.840800,52469084.060000,432904369.763400,845515223.664200,34293,2591,33968,70852
2025-02-06,NYSE Texas (M),15914150,10334099,18461418,44709667,1436545940.589300,1652121480.290900,1884362209.132800,4973029630.013000,56597,18771,52434,127802
2025-02-06,NYSE (N),1057801670,43027657,75831931,1176661258,61761417926.679002,2208350815.172800,3471435106.298798,67441203848.150600,3750021,163023,708079,4621123
2025-02-06,NYSE Arca (P),225301279,310992989,628004406,1164298674,10929728048.643301,20080878782.694013,19806934902.575899,50817541733.913213,2563753,1459382,4528027,8551162
2025-02-06,NASDAQ (Q),460320588,167053277,1321200538,1948574403,26229967614.201295,10761648811.268302,81777880889.401730,118769497314.871327,6562454,939577,10035268,17537299
2025-02-06,Members Exchange (U),59667867,51555096,191622144,302845107,2563100918.327200,2384231631.011700,4573405677.551500,9520738226.890400,600629,217210,837611,1655450
2025-02-06,Investors Exchange (V),191410935,51642091,157369779,400422805,11454522794.299398,2935399559.245700,9318504618.514099,23708426972.059197,2349172,295537,1911614,4556323
2025-02-06,NASDAQ PSX (X),7031299,6082994,7009440,20123733,329879575.586900,456580854.370000,446696623.621200,1233157053.578100,79387,31427,91457,202271
2025-02-06,BYX Equities (Y),40035106,19418884,46293545,105747535,1847734753.885800,870019581.169300,1761435534.793400,4479189869.848500,537256,116252,479903,1133411
2025-02-06,BZX Equities (Z),202847373,101961146,219795998,524604517,10460866121.887300,6654037925.716699,12393537035.433096,29508441083.037095,2647624,568505,2451274,5667403
2025-02-05,NYSE American (A),4593984,24211891,4844711,33650586,205206384.864900,241798384.381300,243580200.668200,690584969.914400,48396,76506,44186,169088
2025-02-05,NASDAQ BX (B),11866691,9888727,15521226,37276644,899659962.294000,449984644.664600,1005121853.366600,2354766460.325200,175126,74043,181021,430190
2025-02-05,NYSE National (C),15257312,9442413,15648849,40348574,553980733.654800,362609560.942100,550766431.400800,1467356725.997700,193209,58239,190276,441724
2025-02-05,FINRA / Nasdaq TRF Chicago (DB),9025703,4466492,16321921,29814116,452039353.722500,193195393.012000,1283904328.916100,1929139075.650600,71229,19678,132993,223900
2025-02-05,FINRA / NYSE TRF (DN),81567547,50139626,168415498,300122671,3370992862.288701,2145965654.531400,5276649266.893800,10793607783.713901,648374,161905,701531,1511810
2025-02-05,FINRA / Nasdaq TRF Carteret (DQ),2293982040,1196755376,3355345298,6846082714,104261461602.203544,48884317133.785116,147189449736.085687,300335228472.074347,16311807,3637940,17581981,37531728
2025-02-05,MIAX Pearl (H),34923482,39649040,70114212,144686734,823456477.587800,1211989996.212000,1654350566.640400,3689797040.440200,236893,126114,325330,688337
2025-02-05,EDGA Equities (J),24822117,19775078,37705131,82302326,946778514.312200,1001384776.398800,1223059294.153200,3171222584.864200,310216,94545,313369,718130
2025-02-05,EDGX Equities (K),175487587,149138946,493629769,818256302,6911656047.538899,5307639011.903604,18786766518.395095,31006061577.837598,1358503,703940,2844409,4906852
2025-02-05,LTSE (L),15145589,1685213,13667755,30498557,380032103.775500,54300730.725000,434245314.154300,868578148.654800,33652,3915,31995,69562
2025-02-05,NYSE Texas (M),15862566,14530748,18881985,49275299,1418194866.910600,1345382872.917200,1788001991.935400,4551579731.763200,48805,16350,45694,110849
2025-02-05,NYSE (N),1078781061,44022237,77598739,1200402037,62992519736.227799,2138894787.608800,3662820338.653300,68794234862.489899,3516731,166562,652828,4336121
2025-02-05,NYSE Arca (P),202274050,398607732,630296153,1231177935,9752362229.081401,20113486846.008395,20496194693.795695,50362043768.885491,2310315,1577427,4352104,8239846
2025-02-05,NASDAQ (Q),420189696,172141428,1358618946,1950950070,23834694507.038199,10349279847.217399,89230012981.555845,123413987335.811443,6184164,977273,10012056,17173493
2025-02-05,Members Exchange (U),58144750,63972638,187790988,309908376,2442252681.439500,2291424872.473700,4651850088.480999,9385527642.394199,589101,245409,827998,1662508
2025-02-05,Investors Exchange (V),185159149,60131312,163004661,408295122,10937728963.396699,3208461966.266501,10157963277.211394,24304154206.874594,2251552,307516,1875656,4434724
2025-02-05,NASDAQ PSX (X),4891017,5855048,7464942,18211007,296619404.362000,380383130.462200,426988901.561500,1103991436.385700,72234,30892,93244,196370
2025-02-05,BYX Equities (Y),35331228,23545966,49438118,108315312,1717258476.222600,901552341.789000,2007682174.657600,4626492992.669200,503600,123388,495349,1122337
2025-02-05,BZX Equities (Z),194611956,106840211,248455034,549907201,9890289250.972005,6391263244.403199,13535369761.649607,29816922257.024811,2580529,584727,2480876,5646132
2025-02-04,NYSE American (A),4126990,20307652,5117125,29551767,204624921.995900,252968160.707200,242936335.089300,700529417.792400,45897,70698,45209,161804
2025-02-04,NASDAQ BX (B),10998318,10682804,15338081,37019203,896468785.752200,535883722.680700,1001956910.539100,2434309418.972000,174892,77897,187975,440764
2025-02-04,NYSE National (C),14892824,11286625,15911140,42090589,583363442.042000,448041172.489500,581718547.105300,1613123161.636800,190479,68699,201285,460463
2025-02-04,FINRA / Nasdaq TRF Chicago (DB),7697636,3929751,15363668,26991055,407021659.419900,164067881.020500,1176695804.052100,1747785344.492500,66822,19034,128362,214218
2025-02-04,FINRA / NYSE TRF (DN),71328661,63147382,179474319,313950362,3340695372.077500,3320562024.176899,6636983924.355999,13298241320.610398,629764,176449,717303,1523516
2025-02-04,FINRA / Nasdaq TRF Carteret (DQ),2144658243,1183757525,3370774618,6699190386,106440252011.955294,47317346215.393101,147639003944.063608,301396602171.412003,16218437,3733720,17571183,37523340
2025-02-04,MIAX Pearl (H),31783660,44928405,71883002,148595067,1041898944.187100,1504659515.095400,1874893433.838100,4421451893.120600,267842,145576,358479,771897
2025-02-04,EDGA Equities (J),22217789,22504923,33710387,78433099,928294689.571700,1178201449.332200,1187282363.851900,3293778502.755800,275585,122194,300897,698676
2025-02-04,EDGX Equities (K),152036078,169154426,444002869,765193373,6726373492.032801,5994058007.250600,17254228166.432196,29974659665.715597,1308353,762142,2834770,4905265
2025-02-04,LTSE (L),15508771,1856961,12473031,29838763,408847618.140000,71949641.340500,407684822.373700,888482081.854200,33304,4016,30644,67964
2025-02-04,NYSE Texas (M),16617794,16122532,18825671,51565997,1051477007.475100,1451980209.907600,2480591442.121499,4984048659.504199,57240,25892,49806,132938
2025-02-04,NYSE (N),1016966423,50528387,78914204,1146409014,60200205693.264014,2490794516.280400,3542429988.583999,66233430198.128413,3534920,183679,645277,4363876
2025-02-04,NYSE Arca (P),187541857,425488661,564317103,1177347621,9772365489.789901,22536030299.772404,22947872517.651380,55256268307.213685,2224583,1749734,4562644,8536961
2025-02-04,NASDAQ (Q),407812600,198224870,1303917963,1909955433,24336208901.599601,12259832850.824001,85644868206.738360,122240909959.161962,6176587,1050414,10019835,17246836
2025-02-04,Members Exchange (U),52172750,71115648,162795856,286084254,2464620378.355600,2535403207.629202,4705177757.996599,9705201343.981401,563939,259860,832720,1656519
2025-02-04,Investors Exchange (V),173969576,61466700,161364872,396801148,10807373937.753102,3370239395.765800,9717049609.904803,23894662943.423705,2245573,318339,1894103,4458015
2025-02-04,NASDAQ PSX (X),5370689,5911108,7685613,18967410,395490517.803000,466332995.448300,490170629.267900,1351994142.519200,86956,32461,94224,213641
2025-02-04,BYX Equities (Y),33416715,25067601,46106222,104590538,1595593664.113600,1013505381.860300,1723331289.817600,4332430335.791500,469477,129043,472072,1070592
2025-02-04,BZX Equities (Z),179491214,124559146,219230548,523280908,9964637501.333501,7369981890.883498,13087049410.895596,30421668803.112595,2556058,617724,2481171,5654953
2025-02-03,NYSE American (A),4319744,22993526,5987520,33300790,238768578.407600,361229793.091100,297139322.598300,897137694.097000,51774,78442,48467,178683
2025-02-03,NASDAQ BX (B),11212185,16622890,18020035,45855110,935249962.171600,892488112.907200,1085897624.666400,2913635699.745200,190352,125386,203810,519548
2025-02-03,NYSE National (C),15239941,17653967,18185262,51079170,583071589.295700,663837371.688600,686797133.542900,1933706094.527200,199760,95645,201996,497401
2025-02-03,FINRA / Nasdaq TRF Chicago (DB),8411058,4821139,16852048,30084245,465265620.151900,281784816.565700,1269023171.860600,2016073608.578200,78420,27953,141329,247702
2025-02-03,FINRA / NYSE TRF (DN),91738793,69261125,251576530,412576448,4054321378.969800,2947160814.072599,8163978109.965800,15165460303.008199,717457,246960,866311,1830728
2025-02-03,FINRA / Nasdaq TRF Carteret (DQ),2239497601,1453235254,4132421652,7825154507,109016600104.262306,70152395457.582825,160227090187.904034,339396085749.749165,17300430,5299957,19590094,42190481
2025-02-03,MIAX Pearl (H),33945153,66714810,96447614,197107577,930736954.063900,2790702170.449600,2253709740.010901,5975148864.524401,272825,222783,452970,948578
2025-02-03,EDGA Equities (J),22985426,30033667,48626734,101645827,929253094.995500,1894767855.370300,1525497026.548000,4349517976.913800,293503,148917,354786,797206
2025-02-03,EDGX Equities (K),162983797,223413357,617502823,1003899977,7166601095.546400,10645231685.314102,21365586293.454394,39177419074.314896,1520978,1167070,3449912,6137960
2025-02-03,LTSE (L),12576710,1512341,11023743,25112794,389963831.003200,333712738.802500,632811358.223600,1356487928.029300,35143,4186,30817,70146
2025-02-03,NYSE Texas (M),14395528,13932458,29231094,57559080,911559938.897000,1546545222.050500,3040663902.728600,5498769063.676100,51471,34590,52065,138126
2025-02-03,NYSE (N),1105721502,77459629,87337921,1270519052,64124512342.658100,4289827399.837499,4064413194.816199,72478752937.311798,4269054,304441,755806,5329301
2025-02-03,NYSE Arca (P),201612986,587750086,895559298,1684922370,10703972058.625504,35407579028.369286,27550751447.694901,73662302534.689691,2523479,2852083,5551965,10927527
2025-02-03,NASDAQ (Q),467920369,321674062,1542663879,2332258310,27770115880.090906,21043380855.554311,100915448885.464917,149728945621.110134,7260224,1852049,11497375,20609648
2025-02-03,Members Exchange (U),56008637,82601816,221800287,360410740,2611516209.705701,4047770345.454401,5526539324.609899,12185825879.770001,678208,373446,995016,2046670
2025-02-03,Investors Exchange (V),196713502,85850112,185427108,467990722,11991704306.693403,5148575702.685503,11130422312.539695,28270702321.918601,2502267,452496,2064300,5019063
2025-02-03,NASDAQ PSX (X),5797249,9541410,8134854,23473513,389388320.408500,1039897643.394800,592476681.315600,2021762645.118900,85576,51514,102746,239836
2025-02-03,BYX Equities (Y),34609904,33538241,57769007,125917152,1512222707.493500,1600788786.771701,1944937740.458900,5057949234.724101,486306,193053,503386,1182745
2025-02-03,BZX Equities (Z),210564497,213078707,272410489,696053693,10975569686.165501,12657189165.897601,16514517703.940805,40147276556.003907,3031755,1106261,2979038,7117054
2025-01-31,NYSE American (A),5091191,31846035,6413052,43350278,276468380.283600,352808724.747200,323917352.345100,953194457.375900,58369,78456,54390,191215
2025-01-31,NASDAQ BX (B),10856617,13501683,16379394,40737694,889518264.427200,734130834.888000,1045705415.841500,2669354515.156700,185249,99200,198333,482782
2025-01-31,NYSE National (C),16469668,13869803,17667692,48007163,605521959.983500,532215525.726100,687249464.467200,1824986950.176800,205973,71619,209476,487068
2025-01-31,FINRA / Nasdaq TRF Chicago (DB),8206564,4104840,18629004,30940408,476079468.944300,228677305.118900,1419837525.621700,2124594299.684900,71933,22494,142215,236642
2025-01-31,FINRA / NYSE TRF (DN),87612803,64416100,252263680,404292583,3797217720.528800,3188808872.172500,8000339962.052198,14986366554.753498,654954,213735,782098,1650787
2025-01-31,FINRA / Nasdaq TRF Carteret (DQ),2196782474,1247467224,4109931287,7554180985,111385444772.241356,65820256599.836306,170984211516.934399,348189912889.012061,15963265,4071379,18168405,38203049
2025-01-31,MIAX Pearl (H),37129712,61059953,97098799,195288464,1237512981.860900,2376718172.147300,2507018225.742700,6121249379.750900,318087,210288,487281,1015656
2025-01-31,EDGA Equities (J),24346015,26574570,44251564,95172149,1103104314.699000,1464404388.605300,1676732319.783100,4244241023.087400,324738,124193,377940,826871
2025-01-31,EDGX Equities (K),159446175,185458515,533402765,878307455,7259132699.422701,8625784193.304205,20600719774.672809,36485636667.399715,1431259,934927,2994705,5360891
2025-01-31,LTSE (L),16578302,874429,15135469,32588200,494570399.216300,280784557.521200,654433401.229300,1429788357.966800,43109,3268,41127,87504
2025-01-31,NYSE Texas (M),16352126,12086966,24202846,52641938,1081725416.053800,2077753949.275200,4322045595.058100,7481524960.387100,32899,23783,39738,96420
2025-01-31,NYSE (N),1289886014,66177019,81899444,1437962477,77036079349.217306,3684401579.355300,4174511259.724301,84894992188.296907,3972210,245096,796243,5013549
2025-01-31,NYSE Arca (P),187012980,482714329,770777169,1440504478,10231351995.332998,31069918659.239982,24598496056.241906,65899766710.814886,2361390,2110874,4885189,9357453
2025-01-31,NASDAQ (Q),440841173,249951564,1591954233,2282746970,26576505630.984988,16968334708.248311,107309757748.982814,150854598088.216113,6952786,1381788,11106466,19441040
2025-01-31,Members Exchange (U),51591222,71754939,258547956,381894117,2493782458.817700,3470129387.200700,6037892938.533301,12001804784.551701,624355,321321,991189,1936865
2025-01-31,Investors Exchange (V),170821860,71749653,178366652,420938165,10398758628.815202,4193538045.996300,11069638295.875806,25661934970.687308,2200921,354621,2094524,4650066
2025-01-31,NASDAQ PSX (X),5527777,8164745,8458219,22150741,347439151.897700,744235096.429300,609122510.768700,1700796759.095700,84006,39488,107671,231165
2025-01-31,BYX Equities (Y),34221540,26891149,50721278,111833967,1574867930.008800,1282430588.087000,1892713216.511700,4750011734.607500,499655,154702,516946,1171303
2025-01-31,BZX Equities (Z),194929232,157867186,262805582,615602000,10617619698.614296,9990094824.988302,16592615021.907797,37200329545.510395,2847525,793212,2851854,6492591
2025-01-30,NYSE American (A),5619368,16653339,5980312,28253019,364274646.582900,311140775.893100,410672222.593100,1086087645.069100,62579,60942,53479,177000
2025-01-30,NASDAQ BX (B),14183587,12705246,16476240,43365073,1088153175.892300,622052026.901600,1240731238.857500,2950936441.651400,196139,86930,206410,489479
2025-01-30,NYSE National (C),16173871,13742851,15739189,45655911,634279188.424800,464519528.146900,666820826.659800,1765619543.231500,194244,68942,187043,450229
2025-01-30,FINRA / Nasdaq TRF Chicago (DB),8148457,4817488,16266478,29232423,516068017.075900,232179847.659900,1377845754.282900,2126093619.018700,71294,19658,137312,228264
2025-01-30,FINRA / NYSE TRF (DN),84556577,70105302,173018257,327680136,3849893757.424199,3768801097.138299,7602343769.382095,15221038623.944593,646403,163495,741437,1551335
2025-01-30,FINRA / Nasdaq TRF Carteret (DQ),2091921822,1070087234,3287692336,6449701392,107421848872.401661,49526904760.539599,160342649908.484109,317291403541.425369,15845379,3361470,17807710,37014559
2025-01-30,MIAX Pearl (H),37888717,52905592,80002085,170796394,1135450295.299400,2031061039.106800,2263946833.871700,5430458168.277900,303053,161110,431280,895443
2025-01-30,EDGA Equities (J),23045208,21724263,36085745,80855216,993552899.919700,1308959244.835700,1516189962.338100,3818702107.093500,264709,102033,328382,695124
2025-01-30,EDGX Equities (K),162180023,150663754,473814688,786658465,8021000513.895500,6820952728.655603,19691976918.609811,34533930161.160914,1446278,712546,3108844,5267668
2025-01-30,LTSE (L),17984584,901603,13951556,32837743,452631718.137100,72288794.697700,673503434.258900,1198423947.093700,39432,2935,33943,76310
2025-01-30,NYSE Texas (M),12708568,15905780,20593419,49207767,1104476440.768300,1987191078.503700,3651025426.197003,6742692945.469003,30628,22189,35646,88463
2025-01-30,NYSE (N),1090688232,60386154,79506695,1230581081,61705652355.454408,3025534140.157100,4277440762.860902,69008627258.472410,3787986,205238,744413,4737637
2025-01-30,NYSE Arca (P),193421151,401960757,634367454,1229749362,11193636305.930205,24598460379.380998,26223843492.672302,62015940177.983505,2337624,1716627,4887443,8941694
2025-01-30,NASDAQ (Q),455580713,220879508,1386653171,2063113392,28347556380.225006,13458314848.692906,94883409500.842375,136689280729.760287,6738393,1105434,10852219,18696046
2025-01-30,Members Exchange (U),54898588,59717145,167658209,282273942,2677087988.256400,2904721016.684101,5651147053.920305,11232956058.860806,605029,261632,912347,1779008
2025-01-30,Investors Exchange (V),192208935,69418261,175990228,437617424,11837915528.546302,3802267675.266000,11860523971.789605,27500707175.601907,2246322,327841,1969960,4544123
2025-01-30,NASDAQ PSX (X),5405250,7035550,7566595,20007395,351431521.129200,606857874.996500,558145174.886700,1516434571.012400,84818,34933,105719,225470
2025-01-30,BYX Equities (Y),37534871,26352128,47542321,111429320,1680351342.866200,1207506252.216000,2090183158.892000,4978040753.974200,470321,150649,496293,1117263
2025-01-30,BZX Equities (Z),198774701,136257175,224444597,559476473,11277256989.157200,8233753312.079796,14831992576.758387,34343002877.995383,2733788,678938,2678456,6091182
2025-01-29,NYSE American (A),5241007,21241309,5518847,32001163,327394256.344600,272226187.364400,372549614.698500,972170058.407500,71445,86430,57448,215323
2025-01-29,NASDAQ BX (B),11910932,10607820,17545628,40064380,915116620.706500,559048128.139200,1205428365.420000,2679593114.265700,201680,81062,209646,492388
2025-01-29,NYSE National (C),13455462,11668186,15508543,40632191,592077953.277900,395819815.158900,626262816.871600,1614160585.308400,186118,60745,179499,426362
2025-01-29,FINRA / Nasdaq TRF Chicago (DB),7811719,4139515,15795418,27746652,450463723.929200,197171922.912200,1152034070.612200,1799669717.453600,64524,19534,120827,204885
2025-01-29,FINRA / NYSE TRF (DN),75833687,56737721,185295635,317867043,3359662170.007601,2748860596.586701,6532100779.647799,12640623546.242101,562770,173924,691211,1427905
2025-01-29,FINRA / Nasdaq TRF Carteret (DQ),1951891226,1079351701,3419221420,6450464347,98158843150.573067,45799611201.328715,144722440433.068577,288680894784.970359,15075104,3504718,16776087,35355909
2025-01-29,MIAX Pearl (H),32166527,55558089,81416621,169141237,970186480.735100,1846466332.975600,1854564924.832901,4671217738.543601,280423,188832,397006,866261
2025-01-29,EDGA Equities (J),19993193,18444429,35750409,74188031,864181776.440100,1016563716.830600,1180768553.176400,3061514046.447100,249811,97403,307511,654725
2025-01-29,EDGX Equities (K),142975829,152237292,442828647,738041768,6677916803.127700,6387536177.822998,18714520380.118610,31779973361.069308,1322413,767335,2920111,5009859
2025-01-29,LTSE (L),13045541,627409,12897727,26570677,400547835.205000,59240247.080200,603925157.636900,1063713239.922100,37408,2491,35576,75475
2025-01-29,NYSE Texas (M),11624202,10606581,15191174,37421957,1073304151.460100,930309327.385700,1478338107.621699,3481951586.467499,33244,19010,37395,89649
2025-01-29,NYSE (N),916101525,55644825,76562002,1048308352,54849462788.406000,2850135139.342300,3654068022.782500,61353665950.530800,3660112,209293,708332,4577737
2025-01-29,NYSE Arca (P),180465488,379120274,589096947,1148682709,10082353789.596798,23297646739.695517,25636116354.816006,59016116884.108321,2267585,1834280,4746186,8848051
2025-01-29,NASDAQ (Q),409661933,203165930,1295404324,1908232187,25875718709.863592,12022535407.056896,85619295599.383141,123517549716.303629,6533358,1104159,10323464,17960981
2025-01-29,Members Exchange (U),48631449,59903647,185533520,294068616,2359605340.158900,2573698776.420200,5094015944.466400,10027320061.045500,590879,271826,911201,1773906
2025-01-29,Investors Exchange (V),165343897,54083753,153691957,373119607,10348329916.424099,2925900297.095300,9369098747.648099,22643328961.167498,2130103,281773,1848759,4260635
2025-01-29,NASDAQ PSX (X),5011469,6025529,7796354,18833352,334076914.418000,543106097.638500,473936430.129100,1351119442.185600,84239,32071,99569,215879
2025-01-29,BYX Equities (Y),32279298,20925203,46175873,99380374,1610598411.265000,944764391.009100,1835504179.921600,4390866982.195700,480961,133388,481753,1096102
2025-01-29,BZX Equities (Z),174097818,129172184,223779924,527049926,10031505522.484001,7408871621.768601,13431838060.922504,30872215205.175106,2585509,682644,2542075,5810228
2025-01-28,NYSE American (A),7276940,17250773,7719033,32246746,432716875.764200,290006336.779800,469431358.199800,1192154570.743800,87165,64842,73752,225759
2025-01-28,NASDAQ BX (B),12772382,12656305,18712496,44141183,1101347197.931200,554806700.458300,1206843692.308600,2862997590.698100,211663,87535,215085,514283
2025-01-28,NYSE National (C),15360564,10726137,16545249,42631950,731913368.899800,380869844.030200,681596008.706200,1794379221.636200,213295,58848,191657,463800
2025-01-28,FINRA / Nasdaq TRF Chicago (DB),8436559,3404852,16409413,28250824,519394873.501700,210259353.699200,1230368760.110200,1960022987.311100,80341,20351,140066,240758
2025-01-28,FINRA / NYSE TRF (DN),69012808,50776346,200713274,320502428,3056734823.916800,2401131590.998100,6597456611.362197,12055323026.277097,435648,165636,623889,1225173
2025-01-28,FINRA / Nasdaq TRF Carteret (DQ),2172179148,1059372639,3666883272,6898435059,114319502553.461242,51518521972.555376,157024616240.064787,322862640766.081405,16875477,3605576,18865270,39346323
2025-01-28,MIAX Pearl (H),34755700,48989590,82822006,166567296,1093294215.554400,1852571667.218000,2185327197.836401,5131193080.608801,295289,161497,389309,846095
2025-01-28,EDGA Equities (J),23264352,18289348,38833473,80387173,1086153086.802700,1258400738.035200,1559575729.082900,3904129553.920800,283642,89797,325026,698465
2025-01-28,EDGX Equities (K),152817555,127172821,453640803,733631179,7862690727.332499,5885976760.219901,20199195562.718200,33947863050.270600,1453769,705643,3103734,5263146
2025-01-28,LTSE (L),14820228,701898,11628181,27150307,409958511.880000,44454142.945800,472274502.508100,926687157.333900,38508,2086,32120,72714
2025-01-28,NYSE Texas (M),11711660,15368113,24376441,51456214,1212098361.903300,2862203428.851304,3032643272.231100,7106945062.985704,38111,25528,45264,108903
2025-01-28,NYSE (N),972048169,50996873,83328503,1106373545,61692376087.474284,2725700833.065100,4778347332.312097,69196424252.851481,3874791,193784,784502,4853077
2025-01-28,NYSE Arca (P),186776004,355647204,628393727,1170816935,11084986248.070403,22663885272.527098,24496132827.564491,58245004348.161992,2386820,1602811,4806075,8795706
2025-01-28,NASDAQ (Q),431433484,172670812,1469427065,2073531361,28186259689.889399,11571363894.628900,106699813327.024669,146457436911.542968,6718018,975849,11192614,18886481
2025-01-28,Members Exchange (U),51621441,55339805,196968692,303929938,2625072846.527800,2591302682.409900,5642536514.525904,10858912043.463604,612490,241008,911013,1764511
2025-01-28,Investors Exchange (V),183972733,50400825,163128072,397501630,11868558021.662800,3038857525.213500,11194417371.505199,26101832918.381499,2315002,273517,1979151,4567670
2025-01-28,NASDAQ PSX (X),5453163,7359668,10988737,23801568,370636472.713000,498968864.810900,666702696.225500,1536308033.749400,90083,30944,118654,239681
2025-01-28,BYX Equities (Y),34841633,20803610,52411361,108056604,1747996264.532600,929253966.664500,2118184356.652399,4795434587.849499,501381,126638,518923,1146942
2025-01-28,BZX Equities (Z),177982646,114234255,220699819,512916720,10701932081.377098,7160184225.312898,15129788553.441816,32991904860.131812,2671332,586057,2684165,5941554
2025-01-27,NYSE American (A),6970596,23158001,8759817,38888414,388864726.147000,427407413.986200,578861705.525300,1395133845.658500,79799,77682,79109,236590
2025-01-27,NASDAQ BX (B),14733429,21446647,26109654,62289730,1316597226.516000,913692931.920300,1984451212.645000,4214741371.081300,246783,119344,288487,654614
2025-01-27,NYSE National (C),18849219,21171325,23561868,63582412,786168954.630200,647129201.670600,992501219.425800,2425799375.726600,232556,97765,243604,573925
2025-01-27,FINRA / Nasdaq TRF Chicago (DB),10016697,5481688,20745750,36244135,587164841.905000,307165177.026500,1523335530.646400,2417665549.577900,95732,33103,190025,318860
2025-01-27,FINRA / NYSE TRF (DN),98448557,71345349,234628644,404422550,4956688823.292501,3868310303.076501,9473059529.510306,18298058655.879308,772145,285586,1029141,2086872
2025-01-27,FINRA / Nasdaq TRF Carteret (DQ),2405049542,1456797951,4282322686,8144170179,125521146860.518252,70534042756.156024,203529390842.957037,399584580459.631313,18389808,5150539,23944910,47485257
2025-01-27,MIAX Pearl (H),39024877,67751052,98916469,205692398,1153498104.289100,2437792841.420000,2954607410.193501,6545898355.902601,293297,226928,486765,1006990
2025-01-27,EDGA Equities (J),26596276,27062934,45794603,99453813,1340618276.166100,1730153995.008500,2284379835.008499,5355152106.183099,314544,139462,396190,850196
2025-01-27,EDGX Equities (K),194910889,207875626,639712916,1042499431,10044039993.838295,9790887053.713012,31082658061.702690,50917585109.253997,1912575,1297206,4842900,8052681
2025-01-27,LTSE (L),19106618,1803644,15121105,36031367,553480068.900000,73659550.777000,824332004.251200,1451471623.928200,49211,3864,43491,96566
2025-01-27,NYSE Texas (M),11118513,8661765,22116582,41896860,1182074045.991900,1166777905.273300,2944662551.226999,5293514502.492199,36925,29085,51146,117156
2025-01-27,NYSE (N),1147128895,66736900,110832295,1324698090,70747835579.750402,4112762231.089301,6790047572.312802,81650645383.152505,4602122,272664,1041550,5916336
2025-01-27,NYSE Arca (P),247828376,547217448,847147219,1642193043,14922305147.331802,34903791376.023009,40950245890.101777,90776342413.456588,3078307,2853891,7229351,13161549
2025-01-27,NASDAQ (Q),526329390,273562657,1916325556,2716217603,35289659020.161612,18672788901.724699,144492474172.744641,198454922094.630952,8070102,1619140,15102584,24791826
2025-01-27,Members Exchange (U),60672514,69404879,197268255,327345648,3150931231.044400,3696297536.168901,7720946518.217399,14568175285.430700,695958,349493,1155500,2200951
2025-01-27,Investors Exchange (V),206513950,68211400,215927020,490652370,13351790422.218298,3998864369.642800,14408972548.170296,31759627340.031394,2470948,354453,2316245,5141646
2025-01-27,NASDAQ PSX (X),6249909,10783704,13558086,30591699,405789781.593500,786561049.797200,947696780.218200,2140047611.608900,100455,49716,137963,288134
2025-01-27,BYX Equities (Y),41882001,34493795,62858525,139234321,2084300774.951800,1504236114.244900,3268938460.268499,6857475349.465199,564067,205193,642462,1411722
2025-01-27,BZX Equities (Z),218841773,174563702,303986085,697391560,13556458680.162696,10744407996.239706,22017058595.205201,46317925271.607603,3236761,989560,3642117,7868438
2025-01-24,NYSE American (A),4664306,22865931,6521012,34051249,240675097.503500,220695152.592300,301042485.314800,762412735.410600,55323,65453,55651,176427
2025-01-24,NASDAQ BX (B),10426200,8790572,13802356,33019128,818299338.972800,413787815.135800,918774411.845400,2150861565.954000,180048,70262,179653,429963
2025-01-24,NYSE National (C),13540770,10815038,15762938,40118746,505370074.684500,348640989.858800,510190191.582700,1364201256.126000,178483,56785,169099,404367
2025-01-24,FINRA / Nasdaq TRF Chicago (DB),9277372,3633847,18963714,31874933,533650297.040500,199766200.528100,1291398666.077800,2024815163.646400,71886,20195,135280,227361
2025-01-24,FINRA / NYSE TRF (DN),88200814,58358094,228690756,375249664,3732232855.372000,2723911390.040501,5460200362.103802,11916344607.516303,586296,168367,698124,1452787
2025-01-24,FINRA / Nasdaq TRF Carteret (DQ),2012194092,1016824433,4064172360,7093190885,93730754413.465901,45692006542.572217,133176067714.328775,272598828670.366893,14660872,3430957,16862749,34954578
2025-01-24,MIAX Pearl (H),31885842,37748383,93251208,162885433,756152361.144000,1312949994.149300,1773347857.895899,3842450213.189199,236145,125048,383046,744239
2025-01-24,EDGA Equities (J),21302185,16115179,39520057,76937421,889855547.418900,886714202.184300,1119378372.764800,2895948122.368000,248853,80123,305436,634412
2025-01-24,EDGX Equities (K),159601363,114745849,551961534,826308746,6346381792.323500,5250734678.497399,17787681637.474297,29384798108.295196,1351362,593861,2725772,4670995
2025-01-24,LTSE (L),13990588,2758166,13167516,29916270,403002364.395300,327362146.671100,580822865.608600,1311187376.675000,40618,5683,36541,82842
2025-01-24,NYSE Texas (M),22288203,14757357,26375554,63421114,1734972426.204400,3422157246.775499,4430569544.743202,9587699217.723101,35139,21257,40533,96929
2025-01-24,NYSE (N),945176652,43813747,80639080,1069629479,56545499350.576699,2156853519.234201,3597600674.665100,62299953544.476000,3202486,163506,674572,4040564
2025-01-24,NYSE Arca (P),194763187,308024493,755805822,1258593502,8609439861.967000,18082249675.160204,16563677856.087104,43255367393.214308,2219628,1342796,4310246,7872670
2025-01-24,NASDAQ (Q),372663581,151328238,1375238080,1899229899,21597756376.553702,9453276120.010897,81853293931.018311,112904326427.582910,5619843,859445,9530660,16009948
2025-01-24,Members Exchange (U),49153168,45479043,235757466,330389677,2202964772.563900,2052251297.032700,4550158946.938300,8805375016.534900,534754,195991,827826,1558571
2025-01-24,Investors Exchange (V),152442491,48282725,138642299,339367515,8815313648.408500,2568252008.919000,7960861940.603102,19344427597.930602,1863137,253996,1591451,3708584
2025-01-24,NASDAQ PSX (X),5580473,5124262,7721371,18426106,282254407.293700,335739086.534400,470073019.986500,1088066513.814600,70684,25052,96309,192045
2025-01-24,BYX Equities (Y),30672800,19358717,46623224,96654741,1373118886.207300,799959979.784100,1515841365.674800,3688920231.666200,438622,117513,427494,983629
2025-01-24,BZX Equities (Z),163913268,98448526,248041496,510403290,8532706053.237998,5727090962.234202,12345109140.995594,26604906156.467794,2265870,518176,2314852,5098898
2025-01-23,NYSE American (A),3946559,43424722,5601801,52973082,198624122.801200,322992011.717000,233562707.914400,755178842.432600,47348,65921,48033,161302
2025-01-23,NASDAQ BX (B),11386735,9893689,16228080,37508504,947341685.010500,535748512.157000,1014944573.372200,2498034770.539700,204368,90105,208743,503216
2025-01-23,NYSE National (C),16105749,11147887,18414737,45668373,626035623.743600,429109829.787700,653609025.271100,1708754478.802400,203733,67174,201040,471947
2025-01-23,FINRA / Nasdaq TRF Chicago (DB),8439234,3518686,17472458,29430378,438643491.495800,196789057.786600,1227495641.332700,1862928190.615100,67435,18610,130541,216586
2025-01-23,FINRA / NYSE TRF (DN),100836623,55401934,193113132,349351689,4067023566.496399,3572190754.433100,5714713223.063599,13353927543.993098,605508,163317,691227,1460052
2025-01-23,FINRA / Nasdaq TRF Carteret (DQ),2233203226,1033172425,3550849501,6817225152,102084186227.732297,54755444184.266984,133713554695.665437,290553185107.664718,15109650,3371674,16540754,35022078
2025-01-23,MIAX Pearl (H),36563796,41964310,90529112,169057218,925798267.859200,1643024429.996100,1840155218.820300,4408977916.675600,272646,148264,410298,831208
2025-01-23,EDGA Equities (J),22127495,19938741,37762975,79829211,960071935.689700,1187850565.031800,1190337999.100600,3338260499.822100,271216,102333,317467,691016
2025-01-23,EDGX Equities (K),164652708,125704568,465932341,756289617,6327508203.956599,5697476876.774701,16404544798.183792,28429529878.915092,1301812,650006,2600810,4552628
2025-01-23,LTSE (L),15402487,3036349,12194828,30633664,446589121.492400,339145145.226800,504630906.091000,1290365172.810200,42930,5637,34622,83189
2025-01-23,NYSE Texas (M),13728453,14345813,26692632,54766898,1599758934.108900,1803969566.611700,3992733052.771099,7396461553.491699,34058,23913,42219,100190
2025-01-23,NYSE (N),895673695,49711004,80477012,1025861711,53176908495.635108,2441670817.459100,3391639834.756200,59010219147.850408,3247122,195693,699269,4142084
2025-01-23,NYSE Arca (P),211582134,312102458,618981557,1142666149,8849122147.587199,19116595208.725204,16775459489.425408,44741176845.737811,2192836,1478066,4111751,7782653
2025-01-23,NASDAQ (Q),392054198,171712056,1327976640,1891742894,23561999707.415196,10572880799.178395,79039880269.903103,113174760776.496694,6001091,1035905,9898881,16935877
2025-01-23,Members Exchange (U),52672841,50315566,191657803,294646210,2276713080.274100,2340829262.762400,4296730213.342699,8914272556.379199,541449,232933,817647,1592029
2025-01-23,Investors Exchange (V),157351089,50769311,145831086,353951486,9374153485.896297,2640756970.281300,8164399648.167802,20179310104.345399,1964538,272881,1702872,3940291
2025-01-23,NASDAQ PSX (X),6826846,5950699,7568323,20345868,352162081.015300,403222847.995400,420942841.658600,1176327770.669300,86103,34915,95864,216882
2025-01-23,BYX Equities (Y),32914886,20779214,47578747,101272847,1456689532.868700,879745423.708000,1628411597.995699,3964846554.572399,481458,136741,478010,1096209
2025-01-23,BZX Equities (Z),169408623,112920350,222435428,504764401,8956064622.584701,6556250056.369599,11769174746.669001,27281489425.623301,2387244,617530,2451395,5456169
2025-01-22,NYSE American (A),4066474,20768924,6444346,31279744,214749604.722300,264862909.490300,279456353.084200,759068867.296800,48698,69103,51879,169680
2025-01-22,NASDAQ BX (B),11851157,9592465,16400957,37844579,987842730.320800,525152123.563500,1066514776.514600,2579509630.398900,203222,81003,210915,495140
2025-01-22,NYSE National (C),15524972,11531797,17914487,44971256,648235557.197100,407820108.613000,627608511.325600,1683664177.135700,208734,62160,198360,469254
2025-01-22,FINRA / Nasdaq TRF Chicago (DB),8073880,3676341,16963952,28714173,454342672.940700,188725173.943100,1353740714.830200,1996808561.714000,70053,20148,134398,224599
2025-01-22,FINRA / NYSE TRF (DN),82182270,61288970,212869505,356340745,3735757826.470399,3741274088.881800,7599222365.742101,15076254281.094300,644284,181894,763703,1589881
2025-01-22,FINRA / Nasdaq TRF Carteret (DQ),2080531023,1130478319,3703271990,6914281332,108190011904.255427,56958274481.922592,155066715073.671653,320215001459.849672,15946596,3744106,18135127,37825829
2025-01-22,MIAX Pearl (H),37758971,42785409,88431092,168975472,1117408567.004900,1730367543.669300,2117884281.396000,4965660392.070200,308648,151640,415701,875989
2025-01-22,EDGA Equities (J),20943544,18772406,40048372,79764322,896461083.430100,1261155737.208300,1249695137.080300,3407311957.718700,249917,94561,325230,669708
2025-01-22,EDGX Equities (K),153792489,122479201,525096953,801368643,6959173047.225803,5391489936.112101,18840564139.339900,31191227122.677804,1359700,589059,2920138,4868897
2025-01-22,LTSE (L),18608078,1467793,16308427,36384298,489047728.909000,157479264.307400,584379499.465200,1230906492.681600,47238,4565,41930,93733
2025-01-22,NYSE Texas (M),14699675,16010744,27709530,58419949,1274564317.533300,2946373278.555801,3923613103.541799,8144550699.630900,38519,23932,41945,104396
2025-01-22,NYSE (N),964783354,45906373,79947618,1090637345,59377667746.967198,2410335875.257900,3747861808.518800,65535865430.743898,3459791,179043,684521,4323355
2025-01-22,NYSE Arca (P),187742450,334373162,650769148,1172884760,10092995405.769303,20586387004.852209,19674558278.915601,50353940689.537113,2261559,1478798,4585313,8325670
2025-01-22,NASDAQ (Q),412255954,156562880,1430311797,1999130631,25703162278.978986,10608010695.195195,91836401704.790761,128147574678.964942,6333119,957487,10362811,17653417
2025-01-22,Members Exchange (U),49095018,51759904,190055633,290910555,2426453900.225100,2182361801.989801,4996355672.152099,9605171374.367000,550980,224329,873491,1648800
2025-01-22,Investors Exchange (V),168376089,50605983,146615462,365597534,10287917632.680898,2797084881.123500,8709077185.314999,21794079699.119397,2091207,284367,1744807,4120381
2025-01-22,NASDAQ PSX (X),4569711,5811462,7838161,18219334,309013086.598600,394237111.648900,457084242.117600,1160334440.365100,78247,30772,99617,208636
2025-01-22,BYX Equities (Y),33068557,21974800,52336396,107379753,1460734964.188300,925690240.248600,1693592700.260801,4080017904.697701,482122,132329,501308,1115759
2025-01-22,BZX Equities (Z),159516767,103539438,223355177,486411382,9182627848.080899,6461678237.865002,12931050711.295796,28575356797.241697,2405400,592313,2520862,5518575
2025-01-21,NYSE American (A),5249720,25736215,7350433,38336368,271564526.544300,274545923.617900,366297101.818100,912407551.980300,64967,85164,62352,212483
2025-01-21,NASDAQ BX (B),12121505,11372264,18390246,41884015,1045163640.043900,583659458.304300,1130597319.925000,2759420418.273200,209106,116248,224616,549970
2025-01-21,NYSE National (C),15359995,10194229,20028947,45583171,612758226.554600,409586332.083100,662895928.679800,1685240487.317500,218091,64913,205676,488680
2025-01-21,FINRA / Nasdaq TRF Chicago (DB),9537177,4594140,18663865,32795182,463254077.976600,220938716.850600,1398947311.491100,2083140106.318300,81854,24732,161295,267881
2025-01-21,FINRA / NYSE TRF (DN),91109401,61283040,211480821,363873262,4168442527.882699,2773740070.868700,5850496982.758796,12792679581.510195,688210,228872,792478,1709560
2025-01-21,FINRA / Nasdaq TRF Carteret (DQ),2277851780,1332523541,4098149230,7708524551,118888376362.334458,65811637375.328735,162044633503.654118,346744647241.317311,16907825,4687530,19714497,41309852
2025-01-21,MIAX Pearl (H),40777969,47488786,101241301,189508056,1274260481.365700,1570963467.174200,2112943336.625500,4958167285.165400,331833,166299,466715,964847
2025-01-21,EDGA Equities (J),23674002,20149291,45914205,89737498,1049223189.610200,1204857284.236200,1334355792.421500,3588436266.267900,280602,104547,352273,737422
2025-01-21,EDGX Equities (K),171357683,155349953,585652239,912359875,7256306967.259301,5949033137.111405,19747922284.557294,32953262388.928000,1428275,806730,3082501,5317506
2025-01-21,LTSE (L),17041930,1953339,14548693,33543962,487013561.041200,177430053.573100,605213299.257200,1269656913.871500,49309,5102,40747,95158
2025-01-21,NYSE Texas (M),14549498,13873373,23626265,52049136,1501612768.584300,2030728549.445000,3201782813.330898,6734124131.360198,37303,23560,44796,105659
2025-01-21,NYSE (N),1072087428,49340778,87110512,1208538718,67275192897.179306,2511177088.274199,3643541347.397300,73429911332.850805,3591257,210247,729194,4530698
2025-01-21,NYSE Arca (P),202785090,406994647,741818597,1351598334,10041106455.040703,23953897798.325903,20536121243.605007,54531125496.971613,2431760,1902702,4769315,9103777
2025-01-21,NASDAQ (Q),426863346,180425093,1566244233,2173532672,26191707454.396092,11587940017.775699,101118834885.963603,138898482358.135394,6501932,1152711,10788815,18443458
2025-01-21,Members Exchange (U),53182985,54711036,232347467,340241488,2452701339.305200,2399207718.705000,4915895041.250599,9767804099.260799,599016,255229,935371,1789616
2025-01-21,Investors Exchange (V),172899010,51744604,159697087,384340701,10536999461.033200,2951875820.170700,9204158691.715199,22693033972.919099,2154232,318897,1853900,4327029
2025-01-21,NASDAQ PSX (X),4654361,6243638,8755398,19653397,306310452.443400,410237354.633600,451054284.703600,1167602091.780600,72314,34054,103954,210322
2025-01-21,BYX Equities (Y),34473553,23772600,57486582,115732735,1608116978.741000,949506940.432400,1855541748.711698,4413165667.885098,529339,148474,529813,1207626
2025-01-21,BZX Equities (Z),168386796,123381644,278149130,569917570,9732422317.269399,6988043892.952798,12792231302.039400,29512697512.261597,2562887,692979,2664279,5920145
2025-01-17,NYSE American (A),5464758,21872296,7574260,34911314,287843700.266400,280167074.210100,326194484.821700,894205259.298200,60422,68873,61525,190820
2025-01-17,NASDAQ BX (B),10505898,10937601,15573545,37017044,830260934.874300,588827481.995900,1000481345.507200,2419569762.377400,179427,77612,195114,452153
2025-01-17,NYSE National (C),14374627,9922885,17608405,41905917,550617473.220500,387729970.296800,562869739.304000,1501217182.821300,192860,57082,180279,430221
2025-01-17,FINRA / Nasdaq TRF Chicago (DB),7895143,3655593,18208073,29758809,386770187.988500,214913672.987500,1334117803.406100,1935801664.382100,60472,19278,129814,209564
2025-01-17,FINRA / NYSE TRF (DN),93746814,65571671,247524893,406843378,3943677853.823100,5527981440.888203,10046135255.799707,19517794550.511010,588609,170902,685929,1445440
2025-01-17,FINRA / Nasdaq TRF Carteret (DQ),1935090862,1026698503,4141539517,7103328882,94285767227.818934,55137981564.898485,146044109852.859145,295467858645.576564,14389601,3556763,16357535,34303899
2025-01-17,MIAX Pearl (H),35561179,42431710,108531238,186524127,1021405740.889500,1607971535.052800,2000045513.296400,4629422789.238700,282508,143358,422353,848219
2025-01-17,EDGA Equities (J),22626206,19416538,45579743,87622487,865141940.238600,1405409850.122800,1311500390.550200,3582052180.911600,251232,96686,312311,660229
2025-01-17,EDGX Equities (K),142815207,130470657,526679084,799964948,6218421818.252198,6128019612.205600,19055274073.586698,31401715504.044496,1259119,658245,2785269,4702633
2025-01-17,LTSE (L),15053781,1725217,12947214,29726212,450913988.075100,139160599.744800,399170959.446800,989245547.266700,43425,4811,33693,81929
2025-01-17,NYSE Texas (M),37829647,20973289,61660992,120463928,3542679074.912701,3798706979.165799,10695571011.122405,18036957065.200905,35717,22572,42962,101251
2025-01-17,NYSE (N),1170433454,45307804,78137015,1293878273,79159604479.076608,2348733956.997600,3473740766.144100,84982079202.218308,3415057,172391,669764,4257212
2025-01-17,NYSE Arca (P),177563475,359066066,700092338,1236721879,9004588500.817296,22595552528.975096,18682357379.770909,50282498409.563301,2069379,1546103,4167610,7783092
2025-01-17,NASDAQ (Q),385311046,170521450,1554529938,2110362434,22786151823.433699,11837939947.750295,107537165960.575737,142161257731.759731,5899911,1024149,9977075,16901135
2025-01-17,Members Exchange (U),47304406,49683666,273210029,370198101,2308408971.169700,2404235441.123201,5022167256.294000,9734811668.586901,560004,228042,866990,1655036
2025-01-17,Investors Exchange (V),166632058,55917645,153018804,375568507,9251259798.751498,2982978626.312100,8341917774.788900,20576156199.852498,1976332,289122,1700317,3965771
2025-01-17,NASDAQ PSX (X),4754852,5500876,8598444,18854172,292579977.869000,442308494.654400,447273816.121100,1182162288.644500,68797,28580,100103,197480
2025-01-17,BYX Equities (Y),33504951,22961060,52836450,109302461,1373198520.852500,990198257.268600,1672556017.533000,4035952795.654100,454043,125193,470909,1050145
2025-01-17,BZX Equities (Z),151002252,114769085,254613434,520384771,8529989925.416699,7160245933.418300,13026343010.136205,28716578868.971204,2240575,617360,2353193,5211128
2025-01-16,NYSE American (A),4691259,28103992,7008071,39803322,253786225.259600,234659227.727700,282022491.331900,770467944.319200,58561,84131,61532,204224
2025-01-16,NASDAQ BX (B),11327413,11029502,16575988,38932903,823107216.385000,526913081.459200,1036654897.238700,2386675195.082900,187352,106910,222555,516817
2025-01-16,NYSE National (C),14985837,8791087,16748094,40525018,580995936.154700,379264477.833700,581790150.197200,1542050564.185600,209927,64949,203194,478070
2025-01-16,FINRA / Nasdaq TRF Chicago (DB),7526193,4531411,16160348,28217952,401402651.051400,151466616.643000,1095815015.655700,1648684283.350100,71078,19859,129190,220127
2025-01-16,FINRA / NYSE TRF (DN),82932682,83457360,186998712,353388754,3562977683.238801,2457217544.083601,5723278551.500104,11743473778.822506,601438,187078,692175,1480691
2025-01-16,FINRA / Nasdaq TRF Carteret (DQ),2086210306,1595731967,3552645554,7234587827,97414085880.611290,57693493323.630082,132664131513.655257,287771710717.896629,14750146,3592760,16035958,34378864
2025-01-16,MIAX Pearl (H),37724108,60378029,86651487,184753624,986088343.527500,1599886632.023100,1802553790.885000,4388528766.435600,295072,170465,391301,856838
2025-01-16,EDGA Equities (J),23540134,25386282,45290515,94216931,931107774.093000,1140525647.913599,1311981426.198100,3383614848.204699,273040,105539,330403,708982
2025-01-16,EDGX Equities (K),150221616,155862972,509500859,815585447,6313142583.907098,5549636858.810402,16071350804.076894,27934130246.794394,1289559,659032,2727546,4676137
2025-01-16,LTSE (L),15277330,2697737,12476662,30451729,389617743.427100,152101145.080100,481246084.518100,1022964973.025300,36952,4797,32189,73938
2025-01-16,NYSE Texas (M),13136202,13570705,21354234,48061141,1067767138.675900,2303969916.398300,2682030260.534199,6053767315.608399,31799,21283,39064,92146
2025-01-16,NYSE (N),913091014,46789343,70681254,1030561611,53271399044.894805,2309361727.575900,3257034648.800100,58837795421.270805,3460755,186944,628221,4275920
2025-01-16,NYSE Arca (P),199220872,465211855,743731217,1408163944,9356381090.570802,21459854837.407598,16683961467.299602,47500197395.278002,2197797,1712664,4312017,8222478
2025-01-16,NASDAQ (Q),402216872,183396007,1336818502,1922431381,23047584967.507007,10942283781.538697,77862521838.845884,111852390587.891588,5925394,1051686,9830710,16807790
2025-01-16,Members Exchange (U),49984374,80325296,215364028,345673698,2175874013.831200,2301022982.406100,4336147900.836701,8813044897.074001,556588,255455,864007,1676050
2025-01-16,Investors Exchange (V),168416858,55642748,144967399,369027005,9558309422.018803,2891332278.152000,8139348752.805697,20588990452.976500,2021106,291322,1741662,4054090
2025-01-16,NASDAQ PSX (X),6314873,5490384,8834871,20640128,351891518.058000,390505002.285000,470601777.659700,1212998298.002700,80814,29034,100886,210734
2025-01-16,BYX Equities (Y),33324702,29006794,50751570,113083066,1357068023.536400,969589142.981700,1617185780.697900,3943842947.216000,459658,142945,489254,1091857
2025-01-16,BZX Equities (Z),154996971,112130764,230649067,497776802,8533475658.230201,6339181350.225101,10736035225.083300,25608692233.538602,2285973,618222,2298579,5202774
2025-01-15,NYSE American (A),6143354,22892470,8248250,37284074,312406214.210700,318660064.622000,379564031.701200,1010630310.533900,68660,78016,68189,214865
2025-01-15,NASDAQ BX (B),12958233,11083027,17155448,41196708,990229187.831600,592979266.903600,1060140624.888000,2643349079.623200,215476,102691,227484,545651
2025-01-15,NYSE National (C),14643704,11109034,17752542,43505280,598776841.270000,466804374.645200,598493036.144000,1664074252.059200,204574,66696,196296,467566
2025-01-15,FINRA / Nasdaq TRF Chicago (DB),7999622,3855692,17164098,29019412,419017423.851500,210311687.257800,1194252353.185000,1823581464.294300,74025,21171,132816,228012
2025-01-15,FINRA / NYSE TRF (DN),97131373,62794319,192253594,352179286,4078828396.843700,2635951401.091000,5470564841.187401,12185344639.122101,669254,193894,723659,1586807
2025-01-15,FINRA / Nasdaq TRF Carteret (DQ),2136696265,1214361367,3581193250,6932250882,102278235257.845093,62480416592.978691,134286332858.790222,299044984709.614006,14768525,3726460,16300608,34795593
2025-01-15,MIAX Pearl (H),39406060,51832944,94417026,185656030,1096309405.484600,2468068617.840200,2018816343.722600,5583194367.047400,305236,180163,430034,915433
2025-01-15,EDGA Equities (J),23589850,22027325,44482392,90099567,926076639.230100,1395653156.132700,1366993998.340800,3688723793.703600,263852,104537,334859,703248
2025-01-15,EDGX Equities (K),167120905,143235955,514341315,824698175,6740452089.298099,6971426494.627896,17365963391.469986,31077841975.395981,1400481,689753,2851653,4941887
2025-01-15,LTSE (L),16002739,1836940,12865442,30705121,449316977.140000,119247809.155300,383285986.576100,951850772.871400,41828,4979,36186,82993
2025-01-15,NYSE Texas (M),14279725,18947564,23335335,56562624,1631966080.873700,2422459285.693100,3041453976.876700,7095879343.443500,38843,23012,45810,107665
2025-01-15,NYSE (N),1027855368,50025724,80462133,1158343225,61530333305.180410,2941925901.453800,3450362500.407201,67922621707.041411,3554736,191420,665626,4411782
2025-01-15,NYSE Arca (P),224412465,413872624,733198193,1371483282,9833348840.189298,27602653457.389499,19068538666.391800,56504540963.970597,2333728,1835662,4514818,8684208
2025-01-15,NASDAQ (Q),425249837,195377850,1506699063,2127326750,24573360740.602496,14315789123.892794,92786124919.265866,131675274783.761156,6157618,1157960,10267530,17583108
2025-01-15,Members Exchange (U),55080280,62097052,194819765,311997097,2404598745.220500,2972804220.545099,4735436120.909401,10112839086.675000,590212,285075,895164,1770451
2025-01-15,Investors Exchange (V),186202569,56169712,163019721,405392002,10795212937.229901,3441915101.873900,9378686277.160403,23615814316.264204,2302570,313913,1935343,4551826
2025-01-15,NASDAQ PSX (X),6720445,6066988,10662640,23450073,428525462.080900,634652376.021500,547850271.092500,1611028109.194900,91544,32487,116100,240131
2025-01-15,BYX Equities (Y),38455651,25258346,51994002,115707999,1467983170.549700,1149181235.227100,1644429843.765800,4261594249.542600,482480,143026,491970,1117476
2025-01-15,BZX Equities (Z),162673143,123506619,230718415,516898177,8636744031.507800,8355529473.404702,11867022650.177500,28859296155.090002,2279734,680396,2387671,5347801
2025-01-14,NYSE American (A),5248978,23514467,6714917,35478362,279477411.711600,315526686.879100,314473953.380300,909478051.971000,61344,69039,63558,193941
2025-01-14,NASDAQ BX (B),13882494,10512154,17422783,41817431,916097715.272900,594068470.566900,928131388.840500,2438297574.680300,201987,88051,213072,503110
2025-01-14,NYSE National (C),14859313,10199503,16925700,41984516,490561754.927300,426648849.051500,512984319.865800,1430194923.844600,184213,65103,182793,432109
2025-01-14,FINRA / Nasdaq TRF Chicago (DB),7412067,3463042,17422802,28297911,429196252.268800,162082150.173100,1197423200.623800,1788701603.065700,70428,20206,145638,236272
2025-01-14,FINRA / NYSE TRF (DN),80943919,59488301,197770965,338203185,3091509170.090801,3580161230.007600,5776307721.613606,12447978121.712007,589875,177475,688166,1455516
2025-01-14,FINRA / Nasdaq TRF Carteret (DQ),1970115385,1128691357,3689415792,6788222534,91946727461.854762,53720976637.493077,129918515489.586763,275586219588.934602,14469465,3542492,16377904,34389861
2025-01-14,MIAX Pearl (H),38368955,53044987,91510826,182924768,971867887.053700,1873428311.204500,1789740726.444600,4635036924.702800,286066,171291,432743,890100
2025-01-14,EDGA Equities (J),21262119,20053239,41669765,82985123,779341510.390200,1201732334.442800,1396116178.966500,3377190023.799500,243713,100151,332051,675915
2025-01-14,EDGX Equities (K),148711639,134023936,512998666,795734241,5887066938.131501,6217744137.460201,16021734215.919211,28126545291.510913,1260762,665427,2978386,4904575
2025-01-14,LTSE (L),14396897,1767899,12897462,29062258,388923724.514000,123444741.845700,431246759.185600,943615225.545300,39667,4812,34911,79390
2025-01-14,NYSE Texas (M),9467432,14204957,18156089,41828478,737448287.110600,1922515814.509900,2617723382.133999,5277687483.754499,38922,22986,44167,106075
2025-01-14,NYSE (N),943370707,49541792,72380036,1065292535,53915868709.007704,2638743930.782500,3092919449.169600,59647532088.959804,3394025,185559,648802,4228386
2025-01-14,NYSE Arca (P),182046478,378641260,720873133,1281560871,8319094143.522496,23848219672.549899,17174416104.096788,49341729920.169183,2055124,1720112,4633852,8409088
2025-01-14,NASDAQ (Q),381836979,185020343,1362065928,1928923250,22274271878.695308,12735350083.767397,75527610968.657412,110537232931.120117,5811882,1093506,10111899,17017287
2025-01-14,Members Exchange (U),47158586,56846113,186137998,290142697,2026803033.272800,2609963268.118300,4305630136.354001,8942396437.745101,530594,252361,891263,1674218
2025-01-14,Investors Exchange (V),161854683,52881732,146145846,360882261,9231352324.830699,3086342838.666999,7835153991.645300,20152849155.142998,2001603,293087,1730639,4025329
2025-01-14,NASDAQ PSX (X),5309068,5114730,8062593,18486391,338464944.534500,468771326.644200,459993851.079200,1267230122.257900,75479,27748,99865,203092
2025-01-14,BYX Equities (Y),35680340,22428726,52506104,110615170,1330266949.994800,1002882278.427100,1572478170.205300,3905627398.627200,444483,135648,494961,1075092
2025-01-14,BZX Equities (Z),147503641,118657367,213374464,479535472,7758144682.005402,7214954727.281599,10264267048.665801,25237366457.952802,2198539,644421,2284367,5127327
2025-01-13,NYSE American (A),5160850,28376950,6906274,40444074,253731163.527000,316610440.379200,283569536.071300,853911139.977500,60002,95005,60930,215937
2025-01-13,NASDAQ BX (B),12185963,11048584,18941945,42176492,922979944.642400,552371579.482500,1041166087.300700,2516517611.425600,208086,87110,233738,528934
2025-01-13,NYSE National (C),14056154,10231092,16926309,41213555,512631039.241200,417033658.753700,562708038.253900,1492372736.248800,192618,66354,185239,444211
2025-01-13,FINRA / Nasdaq TRF Chicago (DB),7425611,4348938,17230779,29005328,348239578.296000,191249316.489500,961366873.916800,1500855768.702300,74180,25449,146902,246531
2025-01-13,FINRA / NYSE TRF (DN),83422083,78155865,208921335,370499283,3170840011.591900,3822688758.236703,5737676970.392300,12731205740.220903,624619,213632,734225,1572476
2025-01-13,FINRA / Nasdaq TRF Carteret (DQ),2124830663,1351709670,3812275502,7288815835,99379496953.310409,58558909164.645588,128550283608.916376,286488689726.872373,15780533,4308676,18067554,38156763
2025-01-13,MIAX Pearl (H),35778103,57239181,97751227,190768511,841465206.217200,1904337260.646400,1757224785.004100,4503027251.867700,275073,195243,427769,898085
2025-01-13,EDGA Equities (J),25388591,19671017,46434384,91493992,879510376.814700,1179498626.008300,1456486252.523300,3515495255.346300,266681,106969,337679,711329
2025-01-13,EDGX Equities (K),154817555,153624047,608046103,916487705,5846937253.054697,6260606206.214199,16016202995.085499,28123746454.354395,1373341,780251,3216400,5369992
2025-01-13,LTSE (L),15489943,1999929,13609210,31099082,459710158.287600,152684057.295000,388500933.010400,1000895148.593000,43474,4781,35210,83465
2025-01-13,NYSE Texas (M),13422003,14784695,16061244,44267942,858886841.627500,2347397816.825300,2151497663.076200,5357782321.529000,36046,26446,45254,107746
2025-01-13,NYSE (N),1022857075,47387713,79089465,1149334253,59472287876.313794,2666231240.523000,3349354556.102100,65487873672.938894,3616677,201362,695911,4513950
2025-01-13,NYSE Arca (P),192415605,425151841,893366834,1510934280,8798965064.401197,25356138785.040505,18694940761.253001,52850044610.694703,2266980,2004225,5082470,9353675
2025-01-13,NASDAQ (Q),410386396,188501246,1550728534,2149616176,22778697782.585810,12710963946.914700,83799992398.039080,119289654127.539590,6155794,1198712,10893398,18247904
2025-01-13,Members Exchange (U),50236055,64176546,229856794,344269395,2028547486.080400,2821586623.750401,4290991580.054196,9141125689.884997,572017,292131,942750,1806898
2025-01-13,Investors Exchange (V),174453077,58153520,162143065,394749662,9570649973.596202,3157107842.857999,8434034866.161101,21161792682.615302,2157039,321403,1876617,4355059
2025-01-13,NASDAQ PSX (X),7651861,5573670,10208624,23434155,477185039.012700,502327008.982300,523141273.537500,1502653321.532500,104102,33311,123523,260936
2025-01-13,BYX Equities (Y),32932429,23297715,54476680,110706824,1309387226.208500,1026632978.904900,1561242466.025800,3897262671.139200,461164,141924,501446,1104534
2025-01-13,BZX Equities (Z),154815031,125319747,239754162,519888940,7922696654.681699,7375227989.327897,10440048905.536902,25737973549.546498,2344434,716839,2479624,5540897
2025-01-10,NYSE American (A),7440422,26290179,8876041,42606642,397580336.930000,397345830.181900,426651626.246000,1221577793.357900,80251,85043,73983,239277
2025-01-10,NASDAQ BX (B),13376948,14894002,18800206,47071156,967383059.153200,830357686.498000,1091353133.014600,2889093878.665800,217795,108678,224963,551436
2025-01-10,NYSE National (C),18146975,13769827,19269220,51186022,581733840.814200,550598725.298000,616030186.819700,1748362752.931900,209385,84198,196626,490209
2025-01-10,FINRA / Nasdaq TRF Chicago (DB),9967401,4052787,19141158,33161346,522281476.006200,214947152.816100,1134817564.104300,1872046192.926600,90748,29766,157726,278240
2025-01-10,FINRA / NYSE TRF (DN),88267620,70060712,228272727,386601059,3533813854.502000,3712548086.460900,5965510823.729999,13211872764.692899,658060,220156,811361,1689577
2025-01-10,FINRA / Nasdaq TRF Carteret (DQ),2245243818,1377635804,4518677385,8141557007,104824305702.801129,71190083281.669583,141777443310.357239,317791832294.827951,17098756,4762447,19178321,41039524
2025-01-10,MIAX Pearl (H),41309906,68582079,100610942,210502927,1021567279.823100,2655846360.496299,2059142692.440400,5736556332.759799,312710,230280,440706,983696
2025-01-10,EDGA Equities (J),25998989,29807471,48021357,103827817,905210227.919700,2052679907.478400,1562227921.569098,4520118056.967198,270976,131120,335778,737874
2025-01-10,EDGX Equities (K),177785471,174591812,555038916,907416199,6736208670.840197,8946439112.344006,17445969135.447907,33128616918.632110,1553805,905641,3281128,5740574
2025-01-10,LTSE (L),15969758,2418235,15471113,33859106,441432499.866100,300310873.652600,808063969.540400,1549807343.059100,42168,6681,40282,89131
2025-01-10,NYSE Texas (M),9891491,13736355,17263547,40891393,868907626.085400,1764802416.867100,1771011957.427300,4404722000.379800,38296,29020,46392,113708
2025-01-10,NYSE (N),1066489592,62214592,84419655,1213123839,60553978256.482294,3641464464.807499,3782227109.230499,67977669830.520292,3903595,243994,710901,4858490
2025-01-10,NYSE Arca (P),217812806,494208623,824452543,1536473972,10023352883.081502,33356369464.114291,19908726384.880696,63288448732.076489,2515769,2348993,5114742,9979504
2025-01-10,NASDAQ (Q),454967909,232410892,1619189351,2306568152,25553457242.801904,18291204141.342399,95011251002.544576,138855912386.688879,6714911,1469416,11646649,19830976
2025-01-10,Members Exchange (U),58735536,81303582,213063211,353102329,2469995934.643300,3726223438.744398,4902111895.307901,11098331268.695599,644341,340221,972596,1957158
2025-01-10,Investors Exchange (V),198949193,69265852,178441472,446656517,10974221174.976097,4034318808.060900,9797831934.309900,24806371917.346897,2342455,369504,2008487,4720446
2025-01-10,NASDAQ PSX (X),7821138,7616940,11214928,26653006,454726758.165000,729008646.761300,630259307.161500,1813994712.087800,99862,38537,113009,251408
2025-01-10,BYX Equities (Y),40816939,30777984,59294360,130889283,1580413825.324100,1446218560.137200,1882367143.065601,4908999528.526901,522046,177247,528149,1227442
2025-01-10,BZX Equities (Z),173371388,159267957,247593290,580232635,9147039965.451600,10288639170.685202,13615919707.325507,33051598843.462309,2535853,901168,2640900,6077921
2025-01-08,NYSE American (A),5985729,26249692,8522647,40758068,308903296.754600,297972506.081100,371175796.708600,978051599.544300,70239,86202,71498,227939
2025-01-08,NASDAQ BX (B),12178525,10267741,17858440,40304706,735320764.937800,505706811.693300,985885014.373900,2226912591.005000,179601,80246,205411,465258
2025-01-08,NYSE National (C),15350183,10392537,17450047,43192767,423658696.247100,384576259.447100,510431841.532900,1318666797.227100,177738,68513,175718,421969
2025-01-08,FINRA / Nasdaq TRF Chicago (DB),9430704,3807089,20764550,34002343,373505970.617100,163978625.522800,1129026520.369100,1666511116.509000,79642,21274,153529,254445
2025-01-08,FINRA / NYSE TRF (DN),91950297,64360095,264310758,420621150,3181855213.153500,2472235092.732900,5563469676.145802,11217559982.032202,599215,194648,792665,1586528
2025-01-08,FINRA / Nasdaq TRF Carteret (DQ),2130155536,1215980349,4560357567,7906493452,89249793253.300579,54170455728.457071,133164171773.943041,276584420755.700691,14965084,3730820,18049395,36745299
2025-01-08,MIAX Pearl (H),40565921,59971160,113376740,213913821,917226766.073500,2151141809.744500,1891601043.427900,4959969619.245900,293804,200114,455130,949048
2025-01-08,EDGA Equities (J),25306891,21693558,46647681,93648130,836932429.307700,1330205499.822199,1189997392.300299,3357135321.430198,249317,99513,316374,665204
2025-01-08,EDGX Equities (K),179505738,176369692,674548115,1030423545,5700019407.076496,6474352738.436099,17129603301.949984,29303975447.462579,1496680,879023,3322876,5698579
2025-01-08,LTSE (L),14732089,3019922,15979129,33731140,411413862.018000,383910408.063000,692178202.402300,1487502472.483300,40273,7844,44411,92528
2025-01-08,NYSE Texas (M),10539284,19939454,16211705,46690443,780070446.676400,3256319452.637002,2345222315.087800,6381612214.401202,39184,22542,45012,106738
2025-01-08,NYSE (N),1003056529,54823265,77859268,1135739062,55183998331.925689,2622906103.063100,2936917321.017600,60743821756.006389,3338647,207071,676548,4222266
2025-01-08,NYSE Arca (P),215882396,429810486,1000977140,1646670022,8095617261.449599,22923674397.049990,17730638956.765085,48749930615.264674,2288498,2154161,5305402,9748061
2025-01-08,NASDAQ (Q),398693028,197803993,1592422775,2188919796,19922760548.676702,12588465021.977400,79681848460.360223,112193074031.014325,5697914,1288218,10692287,17678419
2025-01-08,Members Exchange (U),51024730,68065200,250920162,370010092,1954860229.749000,2997596550.499701,4125594880.086298,9078051660.334999,569143,295967,953297,1818407
2025-01-08,Investors Exchange (V),167923407,52971656,160069866,380964929,8519592762.996601,2888046862.920899,7981901974.851801,19389541600.769301,2036082,299104,1811953,4147139
2025-01-08,NASDAQ PSX (X),6741594,6075301,9145758,21962653,316107319.376500,517087859.097600,450640436.372800,1283835614.846900,75393,32687,104412,212492
2025-01-08,BYX Equities (Y),36105887,22851298,54454627,113411812,1255136747.730000,979197320.500800,1616039155.147400,3850373223.378200,452849,146519,481836,1081204
2025-01-08,BZX Equities (Z),146450441,132445208,234995046,513890695,7240914174.794298,7617665677.802897,10653723276.121095,25512303128.718290,2170412,740648,2376209,5287269
2025-01-07,NYSE American (A),4746224,24790363,11123505,40660092,222363295.185000,326357096.227900,370180499.957200,918900891.370100,52296,84122,69092,205510
2025-01-07,NASDAQ BX (B),12590777,12690105,25333179,50614061,847317339.535500,682556604.379500,1155494957.436500,2685368901.351500,201350,108792,247768,557910
2025-01-07,NYSE National (C),13529681,13865570,19112349,46507600,409629697.671200,483795591.107900,581000000.558200,1474425289.337300,169347,81367,184358,435072
2025-01-07,FINRA / Nasdaq TRF Chicago (DB),9483889,3780413,26854793,40119095,365606787.699700,184477262.837500,1426000809.332100,1976084859.869300,80256,24272,172582,277110
2025-01-07,FINRA / NYSE TRF (DN),88427218,78086401,529418878,695932497,3051535482.191900,3626970388.241800,7061813538.301002,13740319408.734702,595585,205036,870348,1670969
2025-01-07,FINRA / Nasdaq TRF Carteret (DQ),2125763665,1201944555,7540085147,10867793367,91990776860.846600,60535262829.765676,149757376283.540521,302283415974.152797,15317580,4122700,19757457,39197737
2025-01-07,MIAX Pearl (H),47747658,65477090,176666723,289891471,1057972559.769800,2234955404.557500,2464839445.160699,5757767409.487999,310410,215215,545686,1071311
2025-01-07,EDGA Equities (J),24062648,23255819,88131604,135450071,816879002.854200,1287260170.329500,1574234432.047400,3678373605.231100,251230,99634,363267,714131
2025-01-07,EDGX Equities (K),185381241,161493828,996895405,1343770474,5834139818.048698,7048320351.063898,20524640479.060700,33407100648.173296,1403970,795275,3725772,5925017
2025-01-07,LTSE (L),17062472,2635704,17099385,36797561,428359872.703100,405355433.045800,619211865.665500,1452927171.414400,48960,6552,45896,101408
2025-01-07,NYSE Texas (M),14395838,11415025,29959498,55770361,891742445.509900,1179750732.086200,2819421634.340201,4890914811.936301,42729,25827,63468,132024
2025-01-07,NYSE (N),1014674578,60169400,88182732,1163026710,55152577460.969701,3261942049.489899,4068637692.584000,62483157203.043600,3526825,222954,742832,4492611
2025-01-07,NYSE Arca (P),237096646,432291586,1566619458,2236007690,8341806589.473097,26677176744.773874,22445370683.848601,57464354018.095572,2367106,2069939,5909929,10346974
2025-01-07,NASDAQ (Q),411236601,218990199,1807185722,2437412522,21347997159.772399,14369856569.135198,96039313310.257532,131757167039.165129,6007301,1313356,11837490,19158147
2025-01-07,Members Exchange (U),55858835,70477237,453182745,579518817,2158683395.623600,3039446119.858201,5323652759.771797,10521782275.253598,586244,297918,1100240,1984402
2025-01-07,Investors Exchange (V),172700385,56880173,183147018,412727576,9093009547.108297,3266786522.874800,8973709966.796600,21333506036.779697,2067556,313653,1878507,4259716
2025-01-07,NASDAQ PSX (X),5200168,6695644,11999607,23895419,278026183.106400,588501900.744100,494222465.704900,1360750549.555400,71365,33297,113699,218361
2025-01-07,BYX Equities (Y),33479613,27155159,84355206,144989978,1228932091.175700,1132981227.112800,1660230012.720800,4022143331.009300,458216,160674,521530,1140420
2025-01-07,BZX Equities (Z),157358075,145172177,314045319,616575571,7436006685.082401,8300835381.491397,12808659338.666995,28545501405.240793,2278722,795976,2654485,5729183
2025-01-06,NYSE American (A),6551811,33044629,9461393,49057833,338387842.882700,333597911.226500,440213330.222300,1112199084.331500,75605,105856,80347,261808
2025-01-06,NASDAQ BX (B),12194567,12082215,17296220,41573002,856378269.671900,674361147.082400,1051462716.053900,2582202132.808200,200759,110331,226830,537920
2025-01-06,NYSE National (C),14898610,12947880,19097695,46944185,506896661.907200,476889535.625300,554614727.769300,1538400925.301800,202677,79520,196588,478785
2025-01-06,FINRA / Nasdaq TRF Chicago (DB),9283884,4291308,20426003,34001195,358625874.423700,188214741.113600,1392316709.331000,1939157324.868300,91584,27108,188604,307296
2025-01-06,FINRA / NYSE TRF (DN),102718106,86136176,343109075,531963357,3325926301.663599,3012742171.765301,7749638059.929801,14088306533.358701,641457,224961,874544,1740962
2025-01-06,FINRA / Nasdaq TRF Carteret (DQ),2423603667,1467531143,5417383170,9308517980,100072253788.215173,59315515485.793376,156201218536.869038,315588987810.877587,16360933,4579916,19858891,40799740
2025-01-06,MIAX Pearl (H),49756078,60623163,123631787,234011028,1000667745.405700,1897935917.263900,2239062569.878300,5137666232.547900,310595,194538,470935,976068
2025-01-06,EDGA Equities (J),25072096,22722880,47476550,95271526,921014819.123500,1307029766.833000,1453775523.679300,3681820109.635800,280863,120827,325792,727482
2025-01-06,EDGX Equities (K),224620677,186501698,736557869,1147680244,6520018904.360102,6694971790.443805,22257566639.964401,35472557334.768308,1517424,855261,3696530,6069215
2025-01-06,LTSE (L),14309659,2452259,17888446,34650364,367044426.605000,196256603.625900,566340716.301500,1129641746.532400,44264,5637,45201,95102
2025-01-06,NYSE Texas (M),19678569,14908190,17646234,52232993,1365297430.302700,1994328467.862499,2195697676.761800,5555323574.926999,40640,28899,47936,117475
2025-01-06,NYSE (N),1059962458,53036268,80644046,1193642772,57756511253.396001,2715785807.061100,3557555986.008900,64029853046.466001,3547669,197294,708326,4453289
2025-01-06,NYSE Arca (P),285477092,483388008,949959822,1718824922,9050240340.162595,24394857054.439199,21544882113.185401,54989979507.787195,2544879,2104171,5598127,10247177
2025-01-06,NASDAQ (Q),423827949,201089788,1732237072,2357154809,21810648268.358196,12468488053.673308,98126453034.127393,132405589356.158897,6071503,1212481,11702571,18986555
2025-01-06,Members Exchange (U),63208492,79654520,301144923,444007935,2075791926.435600,2702326389.361900,5120001822.994998,9898120138.792498,602369,298773,984056,1885198
2025-01-06,Investors Exchange (V),167751966,57156836,168709948,393618750,9029210134.350699,3063501732.448500,8744977772.561999,20837689639.361198,2071862,310221,1879102,4261185
2025-01-06,NASDAQ PSX (X),6509741,5949463,10107532,22566736,269828608.070400,476971560.712400,427810886.813500,1174611055.596300,77859,34253,110204,222316
2025-01-06,BYX Equities (Y),37639364,28814017,58089477,124542858,1345293963.817300,1131065478.926000,1648571435.969900,4124930878.713200,490608,160284,506246,1157138
2025-01-06,BZX Equities (Z),168106440,134021431,264569787,566697658,7755806275.664503,7611616221.151899,13020045563.701493,28387468060.517895,2318731,743421,2627019,5689171
2025-01-03,NYSE American (A),5527234,25657680,7424025,38608939,291055442.314300,274360005.542100,379968652.248300,945384100.104700,67948,81472,68393,217813
2025-01-03,NASDAQ BX (B),10669247,9836270,17112758,37618275,713068704.100100,522273415.599700,831826309.889200,2067168429.589000,165909,109966,192042,467917
2025-01-03,NYSE National (C),13510189,10353237,15196531,39059957,404854445.109400,373899101.419100,472576753.247300,1251330299.775800,168188,62383,159758,390329
2025-01-03,FINRA / Nasdaq TRF Chicago (DB),7540553,3356598,19563052,30460203,328962368.208600,167711242.301700,1241327907.124600,1738001517.634900,70977,20713,156594,248284
2025-01-03,FINRA / NYSE TRF (DN),80659280,58120253,252715725,391495258,2809213931.263199,2296808324.164100,5053528366.621799,10159550622.049098,537049,171374,752460,1460883
2025-01-03,FINRA / Nasdaq TRF Carteret (DQ),1817502007,1087327720,4353661550,7258491277,78305434368.245604,48527987063.428210,131593794201.302121,258427215632.975935,13894433,3748601,17691318,35334352
2025-01-03,MIAX Pearl (H),33891763,48203899,117690645,199786307,808641059.210600,1576346828.090500,1978227155.406200,4363215042.707300,253972,150910,484962,889844
2025-01-03,EDGA Equities (J),20598298,19701941,43558137,83858376,726595485.956800,1189592868.184000,1137390921.648600,3053579275.789400,232058,123901,304088,660047
2025-01-03,EDGX Equities (K),143640187,134251683,612746292,890638162,4839505503.196699,5461084385.887901,17272454956.602583,27573044845.687183,1105092,635613,2935753,4676458
2025-01-03,LTSE (L),10038780,1838478,13830540,25707798,300557689.353000,192280450.679200,401661725.887100,894499865.919300,43539,5094,41032,89665
2025-01-03,NYSE Texas (M),14313774,14146204,25104765,53564743,1033588069.042900,2106524971.393500,3099875173.321601,6239988213.758001,35801,25576,43279,104656
2025-01-03,NYSE (N),816968919,46156445,80048891,943174255,44652068090.328093,2474696030.999300,3033526265.258899,50160290386.586292,2862445,173235,624665,3660345
2025-01-03,NYSE Arca (P),161918993,354943824,886304035,1403166852,6603231827.776500,20603391955.290198,16617155137.080692,43823778920.147390,1777703,1565930,4884053,8227686
2025-01-03,NASDAQ (Q),310792310,154106660,1433502743,1898401713,16659938762.151894,11391873722.169603,77778905311.871667,105830717796.193164,4917771,1019442,9598375,15535588
2025-01-03,Members Exchange (U),42483498,60863778,226125809,329473085,1590019649.309200,2250133797.913801,4288571832.192901,8128725279.415902,452170,239452,875028,1566650
2025-01-03,Investors Exchange (V),139649157,48876247,145417959,333943363,7059296198.448500,2600068706.255900,7020580679.039904,16679945583.744304,1822826,265839,1642774,3731439
2025-01-03,NASDAQ PSX (X),4166403,5041157,10209636,19417196,236256047.743700,422757608.734000,407420374.043800,1066434030.521500,61222,29364,110235,200821
2025-01-03,BYX Equities (Y),29031832,22623271,53803444,105458547,1007277153.902300,881415909.264000,1355720244.284600,3244413307.450900,403154,131385,445937,980476
2025-01-03,BZX Equities (Z),127762088,115826031,219250217,462838336,6113998868.899601,6515535454.952799,11262045325.199600,23891579649.052000,1904389,611989,2196529,4712907
2025-01-02,NYSE American (A),3326349,22417355,6619030,32362734,164305410.323800,297194556.150000,266025317.613700,727525284.087500,41754,82226,47935,171915
2025-01-02,NASDAQ BX (B),9574692,11852240,17489582,38916514,677459534.912900,665914281.949000,901415069.453500,2244788886.315400,156569,105353,203812,465734
2025-01-02,NYSE National (C),13856422,13085700,18228191,45170313,459160764.941500,498646919.343000,560863462.048900,1518671146.333400,172037,76533,176898,425468
2025-01-02,FINRA / Nasdaq TRF Chicago (DB),7337715,3883681,20738793,31960189,322707631.203600,194430095.274500,1345306577.907900,1862444304.386000,74621,26382,166590,267593
2025-01-02,FINRA / NYSE TRF (DN),78819813,76545177,320703659,476068649,2778738221.894701,3794877345.945001,6633273361.840305,13206888929.680007,553968,221329,812340,1587637
2025-01-02,FINRA / Nasdaq TRF Carteret (DQ),1704923393,1234839609,4678787202,7618550204,76087594118.585611,59093237777.542714,131067195324.336458,266248027220.464783,13560938,4357870,17512684,35431492
2025-01-02,MIAX Pearl (H),33854645,70423916,116356567,220635128,718407723.182500,2284376990.902100,1822721664.749900,4825506378.834500,240537,209574,440401,890512
2025-01-02,EDGA Equities (J),22363036,23734717,49877349,95975102,704968453.721900,1562105651.619800,1262866550.569401,3529940655.911101,240393,143568,315663,699624
2025-01-02,EDGX Equities (K),134643326,162876641,629420652,926940619,4746096132.605600,7276600861.531102,18074597760.894999,30097294755.031701,1125043,770326,3333907,5229276
2025-01-02,LTSE (L),10542194,2016431,14009277,26567902,343928437.171100,444228446.210400,589981427.836200,1378138311.217700,44377,6312,43329,94018
2025-01-02,NYSE Texas (M),7905588,14630424,12867830,35403842,538504574.352100,1200378549.914700,2026634501.508701,3765517625.775501,37234,27836,44395,109465
2025-01-02,NYSE (N),846893360,60533101,76359991,983786452,45976402259.513097,3097767900.718800,3081460202.315101,52155630362.546998,3256906,219053,636978,4112937
2025-01-02,NYSE Arca (P),161913195,437420004,949512772,1548845971,7074780866.196302,27637605386.123901,19652954235.461393,54365340487.781596,1958032,2111970,5291036,9361038
2025-01-02,NASDAQ (Q),330759759,205151904,1446962795,1982874458,18370260730.560198,15051523721.066695,77643538832.431593,111065323284.058486,5324329,1352694,10369072,17046095
2025-01-02,Members Exchange (U),43561104,74635863,236871673,355068640,1630418193.797200,3031469526.888800,4418477421.202802,9080365141.888802,508700,298236,960657,1767593
2025-01-02,Investors Exchange (V),141868077,57875502,146302676,346046255,7054190980.279501,3142046414.947599,7523586191.776199,17719823587.003299,1785783,307682,1658660,3752125
2025-01-02,NASDAQ PSX (X),4919226,6938939,9576734,21434899,275919596.832000,589900328.325400,473623876.075200,1339443801.232600,70049,40479,106848,217376
2025-01-02,BYX Equities (Y),32872113,24656047,58172796,115700956,1005816396.668900,1075544700.528200,1483176869.231300,3564537966.428400,395482,149630,453142,998254
2025-01-02,BZX Equities (Z),133288471,146955547,230871391,511115409,6533202534.431600,8595870401.437698,11797235494.234502,26926308430.103800,2070439,800378,2335732,5206549
